:100000000020704708B5406803681B6998470038AE
:1000100018BF012008BD10B51446406803685B682E
:100020009847204610BD002070474FF0FF307047C2
:100030004FF0FF307047704701207047074A034672
:10004000107850B1064A107838B1064A12689B1AE7
:10005000B3F5FA7F2CBF0020012070475C0E000032
:100060004A0E0000580E000000234FF07E510E4A49
:100070004FF4806013700D4A116000220C490A6031
:100080000C4908800C490B700C490B700C490B7023
:100090000C490A600C490A600C490A600C4A13803A
:1000A0000C4A1380704700BFC00D0000080000001C
:1000B000BC0D000004000000BA0D0000B90D0000E6
:1000C000B80D0000B40D0000B00D0000AC0D000034
:1000D000A80D0000A60D0000F0EE407AF4EE677A5D
:1000E000F1EE10FAB0EE600A13D6B0EEE77ADFED6B
:1000F000096AB4EE667AF1EE10FA0ADCF4EEE07A00
:10010000F1EE10FA05D4F4EEC17AF1EE10FA31FEF8
:10011000270A7047FFFF7F7F08B5B7EE001ADFEDB3
:10012000070A074B9847DFED077A20EE270ABCEE57
:10013000C00A10EE103A98B208BD00BF00000000DF
:100140000000000000FEFF46064B1A78064B1A70AE
:100150000023064A1370064A1370064A1360064AC3
:1001600013707047F80E0000F70E0000F60E000046
:100170009C0D0000980D0000960D000070470000D7
:10018000004B18470000000000490847000000002D
:100190000148024B184700BF0000000000000000AB
:1001A00010B504460821024B9847204610BD00BFF9
:1001B0000000000070B504460D4616460021406858
:1001C000044B9847324629466068034BBDE87040AF
:1001D000184700BF000000000000000013B5064BE8
:1001E0000C46012201A99847012812BF00209DF862
:1001F0000430237002B010BD00000000B4EE400ACD
:100200002DE9F043F1EE10FA2DED028B0646B0EE2B
:10021000408A884687B008D74049414B98473046C6
:1002200007B0BDEC028BBDE8F083F0EEC07A9FED25
:100230003D7AF4EE477AF1EE10FAB5EEC00A47DCEB
:10024000F1EE10FA4BD4B0EE407A002301240A21DB
:10025000DAB2904546D807EE904AF8EE676AF6EEB5
:10026000007AE6EE877AFCEEE77A17EE905A002CD9
:100270003BD0B5FBF4F304FB13571D462A49284B2A
:100280006846984714216846284B9847B5EEC08ABF
:10029000F1EE10FA06D557EA050303D02D21684682
:1002A000234B984729460A22224B03A898476846C1
:1002B000214B03A99847214D03A8A847B8F1000F87
:1002C00015D1694630461E4B98476846A847A6E7B1
:1002D000F1EE10FA124B4CBF1A491B499EE7B1EEE2
:1002E000407AB2E74C430133B2E72746C6E72E21F6
:1002F0006846DFF83C80C0474FF00A09B4FBF9F4C8
:10030000002CDED0B7FBF4F1B1FBF9F309FB1311BC
:1003100030316846C9B2C047F0E700BF2400000092
:1003200000000000FFFF7F7F3100000000000000A0
:1003300000000000000000000000000000000000BD
:1003400000000000280000002D0000002DE9F04F03
:100350002DED048B9B4EDFED9C7A96ED008A0446D2
:1003600028EE278A994B85B0D3ED009A984B99498E
:1003700093ED009A984BDFF80C93D3ED008AC847B1
:10038000964BA02120469847954D96492046A84770
:10039000954F96ED000A022101A8B847934E01A996
:1003A0002046B047DFF8E08201A8C04790492046C8
:1003B000A847B0EE480A012101A8B84701A9204684
:1003C000B04701A8C0478B492046A847B0EE690A4C
:1003D000022101A8B84701A92046B04701A8C0479B
:1003E00085492046A847B0EE490A022101A8B8472E
:1003F00001A92046B04701A8C04780492046A84728
:10040000B0EE680A022101A8B84701A92046B0470A
:1004100001A8C0477A492046A8477A4B022193EDAC
:10042000000A01A8B84701A92046B04701A8C04763
:1004300075492046A847754B01A81B78042B96BF29
:10044000734A744952F82310C84701A92046B0479F
:1004500001A8C04720467049A847704B1B78002B65
:1004600000F045866E496F4A022B18BF114601A85D
:10047000C84701A92046DFF81082B04701A8C0474D
:1004800069492046A847694B0A22DFF8009219788B
:1004900001A8C84701A92046B04701A8C047644940
:1004A0002046A847634B022193ED000A01A8B847F4
:1004B00001A92046B04701A8C0475F492046A84788
:1004C0005E4B022193ED000A01A8B84701A920461E
:1004D000B04701A8C0475A492046A847594B0221B6
:1004E00093ED000A01A8B84701A92046B04701A82A
:1004F000C04755492046A847544B0A22197801A8FD
:10050000C84701A92046B04701A8C0475049204626
:10051000A847504B022193ED000A01A8B84701A952
:100520002046B04701A8C0474B492046A8474B4B3F
:10053000022193ED000A01A8B84701A92046B0475F
:1005400001A8C04746492046A847464B022193EDE3
:10055000000A01A8B84701A92046B04701A8C04732
:1005600041492046A847414B0A22197801A8C847AB
:1005700001A92046B04701A8C0473D492046A847E9
:100580003C4B0A22197801A8C84701A92046B04768
:1005900001A8C047DFF8F8A037492046A8473749E7
:1005A0002046A8479AF800100A22C1F3400101A88A
:1005B000C84701A92046B04701A8C0473049204696
:1005C000A84769E0D40E000000007042D80D00007A
:1005D000D40D000031000000D00D0000000000002C
:1005E00000000000200200000000000000000000E9
:1005F0002B02000033020000380200003D02000020
:10060000420200003400000048020000F90E000021
:10061000000000000D02000050020000F80E000073
:100620001C0200001802000057020000F50E000036
:100630005D020000CC0D000062020000C80D000049
:1006400067020000C40D00006D020000C00D000034
:1006500073020000080000007B020000BC0D0000D7
:1006600082020000D80E00008C020000A40D0000E1
:1006700094020000860D00009D020000A40200000C
:10068000AA020000000000000000000000000000BE
:10069000940D000000FEFF469AF800100A22C1F3F4
:1006A000C00101A8C84701A92046B04701A8C0471A
:1006B0009AF800305FED098A13F0040F16BFA14BC2
:1006C0009FEDA18A1B88A1491EBF07EE903AF8EE64
:1006D000677A87EEA88A2046A8479AF800100A226F
:1006E000DFF8FCB2C1F3800101A8D847DFF8F4823B
:1006F00001A92046C047DFF8F09201A8C8479449F5
:100700002046A847B0EE480A022101A8B84701A92F
:100710002046C04701A8C8478E492046A8478E4BAF
:1007200002211B8801A800EE103AB8EE400A80EEC4
:10073000280AB84701A92046C04701A8C8478749E9
:100740002046A847864B022193ED000A01A8B8472E
:1007500001A92046C04701A8C84782492046A847AA
:10076000814B002193ED000A01A8B84701A920465A
:10077000C04701A8C8477D492046A8477C4B0A22AC
:10078000197801A8D84701A92046C04701A8C84741
:1007900078492046A847784B0A22197801A8D847FB
:1007A00001A92046C04701A8C847744B9847744B1D
:1007B000DFED747A1B687449A0EB030A734B204683
:1007C0001A8808EE102AB8EE488A28EE278ADFED4C
:1007D000707A28EE278AA8476C4B0A22198801A84C
:1007E000D84701A92046C04701A8C8476949204603
:1007F000A847694B197821B1BAF5FA7F2CBF0021BF
:1008000001210A2201A8D84701A92046C047DFF8E4
:10081000D89101A8C84761492046A847B0EE480AC8
:10082000012101A8B84701A92046C047DFF868B1F7
:1008300001A8C84720465A49A8479BF80030002B1A
:1008400000F05884BAF5FA7F80F05484554B93ED4C
:10085000000A012101A8B84701A92046C04701A804
:10086000C84720465049A8479BF80030002B00F0AD
:100870004584BAF5FA7F80F041844C4B93ED000A31
:10088000022101A8B84701A92046C04701A8C847CE
:1008900020464749A8479BF80030002B00F03284DF
:1008A000BAF5FA7F80F02E84424B93ED000A0221C4
:1008B00001A8B847DFF82C9101A92046DFF828816C
:1008C000C84701A8C0473C492046A8473B4B0A22DD
:1008D0001978DFF80CA101A8D04701A92046C84724
:1008E00001A8C04736492046A847364B0A22197846
:1008F00001A8D04701A92046C84701A8C0473249EE
:100900002046A847314B0A22197801A8D04701A9EF
:100910002046C84701A8C0472D492046A8472D4B6F
:10092000022193ED000A01A8B84701A92046C84753
:1009300001A8C04728492046A847284B022193ED2B
:10094000000A53E0920D000000000000B602000013
:10095000BE020000CB020000900D0000D602000095
:100960008C0D0000E4020000880D0000F102000080
:10097000E20D0000F8020000E10D000000000000A0
:10098000580E00000000B443FF0200005E0E00009D
:1009900000008039090300005C0E00001203000013
:1009A0001C030000540E000026030000500E00003F
:1009B000340300004C0E000042030000BA0D00009A
:1009C0004E030000B90D00005E030000B80D0000EA
:1009D0006D030000B40D000079030000B00D0000AD
:1009E00000000000000000000000000001A8B8475F
:1009F00001A92046C84701A8C04796492046A847F4
:100A0000954B022193ED000A01A8B84701A92046A1
:100A1000C84701A8C04791492046A847904B0A22E1
:100A2000198801A8D04701A92046C84701A8C04796
:100A30008C492046A8478C4B0A22198801A8D04728
:100A400001A92046C84701A8C047DFF8B082D8F8FE
:100A50000030002B00F05A83844B9847D8F80030C0
:100A6000A0EB030A82492046A847824BDFF8909208
:100A700019880A2201A8C84701A92046DFF8848204
:100A8000B04701A8C0477C492046A8477B4B0A22B3
:100A9000198801A8C84701A92046B04701A8C04746
:100AA00077492046A8470A22514601A8C84701A90C
:100AB0002046B04701A8C04772492046A847724B5C
:100AC0000A22197801A8C84701A92046B04701A801
:100AD000C0476E492046A8476D4B0A22197801A8E5
:100AE000C84701A92046B04701A8C0476949204628
:100AF000A847694B0A22197801A8C84701A92046CE
:100B0000B04701A8C04765492046A847644B0A2260
:100B1000197801A8C84701A92046B04701A8C047D5
:100B200060492046A847604B0A22197801A8C847A7
:100B300001A92046B04701A8C0475C492046A84704
:100B40005B4B0A22197801A8C84701A92046B04783
:100B500001A8C04757492046A847574B0A22198881
:100B600001A8C84701A92046B04701A8C04753497A
:100B70002046A847524B0A22198801A8C84701A954
:100B80002046B04701A8C0474E492046A8474E4BD3
:100B90000A22197801A8C84701A92046B04701A830
:100BA000C0474A4B4A491B88204607EE903AF8EE68
:100BB000677A87EEA88AA847B0EE480A022101A802
:100BC000B84701A92046B04701A8C047414920467F
:100BD000A847414B0A22198801A8C84701A9204605
:100BE000B04701A8C0473D492046A8473C4B0221D9
:100BF00093ED000A01A8B84701A92046B047394E35
:100C000001A8C0473368002B00F08382174B984738
:100C10003668861B34492046A847DFF8E4900A224C
:100C2000314601A8C847314E01A92046B04701A866
:100C3000C0472F492046A8472E4B0A22198801A8F1
:100C4000C84701A92046B04701A8C0472A49204605
:100C5000A84759E084030000AC0D00008F0300009A
:100C6000A80D00009C030000A60D0000000000007D
:100C7000A9030000660E0000B3030000640E00002C
:100C8000BC030000C80300003B0E0000D4030000BA
:100C90003A0E0000DF030000390E0000E9030000F7
:100CA000DF0D0000F7030000E00D00000804000065
:100CB000F40D000011040000F80D00001F040000F6
:100CC000F60D00002C040000380E0000360E000067
:100CD0003504000045040000340E000053040000F9
:100CE000300E00002C0E00005C040000000000002C
:100CF0006D0400002A0E00007B040000680E000056
:100D00000000000000000000984B032193ED000A52
:100D100001A8B84701A92046B04701A8C047944997
:100D20002046A847934B012193ED000A01A8B8473C
:100D300001A92046B047DFF8D0A201A8C0478E49DC
:100D40002046A8470A229AF8001001A8C84701A91E
:100D50002046B04701A8C04788492046A8479AF8CE
:100D600000100A2201F0010101A8C84701A920468C
:100D7000B04701A8C04782492046A8479AF800100A
:100D80000A22C1F3400101A8C84701A92046B04783
:100D90007C4E01A8C0473368002B00F0BC817A4B21
:100DA00098473668861B79492046DFF86092A84745
:100DB0000A22314601A8DFF85882C84701A9204617
:100DC000734EC04701A8B04772492046A847724BEE
:100DD0000A22198801A8C84701A92046C04701A8CE
:100DE000B0476E492046A8476D4B0A22198801A8D2
:100DF000C84701A92046C04701A8B0476949204615
:100E0000A847694B0A22198801A8C84701A92046AA
:100E1000C04701A8B04765492046A847644B032155
:100E200093ED000A01A8B84701A92046C04701A8D0
:100E3000B04760492046A8475F4B032193ED000A65
:100E400001A8B84701A92046C04701A8B0475B499F
:100E50002046A8475A4B032193ED000A01A8B84742
:100E600001A92046C047574F01A8B0475649204620
:100E7000A8470A22397801A8C84701A92046C047D7
:100E800001A8B04751492046A847514B0A2219787A
:100E900001A8C84701A92046C04701A8B0474D494D
:100EA0002046A8474C4B0A22197801A8C84701A937
:100EB0002046C04701A8B04748492046A847484BAC
:100EC0000A22197801A8C84701A92046C04701A8ED
:100ED000B04744492046A847434B0A22196801A855
:100EE000424B984701A92046C04701A8B047404956
:100EF0002046A8473F492046A84739780A2201F0F2
:100F0000010101A8C84701A92046C04701A8B04770
:100F100039492046A84739780A22C1F3400101A87F
:100F2000C847364F01A92046C04701A8B0473B68D3
:100F3000DFF854A0002B00F0F080D0473F68C71BBB
:100F40002F492046A8470A22394601A8C8472D4FF5
:100F500001A92046C04701A8B0473B68002B00F01C
:100F6000DE80D0473F68C71B54E000BF240E00005E
:100F700087040000200E000093040000A30400007A
:100F8000B30400001C0E000000000000C3040000B9
:100F900000000000D4040000180E0000E50400006A
:100FA000160E0000F60400001800000007050000FF
:100FB000080E000016050000040E000025050000C4
:100FC000000E0000140E000034050000450500006E
:100FD0000E0E00005A0500000D0E00006A0500000C
:100FE0000C0E00007F050000100E00000000000045
:100FF0008D050000A5050000B6050000FC0D0000F1
:10100000CB050000F00D0000280E000000000000DD
:101010000000000044492046A8470A22394601A89A
:10102000C847424F01A92046C04701A8B0473B68C6
:10103000002B76D0D0473F68C71B20463C49A847C5
:101040003C4B0A221968DFF8209101A8C84701A982
:101050002046C04701A8B04720463749A8470A2282
:10106000394601A8354FB84701A92046C04701A815
:10107000B04720463249A8470A22324901A8C8474A
:1010800001A92046C04701A8B04720462E49A847DD
:101090000A22032101A8B84701A92046C04701A898
:1010A000B04720462949A8470A22012101A8B8478C
:1010B00001A92046C04701A8B04725492046A847B6
:1010C000244B1D68244B9847291A0029D4BF0021BE
:1010D00001210A2201A8B84701A92046C04701A85A
:1010E000B047204605B0BDEC048BBDE8F08F1B492E
:1010F000FFF7BDB99FED1A0AFFF7ABBB9FED180ACA
:10110000FFF7BEBB9FED160AFFF7D1BBDFF854A077
:10111000A8E4144E7EE5134E45E6124F10E7114F3A
:1011200078E7104F89E700BFDD050000E80D0000FB
:10113000ED050000EC0D0000FD05000000000000C2
:101140000E06000089B3C3781906000026060000C9
:1011500030060000400D00000000000015020000F5
:10116000000000003F420F00000000002DE9F041A8
:1011700006460B4F4D1E15F8018FB8F1000F02D136
:101180000120BDE8F08116F8010BB847044640463F
:10119000B847E4B2C0B28442EDD00020F1E700BF0E
:1011A000000000002DE9F0410D46DFF83080471EB9
:1011B00017F8010F68B115F8014B3CB1C04706465E
:1011C0002046C047F6B2C0B28642F1D00020BDE84A
:1011D000F0812878B0FA80F04009F8E700000000BC
:1011E000224B1B78002B31D1214B1B78002B2FD1A8
:1011F000204B1B78002B2DD11F4B1B68002B2BD0B5
:101200001E4B1B68002B29D0C31AB3F5FA7F25D8D3
:101210001B4B1B6813B3C01AB0F5FA7F1ED8194BCD
:101220001B78DA071CD5184903F01C020978114312
:1012300018D19B0618D4154B154A1B8812881548DF
:1012400013439BB2002B08BF002070471248704721
:10125000124870471248704712487047124870474A
:10126000124870471248704712487047A40D00009A
:10127000F90E0000F50E0000EC0E0000680E0000F4
:10128000F00D00003B0E00003A0E0000640E00005E
:10129000F60D0000AB00000032000000400000002E
:1012A000490000005D000000C00000006F00000069
:1012B0009B00000087000000054B1A783AB1054AF0
:1012C000127822B904491A700878044908707047E6
:1012D000F60E0000F90E0000F70E0000F80E0000F8
:1012E000DFED0A7AB4EEE70AF1EE10FA08B5084924
:1012F0000A7806D8002002F0FB02064B0A7018801C
:1013000008BD054B984742F00402F6E717B7D138FD
:10131000940D0000920D00000000000070B50D2239
:1013200001240A4B01EB81011944094B181A0223CD
:1013300011F8015B45FA03F6F60744BF8618F4542A
:10134000013BF7D20D324E2AF1D170BD3E060000AE
:10135000E20C0000D0ED017AB0EE406A60EE277A30
:101360009FED0A7A90ED020A10B5A7EE870A90ED7C
:10137000041AD0ED030A064B9847BDE81040D0EDA3
:10138000007A80ED020AA6EE270A18476F12833A08
:1013900000000000B4EEE00AF1EE10FA0BD5DFED2C
:1013A0000C7A30EE270AF4EE400AF1EE10FA48BF4C
:1013B000B0EE600A704709DDDFED057A30EE670AAE
:1013C000F4EE400AF1EE10FA30FE800A704700BFDA
:1013D0000BD7A33B00210420004B1847000000005E
:1013E000F8B506460F4630680378202B05D0092B48
:1013F00003D02BB900252846F8BD01303060F2E754
:101400002B2B01D02D2B46D1431C00251C4613F855
:10141000012BA2F1300109293FD92E2A06D11A4603
:10142000144623780132303B092B38D9002DE1D006
:10143000237803F0DF03452B0ED163782B2B30D0BC
:101440002D2B2ED0631C00211C4613F8012B303AA3
:10145000092A28D90029CDD0237813F0DF0F01D035
:10146000092BC7D1114B9847114B51EC100B9847E2
:1014700007EE900AF4EE677AF1EE10FABAD6B0EE03
:10148000E77ADFED0C6AB4EE667AF1EE10FAB1DCC1
:1014900038603460AFE70346B7E70125B6E70125BA
:1014A000BEE7A31CCFE72946CEE700BF000000003F
:1014B00000000000FFFF7F7F07B5094B019001A8E6
:1014C000984750B1019B013B13F8010F2028FBD036
:1014D0000928F9D0B0FA80F0400903B05DF804FBA8
:1014E00000000000DFED227AB4EEE70AF1EE10FA18
:1014F00002DB90ED060A704701231E4AF2EC017AE6
:10150000B4EEE70AF1EE10FA2DD81B499B001A1F22
:10151000114491ED007ADFED196A77EEC77AF4EEA7
:10152000E67AF1EE10FACABF30EE470A9FED147A60
:1015300080EE277AB5EEC07AF1EE10FA0244D2EDD1
:10154000007A0DD9F7EE006AB4EEE67AF1EE10FA01
:10155000184490ED000A05DA70EE676AE7EE267A25
:10156000B0EE670A70470133072BC7D1C1E700BF50
:1015700000004842200B00001C0B0000BD378635E0
:1015800000000000012A10B50C4602D101600020C5
:1015900010BD022A05D0032AF9D0002AF7D1026033
:1015A000F5E70146024B0420984723680360EEE705
:1015B0000000000010B504460B689847204610BD97
:1015C000012A10B50C4602D10160002010BD022A8C
:1015D00005D0032AF9D0002AF7D10260F5E70146C9
:1015E000024B0420984723680360EEE700000000E8
:1015F0001FB5064B046801A8984701A8A0470446F8
:10160000034B01A89847204604B010BD000000001D
:101610000000000038B50C1A002C134605DD014609
:1016200022461846024DA8470346181938BD00BF88
:1016300000000000002810B506D001DA034B9847DF
:10164000034BBDE81040184710BD00BF000000006C
:1016500000000000004B184700000000004B184736
:10166000000000000A200021004B18470000000085
:1016700010B58368044613B10322014698472046FB
:1016800010BD000010B50446034B40F8043B034B6B
:101690009847204610BD00BF080000000000000071
:1016A00010B50446034B984720461421024B984737
:1016B000204610BD000000000000000010B50446E8
:1016C000034B40F8043B034B9847204610BD00BF36
:1016D000080000000000000010B50446034B9847C6
:1016E00020461421024B9847204610BD0000000000
:1016F00000000000D0E901239B1A0269B2EBA30F9E
:1017000084BF00234375407D7047D0E90132934286
:1017100018BF83600023036183820360704710B5A4
:10172000D0E901431B1BB1EBA30F3DBF54F821309F
:101730000068D218002038BF801810BD70B5074E61
:10174000051D044631462846054B9847002331467F
:1017500023602846034B9847204670BD31000000A7
:1017600000000000000000000022C0E90022C0E9E3
:10177000022202618282704738B54FF480720021E4
:101780000C4B0446002598474FF0FF330A49C4E943
:101790004053C4F80851094B04F586709847C4E9D2
:1017A0004655C4E94855064B04F5947098472046C1
:1017B00038BD00BF00000000310000000000000044
:1017C0000000000038B5044600F138054FF0FF3244
:1017D00005494FF0FF332846884794F86041284672
:1017E000024B9847204638BD000000000000000072
:1017F000F0B5044600260127CB688BB00D68486819
:101800008A68089393FAA3F30493636A05A905957C
:101810000690079295FAA5F590FAA0F092FAA2F236
:101820000996266021616761019502900392A66185
:1018300003B19847044B84F8217001A8984700230E
:10184000A3610BB0F0BD00BF0000000010B504465E
:10185000006818B1A168024B091A9847204610BDCC
:101860000000000008B50248024B984708BD00BFC1
:10187000000000000000000008B50248024B984735
:1018800008BD00BF000000000000000030B5836804
:1018900085B003930023D0E900420D68CDE90142F1
:1018A00005604D6845608D688560C1E900338B60D7
:1018B00001A8024B984705B030BD00BF00000000F2
:1018C00010B5D0E901431B1BB1EBA30F3DBF03686B
:1018D00054F82110D218002038BF505C10BD000011
:1018E00008B5D0E90132D31AB1EBA30F15D2114BD1
:1018F00000229847030612D58F2812D99F2812D9A3
:10190000BF2812D9C02807D0C12805D0C3280ED9B6
:10191000E02828BFE020C0B208BDC120FCE70020BD
:10192000FAE78020F8E79020F6E7A020F4E7C2204D
:10193000F2E700BF0000000008B5024B01699847BC
:1019400008BD00BF0000000073B50569D0E9016360
:101950009B1BB5EBA30F044603D300234375002064
:1019600016E0012343750D4B9847D22805F101037A
:1019700010D1236156F825002268031D134401A9E4
:10198000024413F801099A4201F8010BF9D10198B8
:1019900002B070BD002223616275E0E70000000024
:1019A00073B50569D0E901639B1BB5EBA30F044632
:1019B00004D3002343750020002118E00123437560
:1019C0000E4B9847D32805F1010312D169462361D4
:1019D00056F82500226800F108031344024413F866
:1019E00001099A4201F8010BF9D1DDE9000102B0C9
:1019F00070BD002223616275DDE700BF00000000BA
:101A000070B50669D0E901239B1AB6EBA30F044613
:101A100003D300234375002008E00125064B4575DC
:101A20009847C0282E4402D12846266170BD002365
:101A300026616375EFE700BF0000000008B5064BA4
:101A40009847902806D02430C0B201288CBF0020CF
:101A5000012008BD0120FCE70000000008B5064B8E
:101A60009847A02806D02730C0B202288CBF00209B
:101A7000012008BD0120FCE70000000008B5064B6E
:101A80009847802806D02230C0B201288CBF0020A1
:101A9000012008BD0120FCE70000000008B5064B4E
:101AA0009847E02806D03030C0B203288CBF002011
:101AB000012008BD0120FCE70000000008B5064B2E
:101AC000984730B13430C0B203288CBF00200120C9
:101AD00008BD0120FCE700BF0000000070B50569EB
:101AE000D0E901639B1BB5EBA30F044603D300238E
:101AF0004375002011E0012343750A4B9847D12814
:101B000005F101030AD1236156F825202368134407
:101B100098785B7863F30F2000B270BD00222361D8
:101B20006275E6E70000000073B50569D0E901635E
:101B30009B1BB5EBA30F044604D3002343759FED15
:101B4000100A17E0012343750E4B9847CA2805F188
:101B5000010311D1236156F825002268031D1344A7
:101B600001A9024413F801099A4201F8010BF9D1C5
:101B70009DED010A02B070BD002223616275DEE7AF
:101B8000000000000000000073B50569D0E90163A2
:101B90009B1BB5EBA30F044604D3002343759FEDB5
:101BA000120B18E001234375114B9847CB2805F120
:101BB000010312D16946236156F82500226800F11D
:101BC00008031344024413F801099A4201F8010B77
:101BD000F9D19DED000B02B070BD0022236162754A
:101BE000DDE700BFAFF30080000000000000000050
:101BF0000000000038B50569D0E901239B1AB5EB58
:101C0000A30F044603D30023437500200EE00123F5
:101C10004375094B9847E02805F1010307D123617B
:101C2000002229462046054B984740B238BD002285
:101C300023616275E9E700BF0000000000000000BA
:101C400038B50569D0E901239B1AB5EBA30F04460B
:101C500003D30023437500200DE001234375084B97
:101C600098476B1C024638B9236129462046054B2C
:101C7000984700F07F0038BD002223616275EAE7D3
:101C8000000000000000000070B50569D0E90123E4
:101C90009B1AB5EBA30F044603D300234375002022
:101CA0000DE00126084B46759847CC2805EB060346
:101CB00006D12361324629462046044B984770BD21
:101CC000002223616275EAE70000000000000000C6
:101CD00010B5D0E901431B1BB1EBA30F37BF54F87C
:101CE00021300020D21803683FBF991848789B5CC8
:101CF00040EA032010BD000070B50569D0E901235A
:101D00009B1AB5EBA30F044603D3002343750020B1
:101D10000DE00126084B46759847CD2805EB0603D4
:101D200006D12361324629462046044B984770BDB0
:101D3000002223616275EAE7000000000000000055
:101D400013B5D0E901431B1BB1EBA30F10D254F81C
:101D5000213001681A44131D0B4401A8114413F8E3
:101D6000012D8B4200F8012BF9D1019802B010BD72
:101D70000020FBE738B5424B04460D469847002843
:101D800077D08038C3B2602B75D8602873D8DFE86D
:101D900000F0707272727272727272727272727219
:101DA0007272707272727272727272727272727215
:101DB00072723F7272727272727272727272727236
:101DC00072727272727272727272727272727272F3
:101DD000727270727072484F565D62693539743133
:101DE0003539743135393133373B3D484F5631350C
:101DF00031357000032038BD0420FCE70520FAE7E8
:101E00000620F8E70920F6E70A20F4E71220F2E7B7
:101E10000022294620461B4B984700F01F00013046
:101E2000E9E7012229462046164B98470230E2E7AF
:101E3000012229462046144B98470330DBE7012254
:101E400029462046114B98470530D4E70122294600
:101E500020460C4BF0E70122294620460A4B9847C2
:101E60000430C8E7012229462046084B984706302F
:101E7000C1E70120BFE70020BDE70220BBE700BFAC
:101E80000000000000000000000000000000000052
:101E900070B50569D0E901239B1AB5EBA30F044681
:101EA00003D300234375002013E00126124B46752F
:101EB0009847DC2805EB06030CD0DD2811D09028CC
:101EC00015D123610022294620460C4B984700F08B
:101ED0000F0070BD3246294620462361084B9847C3
:101EE000F7E72361324629462046064BF7E70022F2
:101EF00023616275D7E700BF00000000000000000A
:101F0000000000000000000038B5037D04460D46C7
:101F10001BB1D0E901239A4202D10023637538BD79
:101F20009B1A0269B2EBA30FF7D2054B98472860C2
:101F3000637D002BF3D02046024B9847EFE700BFAC
:101F4000000000000000000070B50569D0E9012321
:101F50009B1AB5EBA30F044603D30023437500205F
:101F60000DE00126084B46759847CE2805EB060381
:101F700006D12361324629462046044B984770BD5E
:101F8000002223616275EAE7000000000000000003
:101F900070B50569D0E901239B1AB5EBA30F044680
:101FA00003D300234375002013E00126124B46752E
:101FB0009847DE2805EB06030CD0DF2811D08028D7
:101FC00015D123610022294620460C4B984700F08A
:101FD0000F0070BD3246294620462361084B9847C2
:101FE000F7E72361324629462046064BF7E70022F1
:101FF00023616275D7E700BF000000000000000009
:10200000000000000000000013B5D0E901431B1BD5
:10201000B1EBA30F12D254F82130016868461A447C
:1020200002F108030B44114413F8012D8B4200F810
:10203000012BF9D1DDE9000102B010BD0020002123
:10204000FAE7000070B50569D0E901239B1AB5EBEA
:10205000A30F044604D300234375002001460DE07E
:102060000126094B46759847CF2805EB060306D194
:102070002361324629462046044B984770BD002212
:1020800023616275E9E700BF000000000000000066
:1020900010B5D0E901431B1BB1EBA30F3DBF036893
:1020A00054F82110D218002038BF505610BD00003F
:1020B00070B50569D0E901239B1AB5EBA30F04465F
:1020C00003D30023437500200DE00126084B46751D
:1020D0009847D02805EB060306D1236132462946EE
:1020E0002046044B984770BD002223616275EAE7E1
:1020F000000000000000000010B5084B044698479F
:10210000D62808D1064B0122204621699847431C56
:102110005842584110BD0020FCE700BF00000000FD
:102120000000000010B5084B04469847D72808D196
:10213000064B0122204621699847431C58425841CA
:1021400010BD0020FCE700BF000000000000000000
:1021500038B50C4B04469847C72811D1256902228F
:1021600029462046084B9847013009D1074B0122E8
:10217000294620469847A0F10C035842584138BDE3
:102180000020FCE70000000000000000000000004C
:1021900010B5D0E901431B1BB1EBA30F3DBF036892
:1021A00054F82110D218002038BF505C10BD000038
:1021B00038B5037D04460D461BB1D0E90123934297
:1021C00003D100236375002038BD9B1A0269B2EB6E
:1021D000A30FF6D2044B98472870637D002BF2D0F2
:1021E0002046024B9847EFE7000000000000000087
:1021F00070B5037D04460D461BB1D0E9012393421F
:1022000003D100236375002070BD06699B1AB6EBED
:10221000A30FF6D2012343750C4B9847C22806F151
:1022200001030FD12361002231462046084B984715
:1022300000F001002870637D002BE4D02046054BA0
:102240009847E1E7002023616075F3E70000000094
:1022500000000000000000002DE9F043037D04466B
:102260000E4685B01BB1D0E90123934205D100236E
:102270006375002005B0BDE8F08305699B1AB5EBD6
:10228000A30FF4D20127464B47759847DA28454BF0
:102290006CD00BD8A02824D0D9284DD000220135ED
:1022A00041496275256101A898472FE0DB28F5D1E7
:1022B0003D4901A898473A46204621693B4B98473B
:1022C00000250746DFF8FC80DFF8FC90AF4221696B
:1022D0001AD06A1D2046C047014601A8C8470135EB
:1022E000F4E7314901A89847002220462169304B84
:1022F00098470025DFF8CC80DFF8CC9000F01F076E
:10230000EBB29F4221690FD801312161294B01A90C
:1023100030469847284B01A89847637D002BA8D0EA
:102320002046264B9847A5E701352A462046C04758
:10233000014601A8C847E3E71B4901A898473A4668
:10234000204621691A4B984700250746DFF874801C
:10235000DFF87490EBB2BB422169D5D2AA1C2046AB
:10236000C047014601A8C8470135F3E70E4901A857
:1023700098473A4620462169114B98470025074661
:10238000DFF84080DFF84090ABB29F422169BBD9B3
:10239000EA1C2046C047014601A8C8470135F3E7BB
:1023A00000000000000000003100000000000000FC
:1023B000000000000000000000000000000000001D
:1023C0000000000000000000000000002DE9F041C6
:1023D000037D04460E461BB1D0E90123934204D18C
:1023E000002363750020BDE8F08107699B1AB7EBF5
:1023F000A30FF5D2012343751F4B984707F101083E
:1024000090B11E4B022239462046C4F810809847EE
:1024100000231D46C6E90003B560637D002BE1D0B3
:102420002046174B9847DEE72046164B984750B199
:10243000154B022239462046C4F8108098478D0873
:1024400001F00303E6E72046104B9847054670B1BC
:1024500003223946094B204698470B4B0546072275
:1024600039462046C4F8108098470B46D2E7034609
:102470006075C4F81080CDE7000000000000000087
:10248000000000000000000000000000000000004C
:10249000F8B507460423194E013B00D1FEE7356825
:1024A000BD4202D174682046F8BD25BB3146144BAD
:1024B00041F8087B4FF4846098474FF480620446EB
:1024C000104B294640F8047B98474FF0FF330E4AE3
:1024D000C4F808341368C4F804540133C4F80C5425
:1024E000C4F81054C4F81454C4F81854C4F81C5454
:1024F00013607460D7E706F58566CDE7000000003D
:1025000000000000000000000000000010B50446BC
:10251000006818B1A168024B091A9847204610BDFF
:102520000000000010B50446064B00F59670984771
:10253000054B04F58C709847044B04F5867098475A
:10254000204610BD00000000000000000000000058
:102550002DE9F84F6FF06043D0E9008A1546AAEBE9
:102560000802B3EBA20F074689464FEAA20402D144
:102570002748284B9847C24514BF22460122A41879
:10258000A1EB080B2BD264B39C4228BF1C46224B04
:10259000A00098470646214B042006EB0B01984704
:1025A0002B68BBF1000F03600BF10405AAEB090ACD
:1025B00019DD5A4641463046194B98477019BAF111
:1025C000000F00EB0A0503DD52464946154B9847BC
:1025D000B9684046144BA1EB0801984710E01C462F
:1025E000D5E72646D7E7BAF1000F354404DD524659
:1025F000494628460B4B98475544B8F1000FE7D1A0
:10260000C7E9006506EB8406BE60BDE8F88F00BF31
:10261000C70A0000000000000000000000000000E9
:102620000000000000000000000000002DE9F7435A
:10263000044616460025184FDFF86080DFF86090EA
:102640000160AE42A16801950FD8636851F8045C3F
:10265000C91A891020460139B8472844831B5842BB
:102660005841207503B0BDE8F083E3688B420ED07B
:102670000420C8470560A3680433A360D4E901318E
:10268000C91A891020460139B8470544D9E71946C7
:1026900001AA201DC047F1E7000000000000000073
:1026A000000000002DE9F041044600F130070E461D
:1026B00015464FF0FF334FF0FF3238460649884742
:1026C00020462946054B40F8046B98473846BDE83C
:1026D000F041034B184700BF00000000000000005D
:1026E000000000002DE9FF410446884600251746FA
:1026F0001E46134B98474146C4E90455114B04F15B
:10270000180098470A9B1422E36204F1300329461B
:102710001846C4E909760C4DA8470C4B98470C495C
:102720000C4B01A89847FF21204601AA0A4B984765
:102730000A4B01A89847204604B0BDE8F08100BFCD
:102740000000000000000000000000000000000089
:102750007D0A0000000000000000000000000000F2
:102760001FB504460749084B01A89847FF2120469A
:1027700001AA064B9847064B01A89847002004B0D1
:1027800010BD00BF5C0A0000000000000000000057
:102790000000000038B5044600F130054FF0FF326C
:1027A00007494FF0FF332846884724682846002C05
:1027B000D4BF00240124034B9847204638BD00BFF6
:1027C000000000000000000038B5044600F5087560
:1027D0004FF0FF3205494FF0FF332846884794F801
:1027E00034422846024B9847204638BD000000007E
:1027F0000000000010B5064B04460648984728B173
:102800002146BDE810400348034B184710BD00BFE8
:1028100000000000000000000000000010B50446A9
:102820001046D4E900236FF000449B1AE21A8A4252
:1028300001D2074B9847994238BF19465B1804D21A
:10284000A34228BF2346184610BD2046FCE700BF20
:10285000000000002DE9F047D0E901739F420446D3
:102860008846DFF878A00AD039460120D04798F88A
:1028700000300370636801336360BDE8F087134A7A
:102880000121134B9847134B266881469847B91B83
:10289000014405460120D04798F8003039460370BE
:1028A0002A46DFF83C803046C0473946421C38464D
:1028B000C047074626B1A1683046074B891B984799
:1028C000C4E900574D44A560D7E700BFC70A000020
:1028D00000000000000000000000000000000000F8
:1028E000000000002DE9F047D0E901739F42044643
:1028F0008846DFF878A00AD039460120D04798F8FA
:1029000000300370636801336360BDE8F087134AE9
:102910000121134B9847134B266881469847B91BF2
:10292000014405460120D04798F80030394603702D
:102930002A46DFF83C803046C0473946421C3846BC
:10294000C047074626B1A1683046074B891B984708
:10295000C4E900574D44A560D7E700BFC70A00008F
:102960000000000000000000000000000000000067
:102970000000000007B5044B8DF807100DF10701AA
:10298000984703B05DF804FB0000000010B5044652
:10299000034BC0219847E3680133E36010BD00BFDB
:1029A0000000000037B504460D46074BCC21984780
:1029B0002046064B0DF107018DF807509847E36854
:1029C0000133E36003B030BD0000000000000000F0
:1029D0002DE9F047D0E901739F4204468846DFF8AD
:1029E00078A00AD039460120D04798F8003003700B
:1029F000636801336360BDE8F087134A0121134B1C
:102A00009847134B266881469847B91B01440546F1
:102A10000120D04798F80030394603702A46DFF885
:102A20003C803046C0473946421C3846C0470746BE
:102A300026B1A1683046074B891B9847C4E9005767
:102A40004D44A560D7E700BFC70A000000000000A2
:102A50000000000000000000000000000000000076
:102A6000F8B505460E460324034F31192846B847EA
:102A7000013CFAD2F8BD00BF0000000013B50446C7
:102A80000191064BCE2198472046054B01A9984756
:102A9000E3680133E36002B010BD00BF0000000036
:102AA0000000000070B505460C46044E0131B047E9
:102AB000214628463346BDE8704018470000000014
:102AC0000F2913B504460BD861F06F018DF804107F
:102AD0000D4B01A99847E3680133E36002B010BDD4
:102AE000B1F5803F094B08D2ADF80410DC219847BE
:102AF0002046074B01A99847EDE70191DD21984752
:102B00002046044B01A9F6E7000000000000000089
:102B1000000000000000000013B50446ADF80610E8
:102B2000064BCD2198472046054B0DF106019847ED
:102B3000E3680133E36002B010BD00BF0000000095
:102B4000000000007E2913B504460AD80D4B8DF80D
:102B500007100DF107019847E3680133E36002B005
:102B600010BDFF2903D8084BC9B29847F7E7B1F564
:102B7000803F03D2054B89B29847F0E7044B984752
:102B8000EDE700BF000000000000000000000000B2
:102B90000000000073B50C1E054621DB7E2C08DC0E
:102BA0008DF8044001A9234B9847EB680133EB6093
:102BB00008E0E317B4F5807F73F1000204D21E4BE6
:102BC000E1B2984702B070BDB4F5803F73F10003E5
:102BD00003D21A4BA1B29847F4E7194B9847F1E793
:102BE00014F11E0FDCDA14F1800F164B06DBD02136
:102BF000984728468DF8044001A9D4E714F5004F02
:102C0000114E0BDBD121ADF80440984728460DF159
:102C10000501B047284601A9B047C6E70194D22173
:102C20009847032401AB19192846B047013CF9D253
:102C3000BBE700BF00000000000000000000000033
:102C40000000000000000000000000002DE9F84F27
:102C500004460D46DFF88CA001EB020BAB4501D119
:102C6000BDE8F88FD4E90183984509D04146012099
:102C7000D0472B7803706368013363600135EDE75B
:102C8000134A0121134B20469847134B276881466E
:102C90009847A8EB0701014406460120D0472B784E
:102CA0004146037032460D4B384698474146421C18
:102CB0000A4B40469847804627B1A1683846084BE2
:102CC000C91B9847C4E900684E44A660D6E700BF18
:102CD000C70A000000000000000000000000000023
:102CE0000000000000000000F7B58D6804461F2DAD
:102CF0000F68174E0FD865F05F038DF8043001A9F7
:102D0000144B98472A4639462046B047E3680133BA
:102D1000E36003B0F0BDFF2D0F4B06D8D9219847D3
:102D200020468DF8045001A9EAE7B5F5803F08D2A6
:102D3000DA2198472046094BADF8045001A998477D
:102D4000E0E7DB2198472046054B019501A9F6E70E
:102D50000000000000000000000000000000000073
:102D60000000000038B50C4605460221074B984785
:102D700054F8041B2846064B984728462146054B25
:102D800098472846044B984738BD00BF0000000014
:102D90000000000000000000000000002DE9F041EC
:102DA0001E4B074688B008468846144698471C4E76
:102DB0000546B0B91B491C4B01A89847FD2301A942
:102DC000049305A8194B984701A8B0472046184B13
:102DD00004A9984705A8B0470025284608B0BDE8D3
:102DE000F0810023694600934046124B9847009BB0
:102DF0000BB11149DFE7FB680BB9104B9847391D40
:102E00003B6904A8984720460D4B984720460D4B38
:102E100004A9984704A8B047DFE700BF00000000FE
:102E2000000000001E08000000000000000000007C
:102E300000000000000000003E080000000000004C
:102E4000000000000000000038B50569D0E901234A
:102E50009B1AB5EBA30F044603D300234375002050
:102E60001CE001234375214B984728B300F134033C
:102E7000DBB2142B35D8CC38142832D8DFE800F078
:102E80001F22252B0F1215183131313131313131DB
:102E9000313131310B002046154B984738BD204663
:102EA000144BFAE72046144BF7E72046134BF4E7A0
:102EB0002046134B9847F1E72046124BEDE720469A
:102EC000114BEAE72046114BE7E72046104B9847A5
:102ED00020EAE070E2E720460E4B98470029DDDA51
:102EE000BDE70023013563752561B8E700000000E8
:102EF00000000000000000000000000000000000D2
:102F000000000000000000000000000000000000C1
:102F1000000000000000000038B5037D04460D46A7
:102F20001BB1D0E90123934203D100236375002034
:102F300038BD9B1A0269B2EBA30FF6D2044B984737
:102F40002860637D002BF2D02046024B9847EFE7C4
:102F5000000000000000000038B50569D0E9012339
:102F60009B1AB5EBA30F044604D3002343759FEDD2
:102F70002F0A21E0012343752D4B9847A8B100F19A
:102F80003603DBB2162B4BD8CA38162848D8DFE8F0
:102F900000F03B3F14171A1D2D3033364747474783
:102FA000474747474747474725002046214B984713
:102FB00000EE100AB8EE400A38BD20461E4BF6E778
:102FC00020461E4BF3E720461D4BF0E71D4B2046E5
:102FD00098471D4B984700EE100AEDE720461B4B23
:102FE000984700EE100AB8EEC00AE5E72046184BF5
:102FF000F6E72046174BF3E72046174BF0E7174B51
:1030000020469847164BE5E72046164B9847D3E7EE
:103010002046154B9847154B51EC100B9847DAE7B3
:103020000023013563752561A1E700BF00000000A2
:103030000000000000000000000000000000000090
:103040000000000000000000000000000000000080
:103050000000000000000000000000000000000070
:103060000000000000000000000000000000000060
:1030700038B50569D0E901239B1AB5EBA30F0446C7
:1030800004D3002343759FED2C0B21E001234375EE
:103090002B4B9847A8B100F13603DBB2162B46D86C
:1030A000CA38162843D8DFE800F0363E14171A1D38
:1030B000282B2E3142424242424242424242424246
:1030C000230020461F4B98471F4B984741EC100B9D
:1030D00038BD20461D4BF6E720461D4BF3E7204642
:1030E0001C4BF0E71C4B204698471C4B9847EDE7DC
:1030F00020461B4B98471B4BE7E720461A4BF9E746
:1031000020461A4BF6E72046194BF3E7194B2046A9
:103110009847194BEAE72046184B9847184B10EE92
:10312000100A9847D2E72046164B9847D0E700236D
:10313000013563752561A6E700000000000000006E
:10314000000000000000000000000000000000007F
:10315000000000000000000000000000000000006F
:10316000000000000000000000000000000000005F
:10317000000000000000000000000000000000004F
:1031800000000000000000002DE9F7430F69D1E9BD
:1031900001239B1AB7EBA30F06460D4608D3002365
:1031A0004B75C0E900338360304603B0BDE8F0835F
:1031B0004FF001080846344B81F815809847C52820
:1031C0004FF0000421D0C6283BD0C42854D1C6E912
:1031D0000044B460424628462969DFF8B880C047F9
:1031E0000746DFF8B490E3B29F42296902D8013163
:1031F0002961D9E7A21C2846C0470DF107018DF8C7
:1032000007003046C8470134EDE7C6E90044B46022
:103210004246284629691D4B98470746DFF87480C7
:10322000DFF87490A3B2BB422969E0D2E21C2846C1
:10323000C0470DF107018DF807003046C84701343B
:10324000F0E7C6E90044B460424628462969104BBD
:1032500098470746DFF83C80DFF83C90A742296991
:10326000C5D0621D2846C0470DF107018DF8070043
:103270003046C8470134F1E701376C752F61C6E964
:103280000044B46090E700BF0000000000000000B0
:1032900000000000000000000000000070B5037D89
:1032A00004460E4615461BB1D0E90123934203D1D3
:1032B00000236375002070BD9B1A0269B2EBA30F57
:1032C000F6D2054B98473060637D002BF2D029463B
:1032D0002046024B9847EEE7000000000000000087
:1032E000F8B506460F4615460024AC4201D32046E9
:1032F000F8BD30682A1B036839199B689847044455
:10330000F3E700002DE9FF4700258946984604466B
:10331000D0F8187404216846DFF874A01646CDE989
:103320000055CDE90255D04729466846134B9847CA
:10333000134B394668469847124D49466846A84798
:1033400001216846D04741466846A847DDE9001597
:103350006D1A2A4620460C4B984785420B4A04D0EA
:103360006846904704B0BDE8F087D4F81834684642
:103370000133C4F8183490473760F3E700000000C9
:10338000000000000000000000000000000000003D
:10339000000000002DE9F04300258846044685B072
:1033A000D0F8187404216846DFF870901646CDE90D
:1033B0000055CDE90255C84729466846124B984743
:1033C00039466846114B9847114B41466846984725
:1033D00029466846C847DDE900156D1A2A46204689
:1033E0000C4B984785420C4A04D06846904705B07C
:1033F000BDE8F083D4F8183468460133C4F81834B3
:1034000090473760F3E700BF0000000000000000B5
:1034100000000000000000000000000000000000AC
:103420002DE9F04304460D461646DFF89490DFF888
:10343000948085B000F12407642200233846C847F1
:10344000002831D12368CDE90000CDE90200DFF882
:10345000789068460321D3F80080144CC84768462A
:103460000221A047124B2946684698476846012129
:10347000C84768463168A047DDE90014641A0D4B5F
:10348000224640469847844208BFD8F81834684618
:1034900004BF0133C8F81834074B98473846074B28
:1034A00005B0BDE8F0431847C047C5E7000000007D
:1034B000000000000000000000000000000000000C
:1034C00000000000000000000000000008B5D1F876
:1034D00004315A1C09D0D1E946128A4205D0022B88
:1034E00003D00068014B521A984708BD0000000045
:1034F0002DE9F041044600F130070E4615464FF025
:10350000FF334FF0FF3238460649884720462946A8
:10351000054B40F8046B98473846BDE8F041034B33
:10352000184700BF0000000000000000000000007D
:103530002DE9FF4104468846002517461E46144BD8
:1035400098474146C4E90455124B04F118009847C6
:103550000A9B2946E36204F1300314221846C4E9A9
:1035600009760D4DA8470B9A0C4B626498470C499D
:103570000C4B01A89847FF21204601AA0A4B984707
:103580000A4B01A89847204604B0BDE8F08100BF6F
:10359000000000000000000000000000000000002B
:1035A0007D0A000000000000000000000000000094
:1035B00038B5044600F130054FF0FF3207494FF0AF
:1035C000FF332846884724682846002CD4BF0024AF
:1035D0000124034B9847204638BD00BF000000007F
:1035E00000000000034670B508465418D3F80414D0
:1035F0008C421DD8B8B16FF003060432091A1A4480
:10360000F61AB518A9420FD8D3F81024C3F8041439
:1036100094428DBF0022121AC3F81024C3F810245C
:1036200088BFC3F8142470BD155C02F8015BE8E79D
:103630000020F8E710B5094B0022D0F80C1404461E
:1036400098474FF0FF33C4F808340023C4F80C3413
:10365000D4F81C340133C4F81C3410BD0000000041
:103660002DE9F041037D04460D4616461BB1D0E915
:103670000123934203D10023637500202AE09B1AA3
:1036800002694FEAA308B2EBA30FF4D2124A134F18
:10369000136813F0010302BF3B6001231360104B5A
:1036A0009847637D3860002BE7D023699845E2D9BD
:1036B0000C4B204698472860637D002BDDD00A4BD9
:1036C0002046291D9847637D002BD6D031462046E1
:1036D000064B9847BDE8F0810000000000000000A4
:1036E00000000000000000000000000000000000DA
:1036F0002DE9F04105460E4600241C27DFF8208006
:10370000D5F8F03AA34202D80020BDE8F081314656
:1037100007FB0450C0470028F7D10134F0E700BF91
:10372000000000007FB50646134B14209847002583
:1037300004466946114B0420CDE90055CDE90255F8
:103740009847066020460E4B0E4A039340F8042B20
:103750000D4B022269466560C0E90155256102935F
:103760009847039B68462361029BE360074B984799
:10377000204604B070BD00BF000000000000000043
:103780000000000008000000000000000000000031
:103790007FB50646134B142098470025044669461A
:1037A000114B0420CDE90055CDE90255984706603C
:1037B00020460E4B0E4A039340F8042B0D4B022279
:1037C00069466560C0E90155256102939847039BEE
:1037D00068462361029BE360074B9847204604B08C
:1037E00070BD00BF000000000000000000000000ED
:1037F00008000000000000000000000038B5056966
:10380000D0E901239B1AB5EBA30F044603D3002391
:103810004375002013E001234375124B984758B1BC
:1038200000F13403DBB2032B17D8CD38022807D8B8
:10383000DFE800F0090C0F0020460B4B984738BD1D
:1038400020460A4BFAE72046094BF7E72046094B8A
:10385000F4E72046084B9847F1E7002301356375EC
:103860002561D6E700000000000000000000000015
:1038700000000000000000000000000070B5037DA3
:1038800004460E4615461BB1D0E90123934203D1ED
:1038900000236375002070BD9B1A0269B2EBA30F71
:1038A000F6D2054B98473060637D002BF2D0294655
:1038B0002046024B9847EEE70000000000000000A1
:1038C0002DE9F041D1F80C740446032F0D462A4E21
:1038D0008CB006D820462949B04720460CB0BDE838
:1038E000F081D1F8083433F00208F3D1244B06A854
:1038F0009847244B06A898473A46234B291D06A80B
:10390000984748B92846214B984720461B49B0475D
:103910001F4B07A89847E0E7184903A8B0476A4635
:103920001C4B01A906A8CDF80480984748B9284641
:10393000164B984720461149B047174B03A89847A4
:10394000E6E7009B73B9019B042BF0D1134B03AA4C
:1039500002A906A898470028E9D02046104B03A9E1
:103960009847EAE7022BE2D1019B032BDFD10D4BF5
:1039700003A906A89847EEE7000000003100000008
:103980000000000000000000000000000000000037
:103990000000000000000000000000000000000027
:1039A0000000000000000000F0B5D0F8005104460F
:1039B00087B01DB90025284607B0F0BD00F5947604
:1039C00030461E4B98472A46214630461C4B9847A6
:1039D0000028EFD01B491C4B03A8984700236A46D8
:1039E00002933046194B02A99847054620B9002595
:1039F000174B03A89847DEE7009FA7B9029B042B4B
:103A0000F5D13046134B03AA01A998470028EED000
:103A1000114B03A904F586709847019BC4F8047103
:103A2000C4F80831E4E7022FE1D1029B032BDED179
:103A300030460A4B03A99847E8E700BF00000000A2
:103A40000000000031000000000000000000000045
:103A50000000000000000000000000000000000066
:103A60002DE9F047374B064688B008460C46984784
:103A700004F5867804F59477C0B94FF0FF333249E6
:103A8000C4E94130C4F80001304B40469847304B00
:103A900038469847D4E94632934218BFC4F81C31DF
:103AA0000023C4F8243108B0BDE8F087D4E94632D9
:103AB000934218BFC4F81C310023C4F82431D4F851
:103AC000043104F58C7563B904212846214B9847CD
:103AD00001212846204B98472846D4F808111F4B4F
:103AE00098470024DFF888A006F10409D6F8F43AD4
:103AF00041469C4212D31A4B01A89847FE2301A9C4
:103B0000049305A8174B98472846174B04A99847D4
:103B1000164C05A8A04701A8A047C4E74846D047CF
:103B200009F11C0958B11C232A46394603FB0464D9
:103B3000E06903689B6808B0BDE8F04718470134A6
:103B4000D4E700BF000000003100000000000000CA
:103B50000000000000000000000000000000000065
:103B60000000000000000000000000000000000055
:103B7000000000002DE9F0411E46037D0446884602
:103B800017461BB1D0E901359D4204D1002363756E
:103B90000020BDE8F081ED1A0369B3EBA50FF5D263
:103BA000184B9847C8F80000637D002BF0D0237DA8
:103BB000002BEBD0D4E901318B42E7D0C91A23693D
:103BC000B3EBA10FE2D2104B204698473860637DDB
:103BD000002BDDD0237D002BD8D0D4E901329342D5
:103BE000D4D0D21A2369B3EBA20FCFD2074B204611
:103BF00098473060637D002BCAD02046044B98471D
:103C0000C7E700BF00000000000000000000000047
:103C1000000000002DE9F043D0F8146404460F467C
:103C200090461D468BB096B14A4B04A898474A4B24
:103C300004A89847D4F81034211D19443246474B44
:103C400004A8984738B90026454B05A89847304640
:103C50000BB0BDE8F0834FF00009424E03AB02AA5F
:103C600001A904A8CDF80490B04706460028EAD080
:103C7000039BBB42E7D1029B3B4F012B1BD0284645
:103C8000FC233A4940F8043B394B98472046D4F886
:103C90001024D4F81414B847D4F810342BB94FF0CA
:103CA000FF32C4F80C34C4F80824D4F81C340133AF
:103CB000C4F81C34C8E7019B042B05D02846FC231C
:103CC0002C4940F8043BDFE72B4B04A88DF800900B
:103CD0009847C02831D19DF824301BB1DDE9052378
:103CE0009A4208D100238DF825302846FC23234929
:103CF00040F8043BC8E79B1A089AB2EBA30FF1D235
:103D00001F4B04A898479DF825308DF80000002B24
:103D1000EBD041461B4B04A898470028E5D0D4F8C7
:103D200010242AB94FF0FF33C4F80C24C4F8083427
:103D30002046D4F81414B84786E76A462946124B41
:103D400004A898470028EAD12846FC230F4940F8E8
:103D5000043B99E7000000000000000000000000A4
:103D6000000000000000000000000000EB06000062
:103D70000000000004070000000000002107000010
:103D800000000000000000000000000042070000EA
:103D90002DE9F043D0F8146404460F4690461D46C2
:103DA0008BB096B14A4B04A898474A4B04A8984751
:103DB000D4F81034211D19443246474B04A89847C3
:103DC00038B90026454B05A8984730460BB0BDE8EA
:103DD000F0834FF00009424E03AB02AA01A904A8E8
:103DE000CDF80490B04706460028EAD0039BBB42BA
:103DF000E7D1029B3B4F012B1BD02846FC233A49BD
:103E000040F8043B394B98472046D4F81024D4F8A6
:103E10001414B847D4F810342BB94FF0FF32C4F85B
:103E20000C34C4F80824D4F81C340133C4F81C340E
:103E3000C8E7019B042B05D02846FC232C4940F8F9
:103E4000043BDFE72B4B04A88DF800909847C0286F
:103E500031D19DF824301BB1DDE905239A4208D108
:103E600000238DF825302846FC23234940F8043BE5
:103E7000C8E79B1A089AB2EBA30FF1D21F4B04A814
:103E800098479DF825308DF80000002BEBD0414677
:103E90001B4B04A898470028E5D0D4F810242AB971
:103EA0004FF0FF33C4F80C24C4F808342046D4F88B
:103EB0001414B84786E76A462946124B04A8984767
:103EC0000028EAD12846FC230F4940F8043B99E733
:103ED00000000000000000000000000000000000E2
:103EE0000000000000000000EB06000000000000E1
:103EF000040700000000000021070000000000008F
:103F00000000000000000000420700002DE9F0431F
:103F1000D0F8146404460F4690461D468BB096B107
:103F20004A4B04A898474A4B04A89847D4F8103441
:103F3000211D19443246474B04A8984738B900263A
:103F4000454B05A8984730460BB0BDE8F0834FF0CD
:103F50000009424E03AB02AA01A904A8CDF80490BF
:103F6000B04706460028EAD0039BBB42E7D1029B3C
:103F70003B4F012B1BD02846FC233A4940F8043B19
:103F8000394B98472046D4F81024D4F81414B84775
:103F9000D4F810342BB94FF0FF32C4F80C34C4F805
:103FA0000824D4F81C340133C4F81C34C8E7019B3E
:103FB000042B05D02846FC232C4940F8043BDFE7BE
:103FC0002B4B04A88DF800909847C02831D19DF85C
:103FD00024301BB1DDE905239A4208D100238DF876
:103FE00025302846FC23234940F8043BC8E79B1AA8
:103FF000089AB2EBA30FF1D21F4B04A898479DF883
:1040000025308DF80000002BEBD041461B4B04A857
:1040100098470028E5D0D4F810242AB94FF0FF3390
:10402000C4F80C24C4F808342046D4F81414B84753
:1040300086E76A462946124B04A898470028EAD129
:104040002846FC230F4940F8043B99E70000000094
:104050000000000000000000000000000000000060
:1040600000000000EB060000000000000407000054
:104070000000000021070000000000000000000018
:10408000000000004207000038B50C1A134605D0A6
:10409000014622461846024DA8470346181938BD66
:1040A0000000000038B50C1A134605D00146224620
:1040B0001846024DA8470346181938BD00000000F5
:1040C0002DE9F74F9846002308F1010A9A45044666
:1040D00089461746C0E90033836002DA2F48304B27
:1040E000984713D02F4B50469847266805460246FE
:1040F000616830462C4B984726B1A16830462B4B5F
:10410000891B9847C4E900555544A5602046284BB3
:104110000DF1070107EB080B8DF807909847BB4599
:1041200016D0D4E901639B1B9845DFF890A0DFF817
:10413000909011D8324659463846D0476268314689
:10414000424462603046C847324639463846D04716
:10415000204603B0BDE8F08F4146164A164B204674
:104160009847104B804698473146024605462068DE
:10417000C847594602463846D0476168024630462D
:10418000C8470646206818B1A168084B091A984725
:10419000C4E900564544A560DAE700BF9E0A000066
:1041A000000000000000000000000000000000000F
:1041B00000000000AE0A0000000000000000000047
:1041C000000000002DE9F8430D69D1E901239B1A95
:1041D000B5EBA30F06460C4605D300234B75C6E985
:1041E0000033B36026E0012308464B754C4B9847DB
:1041F000C7386F1C112800F28F80DFE800F05A6F7B
:104200007E8D8D8D8D8D8D8D8D8D8D091E2D3C4BD3
:1042100001222946434B204698470222424B8046C2
:1042200029462046276198470123024641463046E9
:104230003E4CA0473046BDE8F88301222946394B61
:10424000204698470222384B80462946204627615F
:10425000984702230246E9E701222946314B2046CE
:1042600098470222304B80462946204627619847CE
:1042700004230246DAE7012229462A4B20469847C2
:104280000222294B80462946204627619847082369
:104290000246CBE701222946224B204698470222BC
:1042A000214B804629462046276198471023024625
:1042B000BCE7012229461E4B204698470222814630
:1042C00029462046174B9847032280462761164B04
:1042D0002946204698474B460246A7E70122294631
:1042E000144B2046984703228146294620460D4B11
:1042F0009847042280462761E9E7012229460E4BB0
:10430000204698470522814629462046054B984776
:10431000062280462761DAE70023276163755EE79E
:10432000000000000000000000000000000000008D
:104330000000000000000000000000002DE9FF4721
:104340007E4B04469847C028064604D120467C4947
:104350007C4B984731E0C22803D120467A497B4BF9
:10436000F7E720467A4B984720B92046794B984783
:10437000054618B120467849784BEAE7CA2E1ED187
:10438000237D1BB1D4E901239A4205D10023637533
:10439000284604B0BDE8F0879B1A2269B2EBA30F50
:1043A000F4D26F4B204698476E4B83ED000A637D35
:1043B000002BEDD020466C4B98470546E8E7CB2E06
:1043C00012D1237D002BE1D0D4E901239A42DDD024
:1043D0009B1A2269B2EBA30FD8D2644B20469847B0
:1043E000634B83ED000BE2E72046624B984707469C
:1043F00080B1614D2B68DA0708D4604B6049614891
:104400009847012360482B60604B984720465D49E0
:104410005F4B9EE706F13C03DBB2022B16D9204628
:104420005C4B98478046002840D020465A4B019765
:1044300001A998473E46DFF8AC91DFF8ACA1019B9B
:10444000C9F800709E4226D34546A1E7534A136837
:10445000DB0708D4524B5348C3E900559D60012344
:1044600013604A4B9847237D002B8FD0D4E901235A
:104470009A428BD09B1A2269B2EBA30F86D22146B7
:1044800001A8494B9847464801A9484B9847484BD3
:1044900001A898478BE72046D047054600283FF4FF
:1044A00077AFD9F8007001360137C8E72046414B95
:1044B000984718B120464049404B4AE706F12C0383
:1044C000DBB2042B15D93936F6B2022E11D92046AB
:1044D0003B4B984748B920463A4B984728B9204665
:1044E000394B984700283FF453AF20463749384BA3
:1044F0002FE738490B6813F0010308D1364A3748D3
:10450000C2E90033936001230B60204B9847237D61
:10451000002B3FF43BAFD4E901239A423FF436AF7E
:104520009B1A2269B2EBA30FBFF430AF214601A85A
:104530002B4B9847284801A9A7E700BF00000000BF
:10454000000000000000000000000000000000006B
:10455000000000000000000000000000000000005B
:10456000000000000000000000000000000000004B
:10457000000000000000000000000000000000003B
:1045800031000000000000000000000000000000FA
:10459000000000000000000000000000000000001B
:1045A000000000000000000000000000000000000B
:1045B00000000000000000000000000000000000FB
:1045C00000000000000000000000000000000000EB
:1045D00000000000000000000000000000000000DB
:1045E0000000000000000000000000002DE9F04F76
:1045F000D0F80C340446032B89B05AD9D0F81434BF
:10460000002B6BD1D0F810643A4B02A898474FF0BA
:10461000FF38002504F10409DFF8FCA0B144D4F808
:10462000042473199A4256D902A80135D0472A4664
:104630004946314B02A898470028F0D02F4B02A8DA
:1046400098470028EBD000236946009302A82C4B22
:104650009847009FD7B12B4B02A8984718B92A4B0F
:1046600002A8984738B3294B01A902A89847012FFF
:10467000DDF804800AD00127DFF8A0B002A8D847EF
:104680000028CCD0009B01379F42F7D3B8F1020F2E
:1046900017D814D0042F14D11EB9C4F80884C4F854
:1046A0000C54B8F1010F21D1C4F81064C4F81454AB
:1046B00011E00026A8E707466FF00108DCE7032FAA
:1046C0000FD0134B3246294620469847D4F81C3465
:1046D0000133C4F81C340F4B03A8984709B0BDE858
:1046E000F08F1EB9C4F80884C4F80C543544C4F8DB
:1046F0001054F0E70000000000000000000000007F
:1047000000000000000000000000000000000000A9
:104710000000000000000000000000000000000099
:1047200038B50446006803685B69984790B1D4F8CF
:104730000434B3F5806F0DD0214651F8040B0268A4
:104740001944D568C3F58062A847D4F804340344FB
:10475000C4F804342046014B984738BD00000000DF
:104760002DE9F043064685B00068274B90460D467C
:1047700098473168254B01A898472549254B01A842
:104780009847044630B9DFF89890371DD6F8F43AC8
:104790009C4207D30024204B01A89847204605B02F
:1047A000BDE8F083384601A9C84710B901341C3769
:1047B000ECE7414607F10C00C8470028F6D0306806
:1047C000D0F8083433F002031CD1D0F80C140A1FBF
:1047D000FC2A17D82B46C21C4C1912F8016F03F89B
:1047E000016BA342F9D14FF0FF330022C0F8083427
:1047F000C0F80C24094B9847041E18BF0124C5F8C3
:104800000001C8E70020F7E70000000000000000FA
:104810003100000000000000000000000000000067
:10482000000000002DE9F04100F110060446D4B06C
:10483000642200233046DFF89880C047C8B9194B7E
:1048400004A8984765681849184B01A89847284656
:10485000174B01AA04A998470746164B01A8984789
:10486000154D304647B9A847144B9847144B04A838
:10487000984754B0BDE8F081A8476068114B04A97F
:104880009847114F04F12406642200233046C047A4
:1048900030B960680D4B04A998473046A847E5E752
:1048A000B847F1E7000000006607000000000000C4
:1048B00000000000000000000000000000000000F8
:1048C00000000000000000000000000000000000E8
:1048D0000000000008B5054B98470548054B984770
:1048E00010B10348044B984708BD00BF000000000A
:1048F0000000000000000000000000002DE9F04171
:1049000000F110060446D4B0642200233046DFF8DC
:104910009880C047C8B9194B04A8984765681849DA
:10492000184B01A898472846174B01AA04A9984795
:104930000746164B01A89847154D304647B9A8477A
:10494000144B9847144B04A8984754B0BDE8F08125
:10495000A8476068114B04A99847114F04F1240639
:10496000642200233046C04730B960680D4B04A96B
:1049700098473046A847E5E7B847F1E70000000050
:1049800031000000000000000000000000000000F6
:104990000000000000000000000000000000000017
:1049A00000000000000000000000000008B5054CF9
:1049B000054D064E2046A84708B12046B047044B97
:1049C0009847F7E70000000000000000000000002A
:1049D00000000000F8B50E46044617461D46006864
:1049E000094B984731462B46084E3A462068B04757
:1049F000064638B1294651F8043B44F8043F201DCF
:104A0000034B98473046F8BD00000000000000004E
:104A10000000000000232DE9F0470122044688B081
:104A20008DF8003000F11403D3E8EF1F002903D103
:104A3000C3E8E02F0028F7D13CD12F4F2F4D64223F
:104A40000023E06AB84700284AD1606A636C0068B6
:104A50002B4D04F1100204F11801A847E06A294D1A
:104A6000A847DFF89880DFF8BC90DFF8BCA064228C
:104A70000023A06AB84700283BD104A8C8476A466B
:104A80002169606A04ABD0471F4E00282AD0A06A73
:104A9000A847049D1D4B05A901A898471C4B294612
:104AA00001AA2046984701A8B04705A8B04720466C
:104AB000184B0AE01849194B04A898472046144B94
:104AC000FF2104AA9847104B04A898470E4D04F103
:104AD0001800A847201DA847204608B0BDE8F08769
:104AE000A847ACE7A06AA8470D4B984705A8B04770
:104AF000BDE7C047BBE700BF0000000000000000AA
:104B000000000000000000000000000000000000A5
:104B100000000000000000005C0A0000000000002F
:104B200000000000000000000000000000232DE94C
:104B3000F0470122044688B08DF8003000F11403DC
:104B4000D3E8EF1F002903D1C3E8E52F002DF7D1EB
:104B50003BD1294F294D64220023E06AB847002841
:104B60003FD1636A04F11002186804F11801244B64
:104B70009847244DE06AA847DFF88080DFF8A090CE
:104B8000DFF8A0A064220023A06AB847002831D132
:104B900004A8C8476A462169606A04ABD0471A4E28
:104BA00008B3A06AA847049D05A9184B01A8984717
:104BB0002946174B01AA2046984701A8B04705A8E7
:104BC000B0472046134B984701E0134B98470E4DD2
:104BD00004F11800A847201DA847204608B0BDE8EA
:104BE000F087A847B7E7A06AA8470C4B984705A8E5
:104BF000B047C7E7C047C5E700000000000000005D
:104C000000000000000000000000000000000000A4
:104C10000000000000000000000000000000000094
:104C20000000000000000000F8B50E4604461746DC
:104C30001D460068094B984731462B46084E3A46B8
:104C40002068B047064638B1294651F8043B44F87D
:104C5000043F201D034B98473046F8BD000000007C
:104C600000000000000000002DE9F04F0122044682
:104C70000F4689B000F11403D3E8EF1F002903D1D8
:104C8000C3E8E52F002DF7D12ED1DFF8C480274DE2
:104C900064220023E06AC04700282AD1636A04F135
:104CA0001002186804F11801214B9847214DE06A61
:104CB000A847DFF87890DFF89CA0DFF89CB064226A
:104CC0000023A06AC047B0B904A8D0473A4621697A
:104CD000606A04ABD847184E78B9A06AA847174B4A
:104CE000984705A8B047EAE7154B09B0BDE8F04F73
:104CF0001847A847CCE7C847E1E7A06AA847049D42
:104D000005A9104B01A89847294601AA0E4B204639
:104D1000984701A8B04705A8B04720460B4B9847D5
:104D200080F00100C0B209B0BDE8F08F00000000C3
:104D30000000000000000000000000000000000073
:104D40000000000000000000000000000000000063
:104D50000000000000000000000000002DE9F04FFE
:104D6000044600F11008A1B05B4E404604F124094E
:104D70000D4604F13807B0474846B0473846B047BB
:104D80002046564B9847002840F0A0804FF0FF3255
:104D90004FF0FF33524938468847A06829460368D8
:104DA000504DDB699847A06803689B6A98470028C4
:104DB00000F08F80A0684C49036825225B68984703
:104DC0004A4E0820B0474A4AA368E060C0E9002381
:104DD0001420B0470546DFF858A1E068D0472B46BD
:104DE00043F8040B1846434B9847256040F6F820DB
:104DF000B0470646E068D047354645F8040B3E4BC1
:104E000040F6F42200212846DFF828B1DFF828A177
:104E1000984706F6F423594628460993D04705F1EA
:104E20000C005946D047099B1C359D42F3D1002503
:104E30006660C6F8F45A314B29464FF4FA70984729
:104E40000146206500220023CDE9062305234FF407
:104E5000FA72CDE90253CDE90055294B294E04954C
:104E600004F15800B047E064274B28499847284987
:104E70000BA88DF82B50D047CDF8009043460BA9D6
:104E80002268244D0EA8A847234B0DF12B010EA834
:104E9000984708B19DF82B00204B84F860010EA8BC
:104EA00098471F4D0BA8A8471E490EA8D0474FF49E
:104EB00080730BAA0EA920460B931B4B98470EA894
:104EC000A8473846194B98479DF82B0021B0BDE8FC
:104ED000F08FA84767E700BF000000000000000057
:104EE00000000000000000006F070000000000004C
:104EF00008000000000000000000000000000000AA
:104F00000000000000000000000000009507000005
:104F10009C070000000000000000000000000000EE
:104F200000000000A40700000000000000000000D6
:104F30000000000031000000000000002DE9F04FEB
:104F4000012204460F4689B000F11403D3E8EF1F95
:104F5000002903D1C3E8E02F0028F7D10CBF154684
:104F6000002541D1DFF8E0802D4D64220023E06A66
:104F7000C047002848D1606A636C0068294D04F17D
:104F8000100204F11801A847E06A274DA847DFF88E
:104F90009090DFF8B8A0DFF8B8B064220023A06AD0
:104FA000C047002839D104A8D0473A462169606A31
:104FB00004ABD8471D4E002828D0A06AA847049DFE
:104FC0001B4B05A901A8984729461A4B01AA204660
:104FD000984701A8B04705A8B0472046164B984708
:104FE00080F00100C0B20CE01449154B04A89847AA
:104FF000FF2120460F4B04AA98470C4B04A8984762
:10500000284609B0BDE8F08FA847AEE7A06AA847D8
:105010000C4B984705A8B047BFE7C847BDE700BF9E
:105020000000000000000000000000000000000080
:105030000000000000000000000000005C0A00000A
:105040000000000000000000000000000000000060
:10505000000000002DE9F04F012204468A4689B085
:1050600000F11403D3E8EF1F002903D1C3E8E52FB3
:10507000002DF7D132D1DFF8E8802D4D64220023D6
:10508000E06AC04700282ED1636A04F11002186854
:1050900004F11801274B9847274EE06AB047DFF824
:1050A0009090DFF8C0B064220023A06AC047E0B946
:1050B000224B04A89847656A27692868D84739466B
:1050C00052461F4F286804ABB8471E4F78B9A06AF4
:1050D000B0471D4B984705A8B847E4E71B4B09B0FC
:1050E000BDE8F04F1847A847C8E7C847DBE7049B6F
:1050F00005A945F8043F281D154B9847A06AB047FD
:10510000049D05A9134B01A89847294601AA124BF3
:105110002046984701A8B84705A8B84720460F4B36
:10512000984780F00100C0B209B0BDE8F08F00BF21
:10513000000000000000000000000000000000006F
:10514000000000000000000000000000000000005F
:10515000000000000000000000000000000000004F
:1051600000000000000000002DE9F047044600F5B3
:1051700008763046354B9CB098472046344B9847CC
:105180000546A0B94FF0FF324FF0FF3331493046AA
:1051900088472069304B9847304F60B94FF4E13170
:1051A00020692F4B9847054628B93046B84728460E
:1051B0001CB0BDE8F087002325692A498DF80F301F
:1051C00007A8294B984705F1240300932A6805F1A5
:1051D000100307A9254D0AA8A847254B0DF10F017B
:1051E0000AA8984708B19DF80F00DFF8949084F85A
:1051F00034020AA8C847DFF88C8007A8C047DFF848
:1052000068A01C4904A8D04725691B4907A8D047B6
:1052100005F1240300932A6805F1100307A9134D33
:105220000AA8A847154B04A90AA8984705460AA842
:10523000C84785F0010507A8C047304684F83552B5
:10524000B84704A89DF80F50C047B0E70000000021
:10525000000000000000000000000000000000004E
:1052600000000000BD07000000000000000000007A
:105270000000000031000000CB070000000000002B
:1052800000000000000000002DE9F04F8C4BADB095
:1052900098478C4A1368C31AB3F57A7F16D3106007
:1052A000894B8A489847DFF824A20446DFF87C82BD
:1052B000874F884E68B9884B4FF4E1315046984784
:1052C000864B88F800403C7034701C702DB0BDE8EF
:1052D000F08F33781BB98248824B9847307098F82A
:1052E0000030002B4FD1804C0DF110097F49DFF8C1
:1052F00040B24846D8474FF0FF324FF0FF332046C8
:105300007B4988477B490AA8D847A4F11403009336
:10531000CDF8049054F8382CA4F128030AA9764C4F
:105320001AA8A047754B0DF10F011AA8984704461B
:10533000E0B19DF80F40CCB1714907A8DAF80450EC
:10534000D847494610A8DFF8EC91C84707A90DA82F
:10535000C847D5F8F43A632B40F283800024694DA6
:105360000DA8A84710A8A84707A8A847664B1AA8E1
:105370009847644D0AA8A8475B48644B984704A81F
:1053800088F80040A8473B78002B4ED1564C0DF1D1
:1053900010095F49DFF898B14846D8474FF0FF320F
:1053A0004FF0FF3320465249884752490AA8D84750
:1053B000A4F114030093CDF8049054F8382CA4F110
:1053C00028030AA94C4C1AA8A0474C4B0DF10F0119
:1053D0001AA898470446E0B19DF80F40CCB148495F
:1053E00007A8DAF80450D847DFF848A1494610A8C2
:1053F000D04707A90DA8D047D5F8F43A632B40F25F
:105400009B8000243F4D0DA8A84710A8A84707A8D7
:10541000A8473D4B1AA898473A4D0AA8A8473248D2
:105420003A4B984748463C70A8472C4B1B78002BBA
:105430007FF44CAF98F80030002B3FF447AF3B7837
:10544000002B3FF443AF3378002B3FF43FAF0123F1
:10545000224A3049137022482F4B2DB0BDE8F04F3F
:10546000184705F1040B58462C4B10A99847002803
:105470007FF474AF10A913A8C8470DA916A8C84790
:10548000274B284898471990D5F8F43A13A95A1C85
:10549000C5F8F42A1C2202FB03F9234B0BEB09008D
:1054A000984709F10C0016A91F4B58449847199BBF
:1054B0004D44EB6116A8134DA84713A8A8474EE723
:1054C00000000000C00C0000000000000000000010
:1054D000C60C0000C50C000000000000C40C000059
:1054E0000000000000000000380000000000000084
:1054F00000000000040000000000000000000000A8
:10550000310000000000000000000000000000006A
:105510000F00000013000000000000000000000069
:10552000000000000000000000000000C70C0000A8
:10553000000000000000000005F1040B5846164B67
:1055400010A9984700287FF45CAF10A913A8D04792
:105550000DA916A8D047114B114898471990D5F8B6
:10556000F43A13A95A1CC5F8F42A1C2202FB03FAC8
:105570000C4B0BEB0A0098470AF10C0016A9094BDB
:1055800058449847199B5544EB6116A8064DA84707
:1055900013A8A84736E700BF000000000000000085
:1055A0000000000000000000000000002DE9F843AA
:1055B0001A4B04460F469847064618B9002630464F
:1055C000BDE8F883237D1BB1D4E901239A4215D1AC
:1055D0000025657500239846DFF84C90A8453B6090
:1055E000EDD02046C8470028E8D02046C84700280C
:1055F000E4D03B6808F101080133EFE79B1A226908
:10560000B2EBA30FE4D2064B20469847637D0546D4
:10561000002BDFD02046034B9847DBE7000000005B
:10562000000000000000000000000000F0B50E4681
:1056300087B01A491A4B05466846144698473046C3
:10564000184B9847184F30B36946184B3046984767
:10565000174B694603A89847EB680BB9154B984759
:105660002B6903A9281D9847054603A8B84765F08C
:105670003D052046104B98472046104B8DF80C50A6
:1056800003A99847E3680133E36000246846B847FC
:10569000204607B0F0BD4FF0FF34F7E731000000BF
:1056A00000000000000000000000000000000000FA
:1056B00000000000000000000000000000000000EA
:1056C000F0B52C4B07468DB008460E461446984759
:1056D0000546B0B92849294B05A89847FD2305A9D7
:1056E000089309A8264B9847264D05A8A8472046A9
:1056F000254B08A9984709A8A847002528460DB0BA
:10570000F0BD00233046019301A9204B9847019B2F
:105710000BB91F49DFE7012B01D01E49DBE73146FA
:10572000224638461C4B9847061EE7DA1B49134BA6
:1057300002A898470A22F143194B08A89847194B29
:1057400008A902A898470F4D08A8A847164B02A918
:1057500005A89847FD2305A9089309A8084B984771
:1057600005A8A8472046084B08A9984709A8A847B4
:1057700002A8C1E7000000001E08000000000000B1
:105780000000000000000000000000000000000019
:10579000520800003E08000000000000A1080000C0
:1057A000000000000000000000000000F8B5184AEA
:1057B00013680133012B136007D1164B164A1A6088
:1057C0000022C3E907221A765A6200244FF47A7243
:1057D000124B1C60C3E906441C62114B9A60114ACB
:1057E0005C601A60104A13680133012B13600ED1FC
:1057F00003260E4D0E4FC5E9004405F108004FF495
:1058000084620021B847013E05F58565F3D1F8BDF6
:105810000000000000000000000000004C0D00002F
:10582000B00C0000080000000000000000000000B4
:105830000000000008B5064A1368013B1360054AE2
:105840001368013B136013B90348044B984708BD24
:1058500000000000000000001C000000000000002C
:105860002DE9F84FA648A74B9847002801DCBDE872
:10587000F88FA54BA2489847A44BA54F1B78C6B2FA
:105880005A2B15D1A52E13D1A24A1368581C1CBF40
:1058900001331360A04B9847A04B9C4A1860A52386
:1058A00013703B78002BDDD0012B1AD1002309E0C7
:1058B000964B1E703B783BB9552ED3D15522984B51
:1058C0001A7001233B70CDE7012B0AD1AA2E05D116
:1058D000934B944A5E7002231370F3E7552EE5D183
:1058E000ECE7904A8E4C11784B1CDBB21F2B1370E7
:1058F0006654B7D900238C4E137032783B70002A5F
:1059000000F0A8822278552A40F0A4826278AA2A60
:1059100040F0A082A278022A40F09C8221461A46DA
:1059200011F8010B01321F2A83EA0003F8D1E27F4C
:105930009A4240F08F82DFF88C82237998F8002019
:105940009A4240F08782744B9847E378774A94F8FC
:1059500004E01370764BB4F8052083F800E0754B33
:10596000DFF864B21A80B4F80720734BB4F80B70F8
:105970001A80637AA27A8BF80030704BDFF84CA261
:105980001A706F4B6F4A1F80637B002B14BF01217D
:10599000002111706C4A6D4910606D4A40F0908092
:1059A00013608AF800300B6000236A4A13606A4A69
:1059B00013606A4A1360A27B694BDFED6A5A1A7062
:1059C000B4F80F20684B9FED696A1A80637F684ABC
:1059D000D9091370674A5FB21170674AC3F3801127
:1059E0001170664AC3F34011117003F01102102ABE
:1059F00014BF0022D4F817206149002F0A60B4F8C0
:105A000011206049DFF8C8C15F4F0A8080F25D81D4
:105A100007EE902A9FED5D7AF8EE677A67EE877A57
:105A2000B4F813205A49CCED007A0A8012B207EE7E
:105A3000902AF8EEE77A67EE877A9FED567A564914
:105A40003860677D0F70554A9FED555A82ED007A98
:105A5000544A13F00103C2ED007A534A53491060CF
:105A6000A27F534F07EE902AA27DF8EE677A07EEE9
:105A7000102AB8EE477AC7EE056AB3EE0E7A67EEE3
:105A8000877A4C4AC2ED006A4B4AC2ED007A4B4A13
:105A900000F08881B4F81730B4F819C0B4F81B408E
:105AA000B3F5805F0B80A2F800C03C8080F0CE810F
:105AB0001388B3F5805F24BF40F6FF73138074E151
:105AC0009AF80030DFF80CC1DFF8F49053B94FF0CA
:105AD0000105ACF800708AF80050C9F800000B60AE
:105AE000136068E7D9F80030C31A03F1FF3ABAF13E
:105AF000F90F71D9ACF80070C9F800000023EEE787
:105B0000000000000000000000000000E50D0000A3
:105B1000AD0C0000EC0D000000000000E80D0000DE
:105B20008C0C0000AC0C0000790D00003B0E000056
:105B3000F40D0000F80D0000F60D0000390E000015
:105B40005E0E00005C0E0000580E0000400E0000CB
:105B50003C0E0000540E0000500E00004C0E0000E1
:105B6000380E000033335340360E000000F07F45FE
:105B7000140E00000E0E00000D0E00000C0E0000B2
:105B8000100E0000340E00002C0E0000CDCCCC3DD9
:105B90002A0E000000000000280E0000240E000065
:105BA00000007F43200E00001C0E0000180E0000B5
:105BB000180000008C0D0000880D0000160E00007B
:105BC000440E0000780D00003A0E00004A0E00005E
:105BD000300E0000480E0000BCF80090A7EB090949
:105BE000B9F5006F65DDA9F58059ACF80070A04FDC
:105BF000156838600F682B444F44132B0F601360F7
:105C00007FF6D9AE07EE903AB8EE677ADFED997A73
:105C10009FED996A27EE277AB4EEC67AF1EE10FA74
:105C2000C4BF07EE907AFAEECA7ADFED945AC8BF85
:105C3000C7EE876A924BCCBF26EEA57A9FED917A8C
:105C4000D3ED007AF5EE006A37EE677AE7EE267A52
:105C5000DFED8D6A87EEA57AF0EEE75AF4EE665A2C
:105C6000F1EE10FA2BD8F0EEE75AF4EE465ADFEDDB
:105C7000855AF1EE10FA48BFF0EE657AC3ED007A6E
:105C8000F0EEC77AF4EE667AF1EE10FA1AD8F0EE7A
:105C9000C77AF4EE467ADFED7B7AF1EE10FA48BF70
:105CA000B0EE677A794B83ED007A794B83ED007A19
:105CB00024E719F5006FB8BF09F5805995E7DFEDC6
:105CC000717ADBE79FED6F7AECE7B2F5805F24BF76
:105CD00040F6FF720A8040F2AE7209883860914245
:105CE00081BF07EE901A9FED6B7AF8EE677A77EE38
:105CF000C77A88BF9FED687AB4F81370674A8CBF83
:105D000067EE877ADFED5F7AB7F5805F178024BF93
:105D100040F6FF7717801288CCED007A07EE902AC4
:105D2000F8EE677A67EEA57A617DDFF8B4C187EE99
:105D3000867A8CF80010C90731D540F6FD71013A1A
:105D400092B28A422BD8DFED4B7AB4EEE77AF1EECD
:105D500010FA24D9DFED527AB4EEE77AF1EE10FAB8
:105D60001DDADFED506ADFED507A77EE666AB3EE4A
:105D7000025A66EEA76AC6EE857AF3EE096A77EEF6
:105D8000A67ADFED416AB0EEE75AB4EEE65ADFEDEF
:105D90003D6AF1EE10FA88BFF0EE667A53E6DFED69
:105DA000397A50E60B8013803B80404B1C88B4F559
:105DB000805F24BF40F6FF741C800B8807EE903A8A
:105DC000F8EE677A67EEA57A87EE867A384B83ED30
:105DD000007A138807EE903AF8EE677A67EEA57AB4
:105DE00087EE867A334B83ED007A3B8807EE903A54
:105DF000F8EE677A67EEA57A87EE867A2E4B83ED0A
:105E0000007A2E4B18602E4B186033783BB198F80F
:105E10000030734503D1002333702A4B98472A4A38
:105E2000137843B1294B9BF800101B7803F008034B
:105E30000B4308BF13704FF6FF71254A13888B423E
:105E400012D1244B9847244B18600BE540F6FF73A2
:105E50000B802DE64FF6FF71204A13888B423FF4EA
:105E600001AD01331380FDE401331380E9E700BF86
:105E7000440E00006F12833ABD3786350000704231
:105E8000540E000000000000FFFF7F7F500E000056
:105E90004C0E000000C0F544580C583E2A0E00007D
:105EA000D1225340E17A943F00007A441800000068
:105EB000080E0000040E0000000E0000FC0D0000A3
:105EC000F00D000000000000850D00003B0E0000FA
:105ED000660E000000000000680E0000640E000066
:105EE000280E00002DE9F04F2DED048BB04B89B04A
:105EF000B0EE409AF0EE608AB0EE418A8A460446DF
:105F00009847AC4B064698470546002C43D0AA4B11
:105F10001B78002B34D1A94B1B78D3B9BAF1000FF1
:105F200040F0CF80A346A246A54B9847A54A1378D8
:105F30003BB1A54B1B68EB1AB3F5FA5F36D30023D0
:105F400013704CF24F32A04B1B68EB1A934242D8AD
:105F50002CE09E4A1278CAB99D4A92F800B0BBF173
:105F6000000F13D19B4A127882B99B4A1278012AFA
:105F70000CD1BAF1000F2ED14FF0000B9A46D3E7A7
:105F8000BAF1000F24D14FF0000BDAE7BAF1000F9D
:105F90001ED15346F0E7914F3B78BAF1000F17D16D
:105FA0004BB98F4B1B68F31A312B11D809B0BDECDC
:105FB000048BBDE8F08F804B1B78002BE3D1804B26
:105FC0009847804A1378002B71D13B78002BDAD1A7
:105FD0004FF0000BDA4600271C22824B394601A8FD
:105FE00000979847804B93F8008008F101021A70DF
:105FF000714B93F80090794B1878704B1B78002BFD
:1060000061D0002800F0BF809FED788A3946F0EE1D
:10601000488AB0EE489A3B463A46B9463C46B9F102
:10602000000F02D044F00204E4B210B144F00804BE
:10603000E4B245F2AA50ADF800000220052A8DF81E
:1060400002008DF803408DF804208DF8058040F0A3
:10605000EF80ADF80830ADF80A100B0C090EADF862
:1060600006708DF80C308DF80D106C46002321461B
:10607000184614F8017B01301F2883EA0703F8D182
:106080008DF81F305A4B5B481A7001224D4B1A7025
:10609000594B202283F80080584B9847484B98472B
:1060A0004F4B1E60484B1D60554B1E607EE7464BB4
:1060B0001B68EB1AB3F5FA5FFFF478AF82F800A023
:1060C00083E7D34687E7002863D1002C5CD0B9F181
:1060D000000F67D1BBF1000F40F0A480494B93F84B
:1060E00000B0BBF1000F0FD0394B93F80090B9F11D
:1060F000000F09D1374B1B78013B012B04D8364BDD
:106100001B78023B012B08D94FF000090AF102026B
:1061100049464B464F46D2B281E73B4BF1EE085A17
:1061200093ED000A394AB7EE001AFFEE000A80EE3E
:10613000250A90479FED366A20EE060ABDEEC00A9A
:1061400010EE103A1FB2334B334993ED000A80EE44
:10615000250A904720EE060ABDEEC00A9FED2F1AD1
:1061600010EE103ADFED210A91ED000A9047DFEDC5
:106170002C7A20EE270AFDEEC07A5C4617EE901AC4
:1061800005221BB24BE704462146234627462246FA
:1061900045E79FED168A1C469946F0EE488AB0EE18
:1061A000489AF1E74C46014603460746024636E761
:1061B0000000000000000000A40D0000860D00009B
:1061C00000000000790D00007C0D0000E20D0000D1
:1061D000E10D0000F80E0000F90E0000850D000032
:1061E000800D000000000000840D00000000000091
:1061F000DF0D000000000000780D0000000000002E
:10620000600E0000E00D0000D00E00000000000055
:1062100000FEFF46CC0E0000D40E000000004842F5
:1062200000007A445C4649464B464F460322F6E658
:10623000032A354F57D1354B9FED351A93ED006A40
:10624000DFED340AB0EE460A334B9847DFED337A80
:1062500020EE270A9FED325AFDEEC07A17EE901A13
:10626000F0EEC67AF4EEC57AF1EE10FA35DBB2EE56
:10627000040AB7EE001A87EE800A9847294831EEE3
:10628000400AD0ED007A20EE270A2748D0ED007AA8
:10629000264890ED001A2648D0ED005AF4EEC55A73
:1062A000F1EE10FA1CDDA6EE270ADFED1A0A984778
:1062B00070EE007A87EEA50A9FED1E1ADFED150A33
:1062C0009847B8470B0C8DF808300B0EADF8061048
:1062D0008DF80930ADF80A00C7E6B0EE600AD4E7E1
:1062E0009FED0C0AE8E7B0EE490AB847B0EE680A3D
:1062F0000446B8470146B0EE480AB847ADF8064034
:10630000ADF80810E6E700BF00000000D40E000062
:1063100000004842000000000000000000007A4435
:10632000CDCCCC3D28000000E40E00003000000081
:10633000340000003333733F9FED041A0146F0EE42
:10634000410A0020B0EE410A014B1847000000004E
:106350000000000008B5034B98470022024B1A705A
:1063600008BD00BF00000000F40E00002DE9F04160
:106370000E46224907460D78214A35B9214B1D7832
:106380001DB91578003D18BF0125002300241370A6
:106390001D4A1E4813701E4A037013701D4A0B706D
:1063A00013701D4A13601D4A13601D4A13701D4A65
:1063B00013701D4A13601D4B1C601D4B1C601D4B50
:1063C0001C601D4B1C601D4B1C601D4B1C601D4B3D
:1063D0001C601D4B98470FB11C4B1C601C4A137866
:1063E00023F00F03137000221A4B964214BF30465D
:1063F00028461A80BDE8F041174B1847F50E0000FB
:10640000F90E0000F40E0000F30E0000860D0000EF
:10641000F20E0000F10E0000EC0E0000E80E00008D
:106420009C0D0000960D0000840E0000D40E0000AC
:10643000DC0E0000D00E0000CC0E0000C80E0000E4
:10644000C40E0000E00E000000000000D80E0000A6
:10645000940D0000920D00000000000010B5054BE7
:106460009FED050A9847BDE8104000210120034B2D
:10647000184700BF000000000000000000000000FE
:10648000002001210B4B10B518700B4B18700B4BF3
:1064900018800B4B18800B4B19700B4B18600B4B73
:1064A00098470B4B9847BDE810409FED0A0A0A4BEE
:1064B000184700BFA40D0000C10D0000640E0000CD
:1064C000F60D0000850D0000A00D0000000000008A
:1064D00000000000000000000000000000222DE984
:1064E000F0412E4C2E4B2F4925781A7008782E4BF0
:1064F0002E4A002D44D11D78002D41D113782BB99F
:106500002B4B984700230B70BDE8F08100283ED04C
:10651000284929480B78294D43B10378002B3AD1FB
:106520002C781CB9264B1B7883F001030024254EE0
:10653000254F347001263E70244F14703E70244E57
:10654000244A3370244B04701C60244B0C701C6074
:10655000234B2C701C60234B1C7000231360224AB9
:106560001360224A1360224A1360224A1360224BAE
:1065700098472046214B9847BDE8F041204B1847EB
:106580000020187013782070002BC1D1B8E7084B99
:10659000BDE8F04118470023C8E700BFE10D000047
:1065A000E00D0000F80E0000E20D0000F90E000002
:1065B00000000000F50E0000F10E0000F30E0000D8
:1065C000A40D0000F70E0000F60E00009C0D000068
:1065D000960D0000D40E0000980D0000EC0E000097
:1065E000E80E0000F20E0000CC0E0000D00E0000FD
:1065F000E00E0000DC0E00000000000000000000C3
:1066000000000000064B10B59847064B1880064B5B
:106610001B7823B9BDE810400120044B184710BD7A
:1066200000000000900D0000F50E000000000000CA
:1066300038B5054610F8013B202BFAD0092BF8D0CD
:1066400028460C490C4CA04718B928460B49A047CE
:1066500058B100220A4B1A700A4B1B7813B90A4B27
:106660001B781BB1094B9847012038BD0120084B0E
:106670009847F9E7D400000000000000D8000000AF
:10668000E00D0000F50E0000F90E00000000000013
:106690000000000010B5144B144C1878144B80B94E
:1066A0001B780BB1134B98479FED131A0021F0EEA6
:1066B000410AB0EE410A114B18782346BDE810405C
:1066C00018470F4A127812B90E4A127842B10E4A90
:1066D00092ED000A0D4AD2ED000A0D4A92ED001A21
:1066E000012000211870E8E7F50E0000000000000E
:1066F000F40E00000000000000000000860D000005
:10670000E10D0000E20D0000140000001000000088
:106710000C000000164B174A187000231370164A1D
:106720001370164A1370164A1370164A1370164ADD
:106730001360164A1360164A1370164A1370164AED
:106740001370164A137048B9154A137823F00F03D3
:106750001370144B18800120134B18479FED131A28
:106760000121F0EE410A0846B0EE410A104B1847ED
:10677000860D0000F50E0000F90E0000F30E00007B
:10678000F20E0000F10E0000EC0E0000E80E00001A
:106790009C0D0000960D0000E20D0000E10D0000D0
:1067A000940D0000920D00000000000000000000A9
:1067B000000000002DE9F0472DED028B036888B042
:1067C0001C4613F8010B2028FAD00928F8D000281D
:1067D00000F09E849649DFF81CA302A8D047954B91
:1067E000602102A89847944D944902A8A8472146E1
:1067F00002A8A84702A8924DA847924E2046924967
:10680000B047002836D0914B9847914B98470446A3
:1068100088B190499048914B984721468E48904BBB
:10682000984700248F4B02A89847204608B0BDEC3B
:10683000028BBDE8F0878C4B1B78022B16D18B4B5B
:106840009FED8B7AD3ED007AF4EEC77AF1EE10FA71
:106850000CD5884AD2ED007AF4EEC77AB2EE047A0B
:10686000F1EE10FA77FE877AC3ED007A0122824BAF
:106870001A7005E020468149B04738B1804B9847EF
:106880008049774B7448984700F03FBC20467E49CA
:10689000B04718B920467D49B04708B17C4BEEE7B8
:1068A00020467C497C4FB847F0B10434254614F8A3
:1068B000013B202BFAD0092BF8D028467749B04766
:1068C00008B1774BDBE728467649B0470028F8D176
:1068D00028467549B0470028F3D128467349B04788
:1068E0000028EED1724999E720467249B8478046A0
:1068F000E8B10434254614F8013B202BFAD0092BCB
:10690000F8D028466C49B0470028DAD128466B49B0
:10691000B0470028D5D128466949B04720B9284654
:106920006849B0470028DDD00022674BA0E7204629
:106930005E49B8478146002851D0043400940024B1
:106940000026CDE90544614F079405AD009B1A78F8
:106950000AB1032C2DD1194613F8012B202A33D06C
:10696000092A31D0B8F1000F00D00091002AB9D126
:10697000012C2BD19DED050AB0EE406AF0EE405A95
:10698000534BB7EE001ADFED530A9847524A82ED97
:10699000000AB0EE650A9847504A82ED000AB0EE50
:1069A000460A984701224E4B83ED000A4D4B1A7060
:1069B000BAE7684601A90196B847002892D0019B22
:1069C000013445F8043BC1E7C846C4E7032C89D12C
:1069D0009DED050ADDED065A9DED076AD0E72046DC
:1069E0004149B847002800F087809FED3A8A3F4B25
:1069F0008DED058A05A904F10800984700283FF4A9
:106A000071AF334B9FED3A1AF0EE480A9DED050A3F
:106A10009847DFED177AB4EEE70AF1EE10FA134B60
:106A200083ED000A7FF72CAF124B83ED000A27E7B6
:106A3000310000000000000000000000DA0000004B
:106A40000000000000000000E30000000000000063
:106A500000000000E9000000B00C00000000000091
:106A60000000000000000000F80E0000D80E00003A
:106A7000CDCCCC3D00000000F20E0000EE00000086
:106A8000000000000A020000F3000000F90000000E
:106A900000000000FF0000000000000015020000E0
:106AA00000000000180200001C02000004010000A9
:106AB000FA010000090100000E01000011010000B0
:106AC000D4000000D8000000E20D0000000000002B
:106AD0000000000000000000140000001000000092
:106AE0000C000000E10D0000130100000000000098
:106AF000000048420000000020469849B847A8B16D
:106B00009FED978A974B8DED058A05A904F10B003F
:106B1000984700283FF4E6AE934B9FED941AF0EEB1
:106B2000480A9DED050A9847914B7EE7204691491A
:106B3000B8478046A8B19FED8A8A8A4B8DED058AB9
:106B400005A904F10B00984700283FF4CBAE864B13
:106B5000B7EE001AF0EE480A9DED050A9847864BFD
:106B600063E720468549B847002833D0002305A9AC
:106B7000059304F10C007B4B984700283FF4B2AE1C
:106B80009DED050AB5EEC00AF1EE10FA7C4C05D871
:106B90007C4BC4F80080C3F8008071E6724B9FED17
:106BA0007A1ADFED7A0A98479FED797AF6EE007A45
:106BB000E0EE077AFCEEE77A764BC4ED007A1B78BC
:106BC000002B3FF45DAE744B984723686D4A034435
:106BD000136055E620467149B04738B16E4B98476F
:106BE0006F4B00F56A501830186049E620466D4931
:106BF000B847002834D00534254614F8013B202B33
:106C0000FAD0092BF8D028466749B04700287FF40E
:106C100045AE28466549B04700287FF43FAE284678
:106C20006349B04700287FF439AE01210224614A4C
:106C3000614B1170614A1470614A1070614A1060B2
:106C40009847614B98479FED460A604B98479FEDE8
:106C5000441A5F4BF0EE410AB0EE410A98470FE646
:106C600020465C49B84760B30334254614F8013B1D
:106C7000202BFAD0092BF8D028465749B04760B9E5
:106C800028465649B04740B928464849B04790B1D0
:106C9000534A137823F0020303E0514A137843F078
:106CA000020313703B4B1B78002B7FF4E9AD0120EE
:106CB0004C4B9847E4E528464B49B0470028E7D1BC
:106CC00010E620464949B84708BB20464849B8471E
:106CD000002840D120464749B847002800F0B3803B
:106CE000033423782546202B04F10104F9D0092B25
:106CF000F7D028463849B04720B928463749B04729
:106D000000287BD0B7EE000A3B4B9847B8E5093422
:106D1000254614F8013B202BFAD0092BF8D0284641
:106D20002D49B04700287FF4DDAD28462B49B047F8
:106D300000287FF4D7AD28461C49B04728B928461B
:106D40002949B04700283FF4CDAD254A137823F0F8
:106D50000803137094E50534DAE700BF1C01000056
:106D60000000000000000000000000000000F042F1
:106D700028000000280100002C0000003401000061
:106D8000EC0E0000E80E000000001644CDCCCC3D17
:106D900000007A44F50E00000000000041010000F0
:106DA000400D00004E010000F3000000D400000080
:106DB000F9000000A40D000000000000C10D00005B
:106DC000850D0000A00D0000000000000000000084
:106DD00000000000540100000E010000110100003D
:106DE000940D000000000000D800000058010000D1
:106DF00062010000680100000000000028468B4985
:106E0000B047D8B928468A49B047B8B92846894911
:106E1000B847B0B99FED888A28468DED058A874B23
:106E200005A9984700283FF45DADB7EE001AF0EED3
:106E3000480A9DED050A824B984765E79FED7E0A5B
:106E400062E70335E6E720467E49B84730B17E4B1E
:106E5000601D984700283FF445AD11E520467B4969
:106E6000B8470028F3D120467949B847002843D0D5
:106E70000534274614F8013B202BFAD0092BF8D013
:106E800038467449B047DFF8288238BB3846724923
:106E9000B04718BB38466549B047002826D06F4B2D
:106EA0001A78002A3FF4ECAC00241C706C4B6D4A3D
:106EB0001C706D4B1C706D4B1C70002313606C4A72
:106EC00013606C4B1C706C4B1C706C4B1C706C4BCF
:106ED000984720466B4B98476B4900E06B4905A8E3
:106EE000D04705A8A84705A8C047C9E43846504977
:106EF000B0470028D3D1F5E420466549B8470028BB
:106F000049D00734274614F8013B202BFAD0092B2F
:106F1000F8D038464F49B047DFF8948100282DD18A
:106F200038464D49B047002828D138463F49B04738
:106F300000282AD0574B1A78002A3FF4A1AC00242D
:106F40001C70464B474A1C70454B53491C70464BBE
:106F500005A81C70454B1C7000231360444A136045
:106F6000464B1C70444B1C70424B1C70D04705A80C
:106F7000A84705A8C0472046424B9AE6454B1B78D8
:106F8000002B7FF47DAC4549A9E738462849B04736
:106F90000028CFD1A6E420464149B847F0B10634D5
:106FA000254614F8013B202BFAD0092BF8D02846AF
:106FB0002849B04748B928462749B04728B9284644
:106FC0001A49B04720B1002000E00120354B70E69F
:106FD00028461749B0470028F5D183E420463249B6
:106FE000B84700287DD00534254614F8013B202BF6
:106FF000FAD0092BF8D028460E49B847002859D0B6
:107000009FED0D8A0D4B8DED058A05A9E81C98476B
:1070100000283FF467ACB7EE001AF0EE480A9DED89
:10702000050A074B9847214B984729E4D4000000F4
:10703000D80000006C01000000000000000000000B
:107040000000000070010000000000007601000058
:107050007C0100000E01000011010000E40D0000A1
:10706000F20E0000D80E0000F10E0000F30E00003A
:10707000D40E0000F50E0000860D0000F90E000091
:1070800000000000000000009E01000082010000DE
:10709000AC010000E30D0000D2010000B4010000CB
:1070A000E201000000000000E90100000000000013
:1070B0000000000028461849B04738B9284617494B
:1070C000B04718B928461649B04720B1154B984724
:1070D0009FED150AA7E728461449B0470028F5D1C7
:1070E00000E420461249B04728B920461149B0476C
:1070F00000283FF4F7AB104B05A898470F4B1048FA
:1071000005A998470F4B05A898470124FFF78ABBAC
:107110000446FFF78ABB00BFD4000000D80000007F
:107120000E0100000000000000000000110100003E
:10713000EF010000F301000000000000000000006B
:10714000B00C0000000000002DE9F04F2DED088B81
:1071500002208BB0B54B98470446B54DA84794B96B
:10716000B44A1368C31A962B0DD910600122B24B92
:10717000B2491A7007A8B24B9847B24B07A8984774
:10718000B14B07A89847B14CA047A847B04B039410
:107190001B68C31AB3F5FA7F0ED2AE4A1368C31A3E
:1071A000952B15D9AC4B1060197881F0010119703D
:1071B0003220AA4B98470BE0A94B1B68C31AB3F5C2
:1071C000FA7F17D2A34A1368C31AB3F5FA7FE9D23C
:1071D000A44BA54C1B787BB10022A44BB6EE001A41
:1071E0001A7001232370F0EE410AB0EE410AA04B61
:1071F0009847FEE20021DBE79E4B1B78002B40F016
:10720000F8829D4B98479D4A1368C01AB0F57A7F63
:10721000C0F0EF829A4F03F57A7313603B68994E82
:10722000002B00F0DF80A8473B68C01AB0F5FA7F5A
:1072300000F2D880944BD3ED007A9FED947A944B72
:1072400027EE877AC3ED007ADFF89C82914B88EDB8
:10725000007A93ED007ADFED906A67EE877A87EE29
:10726000A67A8E4BDFF8849283ED007A99F800308D
:10727000DFF87CB2DFF87CA2894F002B47D1894B25
:107280001B78002B43D12378002B40D10F20B0472F
:1072900006EE100A1020F8EEC68AB04706EE900AF5
:1072A0001120B8EEE68AB0477F4B07EE100AD3ED07
:1072B000007A38EEA76A83ED006A7C4BB8EEC77A95
:1072C000D3ED007A78EE276AC3ED006A784B7949EE
:1072D000D3ED007A37EE277A83ED007A0B6801331D
:1072E000B3F5806F0B6012D307EE903AF8EE677A31
:1072F000C6EE275A86EEA76AC7EE276A0123CBEDB2
:10730000005A8AED006AC7ED006A89F800300F2044
:10731000B0470AEE900ADBED007AF8EEEAAA1020F8
:107320007AEEE7AAB04708EE100ADAED007AB8EE76
:10733000C88A112038EE678AB047DFED5F8A07EE12
:10734000900A28EE288A97ED007AF8EEE77A6AEE3E
:10735000A8AA77EEC77A28EE087A67EEA87AAAEE8E
:10736000AA7AB0EE086AA7EEA77A544BC7EE066A6F
:10737000C3ED00AA524B83ED008A524BC3ED007A55
:10738000B1EEE67A504B83ED007A99F80030002B8D
:1073900000F0B2802378002B00F0AE80F0EEEA6AB5
:1073A000B1EE087AF4EEC76AF1EE10FA0EDCF0EEF8
:1073B000C86AF4EEC76AF1EE10FA07DCF0EEE77A7D
:1073C000F4EEC77AF1EE10FA40F3968001223F4BBB
:1073D0001A70002108463E4B98479FED3E0A3E4BEF
:1073E0009847A7E00E20B04783B207EE103ADFEDD2
:1073F0003B7AB8EE477A27EE277AF2EE067ADFED8F
:10740000386A27EE277AC7EE267AB1EE047AF4EED0
:10741000C77AF1EE10FA07D49FED327AF4EEC77A0C
:10742000F1EE10FA7FF709AF194B04E700000000F6
:1074300000000000780E0000F00E0000700B00004D
:10744000000000000000000000000000000000003C
:10745000680E0000700E00006C0E000000000000BE
:10746000600E0000E30D0000F50E0000860D000028
:1074700000000000E40D000000000000800E00008D
:107480002C0E000000000000300E000046B6133F36
:10749000340000002C00000000004842E40E000010
:1074A0001C000000F90E0000BC0E0000B80E000029
:1074B000B40E0000C00E00006F12833BD80D000018
:1074C000D40D0000D00D0000C40D0000C10D00005F
:1074D00000000000000000000000000033335340B3
:1074E00000F07F450000704230000000B00E000048
:1074F00024000000200000008D4F3B78EBB18D4B45
:10750000984700218C4B084698478C4B9FED8C0A7E
:1075100098473B7873B18B4E33685BB18A4B1B78CD
:1075200043B9237833B9A8473368C01A002801DB70
:10753000864B98479FED821A55E6A847844B06462E
:107540001B7893B9834B1B7813F0180301930BD16D
:107550002378FBB1804B1B6813B9804B1B684BB180
:10756000F31AB3F5FA7F05D903237D4A1370714BE3
:1075700098472EE77B4B1B6863B1F31A002B09DB9E
:1075800004220126764B3E701A706A4B9847002100
:10759000304620E7744B1A7882B100221A706A4B89
:1075A0001B78002B40F020813046704B98470746EF
:1075B000002840F0A88001226D4B1A706D4B1B789B
:1075C000002B40F0148123786B4F8BB16B4BDFEDB8
:1075D0006C7A93ED007AB4EEE77AF1EE10FA07D503
:1075E000684B1B7823B9684B1B780BB901233B70A0
:1075F0005F4B1A784AB3002230461A705B4B9847AB
:107600008246002840F0A5824A4B984787F800A0A0
:1076100000275E4B1F605E4B1F605E4B83F800A02F
:107620000123DFF8C0A12370DAF8000018B1A847E1
:10763000DAF8003018444B4B1860574B1A78424B1D
:10764000002A40F0758201221A70DFF8FCA0534B2B
:107650009847DFF824B19AF800909BF80070B9F1D0
:10766000000F40F0A0822278002A40F09C820FB1E7
:10767000304B98474A4B1B7813B10020494B984731
:1076800049490B78002B32D0484B1A6812B906F5DD
:10769000FA721A601A68B21A002A28DB0022444FD4
:1076A0001A603B780A7003B3214B1B78EBB9334B5C
:1076B0009FED337AD3ED007AF4EEC77AF1EE10FA4B
:1076C00009D53C4AD2ED007AF4EEC77AF1EE10FA11
:1076D000C8BFC3ED007A3046244B984706460028C1
:1076E00040F04C820122224B1A7000233B70002391
:1076F000264A1360304A1360304A1360304A1360E0
:10770000304B984775E03049304B04A8984704A99E
:107710002F4B07A8984739462E4B07A898472E4B62
:1077200098472E4B07A898472D4B04A8984745E744
:10773000A40D000000000000000000000000000098
:1077400000000000A00D0000F90E00000000000085
:107750003A0E00003B0E0000F00D0000600E00002D
:10776000C10D0000E80E0000F00E00000000000057
:10777000F20E0000F10E0000F30E0000D80E000023
:10778000CDCCCC3DE10D0000E20D0000D40E000098
:10779000E00E0000860D0000F80E00000000000062
:1077A000F40E0000000000009C0D0000980D000089
:1077B000960D000000000000DC0E0000D00E00005E
:1077C000CC0E0000000000007B0B00000000000059
:1077D00000000000000000000000000000000000A9
:1077E00000000000EC0E000001229F4B1A709F4B1E
:1077F00098472378002B00F00B86B6EE007A9C4B5E
:10780000D3ED007AF0EEE77AF4EEC77AF1EE10FAF3
:10781000C0F2FE85974B1B78002B40F0F985A847F6
:10782000954A1368C31AF92B00F2FE85934B1B7817
:10783000CBB1A847924A1368C31AC72B13D9914BEF
:1078400010601B681B1A002B40F3F4854FF4FA7389
:10785000B0FBF3F08C4B10F0010F8C4918BF1946A8
:107860008B488C4B9847A847217879B98A4A136886
:10787000C31A632B0AD99FED891A894B1060F0EE69
:10788000410A1878B0EE410A864B9847039B984707
:10789000854B9847A847854A1368C31A132B40F2B3
:1078A000DB80734BDFED827A93ED007A814B27EE1C
:1078B000277AD3ED005A804BDFED806A93ED006AA2
:1078C00026EE066A67EE266AF0EE467A66EE876A6C
:1078D000E5EEA57A1060B1EEE74AB7EE007A36EE33
:1078E000076AF1EEC63AB5EE005A26EE857ADFED6C
:1078F000744A27EE057AA6EE247A9FED726AA3EE0B
:10790000867ADFED713AB4EEE37AF1EE10FA40F3E5
:107910005F8665EE855A67EEA47A65EEA66AE5EEA7
:10792000A67AE4EE067A77EE677AC7EE876ADFED2D
:10793000677A66EEA77A9FED597A654D654E2B788A
:10794000654F002B654B47FE277AC3ED007A3278EE
:107950003B789A421DD06249624B07A89847624B18
:10796000202107A89847DFF8A481604907A8C047ED
:10797000337807A8042B96BF5D4A5E4952F823105E
:10798000C0475D4B07A89847337807A83B705B4B0F
:1079900098475B4E5B4F33783A789A4218D0ABB138
:1079A0004F49504B07A8984718214F4B07A89847B5
:1079B0005549564B07A898473178554B07A8984723
:1079C0004D4B07A898474D4B07A8984733783B7015
:1079D000504E227833789A421CD04149414B07A837
:1079E0009847414B182107A89847484F4A4907A88C
:1079F000B8474A4A4A4B217807A800290CBF1146CC
:107A00001946B8473C4B07A89847237807A8337016
:107A10003A4B9847434C2A7823789A421CD03049F5
:107A2000304B07A89847304B142107A89847374E8A
:107A30003D4907A8B047394A394B297807A800299A
:107A40000CBF11461946B0472B4B07A898472B7817
:107A500007A82370294B9847344B0BB0BDEC088B1B
:107A6000BDE8F04F184700BFF10E00000000000015
:107A7000D40E0000A40D0000700E0000480D0000A0
:107A8000440D0000400D0000FC0A00000C0B00003B
:107A90004C0D000000000000740D0000000000000C
:107AA000860D000000000000000000007C0E0000B9
:107AB000DA0FC940CC0D0000C80D000017B7D1384F
:107AC0009A999940CCCCCC3DBD3786350000C84250
:107AD000C00D0000F90E0000DE0D0000BC0D00001E
:107AE000310000000000000000000000860B0000D4
:107AF000000000000D020000000000000000000077
:107B0000C10D0000DD0D00008C0B00000000000026
:107B100000000000DC0D0000930B0000D40000000A
:107B20000E010000950D00009C0B000000000000FD
:107B300002221A704FF4C872A44B1A604FF07E52A2
:107B4000A34B1A60A34B1F60A34B1F60A34B1F6086
:107B50007BE5A349A34B04A8984704A9A24B07A817
:107B600098475146A14B07A89847A14B9847A14B6E
:107B700007A89847A04B04A8984766E59849994BF1
:107B800004A8984704A9984B07A898473146974BF3
:107B900007A89847964B9847964B07A89847964B47
:107BA00004A89847A1E5F0EE007AF0EE6A9A934EA9
:107BB000E8EE279A96ED009ADFED917A914AB0EEC1
:107BC000490A69EEA79A9047B0EE408A8E4AB0EE15
:107BD000490A904729EE88AA69EE809AAAEE80AAFF
:107BE000EAEEC89A894AB9F1020F82ED00AA884AE2
:107BF000F0EE408AC2ED009A40F02C81854B984708
:107C00007249734A0B68002B40F0D98003238AF82D
:107C100000304FF07E534FF07F5113606D4B196071
:107C20009FED7D5A7D4BD2ED000A83ED005A6A4BE1
:107C30007B4A93ED000A86ED005A904783ED000AD7
:107C4000664B784A30EE4A0A774883ED005A9047EF
:107C50007648F0EE405A35EE690A904760EE007AB9
:107C6000B0EE407AE5EEA57AF1EEE77A98ED006A9B
:107C7000F4EEC67AF1EE10FA0ADDF4EEC57AF1EE12
:107C800010FAC2BFC6EE276A65EEA65A20EE267A23
:107C900067EE486A68EE877AE8EEA56AE8EE257A2C
:107CA000634BB6EE000A1B786249013BDBB2022B44
:107CB00000F2A7839FED607A67EE877AFEEE005AA6
:107CC000B0EE676AA6EEA56AF4EEC66AF1EE10FAA7
:107CD000D6EEA57A54BFB0EE667AB0EE467AF4EEF0
:107CE000477AF1EE10FAF4EEC66A37FE877AF1EEC3
:107CF00010FA36FE265AF4EE457AF1EE10FA48BF35
:107D0000B0EE675A37EE057A4C4AE7EE256AA7EEE1
:107D1000256AE7EE257AD2ED004A9FED497AF4EE26
:107D2000C74AF1EE10FACABFF7EE005A9FED3A7A51
:107D300085EEA47AB0EE405AB7EE001AA7EE875A45
:107D4000DFED407A0A78DFED340A002A07FE811A57
:107D5000DFED3D7AF0EE405A3C4AA6EE870A47FE38
:107D6000A00AE6EE075A9047B0EE406AB0EE650A08
:107D70009047F0EE405AB0EE450A9047B0EE401AF8
:107D80000A787AB1324AF7EE007A92ED007AB4EED0
:107D9000E77AF1EE10FA42BFB6EE001AF0EE415A61
:107DA000B0EE416A2278002A3FF4C4AB022B3FF6C2
:107DB000C1ABF0EE650AB0EE460AFFF718BA013B18
:107DC0000B60002B7FF42CAF20E700BF840E000077
:107DD000C80E0000C40E0000D00E0000CC0E000043
:107DE0007B0B00000000000000000000000000000D
:107DF000000000000000000000000000E00E000095
:107E00003BCD133F0000000000000000CC0D00003F
:107E1000C80D00000000000000000000DC0E0000A3
:107E200000000000000000009C0E0000880E000012
:107E3000F90E0000F30E0000D7B35D3F34000000E0
:107E4000CDCCCC3DEC51783F8FC2F53C000000001A
:107E5000D40E0000B9F1030F40F05082DFF87091AA
:107E60004D4E99ED000AD6ED000A4C4A9047DFEDE1
:107E70004CAA89ED000A20EE2A0ADFF844B18BED06
:107E8000000A002F00F0AE80DFED460A464B98470F
:107E9000B0EE607A454B4649C3ED000A454B91ED83
:107EA000000A83ED007A3D4B9847434A81ED000A72
:107EB000F0EE470A92ED000A98474048404BD0ED5B
:107EC000007AD3ED006A9FED3F7AE6EE877AF4EE12
:107ED000EA7AF1EE10FAC8BF77EEEA7AF5EEC07AE8
:107EE000F1EE10FAC0ED007A48BF77EEAA7A364E6E
:107EF00082ED000A337848BFC0ED007ADBB1B0EE06
:107F0000C00ADFED327AB4EEE70AF1EE10FA12D5CC
:107F10002F4BF6EE007A93ED007AB4EEE77AF1EEAD
:107F200010FA08D500232B4F33703B7023700023C9
:107F30000B601360036091ED000A2748274930EE7B
:107F40004A0A8847F0EE405A92ED000A244830EE83
:107F5000690A884720EE007AF0EE407AA5EEA57A0D
:107F6000B1EEC77A98ED006AB4EEC67AF1EE10FA77
:107F70000ADDB5EEC07AF1EE10FAC2BFC6EE076AAE
:107F800065EEA65A60EE267A67EEC86A68EEA77AB2
:107F9000E8EEA56A82E600BFD80E000000000000EF
:107FA000DA0FC9400000000000000000C80E000009
:107FB000D00E0000C40E0000CC0E0000E00E000049
:107FC000DC0E00006F12833AF30E0000CDCC4C3D66
:107FD000D40E0000F90E00009C0E0000000000000E
:107FE000880E0000A74AB7EE00BA1278B7EE087AFA
:107FF000022A40F04281F0EEE97A87EE879AB4EEE9
:108000004B9AF1EE10FA3BFE099AA8479E4A02905D
:1080100090478246002800F018819C4AD2ED003A31
:10802000F0EEE33A99ED004AB0EEC47A96ED005ACC
:1080300077EE637AF0EEE77A35EE445AB0EEC55A41
:10804000B4EE675ADFED925AF1EE10FA67EE255A58
:1080500048BFB0EE675ADFED8F7AF4EEE75AF1EEE3
:1080600010FA75FEA75ABAF1000F0BD0DFED8A6A3D
:10807000F6EE007AE7EE267AF4EE657AF1EE10FA83
:1080800077FEA55AF0EE457AFEEECB7A17EE903ADF
:10809000F0EE657AB5EEC09AFEEECB7A1EB2F1EE46
:1080A00010FA17EE903ADBED004A0FFA83F900F16F
:1080B000CF80B4EE4B9AF7EE007AF1EE10FA37FE6D
:1080C000899ADFED767AF0EEE44A64EEA74AF5EE9F
:1080D000C04AF1EE10FA40F27F82B0EE640A7048B6
:1080E000DFF814B2D847B5EEC09AF1EE10FAB0EE50
:1080F000406A12D9B0EE640A6A48D847F0EE467A70
:10810000B0EE406AB4EECB9AF1EE10FABEBF36EE96
:10811000677AE9EE077AB0EE676AF6EE007AB4EEB7
:10812000E76AF1EE10FA00F19680DFED5F7AB4EEC7
:10813000676AF1EE10FA37FE866ADFED5C7A26EEAA
:10814000276AB5EEC06AF6EE007AF1EE10FAACBF1F
:1081500036EE276A36EE676A554B564A1968BDEE09
:10816000C66A127800297CD0029B591AB1F5FA7FB1
:1081700094BF0021012150480078C307237858BFDD
:1081800041F002011BB1800658BF41F00401BAF171
:10819000000F01D141F00801B9F1000FBCBFC9F1D6
:1081A00000030FFA83F9002EBCBF764236B2002AD4
:1081B00059D1002957D1B14555DB16EE103A0126A9
:1081C000084603F30F031BB201963C4E86F800A04D
:1081D0003B4EC6ED003A3B4E86ED005A3A4EC6ED98
:1081E000005A3A4E31803A490A803A4A0199107051
:1081F000394A11703949B1F900209A4237DA01320F
:108200009A42A8BF1A4613B200EE103AF6EE000AE0
:108210000B809FED251A324BBAEECB0A9847314BB3
:10822000F0EE400A83ED000A019B4BB140B9B0EE7D
:10823000C44AB4EECB4AF1EE10FAACBF01270027D6
:10824000294BB7EE087A1F7024E6DFED283AE9E6FD
:108250009FED269A35E7B0EE676A6EE79FED246AD8
:108260006BE7012187E74FF480630120ADE7CBDDA9
:10827000013A9A42B8BF1A46C5E71E4B9847F0EE3E
:108280004B0A07E6F80E0000000000004C0E00004C
:10829000CDCC4C3DCDCC4C3E0AD7A33C83F9223EFD
:1082A000380B0000540B00009A99993F000080445D
:1082B000680E0000C10D00003B0E0000B80D00006C
:1082C000B40D0000B00D0000AC0D0000A80D0000C2
:1082D000A60D0000BA0D0000B90D0000040000005A
:1082E0000000000008000000C00D000000000000B9
:1082F000CDCC0C3F0000000000000000B9F1010FE0
:108300006BD1BB4B9847BB4BBB4A93ED000AD2EDF8
:10831000000ABA4A90479FEDBA7ADFEDBA5A60EE8A
:10832000076AF0EE497AE6EEA57AF4EEC77AF1EE46
:1083300010FAC8BF77EEC77AF5EEC07AF1EE10FA00
:10834000C6ED007A48BF77EE877A9FEDAF7A48BFD7
:10835000C6ED007AF0EEC07AF4EEC77AF1EE10FACC
:10836000AA4AB0EE406A83ED000AC2ED006AA8494D
:1083700026DBB2EE040AB7EE001A87EE800ADFEDC4
:10838000A50A8847A44B31EE400AD3ED007A20EECF
:10839000270AA24B98ED001AD3ED007A37B1B6EE5A
:1083A000007AB4EEC76AF1EE10FA0CD4A6EE270AF2
:1083B000DFED980A884768EE806A68EE007A6FE41D
:1083C0009FED940AE5E700238AF800308BF800302F
:1083D0002370002333601360E8E70027B9F1000F32
:1083E0000AD1834B98478E4B37601F608D4B1F60BF
:1083F000864B1F607F4B1F60DFED867AF0EE676A69
:108400004EE4B0EE401AF0EE405AB0EE406AB7E4E7
:10841000854B1A78002A3FF409AA002119703220EE
:10842000824B9847FFF702BA7F4B1060197881F0B2
:108430000101F3E72278DFED7E7AF6EE008A7D4BCC
:10844000DFF810827C4F002A49D06A4A92ED008AF8
:10845000B0EEC87AB4EEE77AF1EE10FA04D4B5EED5
:10846000C08AF1EE10FA01D59FED6A8A734A92F83C
:108470000090B9F1000F05D14FF47A72B0FBF2F021
:10848000C2073ED4682200216B489847F2EE047A76
:10849000E8EE278AFDEEE87A40F2E73A17EE903AE6
:1084A0009A45A8BF9A46632B2AEAEA7A04DD64213A
:1084B0000120BAFBF1F1C0470A26BAFBF6F9B9FB75
:1084C000F6F1052006FB1191C047092006FB19A112
:1084D000C047012387F8453087F8523046E0464AC6
:1084E00092ED008AB0EEC87AB4EEE77AF1EE10FAB7
:1084F00004D4B5EEC08AF1EE10FAC3D59FED458ADB
:10850000C0E7682249464C489847DFED4D7AE8EECF
:10851000278AFDEEE87A17EE906A002E56DBB6F554
:108520007A7F10DA632E11DD64210120B6FBF1F1B0
:10853000C0470A23B6FBF3F2B2FBF3F1052003FBBD
:108540001121C04704E040F2E736EDE7092EF0DCE8
:108550000A23B6FBF3F1092003FB1161C047012395
:1085600087F85D3087F85C3087F85B30354B1B78D7
:1085700013B101233B737B76334B1B789B0605D5E8
:108580002E4B1B7813B901233B707B7300210B46E4
:108590002E4E2948024610F8017B3B434F1CF9B28E
:1085A000FF0608BF46F8043B60294FEA4303F1D1B8
:1085B0001F23002112F8010F9840013B172B41EABD
:1085C0000001F7D131602149FFF74AB94E46BFE7B4
:1085D000DFED107AFFF7AFB9B5EEC09AF1EE10FA01
:1085E0007FF63CAEDFED1A7AB7EE006A8AE500BF8F
:1085F00000000000D40E0000D80E000000000000B3
:10860000DA0FC9406F12833ACDCCCC3DDC0E0000AE
:10861000000000000000000028000000E40E000040
:10862000D00E0000CC0E0000740E00000000000010
:10863000CDCC4C3D00000000D80C0000A40D000083
:10864000000070420C0E00003B0E0000C80C000041
:10865000CDCC0C3F000000002DE9F0410021464B3D
:108660004EF6602098474FF4E131444B4448984718
:10867000444B454898474549454B4348984740F245
:1086800013424FF4E1314348434B9847414C434D2B
:10869000434E2046A84700286BDC424C0121322083
:1086A000A04700213220404B98479FED401A0021FF
:1086B000F0EE410AB0EE410A08463D4B3D4D984769
:1086C000A8473D4B002118600420A047022108461E
:1086D000A0473A4E0C203A4B98470820394B984710
:1086E000347884B9384B9847384F68222146384847
:1086F000B847102221463748B847374B35493748E5
:10870000984701233370A847354B00F59C5008303B
:1087100018600120334B9847B3EE087A324B334A46
:1087200083ED007A324BDFED336A1A60324B4FF043
:108730008045D3ED007A67EE877A87EEA67A00202F
:108740002E4B2F4C83ED007A2E492F4B1D605C6021
:108750009860D9601A612D4B1D605C609860D9608B
:108760001A612B4B98472B4B1860BDE8F0412A4B00
:1087700018472046B0478CE70000000000000000CA
:10878000000000000000000000000000A50B000039
:1087900000000000000000000000000000000000D9
:1087A00000000000000000000000000000000000C9
:1087B0000000000000000000600E0000480D0000F6
:1087C00000000000000000000000000000000000A9
:1087D000D80C0000C80C0000000000004C0D000088
:1087E000400D0000000000003400000069915D4170
:1087F00030000000000048422C000000E40E0000A1
:108800000000484369915DC19C0E0000880E000085
:1088100000000000800E000000000000704707B557
:1088200003688DF8071001225B680DF10701984776
:1088300003B05DF804FB0000004B18470000000087
:10884000004908470000000038B50C1A002C1346F8
:1088500005DD014622461846024DA8470346181971
:1088600038BD00BF00000000002810B506D001DAB6
:10887000034B9847034BBDE81040184710BD00BF9D
:108880000000000000000000004B1847000000003E
:1088900010B500F130044FF0FF3320464FF0FF32A7
:1088A000034988472046BDE81040024B184700BFE7
:1088B000000000000000000070B5044600F50876D6
:1088C0004FF0FF324FF0FF33304613498847D4F85A
:1088D0001C32124A23B9304690474FF0FF3070BD2A
:1088E000D4F81C32ABB1D4F8183223441D7DD4F82F
:1088F00018320133C3F30803C4F81832D4F81C3219
:10890000013BC4F81C323046D4F81C329047E8B220
:10891000E5E74FF0FF35F6E700000000000000003B
:1089200038B5044600F508754FF0FF334FF0FF32BD
:1089300028460A498847D4F81C325BB1D4F81C3267
:1089400043B1D4F818321C44247D2846044B984780
:10895000204638BD4FF0FF34F7E700BF00000000AD
:10896000000000000A200021004B18470000000012
:1089700030B5836885B003930023D0E900420D68C9
:10898000CDE9014205604D6845608D688560C1E9AB
:1089900000338B6001A8024B984705B030BD00BF83
:1089A000000000002DE9F047D0E901739F42044622
:1089B0008846DFF878A00AD039460120D04798F8D9
:1089C00000300370636801336360BDE8F087134AC9
:1089D0000121134B9847134B266881469847B91BD2
:1089E000014405460120D04798F80030394603700D
:1089F0002A46DFF83C803046C0473946421C38469C
:108A0000C047074626B1A1683046074B891B9847E7
:108A1000C4E900574D44A560D7E700BFE10A000054
:108A20000000000000000000000000000000000046
:108A3000000000002DE9F047D0E901739F42044691
:108A40008846DFF878A00AD039460120D04798F848
:108A500000300370636801336360BDE8F087134A38
:108A60000121134B9847134B266881469847B91B41
:108A7000014405460120D04798F80030394603707C
:108A80002A46DFF83C803046C0473946421C38460B
:108A9000C047074626B1A1683046074B891B984757
:108AA000C4E900574D44A560D7E700BFE10A0000C4
:108AB00000000000000000000000000000000000B6
:108AC000000000002DE9F043037D05460F4685B008
:108AD0001BB1D0E90123934205D100236B7500201F
:108AE00005B0BDE8F08306699B1AB6EBA30FF4D27C
:108AF0004FF001083A4B80F815809847C5284FF091
:108B000000042ED0C62848D0C42861D14246314640
:108B10002846DFF8E480CDE901440394C0470646C7
:108B2000DFF8D890E3B29E4229690FD8013129615C
:108B300038462C4B01A998472B4B01A898476B7DD1
:108B4000002BCCD02846294B9847C9E7A21C2846C1
:108B5000C0470DF103018DF8030001A8C847013497
:108B6000E0E7424631462846214BCDE901440394D3
:108B700098470646DFF88080DFF88090A3B2B342C2
:108B80002969D3D2E21C2846C0470DF103018DF8B4
:108B9000030001A8C8470134F0E7424631462846A1
:108BA000144BCDE90144039498470646DFF848800A
:108BB000DFF84890A6422969B8D0621D2846C04710
:108BC0000DF103018DF8030001A8C8470134F1E756
:108BD0000136CDE901446C752E610394A8E700BF0E
:108BE0000000000000000000000000000000000085
:108BF0000000000000000000000000000000000075
:108C000007B5044B8DF807100DF10701984703B025
:108C10005DF804FB000000002DE9F047D0E9017386
:108C20009F4204468846DFF878A00AD039460120E2
:108C3000D04798F800300370636801336360BDE883
:108C4000F087134A0121134B9847134B266881463E
:108C50009847B91B014405460120D04798F80030D9
:108C6000394603702A46DFF83C803046C047394613
:108C7000421C3846C047074626B1A1683046074B1C
:108C8000891B9847C4E900574D44A560D7E700BF4A
:108C9000E10A0000000000000000000000000000E9
:108CA00000000000000000007E2913B504460AD829
:108CB0000D4B8DF807100DF107019847E36801335C
:108CC000E36002B010BDFF2903D8084BC9B2984732
:108CD000F7E7B1F5803F03D2054B89B29847F0E73B
:108CE000044B9847EDE700BF0000000000000000C3
:108CF000000000000000000073B50C1E054621DBDB
:108D00007E2C08DC8DF8044001A9234B9847EB68C2
:108D10000133EB6008E0E317B4F5807F73F10002E4
:108D200004D21E4BE1B2984702B070BDB4F5803F4B
:108D300073F1000303D21A4BA1B29847F4E7194B21
:108D40009847F1E714F11E0FDCDA14F1800F164B8F
:108D500006DBD021984728468DF8044001A9D4E7C6
:108D600014F5004F114E0BDBD121ADF804409847AC
:108D700028460DF10501B047284601A9B047C6E7CE
:108D80000194D2219847032401AB19192846B04712
:108D9000013CF9D2BBE700BF00000000000000006A
:108DA00000000000000000000000000000000000C3
:108DB0002DE9FF470025894698460446D0F81874E7
:108DC00004216846DFF874A01646CDE90055CDE9C8
:108DD0000255D04729466846134B9847134B3946EE
:108DE00068469847124D49466846A847012168469B
:108DF000D04741466846A847DDE900156D1A2A4666
:108E000020460C4B984785420B4A04D06846904751
:108E100004B0BDE8F087D4F8183468460133C4F8CC
:108E2000183490473760F3E70000000000000000AE
:108E30000000000000000000000000000000000032
:108E40002DE9FF470025894698460446D0F8187456
:108E500004216846DFF878A01646CDE90055CDE933
:108E60000255D0472946154B68469847144D394658
:108E70006846A847134B494668469847012168460B
:108E8000D0476846D8F80010A847DDE900156D1AEC
:108E90002A4620460C4B984785420C4A04D0684627
:108EA000904704B0BDE8F087D4F818346846013321
:108EB000C4F8183490473760F3E700BF00000000A3
:108EC00000000000000000000000000000000000A2
:108ED0000000000038B5037D04460D461BB1D0E903
:108EE0000123934203D100236375002038BD9B1AF0
:108EF0000269B2EBA30FF6D2044B98472860637D5A
:108F0000002BF2D02046024B9847EFE7000000000C
:108F1000000000002DE9F04304460D461646DFF838
:108F20009490DFF8948085B000F124076422002338
:108F30003846C847002831D12368CDE90000CDE983
:108F40000200DFF8789068460321D3F80080C84714
:108F5000134B684602219847124C29466846A047A1
:108F600068460121C84731466846A047DDE900143C
:108F7000641A0D4B224640469847844208BFD8F8F1
:108F80001834684604BF0133C8F81834074B9847B3
:108F90003846074B05B0BDE8F0431847C047C5E762
:108FA00000000000000000000000000000000000C1
:108FB00000000000000000000000000000000000B1
:108FC0002DE9F041044600F130070E4615464FF0FA
:108FD000FF334FF0FF32384606498847204629467E
:108FE000054B40F8046B98473846BDE8F041034B09
:108FF000184700BF00000000000000000000000053
:109000002DE9F043D0F8146404460F4690461D46FF
:109010008BB096B14A4B04A898474A4B04A898478E
:10902000D4F81034211D19443246474B04A8984700
:1090300038B90026454B05A8984730460BB0BDE827
:10904000F0834FF00009424E03AB02AA01A904A825
:10905000CDF80490B04706460028EAD0039BBB42F7
:10906000E7D1029B3B4F012B1BD02846FC233A49FA
:1090700040F8043B394B98472046D4F81024D4F8E4
:109080001414B847D4F810342BB94FF0FF32C4F899
:109090000C34C4F80824D4F81C340133C4F81C344C
:1090A000C8E7019B042B05D02846FC232C4940F837
:1090B000043BDFE72B4B04A88DF800909847C028AD
:1090C00031D19DF824301BB1DDE905239A4208D146
:1090D00000238DF825302846FC23234940F8043B23
:1090E000C8E79B1A089AB2EBA30FF1D21F4B04A852
:1090F00098479DF825308DF80000002BEBD04146B5
:109100001B4B04A898470028E5D0D4F810242AB9AE
:109110004FF0FF33C4F80C24C4F808342046D4F8C8
:109120001414B84786E76A462946124B04A89847A4
:109130000028EAD12846FC230F4940F8043B99E770
:10914000000000000000000000000000000000001F
:109150000000000000000000700600000000000099
:109160008906000000000000A606000000000000C4
:109170000000000000000000C70600002DE9F04FCD
:10918000A3B003AF0C469046814692493846924EB2
:10919000B047DFF888A204EB0805AC4275D14FF068
:1091A000000A99F83532D9F810508C4C8C49CDF81A
:1091B00008A0002B00F00181A94606A8B047DFF8FF
:1091C000608259F810BB10A8C047243506A9CDE924
:1091D00014AA844B16A8984714225146CDE919B910
:1091E000814B1B951CA898472197804B1CA898473A
:1091F0007F490CA8B0477F4DFF210CAA10A8A847B3
:109200000CA8A047012315A9D1E8EF2F524503D19F
:10921000C1E8E03F0028F7D13CD1DFF8E891764D76
:10922000642200231B98C847002840F085801998C5
:10923000219B006814AA16A9704DA8471B98704B73
:109240009847DFF8B491DFF8DCA1642200231A9874
:109250006C498847002840F08D800CA8C047199DB4
:10926000DDF850B02868D04759462868DFF8B8B113
:109270000CAB02AAD847002860D11A98604B9847D7
:10928000614B98470DA8A047DFE7384614F8011B4B
:10929000D04782E75D490CA8B04710A8FF210CAA6F
:1092A000A8470CA8A04700238DF80430012315A976
:1092B000D1E8EF2F002A03D1C1E8E03F0028F7D121
:1092C0005AD1504E4C4D642200231B98B0470028C1
:1092D00069D11998219B0068484D14AA16A9A8477E
:1092E0001B98474DA847DFF81091DFF840A1DFF841
:1092F00018B1642200231A98B04700285BD10CA84B
:10930000C047149919980CAB01AAD04700284CD03B
:109310001A98A8470C9D0DA9324B09A898472946D1
:10932000344B09AA10A8984709A8A0470DA8A04740
:10933000374B10A8984729E0A84771E70C9B0DA967
:1093400045F8043F281D334B98471A982C4B9847F3
:109350000C9D0DA9234B09A898472946254B09AA1E
:1093600010A8984709A8A0470DA8A047284B10A807
:10937000984798E7C84768E724490CA8B04710A861
:10938000FF211C4B0CAA98470CA8A04716A8A04781
:1093900011A8A04706A8A047029D3846A047284626
:1093A00023B0BDE8F08FA8478DE71A98A847D847A3
:1093B0000DA8A0479DE7C8479BE710A8B0473A46CD
:1093C0002846154B10A9984710A8A047CDF808804B
:1093D000E2E700BFC60A0000000000000000000035
:1093E000D5070000000000000000000000000000A1
:1093F000DF07000000000000000000000000000087
:10940000000000000000000000000000FD07000058
:10941000000000000000000000000000000000004C
:10942000000000000000000000000000000000003C
:109430002DE9F041044600F130070E4615464FF085
:10944000FF334FF0FF323846064988472046294609
:10945000054B40F8046B98473846BDE8F041034B94
:10946000184700BF000000000000000000000000DE
:1094700038B5044600F130054FF0FF3207494FF090
:10948000FF332846884724682846002CD4BF002490
:109490000124034B9847204638BD00BF0000000060
:1094A000000000002DE9F043D0F8146404460F4694
:1094B00090461D468BB096B14A4B04A898474A4B3C
:1094C00004A89847D4F81034211D19443246474B5C
:1094D00004A8984738B90026454B05A89847304658
:1094E0000BB0BDE8F0834FF00009424E03AB02AA77
:1094F00001A904A8CDF80490B04706460028EAD098
:10950000039BBB42E7D1029B3B4F012B1BD028465C
:10951000FC233A4940F8043B394B98472046D4F89D
:109520001024D4F81414B847D4F810342BB94FF0E1
:10953000FF32C4F80C34C4F80824D4F81C340133C6
:10954000C4F81C34C8E7019B042B05D02846FC2333
:109550002C4940F8043BDFE72B4B04A88DF8009022
:109560009847C02831D19DF824301BB1DDE905238F
:109570009A4208D100238DF825302846FC23234940
:1095800040F8043BC8E79B1A089AB2EBA30FF1D24C
:109590001F4B04A898479DF825308DF80000002B3C
:1095A000EBD041461B4B04A898470028E5D0D4F8DF
:1095B00010242AB94FF0FF33C4F80C24C4F808343F
:1095C0002046D4F81414B84786E76A462946124B59
:1095D00004A898470028EAD12846FC230F4940F800
:1095E000043B99E7000000000000000000000000BC
:1095F00000000000000000000000000070060000F5
:10960000000000008906000000000000A60600001F
:10961000000000000000000000000000C70600007D
:109620002DE9F04F012204468A4689B000F1140367
:10963000D3E8EF1F002903D1C3E8E02F0028F7D1BA
:109640000CBF1546002534D1DFF80081324D64226D
:109650000023E06AC04700283BD1606A636C006861
:1096600004F1100204F118012C4DA8472C4EE06AB9
:10967000B047DFF8A490DFF8D8B064220023A06AD6
:10968000C047002845D1274B04A89847656A276939
:109690002868D84739465246234F286804ABB84754
:1096A000224FC0B9A06AB047214B984705A8B847D8
:1096B000E3E72049204B04A89847FF2120461F4B91
:1096C00004AA9847194B04A89847284609B0BDE852
:1096D000F08FA847BBE7049B05A945F8043F281D68
:1096E000174B9847A06AB047049D164B05A901A8DF
:1096F00098472946114B01AA2046984701A8B84728
:1097000005A8B8472046104B984780F00100C0B22A
:10971000DCE7C847B1E700BF000000000000000020
:109720000000000000000000000000000000000039
:1097300000000000FD070000000000000000000025
:109740000000000000000000000000000000000019
:10975000000000002DE9F04FA3B00646039179B157
:1097600000F5087B4FF0FF334FF0FF325846DFF82B
:10977000D081C04796F834322BB95846604B984791
:1097800023B0BDE8F08F002435695E495E4F09A81B
:10979000CDE906440894B8472B4653F8102BDFF860
:1097A000A49110A8CDE90123DFF89CA1C84709A91D
:1097B00016A8CDE91444D047019A029B19921A9336
:1097C00014222146514B24351CA81B95984703AB06
:1097D00021934F4B1CA898474E490CA8B8474E4DB3
:1097E000FF210CAA10A8A8474C4C0CA8A04709A818
:1097F000A0474B4B06A910A89847002846D15846C9
:109800003F4EB04700238DF81430012315A9D1E84D
:10981000EF2F002A03D1C1E8E03F0028F7D10196DD
:1098200050D1404F642200231B98C04700285BD1D1
:109830001998219B00683C4F14AA16A9B8471B9899
:109840002F4FB847DFF8DCB0642200231A98C047D6
:10985000002853D10CA8C847344E149919980CAB62
:1098600005AAB047002841D0019B1A9898470C9E42
:109870000DA909A8D047314609AA10A8A84709A8E8
:10988000A0470DA8A0472A4B10A824E0DDE9062137
:109890008A42B4D0D6F81C32B3F5007F10D0D6F887
:1098A0001432107833441875D6F814320133C3F3E8
:1098B0000803C6F81432D6F81C320133C6F81C323D
:1098C0000132E5E71B490CA8B84710A8FF210CAAF4
:1098D000A847124B0CA8984716A8A04711A8A04764
:1098E000154B06A898474BE7B8479BE71A98B84727
:1098F000124B9847094B0DA89847A5E7D847A3E70F
:1099000000000000B407000000000000000000009C
:1099100000000000DF070000000000000000000061
:109920000000000000000000000000000000000037
:1099300000000000FD070000000000000000000023
:1099400000000000000000000000000038B50446E0
:1099500000F508750B494FF0FF324FF0FF332846F2
:109960008847D4F81C12C1F50071002902DD204699
:10997000054B9847D4F81C422846044B984720468C
:1099800038BD00BF00000000000000000000000023
:10999000F8B52E4A2E4E13680133012B136006D101
:1099A00000222C4BC3E907221E601A765A6200245B
:1099B000294F142221462948C6E90044F460B847DB
:1099C000142221462648B847142221462548B84784
:1099D0004FF4847221462448C6E91344B847234B08
:1099E000234DB3604FF47A73AB60224B4FF4007297
:1099F000214605F114002B6086F860416C602E61F1
:109A0000B8471422214605F50870C5F81442C5F878
:109A10001842C5F81C42B8474FF48073164AA5F89F
:109A2000343213680133012B13600DD10326134D1B
:109A3000C5E9004405F108004FF484620021B847ED
:109A4000013E05F58565F3D1F8BD00BF00000000BB
:109A500000000000000000000000000010000000F6
:109A60002400000038000000580000000000000042
:109A700000000000080000000000000000000000DE
:109A800008B5064A1368013B1360054A1368013B99
:109A9000136013B90348044B984708BD0000000049
:109AA000000000001C00000000000000704770472C
:109AB0007047000010B504464FF4A671014B98475B
:109AC000204610BD00000000F7B502AB03E9060018
:109AD0009DF8063041F20104012B9DF80530054642
:109AE0000E4618BF4FF480540BB944F010049DF893
:109AF0000430022B1ED0032B1FD0012B01D144F0C8
:109B000004040E220E4FA8180021A4B2B84744F452
:109B10008073AB810B4B0E229E4238BF1E46002144
:109B2000AE6005F12200B84744F400742C84EE6165
:109B300003B0F0BD44F00204E3E744F00604E0E7BC
:109B40000000000040420F004068014B184700BF72
:109B50000000000001464068836808319B68184790
:109B60004068014B184700BF0000000010B50C46CC
:109B70001946012388B00393079304ABCDE9004253
:109B8000CDE904424068CDF808D00693836802AA64
:109B90001C6806ABA04708B010BD000013B5012239
:109BA0008DF80710064C00F108030DF10701A047DE
:109BB0000028B4BF00209DF8070002B010BD00BF10
:109BC0000000000013B50222ADF80610064C00F1AB
:109BD0001C030DF10601A0470028B4BF0020BDF80A
:109BE000060002B010BD00BF0000000010B4034C1E
:109BF00000F10803A4465DF8044B60470000000034
:109C0000F8B5194A13680133012B136007D1174BBC
:109C1000174A1A600022C3E907221A765A62002501
:109C2000144B154A15491A605960C3F84851144B32
:109C30001A60144AC3F848515A60134A1368013332
:109C4000012B13600ED10326104C114FC4E90055AF
:109C500004F108004FF484620021B847013E04F586
:109C60008564F3D1F8BD00BF0000000000000000D3
:109C700000000000000000000800000000000000DC
:109C800000000000000000000000000000000000D4
:109C90000000000008B5064A1368013B1360054A3E
:109CA0001368013B136013B90348044B984708BD80
:109CB00000000000000000001C0000000000000088
:109CC0002DE9F04106460D460C468F18BC4202D1E4
:109CD000601BBDE8F081A046336830461B6818F869
:109CE000011B98470028F3D04446EFE770B50546BE
:109CF0000C46084649B1054B98472B680246214659
:109D00002846BDE870405B68184770BD0000000041
:109D100003688A685B6809681847000008B5014B4A
:109D2000984708BD0000000008B50249024B98475B
:109D300008BD00BF9B0A00000000000038B5044BBE
:109D400005469847034B044628469847204438BDAB
:109D5000000000000000000038B5044B054698479D
:109D6000034B044628469847204438BD00000000B5
:109D700000000000004B18470000000038B5094DF6
:109D80000446A847E060236820465B69984700289E
:109D900007DAA847E368C01AA3689842F3D34FF0E4
:109DA000FF3038BD00000000816070472DE9F041B0
:109DB00007460D460C46DFF81C808E18B44202D1CF
:109DC000601BBDE8F0813846C047031EF8DB04F88D
:109DD000013BF3E70000000000230A6802604A68C4
:109DE000C1E9003342608A688B608260704700007E
:109DF00010B50446006808B1014B9847204610BDD5
:109E00000000000010B50446006808B1034B9847F5
:109E10000023C4E90133236010BD00BF000000002F
:109E200038B504460D460068034B0131984710B120
:109E3000C4E90005012038BD0000000010B503682A
:109E4000044613B143688B4207D22046044B98471F
:109E500020B1A3680BB922681370012010BD00BFA8
:109E60000000000070B50B4B0E4611460446154627
:109E7000984720B92046084B9847204670BD2A468F
:109E80003146064B2068A560984700212268A368E8
:109E9000D154F2E7000000000000000000000000C4
:109EA00038B5002304460D46C0E90033836039B15C
:109EB0000846044B984729460246034B20469847DC
:109EC000204638BD0000000000000000884238B580
:109ED00005460C460CD0074B0068984723682B605A
:109EE000A368AB6063686B600023C4E9013323603F
:109EF00038BD00BF00000000884210B50B46044684
:109F000004D0096821B19A68034B9847204610BDD8
:109F1000024B9847FAE700BF000000000000000075
:109F2000002310B50446C0E900338360014B984715
:109F3000204610BD0000000010B50446014B9847B4
:109F4000204610BD0000000038B505460C4649B15A
:109F50000846064B984721460246054B2846984737
:109F6000284638BD034B9847FAE700BF00000000C1
:109F7000000000000000000010B5002304468AB075
:109F8000C4E90033A3600846044B01A99847204662
:109F9000034B01A9984720460AB010BD00000000FD
:109FA0000000000010B5002304468AB0C4E9003365
:109FB000A3600846044B01A998472046034B01A91A
:109FC000984720460AB010BD0000000000000000C5
:109FD000F8B5044616460F46856809B90020F8BD55
:109FE00082B115442946084B98470028F6D0A3684B
:109FF0002068324618443946044B984700222368AB
:10A00000A5605A550120EAE70000000000000000AA
:10A010008A68014B096818470000000070B5064BBC
:10A02000054608460C46984721460246034B2846FB
:10A03000BDE87040184700BF0000000000000000AD
:10A0400009B1024B18470846704700BF00000000E6
:10A0500007B5054B8DF8071001220DF10701984750
:10A0600003B05DF804FB00BF0000000013B5044618
:10A070000A220846044B01A998472046034B01A930
:10A08000984702B010BD00BF0000000000000000B3
:10A0900010B5044621B92046044B9847204610BD10
:10A0A000034B98470028F6D0F8E700BF00000000F7
:10A0B00000000000034600680A46096828B911B18B
:10A0C000936843B919460846704739B99968002919
:10A0D000F9D00178F7E709784942F4E7004B1847CF
:10A0E0000000000008B582688B689A4205D1044BD5
:10A0F0009847B0FA80F0400908BD0020FCE700BF97
:10A100000000000008B582682AB959B10878B0FA91
:10A1100080F0400908BD006809B90078F7E7024BF4
:10A120009847F4E70120F5E700000000F0B503468A
:10A130008BB0084661B3911E222935D80A2A06D170
:10A14000002B04DA01275B4201AD29460DE0002710
:10A15000FAE7B3FBF2F602FB1633092BDCB21BD88D
:10A160003033DBB201F8013B3346002BF1D1A94279
:10A1700010D0034617B12D2203F8012B1C460A46C6
:10A18000AA420CD84A1B8D4288BF00220021995454
:10A190000BB0F0BD1E46E3E704F15703E1E712F808
:10A1A000016D04F8016BEBE70020F1E7004B184765
:10A1B0000000000070B503468AB0084689B1911EC0
:10A1C000222927D801AD29466BB9A94218D00246E9
:10A1D0000B46AB4219D84B1B8D4288BF002300228F
:10A1E000C2540AB070BDB3FBF2F602FB1633092B62
:10A1F000DCB207D83033DBB201F8013B3346E3E78A
:10A200001E46F7E704F15703F5E713F8014D02F88E
:10A21000014BDEE70020E4E7004B18470000000098
:10A22000004B184700000000004B184700000000DA
:10A23000004B184700000000004B184700000000CA
:10A24000004B184700000000004B184700000000BA
:10A25000004B184700000000004B184700000000AA
:10A26000004B184700000000004B1847000000009A
:10A27000004B18470000000040F2000CC0F2000C38
:10A28000604740F2000CC0F2000C604740F2000C46
:10A29000C0F2000C604740F2000CC0F2000C6047B6
:10A2A00040F2000CC0F2000C604740F2000CC0F21B
:10A2B000000C604740F2000CC0F2000C604740F216
:10A2C000000CC0F2000C604740F2000CC0F2000C21
:10A2D00060470000004B18470000000008B5014B24
:10A2E000984700BF000000007047000038B5054BDC
:10A2F0009847054B9847054B9847054D054CA8478F
:10A30000A047FCE700000000000000000000000083
:10A310000000000000000000012838BF0120014BB0
:10A32000184700BF00000000004B18470000000065
:10A3300008467047004B1847000000002DE9F04F19
:10A34000154C164E164FDFF85C8089B02546B54295
:10A3500004F1300402D309B0BDE8F08F14ED027BA4
:10A3600054E90C0154E90A2354E908CE54E9069A49
:10A3700054F810BC8DED067BCDE903ABCDE901E9C6
:10A38000CDF800C0B84754F8300C54F80C1CC04746
:10A3900054F8303C5D65D9E7000000000000000083
:10A3A00000000000000000001F28A8BF1F20012897
:10A3B000B8BF0120014B1860704700BF3C0000008F
:10A3C0001F28A8BF1F200128B8BF0120014B18601B
:10A3D000704700BF38000000F0B587B00446142273
:10A3E000314B002101A8984702230E2C0DEB0302EC
:10A3F0000493039243D00F2C43D0102C06D0112C81
:10A4000041D0122C41D0132C47D10523274C1A01DF
:10A4100004EB03118E7B102E42D8A5580022114662
:10A420009A424FEA021732D12846214B9847AB682F
:10A43000B91D28461B682144984700281DDB0123CD
:10A440003C4422798DF8146093400293E37B8DF8AD
:10A450001530AB6828465B6801A9984700280CDBDB
:10A46000144B9DF814201B68BDF802009A4204D0DA
:10A47000CBBFD21A9B1A1041984007B0F0BD002301
:10A48000C4E70123C2E70323C0E70423BEE7E05982
:10A490000132854208BF0131C2E76FF01500ECE7D9
:10A4A0006FF08500E9E700BF000000001400000025
:10A4B0000000000038000000034670B40C46DA8843
:10A4C000006819792243012405698C402B6812F039
:10A4D000010F866814BF2343A3432B60336870BC0D
:10A4E00018470000452813D8032911D8DFE801F0E8
:10A4F000020D090B4FF48031064B03EBC000064BF5
:10A5000018470649F8E70649F6E74FF4C021F3E794
:10A51000704700BFFC0000000000000010000100B8
:10A5200020000100452803460A4615D80B4951F87A
:10A53000300001EBC3010123097903FA01F103693A
:10A540001B68194203D022B183681B6903E0002A0B
:10A55000FAD08368DB681847704700BFFC00000032
:10A560004528034637B518D80D4A52F8300002EB9B
:10A57000C30214790569836801A95B68984720B113
:10A58000431E5842584103B030BD01202A68019B48
:10A5900000FA04F453402342F5D10020F3E700BF52
:10A5A000FC000000004B18470000000010B5044CF0
:10A5B000A047A047A0220023024CA04710BD00BF27
:10A5C000000000000000000010B5034B9847034C4A
:10A5D0000A220023A04710BD000000000000000078
:10A5E0002DE9F341056A0446002D3AD12A4B204655
:10A5F000984730B9294B2046984710B110F1780F91
:10A600002CD10023264A52F8330002EBC3018442C6
:10A610002DD1486878BB002020E0013335F81320A5
:10A62000024492B28A42F8D924221E4F1E4E05EBF4
:10A630004308F61BB6FBF2F6A845D7D035F9023B26
:10A64000002BF9DD9E42F7D3013B1BB203EBC303A2
:10A6500007EB8300FFF7C4FF0028EDDA02B0BDE886
:10A66000F081002347F6FF704FF6FD71D6E7013306
:10A67000112BC8D1CFE700210C4B01AA9847002825
:10A6800007DB019B002219791868094B98470028BD
:10A69000C1DA831CBFD0E1E7000000000000000029
:10A6A0007400000000000000000000000000000036
:10A6B0000000000037B50D46044650B3184B9847CC
:10A6C000D8B10023174A52F8330002EBC301844289
:10A6D0001AD14868B0B10221134B01AA984700284B
:10A6E00010DB019B1A79AA4216D9186800220121B1
:10A6F0000E4B00EBC500984704E00D4B20469847F1
:10A700000028DEDA03B030BD0133112BDBD100208D
:10A71000F8E76FF01500F5E76FF02100F2E700BFF2
:10A7200000000000740000000000000000000000B5
:10A730000000000008B1024B18476FF01500704789
:10A74000000000008368DB6903B1184770470368A5
:10A7500040F213421B6A184707B503688DF80710CB
:10A7600001225B680DF10701984703B05DF804FB17
:10A7700001207047004B18470000000000490847BF
:10A780000000000037B5044600F1D4054FF0FF3259
:10A790004FF0FF3328460A4988470A4B04F18000EE
:10A7A00001220DF1070198470446074B28469847B8
:10A7B0001CB19DF8070003B030BD4FF0FF30FAE741
:10A7C00000000000000000000000000037B5044653
:10A7D00000F1D4054FF0FF324FF0FF3328460A490D
:10A7E00088470A4B04F1800001220DF107019847C8
:10A7F0000446074B284698471CB19DF8070003B054
:10A8000030BD4FF0FF30FAE700000000000000000C
:10A810000000000038B5044600F1680528460849E4
:10A820004FF0FF324FF0FF338847228C238B646A4E
:10A830009B1A9BB22846E41A024B9847204638BD23
:10A84000000000000000000070B5054600F1D406CD
:10A850004FF0FF32304607494FF0FF338847B5F8D5
:10A860008A30B5F886403046E41AA4B2024B9847C5
:10A87000204670BD0000000000000000002337B536
:10A880008DF8073002F00F03012B0446009146D0EB
:10A89000991E4B424B418DF8043002F0F003202BFF
:10A8A0003FD0302B0CBF0323012302F47062B2F5BA
:10A8B000007F8DF8053036D0B2F5407F35D0B2F547
:10A8C000807F0CBF002303238DF806302069184BCE
:10A8D000984720698368DB680BB16946984720690F
:10A8E000836823B19B6C13B122461249984704F147
:10A8F000D4054FF0FF3228460F494FF0FF33884709
:10A9000000232846C4E92133C4F88C300B4B984708
:10A91000206983689B6A03B1984703B030BD022366
:10A92000B9E70223C1E70123CEE70223CCE700BF4A
:10A930000000000000000000000000000000000017
:10A940000069014B184700BF0000000038B50446FD
:10A95000084D628BE38B9A4207D1064D20698368CC
:10A960001B6B0BB1984710B138BDA847F1E7A8475A
:10A97000F4E700BF000000002DE9F84F04468846C8
:10A9800015460026DFF85890DFF858B004F1680744
:10A990004FF0FF324FF0FF333846C847AA1B08EB91
:10A9A00006010C4B04F11400984782463846D847FC
:10A9B0005644BAF1000F04D12069074B9847074B62
:10A9C0009847B542E2D12069034B98472846BDE835
:10A9D000F88F00BF00000000000000000000000031
:10A9E00000000000000000002DE9F3470446006964
:10A9F00083685B6C43BB04F1D4060022002330461D
:10AA00002F4DA8472F4F206983685B6B13BB2069CC
:10AA100083689B6913BB304604F168072A4EB04730
:10AA2000002200233846A847628BE38B9A4204D168
:10AA3000206983681B6A03B19847DFF89090DFF8BC
:10AA400090A004F114081BE098470028D3D102B06D
:10AA5000BDE8F08798470028D9D1DCE7082269468D
:10AA60009847021ED7DD082AA8BF0822694604F1CC
:10AA70008000B8470028C6DACDE769464046D0478F
:10AA8000206983685B6ABBB9658BE38BED1AADB255
:10AA90007DB1082D28BF082569462A464046C8478B
:10AAA000206983685B6923B12A4669469847021E7C
:10AAB000E3DA3846B047CAE798470028E4D1F8E718
:10AAC0000000000000000000000000000000000086
:10AAD000000000000846014B184700BF00000000BE
:10AAE00010B504460122074B11465430984704F133
:10AAF000140323600023C4E90133E360402323618E
:10AB0000204610BD000000002DE9F0414FF0000884
:10AB10004FF47A77134D144E144B154C05F1140075
:10AB20002B61C5E901872E60A04705F18000114D1A
:10AB3000A047114B05F114002B61C5E901872E6078
:10AB4000A04705F180000D4DA0470D4B05F1140005
:10AB5000C5E901872E602B61A04705F18000A04761
:10AB6000BDE8F081000000000800000000000000C7
:10AB700000000000000000000000000000000000D5
:10AB80000000000008B5FFF7FEFF08B5FFF7FEFF65
:06AB900008B5FFF7FEFF0F
:10000000AE0B0000B30B0000BA0B0000C40B0000E5
:10001000CC0B00000000000009010904FF3F0900AB
:1000200000000E00000000000A010904FF3F0A0062
:1000300000000E00000000000B010904FF3F0B0050
:1000400000000E00000000000C010904FF3F0C003E
:1000500000000E000000000002010904FF3F020042
:1000600000000E000000000001010904FF3F010034
:1000700000000E00000000005C0400000000000012
:1000800054040000000000006404000000000000B0
:100090006C04000000000000740400000000000078
:1000A00034040000000000003C04000000000000D8
:1000B00044040000000000009C0400000000000058
:1000C0007C04000000000000840400000000000028
:1000D0008C040000000000009404000000000000F8
:1000E000A4040000000000002C0400000000000038
:1000F0004C040000000000000000000000000000B0
:1001000007000000000000000600000000000000E2
:1001100003000000000000000000000000000000DC
:100120000C000000000000000B00000000000000B8
:1001300001000000000000000200000000000000BC
:1001400004000000000000000800000000000000A3
:1001500009000000000000000F0000000000000087
:100160000E000000000000000D0000000000000074
:100170000400000000000000050000000000000076
:100180000600000000000000070000000000000062
:10019000010000000000000000000000000000005E
:1001A0000B000000000000000A000000000000003A
:1001B000020000000000000003000000000000003A
:1001C0000100000000000000060000000000000028
:1001D0000200000000000000070000000000000016
:1001E0000200000000000000080000000000000005
:1001F00003000000000000000900000000000000F3
:1002000005000000000000000400000000000000E5
:1002100006000000000000000400000000000000D4
:1002200007000000000000000600000000000000C1
:1002300008000000000000000700000000000000AF
:100240000E00000000000000090000000000000097
:100250000F0000000000000005000000000000008A
:100260000300000000000000080000000000000083
:100270000000000000000000080000000000000076
:1002800001000000000000000A0000000000000063
:100290000A000000000000000B0000000000000049
:1002A0000C000000000000000D0000000000000035
:1002B0000E000000000000000F0000000000000021
:1002C000000000000000000001000000000000002D
:1002D0000200000000000000030000000000000019
:1002E0000400000000000000050000000000000005
:1002F00006000000000000000700000000000000F1
:1003000008000000000000000900000000000000DC
:100310000A000000000000000D00000000000000C6
:10032000020000000000000003000000C4080000FC
:10033000000000008409000000010000AC0900007A
:1003400006020000C408000002000000D4080000FB
:1003500002000000E4080000020000008409000020
:1003600002010000F408000002000000040900007F
:10037000020000001409000002000000240900002F
:10038000040000004409000004000000940900007B
:10039000030100006409000004000000840900005B
:1003A00000000000AC09000000010000DC090000B2
:1003B00003020000F409000000000000F40900003E
:1003C00000010000F409000003020000F40900002D
:1003D00000000000F4090000000100000C0A000009
:1003E00002020000F409000000000000F40900000F
:1003F000000100001C0A000003020000F4090000D4
:1004000000000000F409000000010000340A0000B0
:1004100004020000F409000000000000F4090000DC
:1004200000010000540A0000010200002C0300003B
:100430000300000044030000010000004C03000022
:1004400001000000540300000200000064030000EB
:10045000010000006C0300000100000074030000B4
:10046000010000007C030000010000008403000084
:100470000200000094030000010000009C03000043
:1004800003000000B403000003000000CC030000E0
:1004900003000000E403000003000000FC03000070
:1004A000030000001404000003000000000000002E
:1004B000000000000000000000000000000000003C
:1004C000000000000000000000000000000000002C
:1004D000000000000000000000000000000000001C
:1004E000000000000000000000000000000000000C
:1004F00000000000000000000000000000000000FC
:1005000000000000000000000000000000000000EB
:1005100000000000000000000000000000000000DB
:1005200000000000000000000000000000000000CB
:1005300000000000000000000000000000000000BB
:1005400000000000000000000000000000000000AB
:10055000000000000000000000000000000000009B
:10056000000000000000000000000000000000008B
:10057000000000000000000000000000000000007B
:10058000000000000000000000000000000000006B
:10059000000000000000000000000000000000005B
:0C05A0000000000000000000000000004F
:1005AC00636D6400242F72656769737465720067EC
:1005BC006574004C4F4720425249444745205245F0
:1005CC00414459006E616E002D696E6600696E665D
:1005DC0000006573746F70206C61746368656400EF
:1005EC006E6F7420736166650070776D20616C723C
:1005FC006561647920656E61626C65640072756E0C
:10060C006C696D69742072657175697265640062DC
:10061C006C756570696C6C206C696E6B206E6F7498
:10062C0020726561647900626C756570696C6C2010
:10063C0070776D2061637469766500626C756570A6
:10064C00696C6C20756E7361666500626C756570A3
:10065C00696C6C2062616420636F756E74657200E6
:10066C00626C756570696C6C206C696E6B20737450
:10067C00616C65004F46460030004C4F4720434D9F
:10068C0044200053544152540045525220005354BC
:10069C004F5000434C454152005245534554004D78
:1006AC004F444500445554590044494147004F4E6E
:1006BC0000310053455420465245510053455420B7
:1006CC005646424F4F5354005345542056465241C0
:1006DC0054494F005345542052554E4C494D4954A2
:1006EC0000444953504C41592054455354004553F0
:1006FC00544F5000504643005052454348415247D6
:10070C00450052454C41590046414E0050574D0052
:10071C004D43464F43004250464F430053434F50C6
:10072C0045004C4F472053434F50452049474E4FAF
:10073C0052454420284558542050574D29004C4FC1
:10074C00472053434F5045204F46460050574D5479
:10075C00455354004C4F472050574D54455354204B
:10076C0049474E4F52454420284558542050574D28
:10077C0029004C4F472050574D54455354204F4659
:10078C004600494F54455354004252414B45004793
:10079C004554005354415455530045525220756EE4
:1007AC006B6E6F776E20636D64004F4B00554E4B34
:1007BC004E4F574E00564600464F43004D4943009E
:1007CC004441544120667265713D0020737065652B
:1007DC00643D002069613D002069623D0020696331
:1007EC003D00207664633D002073746174653D00A8
:1007FC00206D6F64653D002070776D3D002069644D
:10080C003D002069713D002069726D3D00206D69CD
:10081C00633D002069647265663D002073617665F6
:10082C003D002066726571636D643D0020657374D4
:10083C006F703D0020696F746573743D00206E7499
:10084C00633D3000207066633D0020707265636804
:10085C00617267653D00206272616B653D002062CC
:10086C0072616B655F647574793D002066616E5FC3
:10087C00647574793D002062705F66616E5F6475AB
:10088C0074793D002062705F66616E5F72706D3DC1
:10089C000020646961673D0020647574793D002017
:1008AC00656E635F7261773D0020656E635F6F6B91
:1008BC003D0020656E635F6465673D0020656E6377
:1008CC005F72706D3D0020656E635F6D6563685F80
:1008DC00687A3D0020656E635F656C65635F687A5E
:1008EC003D00206D69635F67617465643D00206D38
:1008FC0069635F656E61626C655F61693D00206D67
:10090C0069635F656E635F757365643D00206D6937
:10091C00635F666D6561733D00206D69635F66653D
:10092C0072723D00206D69635F66746F6C3D0020D0
:10093C006D69635F6C666C6167733D00206D696304
:10094C005F73666C6167733D002062705F676F6FE9
:10095C00643D002062705F6261643D002062705FE4
:10096C006167655F6D733D002062705F73746174C5
:10097C0075733D002062705F6661756C743D00207C
:10098C0062705F6D6F64653D002062705F636D64C3
:10099C005F6D6F64653D002062705F666F635F62C0
:1009AC0061636B656E643D002062705F7365713DC1
:1009BC00002062705F676F6F645F636E743D002030
:1009CC0062705F6261645F636E743D002062705F91
:1009DC006578743D002062705F6272616B655F6464
:1009EC007574793D002062705F766275735F726119
:1009FC00773D002062705F7664633D002062705F1B
:100A0C00766275735F6167655F6D733D0020627020
:100A1C005F74656D705F7261773D002062705F740A
:100A2C00656D705F763D002062705F74656D705F00
:100A3C00633D002062705F74656D705F666C61670A
:100A4C00733D002062705F74656D705F76616C69D8
:100A5C00643D002062705F74656D705F6661756CDB
:100A6C00743D002062705F74656D705F6167655FD7
:100A7C006D733D002062705F70686173655F615FCC
:100A8C007261773D002062705F70686173655F62B0
:100A9C005F7261773D002062705F70686173655FA3
:100AAC00635F7261773D002062705F70686173658F
:100ABC005F615F763D002062705F70686173655F97
:100ACC00625F763D002062705F70686173655F6382
:100ADC005F763D002062705F70686173655F666C65
:100AEC006167733D002062705F6D6373646B5F744C
:100AFC00656C656D657472793D002062705F76621D
:100B0C0075735F76616C69643D002062705F736F12
:100B1C00667473746172745F72656164793D0020F0
:100B2C0062705F66775F6275696C643D002062700D
:100B3C005F7072656368617267655F6D616E616736
:100B4C0065643D30002062705F70686173655F762C
:100B5C00616C69643D002062705F70686173655FF1
:100B6C00635F7669727475616C3D002062705F70B2
:100B7C00686173655F6167655F6D733D00206270CE
:100B8C005F7273705F6167655F6D733D00206270AB
:100B9C005F70696E675F70616972733D002062708F
:100BAC005F70696E675F6167655F6D733D0020669E
:100BBC00775F6275696C643D00207270635F73636C
:100BCC0068656D613D00206D635F636170733D000E
:100BDC00206D61747269785F746573743D000705EC
:100BEC0005050702060202070701070407070107AC
:100BFC00010705050701010704070107070407059D
:100C0C000707010202020705070507070507010789
:100C1C00556E657870656374656420726573706F6A
:100C2C006E7365207479706500556E6578706563B8
:100C3C007465642052504320726573706F6E7365D7
:100C4C002073697A6500526573756C74206E6F74CD
:100C5C00207061727361626C652028636865636BD8
:100C6C0020747970652900525043204572726F725E
:100C7C00206E6F74207061727361626C65202863E2
:100C8C006865636B20747970652900556E657870A2
:100C9C00656374656420726573706F6E7365207420
:100CAC0079706500556E6578706563746564205263
:100CBC00504320726573706F6E73652073697A652B
:100CCC0000526573756C74206E6F74207061727352
:100CDC0061626C652028636865636B20747970654C
:100CEC002900525043204572726F72206E6F74202F
:100CFC007061727361626C652028636865636B2038
:100D0C007479706529005F5F736166655F5F004D84
:100D1C004355207374617274696E6720525043207E
:100D2C0042726964676520636F6D6D756E6963618E
:100D3C0074696F6E0062726964676500242F726556
:100D4C0073657400242F7365744D61784D7367530C
:100D5C00697A65006D6F6E2F72656164006D6F6EE0
:100D6C002F636F6E6E656374656400242F766572F5
:100D7C0073696F6E006D6F6E2F77726974650054B6
:100D8C006869732063616C6C206973206E6F7420CA
:100D9C007965742065786563757465640054686959
:100DAC00732063616C6C206973206E6F206C6F6EA6
:100DBC0067657220617661696C61626C6500556E65
:100DCC0073657269616C697A61626C6520706172BD
:100DDC00616D657465727320617272617900546F14
:100DEC006F206D616E7920706172616D65746572D2
:100DFC0073004D697373696E672063616C6C20704E
:100E0C006172616D657465727320285741524E4949
:100E1C004E473A2044656661756C7420706172614E
:100E2C006D207265736F6C7574696F6E20697320B9
:100E3C006E6F7420696D706C656D656E7465642978
:100E4C000057726F6E6720747970652070617261E3
:100E5C006D6574657220696E20706F736974696F4B
:100E6C006E3A2000440300004002000064030000BE
:100E7C0040020000040400004002000024040000B2
:100E8C00400200008407000040020000A40700009C
:100E9C004002000069010000000000008901000010
:100EAC000000000047030000000200006703000080
:100EBC0000020000C702000000020000E702000070
:100ECC0000020000E80C000000020000080D000009
:100EDC0000020000C80C000000000000A80C00007C
:100EEC0000020000A503000080050000C5030000FF
:100EFC0000040000E50300000004000025030000CE
:100F0C0000020000260D000080050000460D0000C8
:100F1C0000040000A602000000040000860D000082
:100F2C0000020000C40B000040020000E40B0000B3
:100F3C00400200002506000080050000450400006A
:100F4C000004000065040000000400009000000094
:100F5C0000000000B000000000000000D000000005
:100F6C0000000000F0000000000000003004000051
:100F7C0000000000100400000000000061020000EE
:100F8C0000000000410300000000000061030000AD
:100F9C00000000000202000000000000220200001D
:100FAC0000000000820200000000000002030000AC
:100FBC00000000002203000000000000420F0000AF
:100FCC0000000000620F000000000000820F000013
:100FDC00000000006101000000000000E1030000BF
:100FEC0000000000A103000000000000C10300008D
:100FFC000000000043020000000000005468697308
:10100C002063616C6C206973206E6F206C6F6E674F
:10101C00657220617661696C61626C650054686907
:10102C00732063616C6C206973206E6F742079651A
:10103C0074206578656375746564000D0A007665C7
:10104C0063746F723A3A7265736572766500766591
:10105C0063746F723A3A5F4D5F72616E67655F6978
:10106C006E736572740000766563746F723A3A5FE2
:10107C004D5F7265616C6C6F635F696E73657274E2
:10108C0000766563746F723A3A5F4D5F7265616C9E
:10109C006C6F635F696E736572740000FFFFFFFF16
:1010AC00FFFFFFFFFFFFFFFFFFFFFFFF0000000040
:1010BC000000000000000000000000000000000024
:1010CC000000A040000020410000A0410000F041C1
:1010DC000000204200004842CDCC0C3FCDCC0C3F50
:1010EC00B81E053F0000003F0000003F0000003F1D
:1010FC000000003F0000803F0000803F3333733F0F
:10110C00AE47613F85EB513F14AE473F0000403F77
:10111C004C4F4720425554544F4E00455252205389
:10112C005441525420005354415420004641554CD4
:10113C005420004C4F472050574D20004C4F472017
:10114C004D494320004C4F4720424F4F54005341D0
:10115C0046450056465F52554E00464F435F414C44
:10116C0049474E00464F435F52554E004641554C41
:10117C00540053797374656D204865617020656EF9
:10118C00643A2025700A0053797374656D204865A4
:10119C0061702073746172743A2025700A00536B6D
:1011AC006574636820486561702073746172743A69
:1011BC002025702C2073697A652025700A006D61DA
:0311CC00696E0049
:10AB980000002041000400000000803F9A99193FFE
:10ABA800CDCCCC3ECDCC4C3E00080000000000458A
:10ABB80000000045000000450000C0410000003FC3
:10ABC800000040410000C0410A00000008000000E9
:08C45C001E0C000000000000AE
:10C4640000000000000000000000000000000000C8
:0CC47400000000000000000000000000BC
:040000030000A2ED6A
:00000001FF
