:100000000020704708B5406803681B6998470038AE
:1000100018BF012008BD10B51446406803685B682E
:100020009847204610BD002070474FF0FF307047C2
:100030004FF0FF307047704701207047074A034672
:10004000107850B1064A107838B1064A12689B1AE7
:10005000B3F5FA7F2CBF002001207047540E00003A
:10006000420E0000500E000000234FF07E510E4A59
:100070004FF4806013700D4A116000220C490A6031
:100080000C4908800C490B700C490B700C490B7023
:100090000C490A600C490A600C490A600C4A13803A
:1000A0000C4A1380704700BFC00D0000080000001C
:1000B000BC0D000004000000BA0D0000B90D0000E6
:1000C000B80D0000B40D0000B00D0000AC0D000034
:1000D000A80D0000A60D0000F0EE407AF4EE677A5D
:1000E000F1EE10FAB0EE600A13D6B0EEE77ADFED6B
:1000F000096AB4EE667AF1EE10FA0ADCF4EEE07A00
:10010000F1EE10FA05D4F4EEC17AF1EE10FA31FEF8
:10011000270A7047FFFF7F7F08B5B7EE001ADFEDB3
:10012000070A074B9847DFED077A20EE270ABCEE57
:10013000C00A10EE103A98B208BD00BF00000000DF
:100140000000000000FEFF46064B1A78064B1A70AE
:100150000023064A1370064A1370064A1360064AC3
:1001600013707047F00E0000EF0E0000EE0E00005E
:100170009C0D0000980D0000960D000070470000D7
:10018000004B18470000000000490847000000002D
:100190000148024B184700BF0000000000000000AB
:1001A00010B504460821024B9847204610BD00BFF9
:1001B0000000000070B504460D4616460021406858
:1001C000044B9847324629466068034BBDE87040AF
:1001D000184700BF000000000000000013B5064BE8
:1001E0000C46012201A99847012812BF00209DF862
:1001F0000430237002B010BD00000000B4EE400ACD
:100200002DE9F043F1EE10FA2DED028B0646B0EE2B
:10021000408A884687B008D74049414B98473046C6
:1002200007B0BDEC028BBDE8F083F0EEC07A9FED25
:100230003D7AF4EE477AF1EE10FAB5EEC00A47DCEB
:10024000F1EE10FA4BD4B0EE407A002301240A21DB
:10025000DAB2904546D807EE904AF8EE676AF6EEB5
:10026000007AE6EE877AFCEEE77A17EE905A002CD9
:100270003BD0B5FBF4F304FB13571D462A49284B2A
:100280006846984714216846284B9847B5EEC08ABF
:10029000F1EE10FA06D557EA050303D02D21684682
:1002A000234B984729460A22224B03A898476846C1
:1002B000214B03A99847214D03A8A847B8F1000F87
:1002C00015D1694630461E4B98476846A847A6E7B1
:1002D000F1EE10FA124B4CBF1A491B499EE7B1EEE2
:1002E000407AB2E74C430133B2E72746C6E72E21F6
:1002F0006846DFF83C80C0474FF00A09B4FBF9F4C8
:10030000002CDED0B7FBF4F1B1FBF9F309FB1311BC
:1003100030316846C9B2C047F0E700BF2400000092
:1003200000000000FFFF7F7F3100000000000000A0
:1003300000000000000000000000000000000000BD
:1003400000000000280000002D0000002DE9F04F03
:100350002DED048B9B4EDFED9C7A96ED008A0446D2
:1003600028EE278A994B85B0D3ED009A984B99498E
:1003700093ED009A984BDFF80C93D3ED008AC847B1
:10038000964BA02120469847954D96492046A84770
:10039000DFF8F48296ED000A022101A8C047924FCF
:1003A00001A92046B847914E01A8B0479049204680
:1003B000A847B0EE480A012101A8C04701A920467C
:1003C000B84701A8B0478B492046A847B0EE690A54
:1003D000022101A8C04701A92046B84701A8B0479B
:1003E00085492046A847B0EE490A022101A8C04726
:1003F00001A92046B84701A8B04780492046A84730
:10040000B0EE680A022101A8C04701A92046B847FA
:1004100001A8B0477A492046A8477A4B022193EDBC
:10042000000A01A8C04701A92046B84701A8B04763
:1004300075492046A847754B01A81B78042B96BF29
:10044000734A744952F82310C84701A92046B84797
:1004500001A8B04720467049A847704B1B78002B75
:1004600000F03C866E496F4A022B18BF114601A866
:10047000C84701A920465D4EB84701A8B0476A4960
:100480002046A847694B0A22DFF80092197801A894
:10049000C84701A92046B84701A8B047644920468B
:1004A000A847644B022193ED000A01A8C04701A9A7
:1004B0002046B84701A8B0475F492046A8475F4B90
:1004C000022193ED000A01A8C04701A92046B847C0
:1004D00001A8B0475A492046A8475A4B022193ED3C
:1004E000000A01A8C04701A92046B84701A8B047A3
:1004F00055492046A847554B0A22197801A8C847F4
:1005000001A92046B84701A8B04751492046A8474D
:10051000504B022193ED000A01A8C04701A92046D3
:10052000B84701A8B0474C492046A8474B4B022189
:1005300093ED000A01A8C04701A92046B84701A8C9
:10054000B04747492046A847464B022193ED000A91
:1005500001A8C04701A92046B84701A8B0474249B1
:100560002046A847414B0A22197801A8C84701A98B
:100570002046B84701A8B0473D492046A8473D4B13
:100580000A22197801A8C84701A92046B84701A83E
:10059000B047DFF8FCA038492046A8473749204635
:1005A000A8479AF800100A22C1F3400101A8C847E1
:1005B00001A92046B84701A8B04731492046A847BD
:1005C0006AE000BFCC0E000000007042D80D0000B1
:1005D000D40D000031000000D00D0000000000002C
:1005E00000000000200200000000000000000000E9
:1005F0002B02000033020000380200003D02000020
:10060000420200003400000048020000F10E000029
:10061000000000000D02000050020000F00E00007B
:100620001C0200001802000057020000ED0E00003E
:100630005D020000CC0D000062020000C80D000049
:1006400067020000C40D00006D020000C00D000034
:1006500073020000080000007B020000BC0D0000D7
:1006600082020000D00E00008C020000A40D0000E9
:1006700094020000860D00009D020000A40200000C
:10068000AA020000000000000000000000000000BE
:10069000940D000000FEFF469AF800100A22C1F3F4
:1006A000C00101A8C84701A92046B84701A8B04722
:1006B0009AF800305FED098A13F0040F16BFA04BC3
:1006C0009FEDA08A1B88A0491EBF07EE903AF8EE66
:1006D000677A87EEA88A2046A8479AF800100A226F
:1006E000DFF800B3C1F3800101A8D847974E01A9F4
:1006F0002046B047DFF8C09201A8C8479449204679
:10070000A847B0EE480A022101A8C04701A9204627
:10071000B04701A8C8478F492046A8478E4B022101
:100720001B8801A800EE103AB8EE400A80EE280AB5
:10073000C04701A92046B04701A8C84787492046BD
:10074000A847874B022193ED000A01A8C04701A9E1
:100750002046B04701A8C84782492046A847824B97
:10076000002193ED000A01A8C04701A92046B04727
:1007700001A8C8477D492046A8477D4B0A22197821
:1007800001A8D84701A92046B04701A8C847794920
:100790002046A847784B0A22197801A8D84701A912
:1007A0002046B04701A8C847744B9847744BDFED0B
:1007B000757A1B687449A0EB030A744B20461A88AB
:1007C00008EE102AB8EE488A28EE278ADFED707A04
:1007D00028EE278AA8476D4B0A22198801A8D84716
:1007E00001A92046B04701A8C8476A492046A84742
:1007F000694B197821B1BAF5FA7F2CBF002101218C
:100800000A2201A8D84701A92046B047DFF8A891DD
:1008100001A8C84761492046A847B0EE480A01210F
:1008200001A8C04701A92046B047DFF86CB101A874
:10083000C84720465A49A8479BF80030002B00F0D3
:100840005084BAF5FA7F80F04C84564B93ED000A41
:10085000012101A8C04701A92046B04701A8C84707
:1008600020465149A8479BF80030002B00F03D84FA
:10087000BAF5FA7F80F039844C4B93ED000A0221DF
:1008800001A8C04701A92046B04701A8C847204693
:100890004749A8479BF80030002B00F02A84BAF59E
:1008A000FA7F80F02684434B93ED000A022101A8D1
:1008B000C047DFF8989001A920463F4EC84701A8DD
:1008C000B0473E492046A8473D4B0A221978DFF839
:1008D00014A101A8D04701A92046C84701A8B047E4
:1008E00038492046A847384B0A22197801A8D04732
:1008F00001A92046C84701A8B04734492046A84767
:10090000334B0A22197801A8D04701A92046C847CD
:1009100001A8B0472F492046A8472F4B022193ED4D
:10092000000A01A8C04701A92046C84701A8B0474E
:100930002A492046A8472A4B022193ED000A53E09A
:10094000920D000000000000B60200000000000050
:10095000BE020000CB020000900D0000D602000095
:100960008C0D0000E4020000880D0000F102000080
:10097000E20D0000F8020000E10D000000000000A0
:10098000500E00000000B443FF020000560E0000AD
:100990000000803909030000540E0000120300001B
:1009A0001C0300004C0E000026030000480E00004F
:1009B00034030000440E0000000000004203000069
:1009C000BA0D00004E030000B90D00005E030000E8
:1009D000B80D00006D030000B40D000079030000A5
:1009E000B00D00000000000001A8C04701A920468A
:1009F000C84701A8B04794492046A847934B022115
:100A000093ED000A01A8C04701A92046C84701A8E4
:100A1000B0478F492046A8478E4B0A22198801A863
:100A2000D04701A92046C84701A8B0478A492046B7
:100A3000A8478A4B0A22198801A8D04701A9204655
:100A4000C84701A8B047864E3368002B00F0558395
:100A5000844B98473368A0EB030A83492046A84794
:100A6000824BDFF8949219880A2201A8C84701A98D
:100A700020467F4EB84701A8B0477E492046A84788
:100A80007D4B0A22198801A8C84701A92046B8470A
:100A900001A8B04779492046A8470A22514601A833
:100AA000C84701A92046B84701A8B0477449204665
:100AB000A847744B0A22197801A8C84701A9204603
:100AC000B84701A8B04770492046A8476F4B0A2293
:100AD000197801A8C84701A92046B84701A8B0471E
:100AE0006B492046A8476B4B0A22197801A8C847D2
:100AF00001A92046B84701A8B04767492046A84742
:100B0000664B0A22197801A8C84701A92046B847B0
:100B100001A8B04762492046A847624B0A221978CB
:100B200001A8C84701A92046B84701A8B0475E49B7
:100B30002046A8475D4B0A22197801A8C84701A999
:100B40002046B84701A8B04759492046A847594B05
:100B50000A22198801A8C84701A92046B84701A858
:100B6000B04755492046A847544B0A22198801A886
:100B7000C84701A92046B84701A8B04750492046B8
:100B8000A847504B0A22197801A8C84701A9204656
:100B9000B84701A8B0474C4B4C491B88204607EE8C
:100BA000903AF8EE677A87EEA88AA847B0EE480A2E
:100BB000022101A8C04701A92046B84701A8B047B3
:100BC00043492046A847434B0A22198801A8C84731
:100BD00001A92046B84701A8B0473F492046A84789
:100BE0003E4B022193ED000A01A8C04701A920460F
:100BF000B8473B4F01A8B0473B68002B00F080820C
:100C0000184B98473F68C71B36492046A847DFF86E
:100C1000E8900A22394601A8C847334F01A9204667
:100C2000B84701A8B04731492046A847304B0A22AF
:100C3000198801A8C84701A92046B84701A8B047AC
:100C40002C492046A84759E084030000AC0D000061
:100C50008F030000A80D00009C030000A60D0000FB
:100C6000600E000000000000A90300005E0E0000FE
:100C700000000000B30300005C0E0000BC03000095
:100C8000C8030000330E0000D4030000320E000041
:100C9000DF030000310E0000E9030000DF0D00005B
:100CA000F7030000E00D000008040000F40D000050
:100CB00011040000F80D00001F040000F60D0000F4
:100CC0002C040000300E00002E0E00003504000041
:100CD000450400002C0E000053040000280E000004
:100CE000240E00005C040000000000006D04000001
:100CF000220E00007B040000000000009F4B032137
:100D000093ED000A01A8C04701A92046B84701A8F1
:100D1000B0479B492046A8479A4B012193ED000A12
:100D200001A8C04701A92046B847DFF8D8A201A80A
:100D3000B04795492046A8470A229AF8001001A812
:100D4000C84701A92046B84701A8B0478F492046A7
:100D5000A8479AF800100A2201F0010101A8C8472B
:100D600001A92046B84701A8B04789492046A847AD
:100D70009AF800100A22C1F3400101A8C84701A94E
:100D80002046B847834F01A8B0473B68002B00F0CE
:100D9000B981814B98473F68C71B80492046DFF8DF
:100DA0006892A8470A22394601A87D4FC84701A981
:100DB0002046B84701A8B0477A492046A8477A4B51
:100DC0000A22198801A8C84701A92046B84701A8E6
:100DD000B04776492046A847754B0A22198801A8D2
:100DE000C84701A92046B84701A8B0477149204625
:100DF000A847714B0A22198801A8C84701A92046B3
:100E0000B84701A8B0476D492046A8476C4B03215D
:100E100093ED000A01A8C04701A92046B84701A8E0
:100E2000B04768492046A847674B032193ED000A65
:100E300001A8C04701A92046B84701A8B0476349A7
:100E40002046A847624B032193ED000A01A8C04742
:100E500001A92046B847DFF8B48101A8B0475D4931
:100E60002046A8470A2298F8001001A8C84701A9FF
:100E70002046B84701A8B04757492046A847574BD6
:100E80000A22197801A8C84701A92046B84701A835
:100E9000B04753492046A847524B0A22197801A867
:100EA000C84701A92046B84701A8B0474E49204687
:100EB000A8474E4B0A22197801A8C84701A9204625
:100EC000B84701A8B0474A492046A84749492046A3
:100ED000A84798F800100A2201F0010101A8C847AC
:100EE00001A92046B84701A8B04743492046A84772
:100EF00098F800100A22C1F3400101A8C847DFF8A2
:100F0000108101A92046B84701A8B047D8F80030A1
:100F1000DFF884A0002B00F0F780D047D8F800302D
:100F2000A0EB030835492046A8470A22414601A8FC
:100F3000C847DFF8E08001A92046B84701A8B047BC
:100F4000D8F80030002B00F0E280D047D8F800300D
:100F5000A0EB03082A492046A8470A22414601A8D7
:100F6000C847DFF8B48001A92046B84701A8B047B8
:100F7000D8F80030002B00F0CD804FE01C0E0000B0
:100F800087040000180E000093040000A304000072
:100F9000B3040000140E000000000000C3040000B1
:100FA00000000000D4040000120E0000E504000060
:100FB000100E0000F60400001800000007050000F5
:100FC000080E000016050000040E000025050000B4
:100FD000000E000034050000450500000E0E000064
:100FE0005A0500000D0E00006A0500000C0E0000FE
:100FF0007F05000097050000A8050000BD05000062
:10100000CF050000200E0000000000000F0E0000C1
:10101000FC0D0000F00D0000E80D0000D047D8F8EE
:101020000030A0EB030820463C49A8473C4B0A226D
:101030001968DFF81C9101A8C84701A92046B847E4
:1010400001A8B04720463749A8470A22414601A8CF
:10105000DFF80081C04701A92046B84701A8B04782
:1010600020463149A8470A22304901A8C84701A9AA
:101070002046B84701A8B04720462D49A8470A2274
:10108000022101A8C04701A92046B84701A8B047DE
:1010900020462849A8470A22012101A8C04701A9E2
:1010A0002046B84701A8B04723492046A847234B0C
:1010B0001D68234B9847291A0029D4BF002101211C
:1010C0000A2201A8C04701A92046B84701A8B04795
:1010D000204605B0BDEC048BBDE8F08F1949FFF741
:1010E000C6B99FED190AFFF7B3BB9FED170AFFF7CB
:1010F000C6BB9FED150AFFF7D9BBDFF850A0ACE4E3
:10110000124F81E5114F48E6DFF840800AE7DFF82B
:101110003C801FE7DFF8348085E700BFDF05000073
:10112000EC0D0000EF050000000600002991C378D7
:101130000B0600001806000022060000400D00000B
:101140000000000015020000000000003F420F00F8
:1011500000000000000000002DE9F04106460B4FA2
:101160004D1E15F8018FB8F1000F02D10120BDE826
:10117000F08116F8010BB84704464046B847E4B280
:10118000C0B28442EDD00020F1E700BF00000000B3
:101190002DE9F0410D46DFF83080471E17F8010FAA
:1011A00068B115F8014B3CB1C04706462046C04720
:1011B000F6B2C0B28642F1D00020BDE8F0812878B6
:1011C000B0FA80F04009F8E700000000224B1B78DD
:1011D000002B31D1214B1B78002B2FD1204B1B78BA
:1011E000002B2DD11F4B1B68002B2BD01E4B1B68D7
:1011F000002B29D0C31AB3F5FA7F25D81B4B1B68E7
:1012000013B3C01AB0F5FA7F1ED8194B1B78DA0752
:101210001CD5184903F01C020978114318D19B060C
:1012200018D4154B154A1B881288154813439BB2D6
:10123000002B08BF002070471248704712487047C3
:10124000124870471248704712487047124870475A
:101250001248704712487047A40D0000F10E0000BC
:10126000ED0E0000E40E0000600E0000F00D000026
:10127000330E0000320E00005C0E0000F60D000080
:10128000AB000000320000004000000049000000F8
:101290005D000000C00000006F0000009B00000027
:1012A00087000000054B1A783AB1054A127822B936
:1012B00004491A700878044908707047EE0E00005F
:1012C000F10E0000EF0E0000F00E0000DFED0A7AD4
:1012D000B4EEE70AF1EE10FA08B508490A7806D824
:1012E000002002F0FB02064B0A70188008BD054B77
:1012F000984742F00402F6E717B7D138940D000082
:10130000920D00000000000070B50D2201240A4B70
:1013100001EB81011944094B181A022311F8015BF2
:1013200045FA03F6F60744BF8618F454013BF7D29A
:101330000D324E2AF1D170BD30060000E20C0000E3
:10134000D0ED017AB0EE406A60EE277A9FED0A7A1E
:1013500090ED020A10B5A7EE870A90ED041AD0EDC1
:10136000030A064B9847BDE81040D0ED007A80EDA7
:10137000020AA6EE270A18476F12833A00000000FF
:10138000B4EEE00AF1EE10FA0BD5DFED0C7A30EE98
:10139000270AF4EE400AF1EE10FA48BFB0EE600AF8
:1013A000704709DDDFED057A30EE670AF4EE400A9A
:1013B000F1EE10FA30FE800A704700BF0BD7A33B56
:1013C00000210420004B184700000000F8B5064635
:1013D0000F4630680378202B05D0092B03D02BB99A
:1013E00000252846F8BD01303060F2E72B2B01D0F4
:1013F0002D2B46D1431C00251C4613F8012BA2F1CE
:10140000300109293FD92E2A06D11A4614462378DD
:101410000132303B092B38D9002DE1D0237803F07D
:10142000DF03452B0ED163782B2B30D02D2B2ED004
:10143000631C00211C4613F8012B303A092A28D9D5
:101440000029CDD0237813F0DF0F01D0092BC7D1AD
:10145000114B9847114B51EC100B984707EE900A2F
:10146000F4EE677AF1EE10FABAD6B0EEE77ADFED75
:101470000C6AB4EE667AF1EE10FAB1DC38603460D2
:10148000AFE70346B7E70125B6E70125BEE7A31C92
:10149000CFE72946CEE700BF0000000000000000B3
:1014A000FFFF7F7F07B5094B019001A8984750B116
:1014B000019B013B13F8010F2028FBD00928F9D02C
:1014C000B0FA80F0400903B05DF804FB00000000B2
:1014D000DFED227AB4EEE70AF1EE10FA02DB90EDCE
:1014E000060A704701231E4AF2EC017AB4EEE70ABD
:1014F000F1EE10FA2DD81B499B001A1F114491EDF3
:10150000007ADFED196A77EEC77AF4EEE67AF1EE4B
:1015100010FACABF30EE470A9FED147A80EE277AA0
:10152000B5EEC07AF1EE10FA0244D2ED007A0DD990
:10153000F7EE006AB4EEE67AF1EE10FA184490ED98
:10154000000A05DA70EE676AE7EE267AB0EE670AFF
:1015500070470133072BC7D1C1E700BF00004842E5
:10156000140B0000100B0000BD3786350000000092
:10157000012A10B50C4602D10160002010BD022ADC
:1015800005D0032AF9D0002AF7D10260F5E7014619
:10159000024B0420984723680360EEE70000000038
:1015A00010B504460B689847204610BD012A10B5B7
:1015B0000C4602D10160002010BD022A05D0032A8A
:1015C000F9D0002AF7D10260F5E70146024B04206A
:1015D000984723680360EEE7000000001FB5064B44
:1015E000046801A8984701A8A0470446034B01A836
:1015F0009847204604B010BD000000000000000025
:1016000038B50C1A002C134605DD01462246184653
:10161000024DA8470346181938BD00BF000000005E
:10162000002810B506D001DA034B9847034BBDE8FC
:101630001040184710BD00BF00000000000000006F
:10164000004B184700000000004B18470000000046
:101650000A200021004B18470000000010B58368E5
:10166000044613B1032201469847204610BD0000EE
:1016700010B50446034B40F8043B034B9847204603
:1016800010BD00BF080000000000000010B50446B7
:10169000034B984720461421024B9847204610BD23
:1016A000000000000000000010B50446034B40F8A5
:1016B000043B034B9847204610BD00BF08000000C4
:1016C0000000000010B50446034B98472046142143
:1016D000024B9847204610BD0000000000000000AB
:1016E000D0E901239B1A0269B2EBA30F84BF002348
:1016F0004375407D7047D0E90132934218BF836043
:101700000023036183820360704710B5D0E9014371
:101710001B1BB1EBA30F3DBF54F821300068D2185A
:10172000002038BF801810BD70B5074E051D044657
:1017300031462846054B984700233146236028460A
:10174000034B9847204670BD3100000000000000A8
:10175000000000000022C0E90022C0E9022202616C
:101760008282704738B54FF4807200210C4B0446DA
:10177000002598474FF0FF330A49C4E94053C4F8A5
:101780000851094B04F586709847C4E94655C4E9E9
:101790004855064B04F594709847204638BD00BF65
:1017A0000000000031000000000000000000000008
:1017B00038B5044600F138054FF0FF3205494FF0C7
:1017C000FF332846884794F860412846024B9847E3
:1017D000204638BD0000000000000000F0B50446BF
:1017E00000260127CB688BB00D6848688A6808938B
:1017F00093FAA3F30493636A05A9059506900792EB
:1018000095FAA5F590FAA0F092FAA2F20996266050
:1018100021616761019502900392A66103B1984727
:10182000044B84F8217001A898470023A3610BB0F2
:10183000F0BD00BF0000000010B50446006818B1FC
:10184000A168024B091A9847204610BD000000000D
:1018500008B50248024B984708BD00BF00000000D1
:101860000000000008B50248024B984708BD00BFC1
:10187000000000000000000030B5836885B00393CD
:101880000023D0E900420D68CDE9014205604D68B2
:1018900045608D688560C1E900338B6001A8024B0B
:1018A000984705B030BD00BF0000000010B5D0E97A
:1018B00001431B1BB1EBA30F3DBF036854F821107C
:1018C000D218002038BF505C10BD000008B5D0E928
:1018D0000132D31AB1EBA30F15D2114B0022984756
:1018E000030612D58F2812D99F2812D9BF2812D9E2
:1018F000C02807D0C12805D0C3280ED9E02828BFAA
:10190000E020C0B208BDC120FCE70020FAE780203B
:10191000F8E79020F6E7A020F4E7C220F2E700BF46
:101920000000000008B5024B0169984708BD00BFE0
:101930000000000073B50569D0E901639B1BB5EB9E
:10194000A30F044603D300234375002016E00123B0
:1019500043750D4B9847D22805F1010310D123613F
:1019600056F825002268031D134401A9024413F808
:1019700001099A4201F8010BF9D1019802B070BD3A
:10198000002223616275E0E70000000073B505697D
:10199000D0E901639B1BB5EBA30F044604D30023DE
:1019A00043750020002118E0012343750E4B984732
:1019B000D32805F1010312D16946236156F82500A9
:1019C000226800F108031344024413F801099A4203
:1019D00001F8010BF9D1DDE9000102B070BD002270
:1019E00023616275DDE700BF0000000070B5066985
:1019F000D0E901239B1AB6EBA30F044603D30023BF
:101A00004375002008E00125064B45759847C0281E
:101A10002E4402D12846266170BD002326616375DD
:101A2000EFE700BF0000000008B5064B984790287C
:101A300006D02430C0B201288CBF0020012008BD90
:101A40000120FCE70000000008B5064B9847A028DD
:101A500006D02730C0B202288CBF0020012008BD6C
:101A60000120FCE70000000008B5064B98478028DD
:101A700006D02230C0B201288CBF0020012008BD52
:101A80000120FCE70000000008B5064B9847E0285D
:101A900006D03030C0B203288CBF0020012008BD22
:101AA0000120FCE70000000008B5064B984730B164
:101AB0003430C0B203288CBF0020012008BD0120B3
:101AC000FCE700BF0000000070B50569D0E90163C4
:101AD0009B1BB5EBA30F044603D3002343750020E3
:101AE00011E0012343750A4B9847D12805F1010302
:101AF0000AD1236156F825202368134498785B782F
:101B000063F30F2000B270BD002223616275E6E727
:101B10000000000073B50569D0E901639B1BB5EBBC
:101B2000A30F044604D3002343759FED100A17E06A
:101B3000012343750E4B9847CA2805F1010311D1C3
:101B4000236156F825002268031D134401A90244AD
:101B500013F801099A4201F8010BF9D19DED010A30
:101B600002B070BD002223616275DEE70000000054
:101B7000000000000000000073B50569D0E90163B2
:101B80009B1BB5EBA30F044604D3002343759FEDC5
:101B9000120B18E001234375114B9847CB2805F130
:101BA000010312D16946236156F82500226800F12D
:101BB00008031344024413F801099A4201F8010B87
:101BC000F9D19DED000B02B070BD0022236162755A
:101BD000DDE700BFAFF30080000000000000000060
:101BE0000000000038B50569D0E901239B1AB5EB68
:101BF000A30F044603D30023437500200EE0012306
:101C00004375094B9847E02805F1010307D123618B
:101C1000002229462046054B984740B238BD002295
:101C200023616275E9E700BF0000000000000000CA
:101C300038B50569D0E901239B1AB5EBA30F04461B
:101C400003D30023437500200DE001234375084BA7
:101C500098476B1C024638B9236129462046054B3C
:101C6000984700F07F0038BD002223616275EAE7E3
:101C7000000000000000000070B50569D0E90123F4
:101C80009B1AB5EBA30F044603D300234375002032
:101C90000DE00126084B46759847CC2805EB060356
:101CA00006D12361324629462046044B984770BD31
:101CB000002223616275EAE70000000000000000D6
:101CC00010B5D0E901431B1BB1EBA30F37BF54F88C
:101CD00021300020D21803683FBF991848789B5CD8
:101CE00040EA032010BD000070B50569D0E901236A
:101CF0009B1AB5EBA30F044603D3002343750020C2
:101D00000DE00126084B46759847CD2805EB0603E4
:101D100006D12361324629462046044B984770BDC0
:101D2000002223616275EAE7000000000000000065
:101D300013B5D0E901431B1BB1EBA30F10D254F82C
:101D4000213001681A44131D0B4401A8114413F8F3
:101D5000012D8B4200F8012BF9D1019802B010BD82
:101D60000020FBE738B5424B04460D469847002853
:101D700077D08038C3B2602B75D8602873D8DFE87D
:101D800000F0707272727272727272727272727229
:101D90007272707272727272727272727272727225
:101DA00072723F7272727272727272727272727246
:101DB0007272727272727272727272727272727203
:101DC000727270727072484F565D62693539743143
:101DD0003539743135393133373B3D484F5631351C
:101DE00031357000032038BD0420FCE70520FAE7F8
:101DF0000620F8E70920F6E70A20F4E71220F2E7C8
:101E00000022294620461B4B984700F01F00013056
:101E1000E9E7012229462046164B98470230E2E7BF
:101E2000012229462046144B98470330DBE7012264
:101E300029462046114B98470530D4E70122294610
:101E400020460C4BF0E70122294620460A4B9847D2
:101E50000430C8E7012229462046084B984706303F
:101E6000C1E70120BFE70020BDE70220BBE700BFBC
:101E70000000000000000000000000000000000062
:101E800070B50569D0E901239B1AB5EBA30F044691
:101E900003D300234375002013E00126124B46753F
:101EA0009847DC2805EB06030CD0DD2811D09028DC
:101EB00015D123610022294620460C4B984700F09B
:101EC0000F0070BD3246294620462361084B9847D3
:101ED000F7E72361324629462046064BF7E7002202
:101EE00023616275D7E700BF00000000000000001A
:101EF000000000000000000038B5037D04460D46D8
:101F00001BB1D0E901239A4202D10023637538BD89
:101F10009B1A0269B2EBA30FF7D2054B98472860D2
:101F2000637D002BF3D02046024B9847EFE700BFBC
:101F3000000000000000000070B50569D0E9012331
:101F40009B1AB5EBA30F044603D30023437500206F
:101F50000DE00126084B46759847CE2805EB060391
:101F600006D12361324629462046044B984770BD6E
:101F7000002223616275EAE7000000000000000013
:101F800070B50569D0E901239B1AB5EBA30F044690
:101F900003D300234375002013E00126124B46753E
:101FA0009847DE2805EB06030CD0DF2811D08028E7
:101FB00015D123610022294620460C4B984700F09A
:101FC0000F0070BD3246294620462361084B9847D2
:101FD000F7E72361324629462046064BF7E7002201
:101FE00023616275D7E700BF000000000000000019
:101FF000000000000000000013B5D0E901431B1BE6
:10200000B1EBA30F12D254F82130016868461A448C
:1020100002F108030B44114413F8012D8B4200F820
:10202000012BF9D1DDE9000102B010BD0020002133
:10203000FAE7000070B50569D0E901239B1AB5EBFA
:10204000A30F044604D300234375002001460DE08E
:102050000126094B46759847CF2805EB060306D1A4
:102060002361324629462046044B984770BD002222
:1020700023616275E9E700BF000000000000000076
:1020800010B5D0E901431B1BB1EBA30F3DBF0368A3
:1020900054F82110D218002038BF505610BD00004F
:1020A00070B50569D0E901239B1AB5EBA30F04466F
:1020B00003D30023437500200DE00126084B46752D
:1020C0009847D02805EB060306D1236132462946FE
:1020D0002046044B984770BD002223616275EAE7F1
:1020E000000000000000000010B5084B04469847AF
:1020F000D62808D1064B0122204621699847431C67
:102100005842584110BD0020FCE700BF000000000D
:102110000000000010B5084B04469847D72808D1A6
:10212000064B0122204621699847431C58425841DA
:1021300010BD0020FCE700BF000000000000000010
:1021400038B50C4B04469847C72811D1256902229F
:1021500029462046084B9847013009D1074B0122F8
:10216000294620469847A0F10C035842584138BDF3
:102170000020FCE70000000000000000000000005C
:1021800010B5D0E901431B1BB1EBA30F3DBF0368A2
:1021900054F82110D218002038BF505C10BD000048
:1021A00038B5037D04460D461BB1D0E901239342A7
:1021B00003D100236375002038BD9B1A0269B2EB7E
:1021C000A30FF6D2044B98472870637D002BF2D002
:1021D0002046024B9847EFE7000000000000000097
:1021E00070B5037D04460D461BB1D0E9012393422F
:1021F00003D100236375002070BD06699B1AB6EBFE
:10220000A30FF6D2012343750C4B9847C22806F161
:1022100001030FD12361002231462046084B984725
:1022200000F001002870637D002BE4D02046054BB0
:102230009847E1E7002023616075F3E700000000A4
:1022400000000000000000002DE9F043037D04467B
:102250000E4685B01BB1D0E90123934205D100237E
:102260006375002005B0BDE8F08305699B1AB5EBE6
:10227000A30FF4D20127464B47759847DA28454B00
:102280006CD00BD8A02824D0D9284DD000220135FD
:1022900041496275256101A898472FE0DB28F5D1F7
:1022A0003D4901A898473A46204621693B4B98474B
:1022B00000250746DFF8FC80DFF8FC90AF4221697B
:1022C0001AD06A1D2046C047014601A8C8470135FB
:1022D000F4E7314901A89847002220462169304B94
:1022E00098470025DFF8CC80DFF8CC9000F01F077E
:1022F000EBB29F4221690FD801312161294B01A91D
:1023000030469847284B01A89847637D002BA8D0FA
:102310002046264B9847A5E701352A462046C04768
:10232000014601A8C847E3E71B4901A898473A4678
:10233000204621691A4B984700250746DFF874802C
:10234000DFF87490EBB2BB422169D5D2AA1C2046BB
:10235000C047014601A8C8470135F3E70E4901A867
:1023600098473A4620462169114B98470025074671
:10237000DFF84080DFF84090ABB29F422169BBD9C3
:10238000EA1C2046C047014601A8C8470135F3E7CB
:10239000000000000000000031000000000000000C
:1023A000000000000000000000000000000000002D
:1023B0000000000000000000000000002DE9F041D6
:1023C000037D04460E461BB1D0E90123934204D19C
:1023D000002363750020BDE8F08107699B1AB7EB05
:1023E000A30FF5D2012343751F4B984707F101084E
:1023F00090B11E4B022239462046C4F810809847FF
:1024000000231D46C6E90003B560637D002BE1D0C3
:102410002046174B9847DEE72046164B984750B1A9
:10242000154B022239462046C4F8108098478D0883
:1024300001F00303E6E72046104B9847054670B1CC
:1024400003223946094B204698470B4B0546072285
:1024500039462046C4F8108098470B46D2E7034619
:102460006075C4F81080CDE7000000000000000097
:10247000000000000000000000000000000000005C
:10248000F8B507460423194E013B00D1FEE7356835
:10249000BD4202D174682046F8BD25BB3146144BBD
:1024A00041F8087B4FF4846098474FF480620446FB
:1024B000104B294640F8047B98474FF0FF330E4AF3
:1024C000C4F808341368C4F804540133C4F80C5435
:1024D000C4F81054C4F81454C4F81854C4F81C5464
:1024E00013607460D7E706F58566CDE7000000004D
:1024F00000000000000000000000000010B50446CD
:10250000006818B1A168024B091A9847204610BD0F
:102510000000000010B50446064B00F59670984781
:10252000054B04F58C709847044B04F5867098476A
:10253000204610BD00000000000000000000000068
:102540002DE9F84F6FF06043D0E9008A1546AAEBF9
:102550000802B3EBA20F074689464FEAA20402D154
:102560002748284B9847C24514BF22460122A41889
:10257000A1EB080B2BD264B39C4228BF1C46224B14
:10258000A00098470646214B042006EB0B01984714
:102590002B68BBF1000F03600BF10405AAEB090ADD
:1025A00019DD5A4641463046194B98477019BAF121
:1025B000000F00EB0A0503DD52464946154B9847CC
:1025C000B9684046144BA1EB0801984710E01C463F
:1025D000D5E72646D7E7BAF1000F354404DD524669
:1025E000494628460B4B98475544B8F1000FE7D1B0
:1025F000C7E9006506EB8406BE60BDE8F88F00BF42
:10260000BB0A000000000000000000000000000005
:102610000000000000000000000000002DE9F7436A
:10262000044616460025184FDFF86080DFF86090FA
:102630000160AE42A16801950FD8636851F8045C4F
:10264000C91A891020460139B8472844831B5842CB
:102650005841207503B0BDE8F083E3688B420ED08B
:102660000420C8470560A3680433A360D4E901319E
:10267000C91A891020460139B8470544D9E71946D7
:1026800001AA201DC047F1E7000000000000000083
:10269000000000002DE9F041044600F130070E462D
:1026A00015464FF0FF334FF0FF3238460649884752
:1026B00020462946054B40F8046B98473846BDE84C
:1026C000F041034B184700BF00000000000000006D
:1026D000000000002DE9FF4104468846002517460A
:1026E0001E46134B98474146C4E90455114B04F16B
:1026F000180098470A9B1422E36204F1300329462C
:102700001846C4E909760C4DA8470C4B98470C496C
:102710000C4B01A89847FF21204601AA0A4B984775
:102720000A4B01A89847204604B0BDE8F08100BFDD
:102730000000000000000000000000000000000099
:10274000710A00000000000000000000000000000E
:102750001FB504460749084B01A89847FF212046AA
:1027600001AA064B9847064B01A89847002004B0E1
:1027700010BD00BF500A0000000000000000000073
:102780000000000038B5044600F130054FF0FF327C
:1027900007494FF0FF332846884724682846002C15
:1027A000D4BF00240124034B9847204638BD00BF06
:1027B000000000000000000038B5044600F5087570
:1027C0004FF0FF3205494FF0FF332846884794F811
:1027D00034422846024B9847204638BD000000008E
:1027E0000000000010B5064B04460648984728B183
:1027F0002146BDE810400348034B184710BD00BFF9
:1028000000000000000000000000000010B50446B9
:102810001046D4E900236FF000449B1AE21A8A4262
:1028200001D2074B9847994238BF19465B1804D22A
:10283000A34228BF2346184610BD2046FCE700BF30
:10284000000000002DE9F047D0E901739F420446E3
:102850008846DFF878A00AD039460120D04798F89A
:1028600000300370636801336360BDE8F087134A8A
:102870000121134B9847134B266881469847B91B93
:10288000014405460120D04798F8003039460370CE
:102890002A46DFF83C803046C0473946421C38465D
:1028A000C047074626B1A1683046074B891B9847A9
:1028B000C4E900574D44A560D7E700BFBB0A00003C
:1028C0000000000000000000000000000000000008
:1028D000000000002DE9F047D0E901739F42044653
:1028E0008846DFF878A00AD039460120D04798F80A
:1028F00000300370636801336360BDE8F087134AFA
:102900000121134B9847134B266881469847B91B02
:10291000014405460120D04798F80030394603703D
:102920002A46DFF83C803046C0473946421C3846CC
:10293000C047074626B1A1683046074B891B984718
:10294000C4E900574D44A560D7E700BFBB0A0000AB
:102950000000000000000000000000000000000077
:102960000000000007B5044B8DF807100DF10701BA
:10297000984703B05DF804FB0000000010B5044662
:10298000034BC0219847E3680133E36010BD00BFEB
:102990000000000037B504460D46074BCC21984790
:1029A0002046064B0DF107018DF807509847E36864
:1029B0000133E36003B030BD000000000000000000
:1029C0002DE9F047D0E901739F4204468846DFF8BD
:1029D00078A00AD039460120D04798F8003003701B
:1029E000636801336360BDE8F087134A0121134B2C
:1029F0009847134B266881469847B91B0144054602
:102A00000120D04798F80030394603702A46DFF895
:102A10003C803046C0473946421C3846C0470746CE
:102A200026B1A1683046074B891B9847C4E9005777
:102A30004D44A560D7E700BFBB0A000000000000BE
:102A40000000000000000000000000000000000086
:102A5000F8B505460E460324034F31192846B847FA
:102A6000013CFAD2F8BD00BF0000000013B50446D7
:102A70000191064BCE2198472046054B01A9984766
:102A8000E3680133E36002B010BD00BF0000000046
:102A90000000000070B505460C46044E0131B047F9
:102AA000214628463346BDE8704018470000000024
:102AB0000F2913B504460BD861F06F018DF804108F
:102AC0000D4B01A99847E3680133E36002B010BDE4
:102AD000B1F5803F094B08D2ADF80410DC219847CE
:102AE0002046074B01A99847EDE70191DD21984762
:102AF0002046044B01A9F6E700000000000000009A
:102B0000000000000000000013B50446ADF80610F8
:102B1000064BCD2198472046054B0DF106019847FD
:102B2000E3680133E36002B010BD00BF00000000A5
:102B3000000000007E2913B504460AD80D4B8DF81D
:102B400007100DF107019847E3680133E36002B015
:102B500010BDFF2903D8084BC9B29847F7E7B1F574
:102B6000803F03D2054B89B29847F0E7044B984762
:102B7000EDE700BF000000000000000000000000C2
:102B80000000000073B50C1E054621DB7E2C08DC1E
:102B90008DF8044001A9234B9847EB680133EB60A3
:102BA00008E0E317B4F5807F73F1000204D21E4BF6
:102BB000E1B2984702B070BDB4F5803F73F10003F5
:102BC00003D21A4BA1B29847F4E7194B9847F1E7A3
:102BD00014F11E0FDCDA14F1800F164B06DBD02146
:102BE000984728468DF8044001A9D4E714F5004F12
:102BF000114E0BDBD121ADF80440984728460DF16A
:102C00000501B047284601A9B047C6E70194D22183
:102C10009847032401AB19192846B047013CF9D263
:102C2000BBE700BF00000000000000000000000043
:102C30000000000000000000000000002DE9F84F37
:102C400004460D46DFF88CA001EB020BAB4501D129
:102C5000BDE8F88FD4E90183984509D041460120A9
:102C6000D0472B7803706368013363600135EDE76B
:102C7000134A0121134B20469847134B276881467E
:102C80009847A8EB0701014406460120D0472B785E
:102C90004146037032460D4B384698474146421C28
:102CA0000A4B40469847804627B1A1683846084BF2
:102CB000C91B9847C4E900684E44A660D6E700BF28
:102CC000BB0A00000000000000000000000000003F
:102CD0000000000000000000F7B58D6804461F2DBD
:102CE0000F68174E0FD865F05F038DF8043001A907
:102CF000144B98472A4639462046B047E3680133CB
:102D0000E36003B0F0BDFF2D0F4B06D8D9219847E3
:102D100020468DF8045001A9EAE7B5F5803F08D2B6
:102D2000DA2198472046094BADF8045001A998478D
:102D3000E0E7DB2198472046054B019501A9F6E71E
:102D40000000000000000000000000000000000083
:102D50000000000038B50C4605460221074B984795
:102D600054F8041B2846064B984728462146054B35
:102D700098472846044B984738BD00BF0000000024
:102D80000000000000000000000000002DE9F041FC
:102D90001E4B074688B008468846144698471C4E86
:102DA0000546B0B91B491C4B01A89847FD2301A952
:102DB000049305A8194B984701A8B0472046184B23
:102DC00004A9984705A8B0470025284608B0BDE8E3
:102DD000F0810023694600934046124B9847009BC0
:102DE0000BB11149DFE7FB680BB9104B9847391D50
:102DF0003B6904A8984720460D4B984720460D4B49
:102E000004A9984704A8B047DFE700BF000000000E
:102E1000000000001008000000000000000000009A
:102E2000000000000000000030080000000000006A
:102E3000000000000000000038B50569D0E901235A
:102E40009B1AB5EBA30F044603D300234375002060
:102E50001CE001234375214B984728B300F134034C
:102E6000DBB2142B35D8CC38142832D8DFE800F088
:102E70001F22252B0F1215183131313131313131EB
:102E8000313131310B002046154B984738BD204673
:102E9000144BFAE72046144BF7E72046134BF4E7B0
:102EA0002046134B9847F1E72046124BEDE72046AA
:102EB000114BEAE72046114BE7E72046104B9847B5
:102EC00020EAE070E2E720460E4B98470029DDDA61
:102ED000BDE70023013563752561B8E700000000F8
:102EE00000000000000000000000000000000000E2
:102EF00000000000000000000000000000000000D2
:102F0000000000000000000038B5037D04460D46B7
:102F10001BB1D0E90123934203D100236375002044
:102F200038BD9B1A0269B2EBA30FF6D2044B984747
:102F30002860637D002BF2D02046024B9847EFE7D4
:102F4000000000000000000038B50569D0E9012349
:102F50009B1AB5EBA30F044604D3002343759FEDE2
:102F60002F0A21E0012343752D4B9847A8B100F1AA
:102F70003603DBB2162B4BD8CA38162848D8DFE800
:102F800000F03B3F14171A1D2D3033364747474793
:102F9000474747474747474725002046214B984723
:102FA00000EE100AB8EE400A38BD20461E4BF6E788
:102FB00020461E4BF3E720461D4BF0E71D4B2046F5
:102FC00098471D4B984700EE100AEDE720461B4B33
:102FD000984700EE100AB8EEC00AE5E72046184B05
:102FE000F6E72046174BF3E72046174BF0E7174B61
:102FF00020469847164BE5E72046164B9847D3E7FF
:103000002046154B9847154B51EC100B9847DAE7C3
:103010000023013563752561A1E700BF00000000B2
:1030200000000000000000000000000000000000A0
:103030000000000000000000000000000000000090
:103040000000000000000000000000000000000080
:103050000000000000000000000000000000000070
:1030600038B50569D0E901239B1AB5EBA30F0446D7
:1030700004D3002343759FED2C0B21E001234375FE
:103080002B4B9847A8B100F13603DBB2162B46D87C
:10309000CA38162843D8DFE800F0363E14171A1D48
:1030A000282B2E3142424242424242424242424256
:1030B000230020461F4B98471F4B984741EC100BAD
:1030C00038BD20461D4BF6E720461D4BF3E7204652
:1030D0001C4BF0E71C4B204698471C4B9847EDE7EC
:1030E00020461B4B98471B4BE7E720461A4BF9E756
:1030F00020461A4BF6E72046194BF3E7194B2046BA
:103100009847194BEAE72046184B9847184B10EEA2
:10311000100A9847D2E72046164B9847D0E700237D
:10312000013563752561A6E700000000000000007E
:10313000000000000000000000000000000000008F
:10314000000000000000000000000000000000007F
:10315000000000000000000000000000000000006F
:10316000000000000000000000000000000000005F
:1031700000000000000000002DE9F7430F69D1E9CD
:1031800001239B1AB7EBA30F06460D4608D3002375
:103190004B75C0E900338360304603B0BDE8F0836F
:1031A0004FF001080846344B81F815809847C52830
:1031B0004FF0000421D0C6283BD0C42854D1C6E922
:1031C0000044B460424628462969DFF8B880C04709
:1031D0000746DFF8B490E3B29F42296902D8013173
:1031E0002961D9E7A21C2846C0470DF107018DF8D7
:1031F00007003046C8470134EDE7C6E90044B46033
:103200004246284629691D4B98470746DFF87480D7
:10321000DFF87490A3B2BB422969E0D2E21C2846D1
:10322000C0470DF107018DF807003046C84701344B
:10323000F0E7C6E90044B460424628462969104BCD
:1032400098470746DFF83C80DFF83C90A7422969A1
:10325000C5D0621D2846C0470DF107018DF8070053
:103260003046C8470134F1E701376C752F61C6E974
:103270000044B46090E700BF0000000000000000C0
:1032800000000000000000000000000070B5037D99
:1032900004460E4615461BB1D0E90123934203D1E3
:1032A00000236375002070BD9B1A0269B2EBA30F67
:1032B000F6D2054B98473060637D002BF2D029464B
:1032C0002046024B9847EEE7000000000000000097
:1032D000F8B506460F4615460024AC4201D32046F9
:1032E000F8BD30682A1B036839199B689847044465
:1032F000F3E700002DE9FF4700258946984604467C
:10330000D0F8187404216846DFF874A01646CDE999
:103310000055CDE90255D04729466846134B9847DA
:10332000134B394668469847124D49466846A847A8
:1033300001216846D04741466846A847DDE90015A7
:103340006D1A2A4620460C4B984785420B4A04D0FA
:103350006846904704B0BDE8F087D4F81834684652
:103360000133C4F8183490473760F3E700000000D9
:10337000000000000000000000000000000000004D
:10338000000000002DE9F04300258846044685B082
:10339000D0F8187404216846DFF870901646CDE91D
:1033A0000055CDE90255C84729466846124B984753
:1033B00039466846114B9847114B41466846984735
:1033C00029466846C847DDE900156D1A2A46204699
:1033D0000C4B984785420C4A04D06846904705B08C
:1033E000BDE8F083D4F8183468460133C4F81834C3
:1033F00090473760F3E700BF0000000000000000C6
:1034000000000000000000000000000000000000BC
:103410002DE9F04304460D461646DFF89490DFF898
:10342000948085B000F12407642200233846C84701
:10343000002831D12368CDE90000CDE90200DFF892
:10344000789068460321D3F80080144CC84768463A
:103450000221A047124B2946684698476846012139
:10346000C84768463168A047DDE90014641A0D4B6F
:10347000224640469847844208BFD8F81834684628
:1034800004BF0133C8F81834074B98473846074B38
:1034900005B0BDE8F0431847C047C5E7000000008D
:1034A000000000000000000000000000000000001C
:1034B00000000000000000000000000008B5D1F886
:1034C00004315A1C09D0D1E946128A4205D0022B98
:1034D00003D00068014B521A984708BD0000000055
:1034E0002DE9F041044600F130070E4615464FF035
:1034F000FF334FF0FF3238460649884720462946B9
:10350000054B40F8046B98473846BDE8F041034B43
:10351000184700BF0000000000000000000000008D
:103520002DE9FF4104468846002517461E46144BE8
:1035300098474146C4E90455124B04F118009847D6
:103540000A9B2946E36204F1300314221846C4E9B9
:1035500009760D4DA8470B9A0C4B626498470C49AD
:103560000C4B01A89847FF21204601AA0A4B984717
:103570000A4B01A89847204604B0BDE8F08100BF7F
:10358000000000000000000000000000000000003B
:10359000710A0000000000000000000000000000B0
:1035A00038B5044600F130054FF0FF3207494FF0BF
:1035B000FF332846884724682846002CD4BF0024BF
:1035C0000124034B9847204638BD00BF000000008F
:1035D00000000000034670B508465418D3F80414E0
:1035E0008C421DD8B8B16FF003060432091A1A4490
:1035F000F61AB518A9420FD8D3F81024C3F804144A
:1036000094428DBF0022121AC3F81024C3F810246C
:1036100088BFC3F8142470BD155C02F8015BE8E7AD
:103620000020F8E710B5094B0022D0F80C1404462E
:1036300098474FF0FF33C4F808340023C4F80C3423
:10364000D4F81C340133C4F81C3410BD0000000051
:103650002DE9F041037D04460D4616461BB1D0E925
:103660000123934203D10023637500202AE09B1AB3
:1036700002694FEAA308B2EBA30FF4D2124A134F28
:10368000136813F0010302BF3B6001231360104B6A
:103690009847637D3860002BE7D023699845E2D9CD
:1036A0000C4B204698472860637D002BDDD00A4BE9
:1036B0002046291D9847637D002BD6D031462046F1
:1036C000064B9847BDE8F0810000000000000000B4
:1036D00000000000000000000000000000000000EA
:1036E0002DE9F04105460E4600241C27DFF8208016
:1036F000D5F8F03AA34202D80020BDE8F081314667
:1037000007FB0450C0470028F7D10134F0E700BFA1
:10371000000000007FB50646134B14209847002593
:1037200004466946114B0420CDE90055CDE9025508
:103730009847066020460E4B0E4A039340F8042B30
:103740000D4B022269466560C0E90155256102936F
:103750009847039B68462361029BE360074B9847A9
:10376000204604B070BD00BF000000000000000053
:103770000000000008000000000000000000000041
:103780007FB50646134B142098470025044669462A
:10379000114B0420CDE90055CDE90255984706604C
:1037A00020460E4B0E4A039340F8042B0D4B022289
:1037B00069466560C0E90155256102939847039BFE
:1037C00068462361029BE360074B9847204604B09C
:1037D00070BD00BF000000000000000000000000FD
:1037E00008000000000000000000000038B5056976
:1037F000D0E901239B1AB5EBA30F044603D30023A2
:103800004375002013E001234375124B984758B1CC
:1038100000F13403DBB2032B17D8CD38022807D8C8
:10382000DFE800F0090C0F0020460B4B984738BD2D
:1038300020460A4BFAE72046094BF7E72046094B9A
:10384000F4E72046084B9847F1E7002301356375FC
:103850002561D6E700000000000000000000000025
:1038600000000000000000000000000070B5037DB3
:1038700004460E4615461BB1D0E90123934203D1FD
:1038800000236375002070BD9B1A0269B2EBA30F81
:10389000F6D2054B98473060637D002BF2D0294665
:1038A0002046024B9847EEE70000000000000000B1
:1038B0002DE9F041D1F80C740446032F0D462A4E31
:1038C0008CB006D820462949B04720460CB0BDE848
:1038D000F081D1F8083433F00208F3D1244B06A864
:1038E0009847244B06A898473A46234B291D06A81B
:1038F000984748B92846214B984720461B49B0476E
:103900001F4B07A89847E0E7184903A8B0476A4645
:103910001C4B01A906A8CDF80480984748B9284651
:10392000164B984720461149B047174B03A89847B4
:10393000E6E7009B73B9019B042BF0D1134B03AA5C
:1039400002A906A898470028E9D02046104B03A9F1
:103950009847EAE7022BE2D1019B032BDFD10D4B05
:1039600003A906A89847EEE7000000003100000018
:103970000000000000000000000000000000000047
:103980000000000000000000000000000000000037
:103990000000000000000000F0B5D0F8005104461F
:1039A00087B01DB90025284607B0F0BD00F5947614
:1039B00030461E4B98472A46214630461C4B9847B6
:1039C0000028EFD01B491C4B03A8984700236A46E8
:1039D00002933046194B02A99847054620B90025A5
:1039E000174B03A89847DEE7009FA7B9029B042B5B
:1039F000F5D13046134B03AA01A998470028EED011
:103A0000114B03A904F586709847019BC4F8047113
:103A1000C4F80831E4E7022FE1D1029B032BDED189
:103A200030460A4B03A99847E8E700BF00000000B2
:103A30000000000031000000000000000000000055
:103A40000000000000000000000000000000000076
:103A50002DE9F047374B064688B008460C46984794
:103A600004F5867804F59477C0B94FF0FF333249F6
:103A7000C4E94130C4F80001304B40469847304B10
:103A800038469847D4E94632934218BFC4F81C31EF
:103A90000023C4F8243108B0BDE8F087D4E94632E9
:103AA000934218BFC4F81C310023C4F82431D4F861
:103AB000043104F58C7563B904212846214B9847DD
:103AC00001212846204B98472846D4F808111F4B5F
:103AD00098470024DFF888A006F10409D6F8F43AE4
:103AE00041469C4212D31A4B01A89847FE2301A9D4
:103AF000049305A8174B98472846174B04A99847E5
:103B0000164C05A8A04701A8A047C4E74846D047DF
:103B100009F11C0958B11C232A46394603FB0464E9
:103B2000E06903689B6808B0BDE8F04718470134B6
:103B3000D4E700BF000000003100000000000000DA
:103B40000000000000000000000000000000000075
:103B50000000000000000000000000000000000065
:103B6000000000002DE9F0411E46037D0446884612
:103B700017461BB1D0E901359D4204D1002363757E
:103B80000020BDE8F081ED1A0369B3EBA50FF5D273
:103B9000184B9847C8F80000637D002BF0D0237DB8
:103BA000002BEBD0D4E901318B42E7D0C91A23694D
:103BB000B3EBA10FE2D2104B204698473860637DEB
:103BC000002BDDD0237D002BD8D0D4E901329342E5
:103BD000D4D0D21A2369B3EBA20FCFD2074B204621
:103BE00098473060637D002BCAD02046044B98472D
:103BF000C7E700BF00000000000000000000000058
:103C0000000000002DE9F043D0F8146404460F468C
:103C100090461D468BB096B14A4B04A898474A4B34
:103C200004A89847D4F81034211D19443246474B54
:103C300004A8984738B90026454B05A89847304650
:103C40000BB0BDE8F0834FF00009424E03AB02AA6F
:103C500001A904A8CDF80490B04706460028EAD090
:103C6000039BBB42E7D1029B3B4F012B1BD0284655
:103C7000FC233A4940F8043B394B98472046D4F896
:103C80001024D4F81414B847D4F810342BB94FF0DA
:103C9000FF32C4F80C34C4F80824D4F81C340133BF
:103CA000C4F81C34C8E7019B042B05D02846FC232C
:103CB0002C4940F8043BDFE72B4B04A88DF800901B
:103CC0009847C02831D19DF824301BB1DDE9052388
:103CD0009A4208D100238DF825302846FC23234939
:103CE00040F8043BC8E79B1A089AB2EBA30FF1D245
:103CF0001F4B04A898479DF825308DF80000002B35
:103D0000EBD041461B4B04A898470028E5D0D4F8D7
:103D100010242AB94FF0FF33C4F80C24C4F8083437
:103D20002046D4F81414B84786E76A462946124B51
:103D300004A898470028EAD12846FC230F4940F8F8
:103D4000043B99E7000000000000000000000000B4
:103D5000000000000000000000000000DD06000080
:103D600000000000F606000000000000130700003D
:103D70000000000000000000000000003407000008
:103D80002DE9F043D0F8146404460F4690461D46D2
:103D90008BB096B14A4B04A898474A4B04A8984761
:103DA000D4F81034211D19443246474B04A89847D3
:103DB00038B90026454B05A8984730460BB0BDE8FA
:103DC000F0834FF00009424E03AB02AA01A904A8F8
:103DD000CDF80490B04706460028EAD0039BBB42CA
:103DE000E7D1029B3B4F012B1BD02846FC233A49CD
:103DF00040F8043B394B98472046D4F81024D4F8B7
:103E00001414B847D4F810342BB94FF0FF32C4F86B
:103E10000C34C4F80824D4F81C340133C4F81C341E
:103E2000C8E7019B042B05D02846FC232C4940F809
:103E3000043BDFE72B4B04A88DF800909847C0287F
:103E400031D19DF824301BB1DDE905239A4208D118
:103E500000238DF825302846FC23234940F8043BF5
:103E6000C8E79B1A089AB2EBA30FF1D21F4B04A824
:103E700098479DF825308DF80000002BEBD0414687
:103E80001B4B04A898470028E5D0D4F810242AB981
:103E90004FF0FF33C4F80C24C4F808342046D4F89B
:103EA0001414B84786E76A462946124B04A8984777
:103EB0000028EAD12846FC230F4940F8043B99E743
:103EC00000000000000000000000000000000000F2
:103ED0000000000000000000DD06000000000000FF
:103EE000F6060000000000001307000000000000BC
:103EF0000000000000000000340700002DE9F0433E
:103F0000D0F8146404460F4690461D468BB096B117
:103F10004A4B04A898474A4B04A89847D4F8103451
:103F2000211D19443246474B04A8984738B900264A
:103F3000454B05A8984730460BB0BDE8F0834FF0DD
:103F40000009424E03AB02AA01A904A8CDF80490CF
:103F5000B04706460028EAD0039BBB42E7D1029B4C
:103F60003B4F012B1BD02846FC233A4940F8043B29
:103F7000394B98472046D4F81024D4F81414B84785
:103F8000D4F810342BB94FF0FF32C4F80C34C4F815
:103F90000824D4F81C340133C4F81C34C8E7019B4E
:103FA000042B05D02846FC232C4940F8043BDFE7CE
:103FB0002B4B04A88DF800909847C02831D19DF86C
:103FC00024301BB1DDE905239A4208D100238DF886
:103FD00025302846FC23234940F8043BC8E79B1AB8
:103FE000089AB2EBA30FF1D21F4B04A898479DF893
:103FF00025308DF80000002BEBD041461B4B04A868
:1040000098470028E5D0D4F810242AB94FF0FF33A0
:10401000C4F80C24C4F808342046D4F81414B84763
:1040200086E76A462946124B04A898470028EAD139
:104030002846FC230F4940F8043B99E700000000A4
:104040000000000000000000000000000000000070
:1040500000000000DD06000000000000F606000081
:104060000000000013070000000000000000000036
:10407000000000003407000038B50C1A134605D0C4
:10408000014622461846024DA8470346181938BD76
:104090000000000038B50C1A134605D00146224630
:1040A0001846024DA8470346181938BD0000000005
:1040B0002DE9F74F9846002308F1010A9A45044676
:1040C00089461746C0E90033836002DA2F48304B37
:1040D000984713D02F4B504698472668054602460E
:1040E000616830462C4B984726B1A16830462B4B6F
:1040F000891B9847C4E900555544A5602046284BC4
:104100000DF1070107EB080B8DF807909847BB45A9
:1041100016D0D4E901639B1B9845DFF890A0DFF827
:10412000909011D8324659463846D0476268314699
:10413000424462603046C847324639463846D04726
:10414000204603B0BDE8F08F4146164A164B204684
:104150009847104B804698473146024605462068EE
:10416000C847594602463846D0476168024630463D
:10417000C8470646206818B1A168084B091A984735
:10418000C4E900564544A560DAE700BF920A000082
:10419000000000000000000000000000000000001F
:1041A00000000000A20A0000000000000000000063
:1041B000000000002DE9F8430D69D1E901239B1AA5
:1041C000B5EBA30F06460C4605D300234B75C6E995
:1041D0000033B36026E0012308464B754C4B9847EB
:1041E000C7386F1C112800F28F80DFE800F05A6F8B
:1041F0007E8D8D8D8D8D8D8D8D8D8D091E2D3C4BE4
:1042000001222946434B204698470222424B8046D2
:1042100029462046276198470123024641463046F9
:104220003E4CA0473046BDE8F88301222946394B71
:10423000204698470222384B80462946204627616F
:10424000984702230246E9E701222946314B2046DE
:1042500098470222304B80462946204627619847DE
:1042600004230246DAE7012229462A4B20469847D2
:104270000222294B80462946204627619847082379
:104280000246CBE701222946224B204698470222CC
:10429000214B804629462046276198471023024635
:1042A000BCE7012229461E4B204698470222814640
:1042B00029462046174B9847032280462761164B14
:1042C0002946204698474B460246A7E70122294641
:1042D000144B2046984703228146294620460D4B21
:1042E0009847042280462761E9E7012229460E4BC0
:1042F000204698470522814629462046054B984787
:10430000062280462761DAE70023276163755EE7AE
:10431000000000000000000000000000000000009D
:104320000000000000000000000000002DE9FF4731
:104330007E4B04469847C028064604D120467C4957
:104340007C4B984731E0C22803D120467A497B4B09
:10435000F7E720467A4B984720B92046794B984793
:10436000054618B120467849784BEAE7CA2E1ED197
:10437000237D1BB1D4E901239A4205D10023637543
:10438000284604B0BDE8F0879B1A2269B2EBA30F60
:10439000F4D26F4B204698476E4B83ED000A637D45
:1043A000002BEDD020466C4B98470546E8E7CB2E16
:1043B00012D1237D002BE1D0D4E901239A42DDD034
:1043C0009B1A2269B2EBA30FD8D2644B20469847C0
:1043D000634B83ED000BE2E72046624B98470746AC
:1043E00080B1614D2B68DA0708D4604B60496148A1
:1043F0009847012360482B60604B984720465D49F1
:104400005F4B9EE706F13C03DBB2022B16D9204638
:104410005C4B98478046002840D020465A4B019775
:1044200001A998473E46DFF8AC91DFF8ACA1019BAB
:10443000C9F800709E4226D34546A1E7534A136847
:10444000DB0708D4524B5348C3E900559D60012354
:1044500013604A4B9847237D002B8FD0D4E901236A
:104460009A428BD09B1A2269B2EBA30F86D22146C7
:1044700001A8494B9847464801A9484B9847484BE3
:1044800001A898478BE72046D047054600283FF40F
:1044900077AFD9F8007001360137C8E72046414BA5
:1044A000984718B120464049404B4AE706F12C0393
:1044B000DBB2042B15D93936F6B2022E11D92046BB
:1044C0003B4B984748B920463A4B984728B9204675
:1044D000394B984700283FF453AF20463749384BB3
:1044E0002FE738490B6813F0010308D1364A3748E3
:1044F000C2E90033936001230B60204B9847237D72
:10450000002B3FF43BAFD4E901239A423FF436AF8E
:104510009B1A2269B2EBA30FBFF430AF214601A86A
:104520002B4B9847284801A9A7E700BF00000000CF
:10453000000000000000000000000000000000007B
:10454000000000000000000000000000000000006B
:10455000000000000000000000000000000000005B
:10456000000000000000000000000000000000004B
:10457000310000000000000000000000000000000A
:10458000000000000000000000000000000000002B
:10459000000000000000000000000000000000001B
:1045A000000000000000000000000000000000000B
:1045B00000000000000000000000000000000000FB
:1045C00000000000000000000000000000000000EB
:1045D0000000000000000000000000002DE9F04F86
:1045E000D0F80C340446032B89B05AD9D0F81434CF
:1045F000002B6BD1D0F810643A4B02A898474FF0CB
:10460000FF38002504F10409DFF8FCA0B144D4F818
:10461000042473199A4256D902A80135D0472A4674
:104620004946314B02A898470028F0D02F4B02A8EA
:1046300098470028EBD000236946009302A82C4B32
:104640009847009FD7B12B4B02A8984718B92A4B1F
:1046500002A8984738B3294B01A902A89847012F0F
:10466000DDF804800AD00127DFF8A0B002A8D847FF
:104670000028CCD0009B01379F42F7D3B8F1020F3E
:1046800017D814D0042F14D11EB9C4F80884C4F864
:104690000C54B8F1010F21D1C4F81064C4F81454BB
:1046A00011E00026A8E707466FF00108DCE7032FBA
:1046B0000FD0134B3246294620469847D4F81C3475
:1046C0000133C4F81C340F4B03A8984709B0BDE868
:1046D000F08F1EB9C4F80884C4F80C543544C4F8EB
:1046E0001054F0E70000000000000000000000008F
:1046F00000000000000000000000000000000000BA
:1047000000000000000000000000000000000000A9
:1047100038B50446006803685B69984790B1D4F8DF
:104720000434B3F5806F0DD0214651F8040B0268B4
:104730001944D568C3F58062A847D4F8043403440B
:10474000C4F804342046014B984738BD00000000EF
:104750002DE9F043064685B00068274B90460D468C
:1047600098473168254B01A898472549254B01A852
:104770009847044630B9DFF89890371DD6F8F43AD8
:104780009C4207D30024204B01A89847204605B03F
:10479000BDE8F083384601A9C84710B901341C3779
:1047A000ECE7414607F10C00C8470028F6D0306816
:1047B000D0F8083433F002031CD1D0F80C140A1FCF
:1047C000FC2A17D82B46C21C4C1912F8016F03F8AB
:1047D000016BA342F9D14FF0FF330022C0F8083437
:1047E000C0F80C24094B9847041E18BF0124C5F8D3
:1047F0000001C8E70020F7E700000000000000000B
:104800003100000000000000000000000000000077
:10481000000000002DE9F04100F110060446D4B07C
:10482000642200233046DFF89880C047C8B9194B8E
:1048300004A8984765681849184B01A89847284666
:10484000174B01AA04A998470746164B01A8984799
:10485000154D304647B9A847144B9847144B04A848
:10486000984754B0BDE8F081A8476068114B04A98F
:104870009847114F04F12406642200233046C047B4
:1048800030B960680D4B04A998473046A847E5E762
:10489000B847F1E7000000005807000000000000E2
:1048A0000000000000000000000000000000000008
:1048B00000000000000000000000000000000000F8
:1048C0000000000008B5054B98470548054B984780
:1048D00010B10348044B984708BD00BF000000001A
:1048E0000000000000000000000000002DE9F04181
:1048F00000F110060446D4B0642200233046DFF8ED
:104900009880C047C8B9194B04A8984765681849EA
:10491000184B01A898472846174B01AA04A99847A5
:104920000746164B01A89847154D304647B9A8478A
:10493000144B9847144B04A8984754B0BDE8F08135
:10494000A8476068114B04A99847114F04F1240649
:10495000642200233046C04730B960680D4B04A97B
:1049600098473046A847E5E7B847F1E70000000060
:104970003100000000000000000000000000000006
:104980000000000000000000000000000000000027
:1049900000000000000000000000000008B5054C09
:1049A000054D064E2046A84708B12046B047044BA7
:1049B0009847F7E70000000000000000000000003A
:1049C00000000000F8B50E46044617461D46006874
:1049D000094B984731462B46084E3A462068B04767
:1049E000064638B1294651F8043B44F8043F201DDF
:1049F000034B98473046F8BD00000000000000005F
:104A00000000000000232DE9F0470122044688B091
:104A10008DF8003000F11403D3E8EF1F002903D113
:104A2000C3E8E02F0028F7D13CD12F4F2F4D64224F
:104A30000023E06AB84700284AD1606A636C0068C6
:104A40002B4D04F1100204F11801A847E06A294D2A
:104A5000A847DFF89880DFF8BC90DFF8BCA064229C
:104A60000023A06AB84700283BD104A8C8476A467B
:104A70002169606A04ABD0471F4E00282AD0A06A83
:104A8000A847049D1D4B05A901A898471C4B294622
:104A900001AA2046984701A8B04705A8B04720467C
:104AA000184B0AE01849194B04A898472046144BA4
:104AB000FF2104AA9847104B04A898470E4D04F113
:104AC0001800A847201DA847204608B0BDE8F08779
:104AD000A847ACE7A06AA8470D4B984705A8B04780
:104AE000BDE7C047BBE700BF0000000000000000BA
:104AF00000000000000000000000000000000000B6
:104B00000000000000000000500A0000000000004B
:104B100000000000000000000000000000232DE95C
:104B2000F0470122044688B08DF8003000F11403EC
:104B3000D3E8EF1F002903D1C3E8E52F002DF7D1FB
:104B40003BD1294F294D64220023E06AB847002851
:104B50003FD1636A04F11002186804F11801244B74
:104B60009847244DE06AA847DFF88080DFF8A090DE
:104B7000DFF8A0A064220023A06AB847002831D142
:104B800004A8C8476A462169606A04ABD0471A4E38
:104B900008B3A06AA847049D05A9184B01A8984727
:104BA0002946174B01AA2046984701A8B04705A8F7
:104BB000B0472046134B984701E0134B98470E4DE2
:104BC00004F11800A847201DA847204608B0BDE8FA
:104BD000F087A847B7E7A06AA8470C4B984705A8F5
:104BE000B047C7E7C047C5E700000000000000006D
:104BF00000000000000000000000000000000000B5
:104C000000000000000000000000000000000000A4
:104C10000000000000000000F8B50E4604461746EC
:104C20001D460068094B984731462B46084E3A46C8
:104C30002068B047064638B1294651F8043B44F88D
:104C4000043F201D034B98473046F8BD000000008C
:104C500000000000000000002DE9F04F0122044692
:104C60000F4689B000F11403D3E8EF1F002903D1E8
:104C7000C3E8E52F002DF7D12ED1DFF8C480274DF2
:104C800064220023E06AC04700282AD1636A04F145
:104C90001002186804F11801214B9847214DE06A71
:104CA000A847DFF87890DFF89CA0DFF89CB064227A
:104CB0000023A06AC047B0B904A8D0473A4621698A
:104CC000606A04ABD847184E78B9A06AA847174B5A
:104CD000984705A8B047EAE7154B09B0BDE8F04F83
:104CE0001847A847CCE7C847E1E7A06AA847049D52
:104CF00005A9104B01A89847294601AA0E4B20464A
:104D0000984701A8B04705A8B04720460B4B9847E5
:104D100080F00100C0B209B0BDE8F08F00000000D3
:104D20000000000000000000000000000000000083
:104D30000000000000000000000000000000000073
:104D40000000000000000000000000002DE9F04F0E
:104D5000044600F11008A1B05B4E404604F124095E
:104D60000D4604F13807B0474846B0473846B047CB
:104D70002046564B9847002840F0A0804FF0FF3265
:104D80004FF0FF33524938468847A06829460368E8
:104D9000504DDB699847A06803689B6A98470028D4
:104DA00000F08F80A0684C49036825225B68984713
:104DB0004A4E0820B0474A4AA368E060C0E9002391
:104DC0001420B0470546DFF858A1E068D0472B46CD
:104DD00043F8040B1846434B9847256040F6F820EB
:104DE000B0470646E068D047354645F8040B3E4BD1
:104DF00040F6F42200212846DFF828B1DFF828A188
:104E0000984706F6F423594628460993D04705F1FA
:104E10000C005946D047099B1C359D42F3D1002513
:104E20006660C6F8F45A314B29464FF4FA70984739
:104E30000146206500220023CDE9062305234FF417
:104E4000FA72CDE90253CDE90055294B294E04955C
:104E500004F15800B047E064274B28499847284997
:104E60000BA88DF82B50D047CDF8009043460BA9E6
:104E70002268244D0EA8A847234B0DF12B010EA844
:104E8000984708B19DF82B00204B84F860010EA8CC
:104E900098471F4D0BA8A8471E490EA8D0474FF4AE
:104EA00080730BAA0EA920460B931B4B98470EA8A4
:104EB000A8473846194B98479DF82B0021B0BDE80C
:104EC000F08FA84767E700BF000000000000000067
:104ED000000000000000000061070000000000006A
:104EE00008000000000000000000000000000000BA
:104EF0000000000000000000000000008707000024
:104F00008E0700000000000000000000000000000C
:104F100000000000960700000000000000000000F4
:104F20000000000031000000000000002DE9F04FFB
:104F3000012204460F4689B000F11403D3E8EF1FA5
:104F4000002903D1C3E8E02F0028F7D10CBF154694
:104F5000002541D1DFF8E0802D4D64220023E06A76
:104F6000C047002848D1606A636C0068294D04F18D
:104F7000100204F11801A847E06A274DA847DFF89E
:104F80009090DFF8B8A0DFF8B8B064220023A06AE0
:104F9000C047002839D104A8D0473A462169606A41
:104FA00004ABD8471D4E002828D0A06AA847049D0E
:104FB0001B4B05A901A8984729461A4B01AA204670
:104FC000984701A8B04705A8B0472046164B984718
:104FD00080F00100C0B20CE01449154B04A89847BA
:104FE000FF2120460F4B04AA98470C4B04A8984772
:104FF000284609B0BDE8F08FA847AEE7A06AA847E9
:105000000C4B984705A8B047BFE7C847BDE700BFAE
:105010000000000000000000000000000000000090
:10502000000000000000000000000000500A000026
:105030000000000000000000000000000000000070
:10504000000000002DE9F04F012204468A4689B095
:1050500000F11403D3E8EF1F002903D1C3E8E52FC3
:10506000002DF7D132D1DFF8E8802D4D64220023E6
:10507000E06AC04700282ED1636A04F11002186864
:1050800004F11801274B9847274EE06AB047DFF834
:105090009090DFF8C0B064220023A06AC047E0B956
:1050A000224B04A89847656A27692868D84739467B
:1050B00052461F4F286804ABB8471E4F78B9A06A04
:1050C000B0471D4B984705A8B847E4E71B4B09B00C
:1050D000BDE8F04F1847A847C8E7C847DBE7049B7F
:1050E00005A945F8043F281D154B9847A06AB0470D
:1050F000049D05A9134B01A89847294601AA124B04
:105100002046984701A8B84705A8B84720460F4B46
:10511000984780F00100C0B209B0BDE8F08F00BF31
:10512000000000000000000000000000000000007F
:10513000000000000000000000000000000000006F
:10514000000000000000000000000000000000005F
:1051500000000000000000002DE9F047044600F5C3
:1051600008763046354B9CB098472046344B9847DC
:105170000546A0B94FF0FF324FF0FF3331493046BA
:1051800088472069304B9847304F60B94FF4E13180
:1051900020692F4B9847054628B93046B84728461E
:1051A0001CB0BDE8F087002325692A498DF80F302F
:1051B00007A8294B984705F1240300932A6805F1B5
:1051C000100307A9254D0AA8A847254B0DF10F018B
:1051D0000AA8984708B19DF80F00DFF8949084F86A
:1051E00034020AA8C847DFF88C8007A8C047DFF858
:1051F00068A01C4904A8D04725691B4907A8D047C7
:1052000005F1240300932A6805F1100307A9134D43
:105210000AA8A847154B04A90AA8984705460AA852
:10522000C84785F0010507A8C047304684F83552C5
:10523000B84704A89DF80F50C047B0E70000000031
:10524000000000000000000000000000000000005E
:1052500000000000AF070000000000000000000098
:105260000000000031000000BD0700000000000049
:1052700000000000000000002DE9F04F8C4BADB0A5
:1052800098478C4A1368C31AB3F57A7F16D3106017
:10529000894B8A489847DFF824A20446DFF87C82CD
:1052A000874F884E68B9884B4FF4E1315046984794
:1052B000864B88F800403C7034701C702DB0BDE8FF
:1052C000F08F33781BB98248824B9847307098F83A
:1052D0000030002B4FD1804C0DF110097F49DFF8D1
:1052E00040B24846D8474FF0FF324FF0FF332046D8
:1052F0007B4988477B490AA8D847A4F11403009347
:10530000CDF8049054F8382CA4F128030AA9764C5F
:105310001AA8A047754B0DF10F011AA8984704462B
:10532000E0B19DF80F40CCB1714907A8DAF80450FC
:10533000D847494610A8DFF8EC91C84707A90DA83F
:10534000C847D5F8F43A632B40F283800024694DB6
:105350000DA8A84710A8A84707A8A847664B1AA8F1
:105360009847644D0AA8A8475B48644B984704A82F
:1053700088F80040A8473B78002B4ED1564C0DF1E1
:1053800010095F49DFF898B14846D8474FF0FF321F
:105390004FF0FF3320465249884752490AA8D84760
:1053A000A4F114030093CDF8049054F8382CA4F120
:1053B00028030AA94C4C1AA8A0474C4B0DF10F0129
:1053C0001AA898470446E0B19DF80F40CCB148496F
:1053D00007A8DAF80450D847DFF848A1494610A8D2
:1053E000D04707A90DA8D047D5F8F43A632B40F26F
:1053F0009B8000243F4D0DA8A84710A8A84707A8E8
:10540000A8473D4B1AA898473A4D0AA8A8473248E2
:105410003A4B984748463C70A8472C4B1B78002BCA
:105420007FF44CAF98F80030002B3FF447AF3B7847
:10543000002B3FF443AF3378002B3FF43FAF012301
:10544000224A3049137022482F4B2DB0BDE8F04F4F
:10545000184705F1040B58462C4B10A99847002813
:105460007FF474AF10A913A8C8470DA916A8C847A0
:10547000274B284898471990D5F8F43A13A95A1C95
:10548000C5F8F42A1C2202FB03F9234B0BEB09009D
:10549000984709F10C0016A91F4B58449847199BCF
:1054A0004D44EB6116A8134DA84713A8A8474EE733
:1054B00000000000C00C0000000000000000000020
:1054C000C60C0000C50C000000000000C40C000069
:1054D0000000000000000000380000000000000094
:1054E00000000000040000000000000000000000B8
:1054F000310000000000000000000000000000007B
:105500000F00000013000000000000000000000079
:10551000000000000000000000000000C70C0000B8
:10552000000000000000000005F1040B5846164B77
:1055300010A9984700287FF45CAF10A913A8D047A2
:105540000DA916A8D047114B114898471990D5F8C6
:10555000F43A13A95A1CC5F8F42A1C2202FB03FAD8
:105560000C4B0BEB0A0098470AF10C0016A9094BEB
:1055700058449847199B5544EB6116A8064DA84717
:1055800013A8A84736E700BF000000000000000095
:105590000000000000000000000000002DE9F843BA
:1055A0001A4B04460F469847064618B9002630465F
:1055B000BDE8F883237D1BB1D4E901239A4215D1BC
:1055C0000025657500239846DFF84C90A8453B60A0
:1055D000EDD02046C8470028E8D02046C84700281C
:1055E000E4D03B6808F101080133EFE79B1A226918
:1055F000B2EBA30FE4D2064B20469847637D0546E5
:10560000002BDFD02046034B9847DBE7000000006B
:10561000000000000000000000000000F0B50E4691
:1056200087B01A491A4B05466846144698473046D3
:10563000184B9847184F30B36946184B3046984777
:10564000174B694603A89847EB680BB9154B984769
:105650002B6903A9281D9847054603A8B84765F09C
:105660003D052046104B98472046104B8DF80C50B6
:1056700003A99847E3680133E36000246846B8470C
:10568000204607B0F0BD4FF0FF34F7E731000000CF
:10569000000000000000000000000000000000000A
:1056A00000000000000000000000000000000000FA
:1056B000F0B52C4B07468DB008460E461446984769
:1056C0000546B0B92849294B05A89847FD2305A9E7
:1056D000089309A8264B9847264D05A8A8472046B9
:1056E000254B08A9984709A8A847002528460DB0CA
:1056F000F0BD00233046019301A9204B9847019B40
:105700000BB91F49DFE7012B01D01E49DBE731460A
:10571000224638461C4B9847061EE7DA1B49134BB6
:1057200002A898470A22F143194B08A89847194B39
:1057300008A902A898470F4D08A8A847164B02A928
:1057400005A89847FD2305A9089309A8084B984781
:1057500005A8A8472046084B08A9984709A8A847C4
:1057600002A8C1E7000000001008000000000000CF
:105770000000000000000000000000000000000029
:1057800044080000300800000000000093080000FA
:10579000000000000000000000000000F8B5184AFA
:1057A00013680133012B136007D1164B164A1A6098
:1057B0000022C3E907221A765A6200244FF47A7253
:1057C000124B1C60C3E906441C62114B9A60114ADB
:1057D0005C601A60104A13680133012B13600ED10C
:1057E00003260E4D0E4FC5E9004405F108004FF4A5
:1057F00084620021B847013E05F58565F3D1F8BD07
:105800000000000000000000000000004C0D00003F
:10581000B00C0000080000000000000000000000C4
:105820000000000008B5064A1368013B1360054AF2
:105830001368013B136013B90348044B984708BD34
:1058400000000000000000001C000000000000003C
:105850002DE9F84F1F48204B9847002801DCBDE890
:10586000F88F1E4B1B4898471D4B1E4F1B78C6B226
:105870005A2B15D1A52E13D11B4A1368591C1CBFD6
:1058800001331360194B9847194B154A1860A5232B
:1058900013703B78002BDDD0012B2FD1002309E0C2
:1058A0000F4B1E703B783BB9552ED3D15522114B6F
:1058B0001A7001233B70CDE7012B1FD1AA2E05D111
:1058C0000C4B0D4A5E7002231370F3E7552EE5D1A1
:1058D000ECE700BF00000000000000000000000036
:1058E000E50D0000AD0C0000EC0D00000000000014
:1058F000E80D00008C0C0000AC0C0000AA4AAB4C78
:1059000011784B1CDBB21F2B13706654A2D90023F5
:10591000A74E137032783B70002A00F096822278EE
:10592000552A40F092826278AA2A40F08E82A278AC
:10593000022A40F08A8221461A4611F8010B0132F0
:105940001F2A83EA0003F8D1E27F9A4240F07D8269
:10595000DFF81C83237998F800209A4240F0758282
:10596000944B9847E378944A94F804E01370934B6F
:10597000B4F8052083F800E0914BDFF8F8B21A8004
:10598000B4F807208F4BB4F80B701A80637AA27AB0
:105990008BF800308C4BDFF8E0A21A708B4B8C4AEE
:1059A0001F80637B002B14BF012100211170894AE5
:1059B00089491060894A40F0D78013608AF8003026
:1059C0000B600023864A1360864A1360864A136080
:1059D000A27B864BDFED865A1A70B4F80F20854BF8
:1059E0009FED856A1A80627F844BD1091A70844BBF
:1059F00012F0800F1970834BC2F380111970824B23
:105A0000C2F340111970B4F811308049DFF86CC24C
:105A10007F4F804A0B8000F0AE8107EE903A9FEDF9
:105A20007E7AF8EE677A67EE877AB4F81330CCEDB9
:105A3000007A13801BB207EE903AF8EEE77A67EE31
:105A4000877A9FED767A617D754A38601170754B63
:105A50009FED755A83ED007A744BB4F817C0C3ED0F
:105A6000007A734B73491860A37FBCF5805F07EE23
:105A7000903AA37DF8EE677A07EE103AB8EE477ACF
:105A8000C7EE056AB3EE0E7AA1F800C028BF40F653
:105A9000FF7C67EE877A684B28BFA1F800C0C3ED92
:105AA000006A0988654BB4F81970C3ED007A07EEF7
:105AB000901AF8EE677A624AB7F5805F178028BFC0
:105AC00040F6FF7767EEA57A28BF1780128887EE29
:105AD000867A07EE902AF8EE677AB4F81B40594BA5
:105AE000B4F5805F1C8028BF40F6FF7467EEA57A8E
:105AF00028BF1C801B885449544A81ED007A87EEE8
:105B0000867A07EE903AF8EE677A67EEA57A82ED2C
:105B1000007A87EE867A4E4B83ED007A4D4B186003
:105B20004D4B186033783BB198F80030734503D182
:105B300000233370494B9847494A137843B11E4BB1
:105B40009BF800101B7803F008030B4308BF137089
:105B50004FF6FF71434A13888B4240F08081154B0A
:105B60009847414B186075E69AF80030DFF810C18D
:105B7000DFF8F89053B94FF00105ACF800708AF8DF
:105B80000050C9F800000B60136021E7D9F800301D
:105B9000C31A03F1FF3ABAF1F90F73D9ACF80070E8
:105BA000C9F800000023EEE7AC0C00008C0C0000EC
:105BB000790D000000000000330E0000F40D00001D
:105BC000F80D0000F60D0000310E0000560E00002A
:105BD000540E0000500E0000380E0000340E00007D
:105BE0004C0E0000480E0000440E0000300E000075
:105BF000333353402E0E000000F07F450F0E00009F
:105C00000E0E00000D0E00000C0E00002C0E000009
:105C1000240E0000220E0000CDCCCC3D0000000080
:105C2000200E00001C0E000000007F43180E000034
:105C3000140E0000120E00008C0D0000880D0000F4
:105C4000100E000018000000080E0000040E0000F6
:105C5000000E0000FC0D0000F00D00000000000030
:105C6000850D00005E0E0000600E00003C0E00007E
:105C7000780D0000320E0000420E0000280E0000D9
:105C8000400E0000BCF80090A7EB0909B9F5006FC1
:105C900065DDA9F58059ACF80070724F1568386061
:105CA0000F682B444F44132B0F6013607FF690AEA8
:105CB00007EE903AB8EE677ADFED6B7A9FED6B6A8C
:105CC00027EE277AB4EEC67AF1EE10FAC4BF07EEDB
:105CD000907AFAEECA7ADFED665AC8BFC7EE876AD5
:105CE000644BCCBF26EEA57A9FED637AD3ED007AA4
:105CF000F5EE006A37EE677AE7EE267ADFED5F6A47
:105D000087EEA57AF0EEE75AF4EE665AF1EE10FA55
:105D10002BD8F0EEE75AF4EE465ADFED575AF1EE83
:105D200010FA48BFF0EE657AC3ED007AF0EEC77A5C
:105D3000F4EE667AF1EE10FA1AD8F0EEC77AF4EEC5
:105D4000467ADFED4D7AF1EE10FA48BFB0EE677A91
:105D50004B4B83ED007A4B4B83ED007A22E719F52C
:105D6000006FB8BF09F5805995E7DFED437ADBE7AF
:105D70009FED417AECE7B3F5805F24BF40F6FF73F7
:105D80000B8040F2AE7309883860994281BF07EEFC
:105D9000901A9FED3D7AF8EE677A77EEC77A88BF62
:105DA0009FED3A7AB4F813308CBF67EE877ADFED57
:105DB000327AB3F5805F138024BF40F6FF731380FF
:105DC0001388CCED007A07EE903AF8EE677A67EE2A
:105DD000A57A617D2E4FCA0787EE867A397031D554
:105DE00040F6FD72013B9BB293422BD8DFED1E7A49
:105DF000B4EEE77AF1EE10FA24D9DFED267AB4EEAC
:105E0000E77AF1EE10FA1DDADFED236ADFED237A8F
:105E100077EE666AB3EE025A66EEA76AC6EE857A38
:105E2000F3EE096A77EEA67ADFED146AB0EEE75A70
:105E3000B4EEE65ADFED106AF1EE10FA88BFF0EE2C
:105E4000667A04E6DFED0C7A01E64FF6FF71144A3C
:105E500013888B423FF4FEAC01331380FAE4013324
:105E600013807CE63C0E00006F12833ABD37863506
:105E7000000070424C0E000000000000FFFF7F7F1A
:105E8000480E0000440E000000C0F544580C583E77
:105E9000200E0000D1225340E17A943F00007A4462
:105EA0005C0E00002DE9F04F2DED048BA24B89B064
:105EB000B0EE409AF0EE608AB0EE418A0D4604469C
:105EC00098479E4B07469847DFF8C0B20646002C1D
:105ED00070D09B4B9BF800A01B78002B5AD1994A9D
:105EE000127882B9002D40F08380BAF1000F40F0A3
:105EF000F380954B9847954B93F800A0BAF1000FAB
:105F00006BD1254618E0924A1278002A3ED1914B77
:105F10001B783BBB904A127892B9904A1278012ABA
:105F20000ED1002D65D1BAF1000F06D1864B9847EE
:105F3000864B1D78002D50D1A2464CF2503330E0F4
:105F400035BBBAF1000F28D17F4B98477F4A1378B1
:105F50001BB3834B1B68F31AB3F5FA5F38D30023E6
:105F600013701AE0002D40F0B280BAF1000F14D186
:105F7000754B9847754A13787BB1794B1B68F31AB8
:105F8000B3F5FA5F24D382F800A006E0002DECD030
:105F90001D462EE0002D40F09A80002542F210733D
:105FA000AA469BF8002032BB6D4A1268B21A9A4288
:105FB00021D20DE0002D40F08C809BF800A0BAF1BA
:105FC000000F40F08B80674B1B68FB1A312B12D8F7
:105FD00009B0BDEC048BBDE8F08F614B1B68F31A70
:105FE000B3F5FA5FF4D30022584B55461A70A3E775
:105FF0002B46AA461D4600211C225B4B01A800919E
:1060000098475A4B9BF8000093F8008008F1010272
:106010001A704B4B93F800904A4B1B78002B5FD0C3
:10602000002800F0EB8000219FED518A0B46F0EE36
:10603000488AB0EE489A0D460A4689460C46B9F1A0
:10604000000F02D044F00204E4B210B144F008049E
:10605000E4B245F2AA50ADF800000220052A8DF8FE
:1060600002008DF803408DF804208DF8058040F083
:10607000E080ADF80830ADF80A100B0C090EADF851
:1060800006508DF80C308DF80D106C46002321461B
:10609000184614F8015B01301F2883EA0503F8D184
:1060A0008DF81F30334B34481A700122274B1A7079
:1060B000324B202283F80080314B9847224B98477F
:1060C000284B1F60264B1E602E4B1F6080E700236D
:1060D0005EE7234625468CE755462EE7AA468AE723
:1060E000002840F09180002C00F08980B9F1000F69
:1060F00040F09380002D40F09680234B93F800B041
:10610000BBF1000F0FD0134B93F80090B9F1000FC3
:1061100009D1114B1B78013B012B04D80F4B1B7885
:10612000023B012B34D94FF000090AF10202494623
:106130004B464D46D2B282E700000000000000004E
:10614000A40D0000860D000000000000790D000085
:10615000E20D0000E10D0000F00E0000F10E000065
:106160007C0D0000800D000000000000840D000088
:1061700000000000DF0D000000000000780D0000AE
:1061800000000000580E0000E00D0000850D00002A
:106190005D4BF1EE085A93ED000A5C4AB7EE001A27
:1061A000FFEE000A80EE250A90479FED596A20EE27
:1061B000060ABDEEC00A10EE103A1DB2554B564904
:1061C00093ED000A80EE250A904720EE060ABDEE08
:1061D000C00A9FED521A10EE103ADFED510A91ED10
:1061E000000A9047DFED4F7A20EE270AFDEEC07AD5
:1061F0005C4617EE901A05221BB220E704462146A2
:106200002346254622461AE79FED458A1C469946B5
:10621000F0EE488AB0EE489AF1E74C460146034654
:10622000054602460BE72C4649464B464D4603229F
:1062300005E7032A3C4D57D1374B9FED381A93EDB4
:10624000006ADFED370AB0EE460A304B9847DFEDC3
:10625000357A20EE270A9FED355AFDEEC07A17EE0B
:10626000901AF0EEC67AF4EEC57AF1EE10FA35DB4C
:10627000B2EE040AB7EE001A87EE800A98472C485F
:1062800031EE400AD0ED007A20EE270A2948D0ED01
:10629000007A294890ED001A2848D0ED005AF4EE13
:1062A000C55AF1EE10FA1CDDA6EE270ADFED1C0A36
:1062B000984770EE007A87EEA50A9FED211ADFED70
:1062C000180A9847A8470B0C8DF808300B0EADF84C
:1062D00006108DF80930ADF80A00D6E6B0EE600A77
:1062E000D4E79FED0F0AE8E7B0EE490AA847B0EE01
:1062F000680A0446A8470146B0EE480AA847ADF828
:106300000640ADF80810E6E7C80E000000000000E7
:1063100000FEFF46C40E0000CC0E00000000484204
:106320000000000000007A4400000000CDCCCC3D0D
:1063300028000000DC0E00003000000034000000E7
:106340003333733F9FED041A0146F0EE410A0020FB
:10635000B0EE410A014B18470000000000000000A9
:1063600008B5034B98470022024B1A7008BD00BFC6
:1063700000000000EC0E00002DE9F0410E4622491D
:1063800007460D78214A35B9214B1D781DB915787E
:10639000003D18BF01250023002413701D4A1E482C
:1063A00013701E4A037013701D4A0B7013701D4A40
:1063B00013601D4A13601D4A13701D4A13701D4A55
:1063C00013601D4B1C601D4B1C601D4B1C601D4B46
:1063D0001C601D4B1C601D4B1C601D4B1C601D4B2D
:1063E00098470FB11C4B1C601C4A137823F00F0315
:1063F000137000221A4B964214BF304628461A806A
:10640000BDE8F041174B1847ED0E0000F10E0000FB
:10641000EC0E0000EB0E0000860D0000EA0E0000FE
:10642000E90E0000E40E0000E00E00009C0D0000EC
:10643000960D00007C0E0000CC0E0000D40E000073
:10644000C80E0000C40E0000C00E0000BC0E00000C
:10645000D80E000000000000D00E0000940D0000D7
:10646000920D00000000000010B5054B9FED050ADD
:106470009847BDE8104000210120034B184700BF9A
:1064800000000000000000000000000000200121CA
:106490000B4B10B518700B4B18700B4B18800B4B37
:1064A00018800B4B19700B4B18600B4B98470B4B1C
:1064B0009847BDE810409FED0A0A0A4B184700BFF5
:1064C000A40D0000C10D00005C0E0000F60D0000E0
:1064D000850D0000A00D000000000000000000007D
:1064E000000000000000000000222DE9F0412E4CC9
:1064F0002E4B2F4925781A7008782E4B2E4A002DE6
:1065000044D11D78002D41D113782BB92B4B9847DE
:1065100000230B70BDE8F08100283ED028492948AF
:106520000B78294D43B10378002B3AD12C781CB954
:10653000264B1B7883F001030024254E254F347031
:1065400001263E70244F14703E70244E244A33704E
:10655000244B04701C60244B0C701C60234B2C706B
:106560001C60234B1C7000231360224A1360224AD4
:106570001360224A1360224A1360224B9847204638
:10658000214B9847BDE8F041204B18470020187078
:1065900013782070002BC1D1B8E7084BBDE8F0415B
:1065A00018470023C8E700BFE10D0000E00D000020
:1065B000F00E0000E20D0000F10E000000000000EF
:1065C000ED0E0000E90E0000EB0E0000A40D00002F
:1065D000EF0E0000EE0E00009C0D0000960D000076
:1065E000CC0E0000980D0000E40E0000E00E00004C
:1065F000EA0E0000C40E0000C80E0000D80E000015
:10660000D40E0000000000000000000000000000A8
:10661000064B10B59847064B1880064B1B7823B9DC
:10662000BDE810400120044B184710BD00000000D9
:10663000900D0000ED0E00000000000038B505468A
:1066400010F8013B202BFAD0092BF8D028460C4932
:106650000C4CA04718B928460B49A04758B1002256
:106660000A4B1A700A4B1B7813B90A4B1B781BB1E3
:10667000094B9847012038BD0120084B9847F9E79E
:10668000D400000000000000D8000000E00D000071
:10669000ED0E0000F10E0000000000000000000000
:1066A00010B5144B144C1878144B80B91B780BB1EF
:1066B000134B98479FED131A0021F0EE410AB0EEFC
:1066C000410A114B18782346BDE8104018470F4A7D
:1066D000127812B90E4A127842B10E4A92ED000AAF
:1066E0000D4AD2ED000A0D4A92ED001A0120002158
:1066F0001870E8E7ED0E000000000000EC0E00004E
:106700000000000000000000860D0000E10D000008
:10671000E20D000014000000100000000C0000005A
:10672000164B174A187000231370164A1370164A36
:106730001370164A1370164A1370164A1360164ADD
:106740001360164A1370164A1370164A1370164ACD
:10675000137048B9154A137823F00F031370144BC4
:1067600018800120134B18479FED131A0121F0EEFA
:10677000410A0846B0EE410A104B1847860D00004A
:10678000ED0E0000F10E0000EB0E0000EA0E00001E
:10679000E90E0000E40E0000E00E00009C0D000079
:1067A000960D0000E20D0000E10D0000940D0000C8
:1067B000920D00000000000000000000000000003A
:1067C0002DE9F0472DED028B036888B01C4613F8C5
:1067D000010B2028FAD00928F8D0002800F09E8468
:1067E0009649DFF81CA302A8D047954B602102A868
:1067F0009847944D944902A8A847214602A8A84763
:1068000002A8924DA847924E20469249B0470028D0
:1068100036D0914B9847914B9847044688B19049A0
:106820009048914B984721468E48904B98470024BA
:106830008F4B02A89847204608B0BDEC028BBDE8FC
:10684000F0878C4B1B78022B16D18B4B9FED8B7AEC
:10685000D3ED007AF4EEC77AF1EE10FA0CD5884A3F
:10686000D2ED007AF4EEC77AB2EE047AF1EE10FAC5
:1068700077FE877AC3ED007A0122824B1A7005E019
:1068800020468149B04738B1804B98478049774BC3
:106890007448984700F03FBC20467E49B04718B97D
:1068A00020467D49B04708B17C4BEEE720467C4945
:1068B0007C4FB847F0B10434254614F8013B202B37
:1068C000FAD0092BF8D028467749B04708B1774B62
:1068D000DBE728467649B0470028F8D128467549B5
:1068E000B0470028F3D128467349B0470028EED1BD
:1068F000724999E720467249B8478046E8B10434A6
:10690000254614F8013B202BFAD0092BF8D0284655
:106910006C49B0470028DAD128466B49B0470028B7
:10692000D5D128466949B04720B928466849B047BB
:106930000028DDD00022674BA0E720465E49B8471B
:106940008146002851D00434009400240026CDE96B
:106950000544614F079405AD009B1A780AB1032CDA
:106960002DD1194613F8012B202A33D0092A31D012
:10697000B8F1000F00D00091002AB9D1012C2BD121
:106980009DED050AB0EE406AF0EE405A534BB7EE6B
:10699000001ADFED530A9847524A82ED000AB0EE22
:1069A000650A9847504A82ED000AB0EE460A9847B9
:1069B00001224E4B83ED000A4D4B1A70BAE7684630
:1069C00001A90196B847002892D0019B013445F8EF
:1069D000043BC1E7C846C4E7032C89D19DED050AF5
:1069E000DDED065A9DED076AD0E720464149B847DC
:1069F000002800F087809FED3A8A3F4B8DED058A95
:106A000005A904F10800984700283FF471AF334B03
:106A10009FED3A1AF0EE480A9DED050A9847DFED22
:106A2000177AB4EEE70AF1EE10FA134B83ED000A81
:106A30007FF72CAF124B83ED000A27E731000000EF
:106A40000000000000000000DA000000000000006C
:106A500000000000E3000000000000000000000053
:106A6000E9000000B00C0000000000000000000081
:106A700000000000F00E0000D00E0000CDCCCC3D98
:106A800000000000EA0E0000EE0000000000000020
:106A90000A020000F3000000F900000000000000FE
:106AA000FF000000000000001502000000000000D0
:106AB000180200001C02000004010000FA0100009E
:106AC000090100000E01000011010000D4000000C7
:106AD000D8000000E20D00000000000000000000EF
:106AE0000000000014000000100000000C00000076
:106AF000E10D00001301000000000000000048420A
:106B00000000000020469849B847A8B19FED978A39
:106B1000974B8DED058A05A904F10B0098470028D5
:106B20003FF4E6AE934B9FED941AF0EE480A9DEDCC
:106B3000050A9847914B7EE720469149B847804621
:106B4000A8B19FED8A8A8A4B8DED058A05A904F1CB
:106B50000B00984700283FF4CBAE864BB7EE001AE7
:106B6000F0EE480A9DED050A9847864B63E72046FC
:106B70008549B847002833D0002305A9059304F1BF
:106B80000C007B4B984700283FF4B2AE9DED050A00
:106B9000B5EEC00AF1EE10FA7C4C05D87C4BC4F877
:106BA0000080C3F8008071E6724B9FED7A1ADFED2A
:106BB0007A0A98479FED797AF6EE007AE0EE077A46
:106BC000FCEEE77A764BC4ED007A1B78002B3FF49D
:106BD0005DAE744B984723686D4A0344136055E6D5
:106BE00020467149B04738B16E4B98476F4B00F55E
:106BF0006A501830186049E620466D49B8470028A9
:106C000034D00534254614F8013B202BFAD0092B4B
:106C1000F8D028466749B04700287FF445AE28469B
:106C20006549B04700287FF43FAE28466349B04726
:106C300000287FF439AE01210224614A614B1170B2
:106C4000614A1470614A1070614A10609847614B44
:106C500098479FED460A604B98479FED441A5F4B5B
:106C6000F0EE410AB0EE410A98470FE620465C4933
:106C7000B84760B30334254614F8013B202BFAD003
:106C8000092BF8D028465749B04760B928465649DD
:106C9000B04740B928464849B04790B1534A1378A5
:106CA00023F0020303E0514A137843F00203137008
:106CB0003B4B1B78002B7FF4E9AD01204C4B9847F0
:106CC000E4E528464B49B0470028E7D110E62046C6
:106CD0004949B84708BB20464849B847002840D131
:106CE00020464749B847002800F0B3800334237892
:106CF0002546202B04F10104F9D0092BF7D02846B2
:106D00003849B04720B928463749B04700287BD0DA
:106D1000B7EE000A3B4B9847B8E50934254614F80E
:106D2000013B202BFAD0092BF8D028462D49B0473B
:106D300000287FF4DDAD28462B49B04700287FF4BA
:106D4000D7AD28461C49B04728B928462949B0473D
:106D500000283FF4CDAD254A137823F008031370C3
:106D600094E50534DAE700BF1C01000000000000D4
:106D700000000000000000000000F04228000000B9
:106D8000280100002C00000034010000E40E000087
:106D9000E00E000000001644CDCCCC3D00007A444B
:106DA000ED0E00000000000041010000400D000059
:106DB0004E010000F3000000D4000000F9000000C4
:106DC000A40D000000000000C10D0000850D0000B2
:106DD000A00D000000000000000000000000000006
:106DE000540100000E01000011010000940D00008C
:106DF00000000000D80000005801000062010000FF
:106E0000680100000000000028468B49B047D8B94F
:106E100028468A49B047B8B928468949B847B0B921
:106E20009FED888A28468DED058A874B05A99847EE
:106E300000283FF45DADB7EE001AF0EE480A9DED74
:106E4000050A824B984765E79FED7E0A62E70335A6
:106E5000E6E720467E49B84730B17E4B601D984733
:106E600000283FF445AD11E520467B49B84700288E
:106E7000F3D120467949B847002843D00534274646
:106E800014F8013B202BFAD0092BF8D0384674496E
:106E9000B047DFF8288238BB38467249B04718BB84
:106EA00038466549B047002826D06F4B1A78002A2B
:106EB0003FF4ECAC00241C706C4B6D4A1C706D4BA5
:106EC0001C706D4B1C70002313606C4A13606C4B7C
:106ED0001C706C4B1C706C4B1C706C4B98472046A4
:106EE0006B4B98476B4900E06B4905A8D04705A854
:106EF000A84705A8C047C9E438465049B04700280C
:106F0000D3D1F5E420466549B847002849D0073475
:106F1000274614F8013B202BFAD0092BF8D038462D
:106F20004F49B047DFF8948100282DD138464D49AC
:106F3000B047002828D138463F49B04700282AD01A
:106F4000574B1A78002A3FF4A1AC00241C70464B22
:106F5000474A1C70454B53491C70464B05A81C7092
:106F6000454B1C7000231360444A1360464B1C7051
:106F7000444B1C70424B1C70D04705A8A84705A87D
:106F8000C0472046424B9AE6454B1B78002B7FF4C6
:106F90007DAC4549A9E738462849B0470028CFD1FC
:106FA000A6E420464149B847F0B10634254614F816
:106FB000013B202BFAD0092BF8D028462849B047AE
:106FC00048B928462749B04728B928461A49B04742
:106FD00020B1002000E00120354B70E6284617491B
:106FE000B0470028F5D183E420463249B84700284D
:106FF0007DD00534254614F8013B202BFAD0092B0F
:10700000F8D028460E49B847002859D09FED0D8A80
:107010000D4B8DED058A05A9E81C984700283FF423
:1070200067ACB7EE001AF0EE480A9DED050A074B73
:107030009847214B984729E4D4000000D80000006D
:107040006C010000000000000000000000000000D3
:107050007001000000000000760100007C010000CB
:107060000E01000011010000E40D0000EA0E000016
:10707000D00E0000E90E0000EB0E0000CC0E000068
:10708000ED0E0000860D0000F10E00000000000073
:10709000000000009E01000082010000AC01000021
:1070A000E30D0000D2010000B4010000E201000085
:1070B00000000000E90100000000000000000000E6
:1070C00028461849B04738B928461749B04718B973
:1070D00028461649B04720B1154B98479FED150A31
:1070E000A7E728461449B0470028F5D100E4204618
:1070F0001249B04728B920461149B04700283FF44B
:10710000F7AB104B05A898470F4B104805A99847B7
:107110000F4B05A898470124FFF78ABB0446FFF7E9
:107120008ABB00BFD4000000D80000000E010000A0
:10713000000000000000000011010000EF0100004D
:10714000F30100000000000000000000B00C00008F
:10715000000000002DE9F04F2DED088B02208BB0D0
:10716000B54B98470446B54DA84794B9B44A13683F
:10717000C31A962B0DD910600122B24BB2491A7076
:1071800007A8B24B9847B24B07A89847B14B07A83E
:107190009847B14CA047A847B04B03941B68C31A4B
:1071A000B3F5FA7F0ED2AE4A1368C31A952B15D9E0
:1071B000AC4B1060197881F0010119703220AA4B94
:1071C00098470BE0A94B1B68C31AB3F5FA7F17D297
:1071D000A34A1368C31AB3F5FA7FE9D2A44BA54CAE
:1071E0001B787BB10022A44BB6EE001A1A70012363
:1071F0002370F0EE410AB0EE410AA04B9847FEE240
:107200000021DBE79E4B1B78002B40F0F8829D4B62
:1072100098479D4A1368C01AB0F57A7FC0F0EF8294
:107220009A4F03F57A7313603B68994E002B00F078
:10723000DF80A8473B68C01AB0F5FA7F00F2D8801B
:10724000944BD3ED007A9FED947A944B27EE877A96
:10725000C3ED007ADFF89C82914B88ED007A93EDC4
:10726000007ADFED906A67EE877A87EEA67A8E4B1A
:10727000DFF8849283ED007A99F80030DFF87CB271
:10728000DFF87CA2894F002B47D1894B1B78002B5C
:1072900043D12378002B40D10F20B04706EE100ACF
:1072A0001020F8EEC68AB04706EE900A1120B8EE1C
:1072B000E68AB0477F4B07EE100AD3ED007A38EE2E
:1072C000A76A83ED006A7C4BB8EEC77AD3ED007AEB
:1072D00078EE276AC3ED006A784B7949D3ED007ADE
:1072E00037EE277A83ED007A0B680133B3F5806FB0
:1072F0000B6012D307EE903AF8EE677AC6EE275A83
:1073000086EEA76AC7EE276A0123CBED005A8AED05
:10731000006AC7ED006A89F800300F20B0470AEE16
:10732000900ADBED007AF8EEEAAA10207AEEE7AADE
:10733000B04708EE100ADAED007AB8EEC88A1120DC
:1073400038EE678AB047DFED5F8A07EE900A28EED5
:10735000288A97ED007AF8EEE77A6AEEA8AA77EE27
:10736000C77A28EE087A67EEA87AAAEEAA7AB0EE73
:10737000086AA7EEA77A544BC7EE066AC3ED00AAC7
:10738000524B83ED008A524BC3ED007AB1EEE67AA0
:10739000504B83ED007A99F80030002B00F0B2805A
:1073A0002378002B00F0AE80F0EEEA6AB1EE087AA6
:1073B000F4EEC76AF1EE10FA0EDCF0EEC86AF4EEF5
:1073C000C76AF1EE10FA07DCF0EEE77AF4EEC77A5E
:1073D000F1EE10FA40F3968001223F4B1A70002123
:1073E00008463E4B98479FED3E0A3E4B9847A7E024
:1073F0000E20B04783B207EE103ADFED3B7AB8EECD
:10740000477A27EE277AF2EE067ADFED386A27EE22
:10741000277AC7EE267AB1EE047AF4EEC77AF1EE57
:1074200010FA07D49FED327AF4EEC77AF1EE10FA33
:107430007FF709AF194B04E70000000000000000CF
:10744000700E0000E80E0000640B00000000000059
:10745000000000000000000000000000600E0000BE
:10746000680E0000640E000000000000580E0000CE
:10747000E30D0000ED0E0000860D0000000000008E
:10748000E40D000000000000780E0000240E000053
:1074900000000000280E000046B6133F3400000034
:1074A0002C00000000004842DC0E00001C00000020
:1074B000F10E0000B40E0000B00E0000AC0E000093
:1074C000B80E00006F12833BD80D0000D40D0000F1
:1074D000D00D0000C40D0000C10D00000000000030
:1074E00000000000000000003333534000F07F45EF
:1074F0000000704230000000A80E000024000000D0
:10750000200000008D4F3B78EBB18D4B9847002158
:107510008C4B084698478C4B9FED8C0A98473B78DC
:1075200073B18B4E33685BB18A4B1B7843B92378B8
:1075300033B9A8473368C01A002801DB864B984747
:107540009FED821A55E6A847844B06461B7893B9EF
:10755000834B1B7813F0180301930BD12378FBB1F5
:10756000804B1B6813B9804B1B684BB1F31AB3F502
:10757000FA7F05D903237D4A1370714B98472EE794
:107580007B4B1B6863B1F31A002B09DB0422012635
:10759000764B3E701A706A4B98470021304620E7C0
:1075A000744B1A7882B100221A706A4B1B78002B38
:1075B00040F020813046704B98470746002840F045
:1075C000A88001226D4B1A706D4B1B78002B40F088
:1075D000148123786B4F8BB16B4BDFED6C7A93ED9D
:1075E000007AB4EEE77AF1EE10FA07D5684B1B7813
:1075F00023B9684B1B780BB901233B705F4B1A789A
:107600004AB3002230461A705B4B984782460028E6
:1076100040F0A5824A4B984787F800A000275E4BB0
:107620001F605E4B1F605E4B83F800A00123DFF8F4
:10763000C0A12370DAF8000018B1A847DAF80030CA
:1076400018444B4B1860574B1A78424B002A40F0B5
:10765000758201221A70DFF8FCA0534B9847DFF8BF
:1076600024B19AF800909BF80070B9F1000F40F037
:10767000A0822278002A40F09C820FB1304B9847BC
:107680004A4B1B7813B10020494B984749490B7866
:10769000002B32D0484B1A6812B906F5FA721A60FC
:1076A0001A68B21A002A28DB0022444F1A603B787D
:1076B0000A7003B3214B1B78EBB9334B9FED337A40
:1076C000D3ED007AF4EEC77AF1EE10FA09D53C4A10
:1076D000D2ED007AF4EEC77AF1EE10FAC8BFC3ED2E
:1076E000007A3046244B98470646002840F04C82EA
:1076F0000122224B1A7000233B700023264A13609C
:10770000304A1360304A1360304A1360304B984758
:1077100075E03049304B04A8984704A92F4B07A8BF
:10772000984739462E4B07A898472E4B98472E4B23
:1077300007A898472D4B04A8984745E7A40D0000DB
:107740000000000000000000000000000000000039
:10775000A00D0000F10E000000000000320E00003D
:10776000330E0000F00D0000580E0000C10D0000A7
:10777000E00E0000E80E000000000000EA0E00002D
:10778000E90E0000EB0E0000D00E0000CDCCCC3D89
:10779000E10D0000E20D0000CC0E0000D80E00004C
:1077A000860D0000F00E000000000000EC0E00004E
:1077B000000000009C0D0000980D0000960D0000D8
:1077C00000000000D40E0000C80E0000C40E00002F
:1077D000000000006F0B000000000000000000002F
:1077E0000000000000000000000000000000000099
:1077F000E40E000001229F4B1A709F4B984723789C
:10780000002B00F00B86B6EE007A9C4BD3ED007A8D
:10781000F0EEE77AF4EEC77AF1EE10FAC0F2FE85E8
:10782000974B1B78002B40F0F985A847954A1368C1
:10783000C31AF92B00F2FE85934B1B78CBB1A847F6
:10784000924A1368C31AC72B13D9914B10601B6857
:107850001B1A002B40F3F4854FF4FA73B0FBF3F0DE
:107860008C4B10F0010F8C4918BF19468B488C4B7C
:107870009847A847217879B98A4A1368C31A632BB5
:107880000AD99FED891A894B1060F0EE410A1878E9
:10789000B0EE410A864B9847039B9847854B984723
:1078A000A847854A1368C31A132B40F2DB80734B39
:1078B000DFED827A93ED007A814B27EE277AD3EDC4
:1078C000005A804BDFED806A93ED006A26EE066A6F
:1078D00067EE266AF0EE467A66EE876AE5EEA57AEE
:1078E0001060B1EEE74AB7EE007A36EE076AF1EEC5
:1078F000C63AB5EE005A26EE857ADFED744A27EED9
:10790000057AA6EE247A9FED726AA3EE867ADFED01
:10791000713AB4EEE37AF1EE10FA40F35F8665EE69
:10792000855A67EEA47A65EEA66AE5EEA67AE4EEDD
:10793000067A77EE677AC7EE876ADFED677A66EEDA
:10794000A77A9FED597A654D654E2B78654F002BD0
:10795000654B47FE277AC3ED007A32783B789A422E
:107960001DD06249624B07A89847624B202107A8A7
:107970009847DFF8A481604907A8C047337807A873
:10798000042B96BF5D4A5E4952F82310C0475D4BF9
:1079900007A89847337807A83B705B4B98475B4E26
:1079A0005B4F33783A789A4218D0ABB14F49504B7D
:1079B00007A8984718214F4B07A898475549564B99
:1079C00007A898473178554B07A898474D4B07A80B
:1079D00098474D4B07A8984733783B70504E227814
:1079E00033789A421CD04149414B07A89847414BF4
:1079F000182107A89847484F4A4907A8B8474A4A54
:107A00004A4B217807A800290CBF11461946B847F0
:107A10003C4B07A89847237807A833703A4B984700
:107A2000434C2A7823789A421CD03049304B07A81F
:107A30009847304B142107A89847374E3D4907A86F
:107A4000B047394A394B297807A800290CBF11469D
:107A50001946B0472B4B07A898472B7807A82370E7
:107A6000294B9847344B0BB0BDEC088BBDE8F04F69
:107A7000184700BFE90E000000000000CC0E000017
:107A8000A40D0000680E0000480D0000440D000029
:107A9000400D0000F00A0000000B00004C0D00003B
:107AA00000000000740D000000000000860D0000C2
:107AB0000000000000000000740E0000DA0FC94052
:107AC000CC0D0000C80D000017B7D1389A99994025
:107AD000CCCCCC3DBD3786350000C842C00D00007F
:107AE000F10E0000DE0D0000BC0D000031000000B2
:107AF00000000000000000007A0B00000000000001
:107B00000D0200000000000000000000C10D000098
:107B1000DD0D0000800B00000000000000000000F0
:107B2000DC0D0000870B0000D40000000E010000F7
:107B3000950D0000900B00000000000002221A705A
:107B40004FF4C872A44B1A604FF07E52A34B1A60D8
:107B5000A34B1F60A34B1F60A34B1F607BE5A34992
:107B6000A34B04A8984704A9A24B07A898475146DD
:107B7000A14B07A89847A14B9847A14B07A8984746
:107B8000A04B04A8984766E59849994B04A89847E4
:107B900004A9984B07A898473146974B07A89847E0
:107BA000964B9847964B07A89847964B04A898473A
:107BB000A1E5F0EE007AF0EE6A9A934EE8EE279A8D
:107BC00096ED009ADFED917A914AB0EE490A69EE9E
:107BD000A79A9047B0EE408A8E4AB0EE490A904785
:107BE00029EE88AA69EE809AAAEE80AAEAEEC89ADF
:107BF000894AB9F1020F82ED00AA884AF0EE408A64
:107C0000C2ED009A40F02C81854B98477249734A27
:107C10000B68002B40F0D98003238AF800304FF026
:107C20007E534FF07F5113606D4B19609FED7D5A6D
:107C30007D4BD2ED000A83ED005A6A4B7B4A93EDEF
:107C4000000A86ED005A904783ED000A664B784A99
:107C500030EE4A0A774883ED005A90477648F0EEB6
:107C6000405A35EE690A904760EE007AB0EE407AED
:107C7000E5EEA57AF1EEE77A98ED006AF4EEC67AC1
:107C8000F1EE10FA0ADDF4EEC57AF1EE10FAC2BF99
:107C9000C6EE276A65EEA65A20EE267A67EE486A97
:107CA00068EE877AE8EEA56AE8EE257A634BB6EED1
:107CB000000A1B786249013BDBB2022B00F2A7836A
:107CC0009FED607A67EE877AFEEE005AB0EE676A43
:107CD000A6EEA56AF4EEC66AF1EE10FAD6EEA57A23
:107CE00054BFB0EE667AB0EE467AF4EE477AF1EE23
:107CF00010FAF4EEC66A37FE877AF1EE10FA36FE15
:107D0000265AF4EE457AF1EE10FA48BFB0EE675A03
:107D100037EE057A4C4AE7EE256AA7EE256AE7EECC
:107D2000257AD2ED004A9FED497AF4EEC74AF1EE8A
:107D300010FACABFF7EE005A9FED3A7A85EEA47AA0
:107D4000B0EE405AB7EE001AA7EE875ADFED407A40
:107D50000A78DFED340A002A07FE811ADFED3D7A4A
:107D6000F0EE405A3C4AA6EE870A47FEA00AE6EE2D
:107D7000075A9047B0EE406AB0EE650A9047F0EEC1
:107D8000405AB0EE450A9047B0EE401A0A787AB1F0
:107D9000324AF7EE007A92ED007AB4EEE77AF1EE2D
:107DA00010FA42BFB6EE001AF0EE415AB0EE416A48
:107DB0002278002A3FF4C4AB022B3FF6C1ABF0EEB1
:107DC000650AB0EE460AFFF718BA013B0B60002BBC
:107DD0007FF42CAF20E700BF7C0E0000C00E000037
:107DE000BC0E0000C80E0000C40E00006F0B0000A7
:107DF0000000000000000000000000000000000083
:107E00000000000000000000D80E00003BCD133F32
:107E10000000000000000000CC0D0000C80D0000B4
:107E20000000000000000000D40E00000000000070
:107E300000000000940E0000800E0000F10E000013
:107E4000EB0E0000D7B35D3F34000000CDCCCC3D3D
:107E5000EC51783F8FC2F53C00000000CC0E0000D2
:107E6000B9F1030F40F05082DFF870914D4E99ED5B
:107E7000000AD6ED000A4C4A9047DFED4CAA89ED86
:107E8000000A20EE2A0ADFF844B18BED000A002F29
:107E900000F0AE80DFED460A464B9847B0EE607AC0
:107EA000454B4649C3ED000A454B91ED000A83ED71
:107EB000007A3D4B9847434A81ED000AF0EE470AAD
:107EC00092ED000A98474048404BD0ED007AD3ED40
:107ED000006A9FED3F7AE6EE877AF4EEEA7AF1EEF9
:107EE00010FAC8BF77EEEA7AF5EEC07AF1EE10FA32
:107EF000C0ED007A48BF77EEAA7A364E82ED000ACE
:107F0000337848BFC0ED007ADBB1B0EEC00ADFEDD8
:107F1000327AB4EEE70AF1EE10FA12D52F4BF6EEF4
:107F2000007A93ED007AB4EEE77AF1EE10FA08D514
:107F300000232B4F33703B70237000230B601360C2
:107F4000036091ED000A2748274930EE4A0A884726
:107F5000F0EE405A92ED000A244830EE690A884754
:107F600020EE007AF0EE407AA5EEA57AB1EEC77A5F
:107F700098ED006AB4EEC67AF1EE10FA0ADDB5EEBD
:107F8000C07AF1EE10FAC2BFC6EE076A65EEA65AD5
:107F900060EE267A67EEC86A68EEA77AE8EEA56A10
:107FA00082E600BFD00E000000000000DA0FC940DA
:107FB0000000000000000000C00E0000C80E00001D
:107FC000BC0E0000C40E0000D80E0000D40E00004D
:107FD0006F12833AEB0E0000CDCC4C3DCC0E00006E
:107FE000F10E0000940E000000000000800E000062
:107FF000A74AB7EE00BA1278B7EE087A022A40F024
:108000004281F0EEE97A87EE879AB4EE4B9AF1EE70
:1080100010FA3BFE099AA8479E4A02909047824672
:10802000002800F018819C4AD2ED003AF0EEE33AC5
:1080300099ED004AB0EEC47A96ED005A77EE637A75
:10804000F0EEE77A35EE445AB0EEC55AB4EE675A10
:10805000DFED925AF1EE10FA67EE255A48BFB0EE06
:10806000675ADFED8F7AF4EEE75AF1EE10FA75FEFB
:10807000A75ABAF1000F0BD0DFED8A6AF6EE007A4C
:10808000E7EE267AF4EE657AF1EE10FA77FEA55A5D
:10809000F0EE457AFEEECB7A17EE903AF0EE657A86
:1080A000B5EEC09AFEEECB7A1EB2F1EE10FA17EEE4
:1080B000903ADBED004A0FFA83F900F1CF80B4EE7D
:1080C0004B9AF7EE007AF1EE10FA37FE899ADFED5F
:1080D000767AF0EEE44A64EEA74AF5EEC04AF1EE95
:1080E00010FA40F27F82B0EE640A7048DFF814B2F2
:1080F000D847B5EEC09AF1EE10FAB0EE406A12D948
:10810000B0EE640A6A48D847F0EE467AB0EE406AAC
:10811000B4EECB9AF1EE10FABEBF36EE677AE9EE16
:10812000077AB0EE676AF6EE007AB4EEE76AF1EE2F
:1081300010FA00F19680DFED5F7AB4EE676AF1EE37
:1081400010FA37FE866ADFED5C7A26EE276AB5EE16
:10815000C06AF6EE007AF1EE10FAACBF36EE276A8E
:1081600036EE676A554B564A1968BDEEC66A1278F4
:1081700000297CD0029B591AB1F5FA7F94BF0021E7
:10818000012150480078C307237858BF41F002010D
:108190001BB1800658BF41F00401BAF1000F01D1B4
:1081A00041F00801B9F1000FBCBFC9F100030FFA9B
:1081B00083F9002EBCBF764236B2002A59D100297D
:1081C00057D1B14555DB16EE103A0126084603F3A8
:1081D0000F031BB201963C4E86F800A03B4EC6ED45
:1081E000003A3B4E86ED005A3A4EC6ED005A3A4EE2
:1081F00031803A490A803A4A01991070394A11701F
:108200003949B1F900209A4237DA01329A42A8BFBF
:108210001A4613B200EE103AF6EE000A0B809FEDFC
:10822000251A324BBAEECB0A9847314BF0EE400A92
:1082300083ED000A019B4BB140B9B0EEC44AB4EEE5
:10824000CB4AF1EE10FAACBF01270027294BB7EE5D
:10825000087A1F7024E6DFED283AE9E69FED269ABA
:1082600035E7B0EE676A6EE79FED246A6BE70121A0
:1082700087E74FF480630120ADE7CBDD013A9A42F6
:10828000B8BF1A46C5E71E4B9847F0EE4B0A07E603
:10829000F00E000000000000440E0000CDCC4C3D6C
:1082A000CDCC4C3E0AD7A33C83F9223E2C0B0000D8
:1082B000480B00009A99993F00008044600E00002E
:1082C000C10D0000330E0000B80D0000B40D000019
:1082D000B00D0000AC0D0000A80D0000A60D0000C0
:1082E000BA0D0000B90D00000400000000000000FD
:1082F00008000000C00D000000000000CDCC0C3FC5
:108300000000000000000000B9F1010F6BD1BB4B71
:108310009847BB4BBB4A93ED000AD2ED000ABA4A1C
:1083200090479FEDBA7ADFEDBA5A60EE076AF0EE39
:10833000497AE6EEA57AF4EEC77AF1EE10FAC8BFF4
:1083400077EEC77AF5EEC07AF1EE10FAC6ED007A54
:1083500048BF77EE877A9FEDAF7A48BFC6ED007AC7
:10836000F0EEC07AF4EEC77AF1EE10FAAA4AB0EE57
:10837000406A83ED000AC2ED006AA84926DBB2EE2E
:10838000040AB7EE001A87EE800ADFEDA50A8847D7
:10839000A44B31EE400AD3ED007A20EE270AA24B1F
:1083A00098ED001AD3ED007A37B1B6EE007AB4EE4C
:1083B000C76AF1EE10FA0CD4A6EE270ADFED980A90
:1083C000884768EE806A68EE007A6FE49FED940A51
:1083D000E5E700238AF800308BF800302370002393
:1083E00033601360E8E70027B9F1000F0AD1834B2F
:1083F00098478E4B37601F608D4B1F60864B1F6008
:108400007F4B1F60DFED867AF0EE676A4EE4B0EED8
:10841000401AF0EE405AB0EE406AB7E4854B1A7845
:10842000002A3FF409AA002119703220824B984794
:10843000FFF702BA7F4B1060197881F00101F3E772
:108440002278DFED7E7AF6EE008A7D4BDFF810822F
:108450007C4F002A49D06A4A92ED008AB0EEC87A71
:10846000B4EEE77AF1EE10FA04D4B5EEC08AF1EE7C
:1084700010FA01D59FED6A8A734A92F80090B9F11B
:10848000000F05D14FF47A72B0FBF2F0C2073ED470
:10849000682200216B489847F2EE047AE8EE278ABA
:1084A000FDEEE87A40F2E73A17EE903A9A45A8BF17
:1084B0009A46632B2AEAEA7A04DD64210120BAFB9A
:1084C000F1F1C0470A26BAFBF6F9B9FBF6F105202F
:1084D00006FB1191C047092006FB19A1C0470123E3
:1084E00087F8453087F8523046E0464A92ED008AD8
:1084F000B0EEC87AB4EEE77AF1EE10FA04D4B5EE35
:10850000C08AF1EE10FAC3D59FED458AC0E7682214
:1085100049464C489847DFED4D7AE8EE278AFDEE54
:10852000E87A17EE906A002E56DBB6F57A7F10DAFD
:10853000632E11DD64210120B6FBF1F1C0470A234F
:10854000B6FBF3F2B2FBF3F1052003FB1121C047A8
:1085500004E040F2E736EDE7092EF0DC0A23B6FB33
:10856000F3F1092003FB1161C047012387F85D3057
:1085700087F85C3087F85B30354B1B7813B10123EB
:108580003B737B76334B1B789B0605D52E4B1B78B4
:1085900013B901233B707B7300210B462E4E2948F3
:1085A000024610F8017B3B434F1CF9B2FF0608BF9F
:1085B00046F8043B60294FEA4303F1D11F23002111
:1085C00012F8010F9840013B172B41EA0001F7D147
:1085D00031602149FFF74AB94E46BFE7DFED107A17
:1085E000FFF7AFB9B5EEC09AF1EE10FA7FF63CAEE8
:1085F000DFED1A7AB7EE006A8AE500BF00000000DE
:10860000CC0E0000D00E000000000000DA0FC940C0
:108610006F12833ACDCCCC3DD40E00000000000098
:108620000000000028000000DC0E0000C80E000062
:10863000C40E00006C0E000000000000CDCC4C3DCC
:1086400000000000D80C0000A40D000000007042E3
:108650000C0E0000330E0000C80C0000CDCC0C3F07
:10866000000000002DE9F0410021464B4EF660204D
:1086700098474FF4E131444B44489847444B4548B0
:1086800098474549454B4348984740F213424FF4B9
:10869000E1314348434B9847414C434D434E2046BC
:1086A000A84700286BDC424C01213220A047002162
:1086B0003220404B98479FED401A0021F0EE410ACE
:1086C000B0EE410A08463D4B3D4D9847A8473D4B0B
:1086D000002118600420A04702210846A0473A4E16
:1086E0000C203A4B98470820394B9847347884B986
:1086F000384B9847384F682221463848B8471022EF
:1087000021463748B847374B354937489847012302
:108710003370A847354B00F59C5008301860012095
:10872000334B9847B3EE087A324B334A83ED007AE5
:10873000324BDFED336A1A60324B4FF08045D3ED98
:10874000007A67EE877A87EEA67A00202E4B2F4CB0
:1087500083ED007A2E492F4B1D605C609860D960D4
:108760001A612D4B1D605C609860D9601A612B4BBB
:1087700098472B4B1860BDE8F0412A4B184720461C
:10878000B0478CE70000000000000000000000007F
:108790000000000000000000990B00000000000035
:1087A00000000000000000000000000000000000C9
:1087B00000000000000000000000000000000000B9
:1087C00000000000580E0000480D000000000000EE
:1087D000000000000000000000000000D80C0000B5
:1087E000C80C0000000000004C0D0000400D00000F
:1087F000000000003400000069915D41300000007D
:10880000000048422C000000DC0E0000000048433D
:1088100069915DC1940E0000800E00000000000010
:10882000780E000000000000704707B503688DF85F
:10883000071001225B680DF10701984703B05DF84E
:1088400004FB0000004B18470000000000490847E7
:108850000000000038B50C1A002C134605DD014657
:1088600022461846024DA8470346181938BD00BFD6
:1088700000000000002810B506D001DA034B98472D
:10888000034BBDE81040184710BD00BF00000000BA
:1088900000000000004B18470000000010B500F178
:1088A00030044FF0FF3320464FF0FF320349884732
:1088B0002046BDE81040024B184700BF00000000F2
:1088C0000000000070B5044600F508764FF0FF3256
:1088D0004FF0FF33304613498847D4F81C32124A10
:1088E00023B9304690474FF0FF3070BDD4F81C32AA
:1088F000ABB1D4F8183223441D7DD4F818320133BB
:10890000C3F30803C4F81832D4F81C32013BC4F88E
:108910001C323046D4F81C329047E8B2E5E74FF0FD
:10892000FF35F6E7000000000000000038B50446FF
:1089300000F508754FF0FF334FF0FF3228460A4923
:108940008847D4F81C325BB1D4F81C3243B1D4F858
:1089500018321C44247D2846044B9847204638BDD5
:108960004FF0FF34F7E700BF0000000000000000F8
:108970000A200021004B18470000000030B5836832
:1089800085B003930023D0E900420D68CDE9014290
:1089900005604D6845608D688560C1E900338B6076
:1089A00001A8024B984705B030BD00BF0000000091
:1089B0002DE9F047D0E901739F4204468846DFF86D
:1089C00078A00AD039460120D04798F800300370CB
:1089D000636801336360BDE8F087134A0121134BDC
:1089E0009847134B266881469847B91B01440546B2
:1089F0000120D04798F80030394603702A46DFF846
:108A00003C803046C0473946421C3846C04707467E
:108A100026B1A1683046074B891B9847C4E9005727
:108A20004D44A560D7E700BFD50A00000000000054
:108A30000000000000000000000000000000000036
:108A40002DE9F047D0E901739F4204468846DFF8DC
:108A500078A00AD039460120D04798F8003003703A
:108A6000636801336360BDE8F087134A0121134B4B
:108A70009847134B266881469847B91B0144054621
:108A80000120D04798F80030394603702A46DFF8B5
:108A90003C803046C0473946421C3846C0470746EE
:108AA00026B1A1683046074B891B9847C4E9005797
:108AB0004D44A560D7E700BFD50A000000000000C4
:108AC00000000000000000000000000000000000A6
:108AD0002DE9F043037D05460F4685B01BB1D0E973
:108AE0000123934205D100236B75002005B0BDE83A
:108AF000F08306699B1AB6EBA30FF4D24FF001087E
:108B00003A4B80F815809847C5284FF000042ED0C6
:108B1000C62848D0C42861D1424631462846DFF8ED
:108B2000E480CDE901440394C0470646DFF8D890BD
:108B3000E3B29E4229690FD80131296138462C4B96
:108B400001A998472B4B01A898476B7D002BCCD0EF
:108B50002846294B9847C9E7A21C2846C0470DF173
:108B600003018DF8030001A8C8470134E0E742463D
:108B700031462846214BCDE90144039498470646E7
:108B8000DFF88080DFF88090A3B2B3422969D3D2A6
:108B9000E21C2846C0470DF103018DF8030001A82F
:108BA000C8470134F0E7424631462846144BCDE928
:108BB0000144039498470646DFF84880DFF8489060
:108BC000A6422969B8D0621D2846C0470DF10301AD
:108BD0008DF8030001A8C8470134F1E70136CDE95B
:108BE00001446C752E610394A8E700BF00000000EB
:108BF0000000000000000000000000000000000075
:108C000000000000000000000000000007B5044B59
:108C10008DF807100DF10701984703B05DF804FBCC
:108C2000000000002DE9F047D0E901739F4204469F
:108C30008846DFF878A00AD039460120D04798F856
:108C400000300370636801336360BDE8F087134A46
:108C50000121134B9847134B266881469847B91B4F
:108C6000014405460120D04798F80030394603708A
:108C70002A46DFF83C803046C0473946421C384619
:108C8000C047074626B1A1683046074B891B984765
:108C9000C4E900574D44A560D7E700BFD50A0000DE
:108CA00000000000000000000000000000000000C4
:108CB000000000007E2913B504460AD80D4B8DF83C
:108CC00007100DF107019847E3680133E36002B034
:108CD00010BDFF2903D8084BC9B29847F7E7B1F593
:108CE000803F03D2054B89B29847F0E7044B984781
:108CF000EDE700BF000000000000000000000000E1
:108D00000000000073B50C1E054621DB7E2C08DC3C
:108D10008DF8044001A9234B9847EB680133EB60C1
:108D200008E0E317B4F5807F73F1000204D21E4B14
:108D3000E1B2984702B070BDB4F5803F73F1000313
:108D400003D21A4BA1B29847F4E7194B9847F1E7C1
:108D500014F11E0FDCDA14F1800F164B06DBD02164
:108D6000984728468DF8044001A9D4E714F5004F30
:108D7000114E0BDBD121ADF80440984728460DF188
:108D80000501B047284601A9B047C6E70194D221A2
:108D90009847032401AB19192846B047013CF9D282
:108DA000BBE700BF00000000000000000000000062
:108DB0000000000000000000000000002DE9FF4757
:108DC0000025894698460446D0F818740421684660
:108DD000DFF874A01646CDE90055CDE90255D0471D
:108DE00029466846134B9847134B394668469847BF
:108DF000124D49466846A84701216846D04741467A
:108E00006846A847DDE900156D1A2A4620460C4B36
:108E1000984785420B4A04D06846904704B0BDE8A5
:108E2000F087D4F8183468460133C4F818349047F2
:108E30003760F3E7000000000000000000000000C1
:108E40000000000000000000000000002DE9FF47C6
:108E50000025894698460446D0F8187404216846CF
:108E6000DFF878A01646CDE90055CDE90255D04788
:108E70002946154B68469847144D39466846A84719
:108E8000134B49466846984701216846D0476846D3
:108E9000D8F80010A847DDE900156D1A2A462046CB
:108EA0000C4B984785420C4A04D06846904704B062
:108EB000BDE8F087D4F8183468460133C4F8183494
:108EC00090473760F3E700BF00000000000000009B
:108ED0000000000000000000000000000000000092
:108EE00038B5037D04460D461BB1D0E901239342FA
:108EF00003D100236375002038BD9B1A0269B2EBD1
:108F0000A30FF6D2044B98472860637D002BF2D064
:108F10002046024B9847EFE70000000000000000E9
:108F20002DE9F04304460D461646DFF89490DFF82D
:108F3000948085B000F12407642200233846C84796
:108F4000002831D12368CDE90000CDE90200DFF827
:108F5000789068460321D3F80080C847134B6846D1
:108F600002219847124C29466846A04768460121CD
:108F7000C84731466846A047DDE90014641A0D4B26
:108F8000224640469847844208BFD8F818346846BD
:108F900004BF0133C8F81834074B98473846074BCD
:108FA00005B0BDE8F0431847C047C5E70000000022
:108FB00000000000000000000000000000000000B1
:108FC0000000000000000000000000002DE9F0415A
:108FD000044600F130070E4615464FF0FF334FF0C0
:108FE000FF3238460649884720462946054B40F857
:108FF000046B98473846BDE8F041034B184700BF63
:109000000000000000000000000000002DE9F04317
:10901000D0F8146404460F4690461D468BB096B1B6
:109020004A4B04A898474A4B04A89847D4F81034F0
:10903000211D19443246474B04A8984738B90026E9
:10904000454B05A8984730460BB0BDE8F0834FF07C
:109050000009424E03AB02AA01A904A8CDF804906E
:10906000B04706460028EAD0039BBB42E7D1029BEB
:109070003B4F012B1BD02846FC233A4940F8043BC8
:10908000394B98472046D4F81024D4F81414B84724
:10909000D4F810342BB94FF0FF32C4F80C34C4F8B4
:1090A0000824D4F81C340133C4F81C34C8E7019BED
:1090B000042B05D02846FC232C4940F8043BDFE76D
:1090C0002B4B04A88DF800909847C02831D19DF80B
:1090D00024301BB1DDE905239A4208D100238DF825
:1090E00025302846FC23234940F8043BC8E79B1A57
:1090F000089AB2EBA30FF1D21F4B04A898479DF832
:1091000025308DF80000002BEBD041461B4B04A806
:1091100098470028E5D0D4F810242AB94FF0FF333F
:10912000C4F80C24C4F808342046D4F81414B84702
:1091300086E76A462946124B04A898470028EAD1D8
:109140002846FC230F4940F8043B99E70000000043
:10915000000000000000000000000000000000000F
:109160000000000062060000000000007B06000016
:109170000000000098060000000000000000000051
:1091800000000000B90600002DE9F04FA3B003AFC6
:109190000C469046814692493846924EB047DFF8D9
:1091A00088A204EB0805AC4275D14FF0000A99F88B
:1091B0003532D9F810508C4C8C49CDF808A0002BD2
:1091C00000F00181A94606A8B047DFF8608259F88F
:1091D00010BB10A8C047243506A9CDE914AA844BBA
:1091E00016A8984714225146CDE919B9814B1B9511
:1091F0001CA898472197804B1CA898477F490CA82A
:10920000B0477F4DFF210CAA10A8A8470CA8A04783
:10921000012315A9D1E8EF2F524503D1C1E8E03F62
:109220000028F7D13CD1DFF8E891764D6422002385
:109230001B98C847002840F085801998219B00683A
:1092400014AA16A9704DA8471B98704B9847DFF8D1
:10925000B491DFF8DCA1642200231A986C49884796
:10926000002840F08D800CA8C047199DDDF850B053
:109270002868D04759462868DFF8B8B10CAB02AA75
:10928000D847002860D11A98604B9847614B98479F
:109290000DA8A047DFE7384614F8011BD04782E746
:1092A0005D490CA8B04710A8FF210CAAA8470CA83C
:1092B000A04700238DF80430012315A9D1E8EF2F32
:1092C000002A03D1C1E8E03F0028F7D15AD1504E1F
:1092D0004C4D642200231B98B047002869D119988F
:1092E000219B0068484D14AA16A9A8471B98474D12
:1092F000A847DFF81091DFF840A1DFF818B1642229
:1093000000231A98B04700285BD10CA8C0471499D5
:1093100019980CAB01AAD04700284CD01A98A8473E
:109320000C9D0DA9324B09A898472946344B09AA30
:1093300010A8984709A8A0470DA8A047374B10A828
:10934000984729E0A84771E70C9B0DA945F8043F11
:10935000281D334B98471A982C4B98470C9D0DA904
:10936000234B09A898472946254B09AA10A89847D6
:1093700009A8A0470DA8A047284B10A8984798E730
:10938000C84768E724490CA8B04710A8FF211C4B28
:109390000CAA98470CA8A04716A8A04711A8A04758
:1093A00006A8A047029D3846A047284623B0BDE83E
:1093B000F08FA8478DE71A98A847D8470DA8A0476F
:1093C0009DE7C8479BE710A8B0473A462846154B8B
:1093D00010A9984710A8A047CDF80880E2E700BF81
:1093E000BA0A00000000000000000000C7070000EB
:1093F000000000000000000000000000D107000095
:10940000000000000000000000000000000000005C
:109410000000000000000000EF0700000000000056
:10942000000000000000000000000000000000003C
:109430000000000000000000000000002DE9F041E5
:10944000044600F130070E4615464FF0FF334FF04B
:10945000FF3238460649884720462946054B40F8E2
:10946000046B98473846BDE8F041034B184700BFEE
:1094700000000000000000000000000038B50446B5
:1094800000F130054FF0FF3207494FF0FF33284617
:10949000884724682846002CD4BF00240124034BAD
:1094A0009847204638BD00BF0000000000000000C3
:1094B0002DE9F043D0F8146404460F4690461D464B
:1094C0008BB096B14A4B04A898474A4B04A89847DA
:1094D000D4F81034211D19443246474B04A898474C
:1094E00038B90026454B05A8984730460BB0BDE873
:1094F000F0834FF00009424E03AB02AA01A904A871
:10950000CDF80490B04706460028EAD0039BBB4242
:10951000E7D1029B3B4F012B1BD02846FC233A4945
:1095200040F8043B394B98472046D4F81024D4F82F
:109530001414B847D4F810342BB94FF0FF32C4F8E4
:109540000C34C4F80824D4F81C340133C4F81C3497
:10955000C8E7019B042B05D02846FC232C4940F882
:10956000043BDFE72B4B04A88DF800909847C028F8
:1095700031D19DF824301BB1DDE905239A4208D191
:1095800000238DF825302846FC23234940F8043B6E
:10959000C8E79B1A089AB2EBA30FF1D21F4B04A89D
:1095A00098479DF825308DF80000002BEBD0414600
:1095B0001B4B04A898470028E5D0D4F810242AB9FA
:1095C0004FF0FF33C4F80C24C4F808342046D4F814
:1095D0001414B84786E76A462946124B04A89847F0
:1095E0000028EAD12846FC230F4940F8043B99E7BC
:1095F000000000000000000000000000000000006B
:1096000000000000000000006206000000000000F2
:109610007B0600000000000098060000000000002B
:109620000000000000000000B90600002DE9F04F26
:10963000012204468A4689B000F11403D3E8EF1FE3
:10964000002903D1C3E8E02F0028F7D10CBF15464D
:10965000002534D1DFF80081324D64220023E06A16
:10966000C04700283BD1606A636C006804F11002B7
:1096700004F118012C4DA8472C4EE06AB047DFF8E2
:10968000A490DFF8D8B064220023A06AC047002865
:1096900045D1274B04A89847656A27692868D847A9
:1096A00039465246234F286804ABB847224FC0B909
:1096B000A06AB047214B984705A8B847E3E720497F
:1096C000204B04A89847FF2120461F4B04AA984727
:1096D000194B04A89847284609B0BDE8F08FA84761
:1096E000BBE7049B05A945F8043F281D174B984785
:1096F000A06AB047049D164B05A901A898472946C2
:10970000114B01AA2046984701A8B84705A8B847B9
:109710002046104B984780F00100C0B2DCE7C847F4
:10972000B1E700BF000000000000000000000000E2
:109730000000000000000000000000000000000029
:10974000EF07000000000000000000000000000023
:109750000000000000000000000000000000000009
:109760002DE9F04FA3B00646039179B100F5087BCF
:109770004FF0FF334FF0FF325846DFF8D081C0473B
:1097800096F834322BB95846604B984723B0BDE861
:10979000F08F002435695E495E4F09A8CDE9064483
:1097A0000894B8472B4653F8102BDFF8A49110A863
:1097B000CDE90123DFF89CA1C84709A916A8CDE986
:1097C0001444D047019A029B19921A9314222146FD
:1097D000514B24351CA81B95984703AB21934F4B45
:1097E0001CA898474E490CA8B8474E4DFF210CAA1B
:1097F00010A8A8474C4C0CA8A04709A8A0474B4B61
:1098000006A910A89847002846D158463F4EB047B1
:1098100000238DF81430012315A9D1E8EF2F002A79
:1098200003D1C1E8E03F0028F7D1019650D1404F65
:10983000642200231B98C04700285BD11998219B04
:1098400000683C4F14AA16A9B8471B982F4FB84779
:10985000DFF8DCB0642200231A98C047002853D1F7
:109860000CA8C847344E149919980CAB05AAB047F8
:10987000002841D0019B1A9898470C9E0DA909A871
:10988000D047314609AA10A8A84709A8A0470DA8A3
:10989000A0472A4B10A824E0DDE906218A42B4D073
:1098A000D6F81C32B3F5007F10D0D6F814321078F9
:1098B00033441875D6F814320133C3F30803C6F8DD
:1098C0001432D6F81C320133C6F81C320132E5E7F7
:1098D0001B490CA8B84710A8FF210CAAA847124B97
:1098E0000CA8984716A8A04711A8A047154B06A892
:1098F00098474BE7B8479BE71A98B847124B9847E9
:10990000094B0DA89847A5E7D847A3E7000000003A
:10991000A60700000000000000000000000000009A
:10992000D10700000000000000000000000000005F
:109930000000000000000000000000000000000027
:10994000EF07000000000000000000000000000021
:10995000000000000000000038B5044600F508755E
:109960000B494FF0FF324FF0FF3328468847D4F8B9
:109970001C12C1F50071002902DD2046054B9847F5
:10998000D4F81C422846044B9847204638BD00BFF7
:10999000000000000000000000000000F8B52E4AA2
:1099A0002E4E13680133012B136006D100222C4B7D
:1099B000C3E907221E601A765A620024294F142236
:1099C00021462948C6E90044F460B84714222146DC
:1099D0002648B847142221462548B8474FF48472D8
:1099E00021462448C6E91344B847234B234DB360AE
:1099F0004FF47A73AB60224B4FF40072214605F1AD
:109A000014002B6086F860416C602E61B847142208
:109A1000214605F50870C5F81442C5F81842C5F886
:109A20001C42B8474FF48073164AA5F834321368C5
:109A30000133012B13600DD10326134DC5E90044FA
:109A400005F108004FF484620021B847013E05F596
:109A50008565F3D1F8BD00BF0000000000000000E4
:109A600000000000000000001000000024000000C2
:109A70003800000058000000000000000000000056
:109A800008000000000000000000000008B5064AC1
:109A90001368013B1360054A1368013B136013B957
:109AA0000348044B984708BD000000000000000078
:109AB0001C00000000000000704770477047000065
:109AC00010B504464FF4A671014B9847204610BDCF
:109AD00000000000F7B502AB03E906009DF8063070
:109AE00041F20104012B9DF8053005460E4618BFD2
:109AF0004FF480540BB944F010049DF80430022B4D
:109B00001ED0032B1FD0012B01D144F004040E22E0
:109B10000E4FA8180021A4B2B84744F48073AB815B
:109B20000B4B0E229E4238BF1E460021AE6005F14F
:109B30002200B84744F400742C84EE6103B0F0BDF9
:109B400044F00204E3E744F00604E0E7000000000C
:109B500040420F004068014B184700BF0000000062
:109B600001464068836808319B6818474068014B8C
:109B7000184700BF0000000010B50C46194601232D
:109B800088B00393079304ABCDE90042CDE90442CA
:109B90004068CDF808D00693836802AA1C6806AB1B
:109BA000A04708B010BD000013B501228DF80710C2
:109BB000064C00F108030DF10701A0470028B4BFCF
:109BC00000209DF8070002B010BD00BF000000009B
:109BD00013B50222ADF80610064C00F11C030DF17E
:109BE0000601A0470028B4BF0020BDF8060002B05F
:109BF00010BD00BF0000000010B4034C00F10803CA
:109C0000A4465DF8044B604700000000F8B5194A0F
:109C100013680133012B136007D1174B174A1A60E1
:109C20000022C3E907221A765A620025144B154A0E
:109C300015491A605960C3F84851144B1A60144A08
:109C4000C3F848515A60134A13680133012B13605B
:109C50000ED10326104C114FC4E9005504F1080041
:109C60004FF484620021B847013E04F58564F3D1C6
:109C7000F8BD00BF00000000000000000000000070
:109C800000000000080000000000000000000000CC
:109C900000000000000000000000000000000000C4
:109CA00008B5064A1368013B1360054A1368013B77
:109CB000136013B90348044B984708BD0000000027
:109CC000000000001C000000000000002DE9F04131
:109CD00006460D460C468F18BC4202D1601BBDE8FB
:109CE000F081A046336830461B6818F8011B98477E
:109CF0000028F3D04446EFE770B505460C46084609
:109D000049B1054B98472B68024621462846BDE8D5
:109D100070405B68184770BD0000000003688A68E7
:109D20005B6809681847000008B5014B984708BDF3
:109D30000000000008B50249024B984708BD00BF6B
:109D40008F0A00000000000038B5044B0546984714
:109D5000034B044628469847204438BD00000000C5
:109D60000000000038B5044B05469847034B0446F5
:109D700028469847204438BD00000000000000003D
:109D8000004B18470000000038B5094D0446A847AD
:109D9000E060236820465B699847002807DAA847F7
:109DA000E368C01AA3689842F3D34FF0FF3038BD80
:109DB00000000000816070472DE9F04107460D4624
:109DC0000C46DFF81C808E18B44202D1601BBDE83F
:109DD000F0813846C047031EF8DB04F8013BF3E787
:109DE0000000000000230A6802604A68C1E90033ED
:109DF00042608A688B6082607047000010B504463C
:109E0000006808B1014B9847204610BD00000000D3
:109E100010B50446006808B1034B98470023C4E915
:109E20000133236010BD00BF0000000038B50446B8
:109E30000D460068034B0131984710B1C4E9000595
:109E4000012038BD0000000010B50368044613B1BE
:109E500043688B4207D22046044B984720B1A36841
:109E60000BB922681370012010BD00BF0000000074
:109E700070B50B4B0E46114604461546984720B95F
:109E80002046084B9847204670BD2A463146064B6F
:109E90002068A560984700212268A368D154F2E7A2
:109EA00000000000000000000000000038B50023A2
:109EB00004460D46C0E90033836039B10846044BBF
:109EC000984729460246034B20469847204638BD0E
:109ED0000000000000000000884238B505460C462E
:109EE0000CD0074B0068984723682B60A368AB60D1
:109EF00063686B600023C4E90133236038BD00BF91
:109F000000000000884210B50B46044604D00968E2
:109F100021B19A68034B9847204610BD024B9847E1
:109F2000FAE700BF0000000000000000002310B5A9
:109F30000446C0E900338360014B9847204610BDBA
:109F40000000000010B50446014B9847204610BDA4
:109F50000000000038B505460C4649B10846064BDE
:109F6000984721460246054B28469847284638BD63
:109F7000034B9847FAE700BF000000000000000014
:109F80000000000010B5002304468AB0C4E9003385
:109F9000A3600846044B01A998472046034B01A93A
:109FA000984720460AB010BD0000000000000000E5
:109FB00010B5002304468AB0C4E90033A360084604
:109FC000044B01A998472046034B01A99847204616
:109FD0000AB010BD0000000000000000F8B5044603
:109FE00016460F46856809B90020F8BD82B11544B0
:109FF0002946084B98470028F6D0A36820683246C7
:10A0000018443946044B984700222368A5605A55E6
:10A010000120EAE700000000000000008A68014B10
:10A02000096818470000000070B5064B0546084651
:10A030000C46984721460246034B2846BDE870402F
:10A04000184700BF000000000000000009B1024BEB
:10A0500018470846704700BF0000000007B5054BD1
:10A060008DF8071001220DF10701984703B05DF844
:10A0700004FB00BF0000000013B504460A22084696
:10A08000044B01A998472046034B01A9984702B009
:10A0900010BD00BF000000000000000010B5044625
:10A0A00021B92046044B9847204610BD034B9847E2
:10A0B0000028F6D0F8E700BF000000000000000014
:10A0C000034600680A46096828B911B1936843B984
:10A0D00019460846704739B999680029F9D00178BE
:10A0E000F7E709784942F4E7004B18470000000001
:10A0F00008B582688B689A4205D1044B9847B0FA3C
:10A1000080F0400908BD0020FCE700BF000000000F
:10A1100008B582682AB959B10878B0FA80F04009C8
:10A1200008BD006809B90078F7E7024B9847F4E7E3
:10A130000120F5E700000000F0B503468BB00846AB
:10A1400061B3911E222935D80A2A06D1002B04DAE0
:10A1500001275B4201AD29460DE00027FAE7B3FB7A
:10A16000F2F602FB1633092BDCB21BD83033DBB21C
:10A1700001F8013B3346002BF1D1A94210D0034630
:10A1800017B12D2203F8012B1C460A46AA420CD80F
:10A190004A1B8D4288BF0022002199540BB0F0BDAC
:10A1A0001E46E3E704F15703E1E712F8016D04F8F6
:10A1B000016BEBE70020F1E7004B184700000000BF
:10A1C00070B503468AB0084689B1911E222927D866
:10A1D00001AD29466BB9A94218D002460B46AB42E5
:10A1E00019D84B1B8D4288BF00230022C2540AB0ED
:10A1F00070BDB3FBF2F602FB1633092BDCB207D8B5
:10A200003033DBB201F8013B3346E3E71E46F7E7A4
:10A2100004F15703F5E713F8014D02F8014BDEE7AF
:10A220000020E4E7004B184700000000004B1847EF
:10A2300000000000004B184700000000004B1847CA
:10A2400000000000004B184700000000004B1847BA
:10A2500000000000004B184700000000004B1847AA
:10A2600000000000004B184700000000004B18479A
:10A2700000000000004B184700000000004B18478A
:10A280000000000040F2000CC0F2000C604740F2F9
:10A29000000CC0F2000C604740F2000CC0F2000C51
:10A2A000604740F2000CC0F2000C604740F2000C26
:10A2B000C0F2000C604740F2000CC0F2000C604796
:10A2C00040F2000CC0F2000C604740F2000CC0F2FB
:10A2D000000C604740F2000CC0F2000C6047000028
:10A2E000004B18470000000008B5014B984700BF1D
:10A2F000000000007047000038B5054B9847054B3B
:10A300009847054B9847054D054CA847A047FCE7E3
:10A31000000000000000000000000000000000003D
:10A3200000000000012838BF0120014B184700BF82
:10A3300000000000004B184700000000084670476E
:10A34000004B1847000000002DE9F04F154C164E49
:10A35000164FDFF85C8089B02546B54204F1300421
:10A3600002D309B0BDE8F08F14ED027B54E90C0173
:10A3700054E90A2354E908CE54E9069A54F810BC6B
:10A380008DED067BCDE903ABCDE901E9CDF800C049
:10A39000B84754F8300C54F80C1CC04754F8303C03
:10A3A0005D65D9E70000000000000000000000002B
:10A3B000000000001F28A8BF1F200128B8BF0120EF
:10A3C000014B1860704700BF3C0000001F28A8BF69
:10A3D0001F200128B8BF0120014B1860704700BF43
:10A3E00038000000F0B587B004461422314B00213C
:10A3F00001A8984702230E2C0DEB0302049303924D
:10A4000043D00F2C43D0102C06D0112C41D0122C4D
:10A4100041D0132C47D10523274C1A0104EB03111B
:10A420008E7B102E42D8A558002211469A424FEA40
:10A43000021732D12846214B9847AB68B91D2846F0
:10A440001B682144984700281DDB01233C442279E6
:10A450008DF8146093400293E37B8DF81530AB6860
:10A4600028465B6801A9984700280CDB144B9DF82F
:10A4700014201B68BDF802009A4204D0CBBFD21A48
:10A480009B1A1041984007B0F0BD0023C4E7012398
:10A49000C2E70323C0E70423BEE7E0590132854247
:10A4A00008BF0131C2E76FF01500ECE76FF08500DF
:10A4B000E9E700BF000000001400000000000000F9
:10A4C00038000000034670B40C46DA880068197939
:10A4D0002243012405698C402B6812F0010F866825
:10A4E00014BF2343A3432B60336870BC184700009C
:10A4F000452813D8032911D8DFE801F0020D090B14
:10A500004FF48031064B03EBC000064B1847064959
:10A51000F8E70649F6E74FF4C021F3E7704700BFBC
:10A52000FC000000000000001000010020000100FD
:10A53000452803460A4615D80B4951F8300001EB6F
:10A54000C3010123097903FA01F103691B68194268
:10A5500003D022B183681B6903E0002AFAD0836824
:10A56000DB681847704700BFFC0000004528034621
:10A5700037B518D80D4A52F8300002EBC3021479EF
:10A580000569836801A95B68984720B1431E58425A
:10A59000584103B030BD01202A68019B00FA04F441
:10A5A00053402342F5D10020F3E700BFFC00000038
:10A5B000004B18470000000010B5044CA047A0470E
:10A5C000A0220023024CA04710BD00BF00000000E5
:10A5D0000000000010B5034B9847034C0A220023EB
:10A5E000A04710BD00000000000000002DE9F3416D
:10A5F000056A0446002D3AD12A4B2046984730B9C7
:10A60000294B2046984710B110F1780F2CD1002328
:10A61000264A52F8330002EBC30184422DD1486828
:10A6200078BB002020E0013335F81320024492B2B9
:10A630008A42F8D924221E4F1E4E05EB4308F61B12
:10A64000B6FBF2F6A845D7D035F9023B002BF9DD71
:10A650009E42F7D3013B1BB203EBC30307EB83001E
:10A66000FFF7C4FF0028EDDA02B0BDE8F081002357
:10A6700047F6FF704FF6FD71D6E70133112BC8D1B5
:10A68000CFE700210C4B01AA9847002807DB019B6C
:10A69000002219791868094B98470028C1DA831CF1
:10A6A000BFD0E1E7000000000000000074000000DF
:10A6B000000000000000000000000000000000009A
:10A6C00037B50D46044650B3184B9847D8B1002310
:10A6D000174A52F8330002EBC30184421AD148688A
:10A6E000B0B10221134B01AA9847002810DB019B4F
:10A6F0001A79AA4216D91868002201210E4B00EBE4
:10A70000C500984704E00D4B204698470028DEDA44
:10A7100003B030BD0133112BDBD10020F8E76FF01F
:10A720001500F5E76FF02100F2E700BF0000000020
:10A7300074000000000000000000000000000000A5
:10A7400008B1024B18476FF0150070470000000079
:10A750008368DB6903B118477047036840F213420E
:10A760001B6A184707B503688DF8071001225B685C
:10A770000DF10701984703B05DF804FB0120704715
:10A78000004B184700000000004908470000000087
:10A7900037B5044600F1D4054FF0FF324FF0FF33D8
:10A7A00028460A4988470A4B04F1800001220DF12E
:10A7B000070198470446074B284698471CB19DF867
:10A7C000070003B030BD4FF0FF30FAE70000000093
:10A7D000000000000000000037B5044600F1D40579
:10A7E0004FF0FF324FF0FF3328460A4988470A4BA3
:10A7F00004F1800001220DF1070198470446074B40
:10A80000284698471CB19DF8070003B030BD4FF0B3
:10A81000FF30FAE700000000000000000000000028
:10A8200038B5044600F16805284608494FF0FF3264
:10A830004FF0FF338847228C238B646A9B1A9BB2AC
:10A840002846E41A024B9847204638BD0000000015
:10A850000000000070B5054600F1D4064FF0FF324D
:10A86000304607494FF0FF338847B5F88A30B5F8CE
:10A8700086403046E41AA4B2024B9847204670BD89
:10A880000000000000000000002337B58DF80730FD
:10A8900002F00F03012B0446009146D0991E4B4253
:10A8A0004B418DF8043002F0F003202B3FD0302BC9
:10A8B0000CBF0323012302F47062B2F5007F8DF810
:10A8C000053036D0B2F5407F35D0B2F5807F0CBF71
:10A8D000002303238DF806302069184B9847206920
:10A8E0008368DB680BB1694698472069836823B1A8
:10A8F0009B6C13B122461249984704F1D4054FF0DE
:10A90000FF3228460F494FF0FF338847002328467F
:10A91000C4E92133C4F88C300B4B98472069836815
:10A920009B6A03B1984703B030BD0223B9E7022305
:10A93000C1E70123CEE70223CCE700BF00000000FF
:10A940000000000000000000000000000069014B52
:10A95000184700BF0000000038B50446084D628B60
:10A96000E38B9A4207D1064D206983681B6B0BB1BC
:10A97000984710B138BDA847F1E7A847F4E700BFF2
:10A98000000000002DE9F84F0446884615460026D1
:10A99000DFF85890DFF858B004F168074FF0FF3245
:10A9A0004FF0FF333846C847AA1B08EB06010C4B93
:10A9B00004F11400984782463846D8475644BAF105
:10A9C000000F04D12069074B9847074B9847B542C1
:10A9D000E2D12069034B98472846BDE8F88F00BFB5
:10A9E0000000000000000000000000000000000067
:10A9F000000000002DE9F3470446006983685B6CA2
:10AA000043BB04F1D4060022002330462F4DA84753
:10AA10002F4F206983685B6B13BB206983689B6938
:10AA200013BB304604F168072A4EB04700220023CA
:10AA30003846A847628BE38B9A4204D12069836829
:10AA40001B6A03B19847DFF89090DFF890A004F1FB
:10AA500014081BE098470028D3D102B0BDE8F08766
:10AA600098470028D9D1DCE7082269469847021E9A
:10AA7000D7DD082AA8BF0822694604F18000B8473C
:10AA80000028C6DACDE769464046D047206983688A
:10AA90005B6ABBB9658BE38BED1AADB27DB1082D56
:10AAA00028BF082569462A464046C847206983686A
:10AAB0005B6923B12A4669469847021EE3DA3846A5
:10AAC000B047CAE798470028E4D1F8E70000000043
:10AAD0000000000000000000000000000000000076
:10AAE0000846014B184700BF0000000010B504469F
:10AAF0000122074B11465430984704F11403236098
:10AB00000023C4E90133E36040232361204610BDE4
:10AB1000000000002DE9F0414FF000084FF47A7773
:10AB2000134D144E144B154C05F114002B61C5E95F
:10AB300001872E60A04705F18000114DA047114B01
:10AB400005F114002B61C5E901872E60A04705F1CE
:10AB500080000D4DA0470D4B05F11400C5E901879C
:10AB60002E602B61A04705F18000A047BDE8F08171
:10AB700000000000080000000000000000000000CD
:10AB800000000000000000000000000000000000C5
:10AB900008B5FFF7FEFF08B5FFF7FEFF08B5FFF7A2
:02ABA000FEFFB6
:10000000A20B0000A70B0000AE0B0000B80B000015
:10001000C00B00000000000009010904FF3F0900B7
:1000200000000E00000000000A010904FF3F0A0062
:1000300000000E00000000000B010904FF3F0B0050
:1000400000000E00000000000C010904FF3F0C003E
:1000500000000E000000000002010904FF3F020042
:1000600000000E000000000001010904FF3F010034
:1000700000000E00000000005C0400000000000012
:1000800054040000000000006404000000000000B0
:100090006C04000000000000740400000000000078
:1000A00034040000000000003C04000000000000D8
:1000B00044040000000000009C0400000000000058
:1000C0007C04000000000000840400000000000028
:1000D0008C040000000000009404000000000000F8
:1000E000A4040000000000002C0400000000000038
:1000F0004C040000000000000000000000000000B0
:1001000007000000000000000600000000000000E2
:1001100003000000000000000000000000000000DC
:100120000C000000000000000B00000000000000B8
:1001300001000000000000000200000000000000BC
:1001400004000000000000000800000000000000A3
:1001500009000000000000000F0000000000000087
:100160000E000000000000000D0000000000000074
:100170000400000000000000050000000000000076
:100180000600000000000000070000000000000062
:10019000010000000000000000000000000000005E
:1001A0000B000000000000000A000000000000003A
:1001B000020000000000000003000000000000003A
:1001C0000100000000000000060000000000000028
:1001D0000200000000000000070000000000000016
:1001E0000200000000000000080000000000000005
:1001F00003000000000000000900000000000000F3
:1002000005000000000000000400000000000000E5
:1002100006000000000000000400000000000000D4
:1002200007000000000000000600000000000000C1
:1002300008000000000000000700000000000000AF
:100240000E00000000000000090000000000000097
:100250000F0000000000000005000000000000008A
:100260000300000000000000080000000000000083
:100270000000000000000000080000000000000076
:1002800001000000000000000A0000000000000063
:100290000A000000000000000B0000000000000049
:1002A0000C000000000000000D0000000000000035
:1002B0000E000000000000000F0000000000000021
:1002C000000000000000000001000000000000002D
:1002D0000200000000000000030000000000000019
:1002E0000400000000000000050000000000000005
:1002F00006000000000000000700000000000000F1
:1003000008000000000000000900000000000000DC
:100310000A000000000000000D00000000000000C6
:10032000020000000000000003000000B808000008
:10033000000000007809000000010000A009000092
:1003400006020000B808000002000000C808000013
:1003500002000000D8080000020000007809000038
:1003600002010000E808000002000000F808000098
:100370000200000008090000020000001809000047
:100380000400000038090000040000008809000093
:100390000301000058090000040000007809000073
:1003A00000000000A009000000010000D0090000CA
:1003B00003020000E809000000000000E809000056
:1003C00000010000E809000003020000E809000045
:1003D00000000000E809000000010000000A000021
:1003E00002020000E809000000000000E809000027
:1003F00000010000100A000003020000E8090000EC
:1004000000000000E809000000010000280A0000C8
:1004100004020000E809000000000000E8090000F4
:1004200000010000480A0000010200002C03000047
:100430000300000044030000010000004C03000022
:1004400001000000540300000200000064030000EB
:10045000010000006C0300000100000074030000B4
:10046000010000007C030000010000008403000084
:100470000200000094030000010000009C03000043
:1004800003000000B403000003000000CC030000E0
:1004900003000000E403000003000000FC03000070
:1004A000030000001404000003000000000000002E
:1004B000000000000000000000000000000000003C
:1004C000000000000000000000000000000000002C
:1004D000000000000000000000000000000000001C
:1004E000000000000000000000000000000000000C
:1004F00000000000000000000000000000000000FC
:1005000000000000000000000000000000000000EB
:1005100000000000000000000000000000000000DB
:1005200000000000000000000000000000000000CB
:1005300000000000000000000000000000000000BB
:1005400000000000000000000000000000000000AB
:10055000000000000000000000000000000000009B
:10056000000000000000000000000000000000008B
:10057000000000000000000000000000000000007B
:10058000000000000000000000000000000000006B
:10059000000000000000000000000000000000005B
:0C05A0000000000000000000000000004F
:1005AC00636D6400242F72656769737465720067EC
:1005BC006574004C4F4720425249444745205245F0
:1005CC00414459006E616E002D696E6600696E665D
:1005DC0000006573746F70206C61746368656400EF
:1005EC006E6F7420736166650070776D20616C723C
:1005FC006561647920656E61626C65640072756E0C
:10060C006C696D69742072657175697265640062DC
:10061C006C756570696C6C206C696E6B206E6F7498
:10062C0020726561647900626C756570696C6C2010
:10063C0070776D2061637469766500626C756570A6
:10064C00696C6C20756E7361666500626C756570A3
:10065C00696C6C2062616420636F756E74657200E6
:10066C00626C756570696C6C206C696E6B20737450
:10067C00616C65004F46460030004C4F4720434D9F
:10068C0044200053544152540045525220005354BC
:10069C004F5000434C454152005245534554004D78
:1006AC004F444500445554590044494147004F4E6E
:1006BC0000310053455420465245510053455420B7
:1006CC005646424F4F5354005345542056465241C0
:1006DC0054494F005345542052554E4C494D4954A2
:1006EC0000444953504C41592054455354004553F0
:1006FC00544F5000504643005052454348415247D6
:10070C00450052454C41590046414E0050574D0052
:10071C004D43464F43004250464F430053434F50C6
:10072C0045004C4F472053434F50452049474E4FAF
:10073C0052454420284558542050574D29004C4FC1
:10074C00472053434F5045204F46460050574D5479
:10075C00455354004C4F472050574D54455354204B
:10076C0049474E4F52454420284558542050574D28
:10077C0029004C4F472050574D54455354204F4659
:10078C004600494F54455354004252414B45004793
:10079C004554005354415455530045525220756EE4
:1007AC006B6E6F776E20636D64004F4B00554E4B34
:1007BC004E4F574E00564600464F43004D4943009E
:1007CC004441544120667265713D0020737065652B
:1007DC00643D002069613D002069623D0020696331
:1007EC003D00207664633D002073746174653D00A8
:1007FC00206D6F64653D002070776D3D002069644D
:10080C003D002069713D002069726D3D00206D69CD
:10081C00633D002069647265663D002073617665F6
:10082C003D002066726571636D643D0020657374D4
:10083C006F703D0020696F746573743D00206E7499
:10084C00633D3000207066633D0020707265636804
:10085C00617267653D00206272616B653D002062CC
:10086C0072616B655F647574793D002066616E5FC3
:10087C00647574793D002062705F66616E5F6475AB
:10088C0074793D002062705F66616E5F72706D3DC1
:10089C000020646961673D0020647574793D002017
:1008AC00656E635F7261773D0020656E635F6F6B91
:1008BC003D0020656E635F6465673D0020656E6377
:1008CC005F72706D3D0020656E635F6D6563685F80
:1008DC00687A3D0020656E635F656C65635F687A5E
:1008EC003D00206D69635F67617465643D00206D38
:1008FC0069635F656E61626C655F61693D00206D67
:10090C0069635F656E635F757365643D00206D6937
:10091C00635F666D6561733D00206D69635F66653D
:10092C0072723D00206D69635F66746F6C3D0020D0
:10093C006D69635F6C666C6167733D00206D696304
:10094C005F73666C6167733D002062705F676F6FE9
:10095C00643D002062705F6261643D002062705FE4
:10096C006167655F6D733D002062705F73746174C5
:10097C0075733D002062705F6661756C743D00207C
:10098C0062705F6D6F64653D002062705F636D64C3
:10099C005F6D6F64653D002062705F666F635F62C0
:1009AC0061636B656E643D002062705F7365713DC1
:1009BC00002062705F676F6F645F636E743D002030
:1009CC0062705F6261645F636E743D002062705F91
:1009DC006578743D002062705F6272616B655F6464
:1009EC007574793D002062705F766275735F726119
:1009FC00773D002062705F7664633D002062705F1B
:100A0C00766275735F6167655F6D733D0020627020
:100A1C005F74656D705F7261773D002062705F740A
:100A2C00656D705F763D002062705F74656D705F00
:100A3C00633D002062705F74656D705F666C61670A
:100A4C00733D002062705F74656D705F76616C69D8
:100A5C00643D002062705F74656D705F6661756CDB
:100A6C00743D002062705F74656D705F6167655FD7
:100A7C006D733D002062705F70686173655F615FCC
:100A8C007261773D002062705F70686173655F62B0
:100A9C005F7261773D002062705F70686173655FA3
:100AAC00635F7261773D002062705F70686173658F
:100ABC005F615F763D002062705F70686173655F97
:100ACC00625F763D002062705F70686173655F6382
:100ADC005F763D002062705F70686173655F666C65
:100AEC006167733D002062705F6D6373646B5F744C
:100AFC00656C656D657472793D002062705F76621D
:100B0C0075735F76616C69643D002062705F736F12
:100B1C00667473746172745F72656164793D0020F0
:100B2C0062705F7072656368617267655F6D616E3C
:100B3C00616765643D30002062705F706861736549
:100B4C005F76616C69643D002062705F70686173F0
:100B5C00655F635F7669727475616C3D00206270CD
:100B6C005F70686173655F6167655F6D733D0020E1
:100B7C0062705F7273705F6167655F6D733D0020BB
:100B8C0062705F70696E675F70616972733D00209F
:100B9C0062705F70696E675F6167655F6D733D0062
:100BAC002066775F6275696C643D00207270635FCC
:100BBC00736368656D613D00206D635F6361707385
:100BCC003D00206D61747269785F746573743D00CB
:100BDC0007050505070206020207070107040707B8
:100BEC0001070107050507010107040701070704B1
:100BFC000705070701020202070507050707050796
:100C0C000107556E65787065637465642072657351
:100C1C00706F6E7365207479706500556E657870B1
:100C2C0065637465642052504320726573706F6EF7
:100C3C0073652073697A6500526573756C74206EE8
:100C4C006F74207061727361626C652028636865D3
:100C5C00636B207479706529005250432045727281
:100C6C006F72206E6F74207061727361626C65209C
:100C7C0028636865636B20747970652900556E650F
:100C8C007870656374656420726573706F6E7365DC
:100C9C00207479706500556E657870656374656451
:100CAC002052504320726573706F6E7365207369A8
:100CBC007A6500526573756C74206E6F7420706168
:100CCC00727361626C652028636865636B2074794C
:100CDC0070652900525043204572726F72206E6FFE
:100CEC0074207061727361626C652028636865633F
:100CFC006B207479706529005F5F736166655F5F57
:100D0C00004D4355207374617274696E67205250A4
:100D1C00432042726964676520636F6D6D756E69FF
:100D2C00636174696F6E0062726964676500242F79
:100D3C00726573657400242F7365744D61784D73FF
:100D4C006753697A65006D6F6E2F72656164006D13
:100D5C006F6E2F636F6E6E656374656400242F76FF
:100D6C00657273696F6E006D6F6E2F777269746543
:100D7C0000546869732063616C6C206973206E6F1A
:100D8C0074207965742065786563757465640054A6
:100D9C006869732063616C6C206973206E6F206CC2
:100DAC006F6E67657220617661696C61626C65005B
:100DBC00556E73657269616C697A61626C652070DD
:100DCC006172616D65746572732061727261790014
:100DDC00546F6F206D616E7920706172616D6574F6
:100DEC00657273004D697373696E672063616C6C17
:100DFC0020706172616D6574657273202857415261
:100E0C004E494E473A2044656661756C742070619A
:100E1C0072616D207265736F6C7574696F6E206989
:100E2C0073206E6F7420696D706C656D656E746582
:100E3C0064290057726F6E67207479706520706139
:100E4C0072616D6574657220696E20706F73697460
:100E5C00696F6E3A2000000044030000400200005D
:100E6C006403000040020000040400004002000083
:100E7C00240400004002000084070000400200002F
:100E8C00A4070000400200006901000000000000FF
:100E9C008901000000000000470300000002000070
:100EAC006703000000020000C702000000020000FF
:100EBC00E702000000020000E80C00000002000045
:100ECC00080D000000020000C80C0000000000002B
:100EDC00A80C000000020000A50300008005000023
:100EEC00C503000000040000E5030000000400003E
:100EFC002503000000020000260D00008005000004
:100F0C00460D000000040000A602000000040000D2
:100F1C00860D000000020000C40B0000400200001F
:100F2C00E40B0000400200002506000080050000D4
:100F3C0045040000000400006504000000040000EB
:100F4C009000000000000000B00000000000000055
:100F5C00D000000000000000F000000000000000C5
:100F6C00300400000000000010040000000000002D
:100F7C0061020000000000004103000000000000BE
:100F8C0061030000000000000202000000000000ED
:100F9C00220200000000000082020000000000009D
:100FAC00020300000000000022030000000000000B
:100FBC00420F000000000000620F00000000000063
:100FCC00820F000000000000610100000000000022
:100FDC00E103000000000000A1030000000000007D
:100FEC00C1030000000000004302000000000000EC
:100FFC00546869732063616C6C206973206E6F2078
:10100C006C6F6E67657220617661696C61626C658C
:10101C0000546869732063616C6C206973206E6F77
:10102C007420796574206578656375746564000D4A
:10103C000A00766563746F723A3A726573657276FC
:10104C006500766563746F723A3A5F4D5F72616EDC
:10105C0067655F696E736572740000766563746FA3
:10106C00723A3A5F4D5F7265616C6C6F635F696E6B
:10107C007365727400766563746F723A3A5F4D5F94
:10108C007265616C6C6F635F696E7365727400007E
:10109C00FFFFFFFFFFFFFFFFFFFFFFFFFFFFFFFF54
:1010AC000000000000000000000000000000000034
:1010BC00000000000000A040000020410000A04102
:1010CC000000F0410000204200004842CDCC0C3F13
:1010DC00CDCC0C3FB81E053F0000003F0000003F88
:1010EC000000003F0000003F0000803F0000803FF8
:1010FC003333733FAE47613F85EB513F14AE473FEF
:10110C000000403F4C4F4720425554544F4E004531
:10111C0052522053544152542000535441542000F5
:10112C004641554C5420004C4F472050574D200001
:10113C004C4F47204D494320004C4F4720424F4FC6
:10114C005400534146450056465F52554E00464F9B
:10115C00435F414C49474E00464F435F52554E004A
:10116C004641554C540053797374656D2048656144
:10117C007020656E643A2025700A0053797374658B
:10118C006D20486561702073746172743A2025700B
:10119C000A00536B65746368204865617020737432
:1011AC006172743A2025702C2073697A6520257041
:0711BC000A006D61696E007D
:10ABA40000002041000400000000803F9A99193FF2
:10ABB400CDCCCC3ECDCC4C3E00080000000000457E
:10ABC40000000045000000450000C0410000003FB7
:10ABD400000040410000C0410A00000008000000DD
:08C46400120C000000000000B2
:10C46C0000000000000000000000000000000000C0
:0CC47C00000000000000000000000000B4
:040000030000A2F95E
:00000001FF
