:100000000020704708B5406803681B6998470038AE
:1000100018BF012008BD10B51446406803685B682E
:100020009847204610BD002070474FF0FF307047C2
:100030004FF0FF307047704701207047074A034672
:10004000107850B1064A107838B1064A12689B1AE7
:10005000B3F5FA7F2CBF0020012070475C0E000032
:100060004A0E0000580E000000234FF07E510E4A49
:100070004FF4806013700D4A116000220C490A6031
:100080000C4908800C490B700C490B700C490B7023
:100090000C490A600C490A600C490A600C4A13803A
:1000A0000C4A1380704700BFC00D0000080000001C
:1000B000BC0D000004000000BA0D0000B90D0000E6
:1000C000B80D0000B40D0000B00D0000AC0D000034
:1000D000A80D0000A60D0000F0EE407AF4EE677A5D
:1000E000F1EE10FAB0EE600A13D6B0EEE77ADFED6B
:1000F000096AB4EE667AF1EE10FA0ADCF4EEE07A00
:10010000F1EE10FA05D4F4EEC17AF1EE10FA31FEF8
:10011000270A7047FFFF7F7F08B5B7EE001ADFEDB3
:10012000070A074B9847DFED077A20EE270ABCEE57
:10013000C00A10EE103A98B208BD00BF00000000DF
:100140000000000000FEFF46064B1A78064B1A70AE
:100150000023064A1370064A1370064A1360064AC3
:1001600013707047F80E0000F70E0000F60E000046
:100170009C0D0000980D0000960D000070470000D7
:10018000004B18470000000000490847000000002D
:100190000148024B184700BF0000000000000000AB
:1001A00010B504460821024B9847204610BD00BFF9
:1001B0000000000070B504460D4616460021406858
:1001C000044B9847324629466068034BBDE87040AF
:1001D000184700BF000000000000000013B5064BE8
:1001E0000C46012201A99847012812BF00209DF862
:1001F0000430237002B010BD000000000146014B26
:100200000420184700000000B4EE400A2DE9F04336
:10021000F1EE10FA2DED028B0646B0EE408A8846CC
:1002200087B008D74049414B9847304607B0BDECEE
:10023000028BBDE8F083F0EEC07A9FED3D7AF4EEDC
:10024000477AF1EE10FAB5EEC00A47DCF1EE10FA8B
:100250004BD4B0EE407A002301240A21DAB2904553
:1002600046D807EE904AF8EE676AF6EE007AE6EEB8
:10027000877AFCEEE77A17EE905A002C3BD0B5FB5C
:10028000F4F304FB13571D462A49284B6846984748
:1002900014216846284B9847B5EEC08AF1EE10FA53
:1002A00006D557EA050303D02D216846234B98470E
:1002B00029460A22224B03A898476846214B03A9E6
:1002C0009847214D03A8A847B8F1000F15D16946FA
:1002D00030461E4B98476846A847A6E7F1EE10FA4D
:1002E000124B4CBF1A491B499EE7B1EE407AB2E768
:1002F0004C430133B2E72746C6E72E216846DFF8B4
:100300003C80C0474FF00A09B4FBF9F4002CDED062
:10031000B7FBF4F1B1FBF9F309FB13113031684677
:10032000C9B2C047F0E700BF240000000000000091
:10033000FFFF7F7F31000000000000000000000090
:1003400000000000000000000000000000000000AD
:10035000280000002D0000002DE9F04F2DED048B4A
:100360009B4EDFED9C7A96ED008A044628EE278AA4
:10037000994B85B0D3ED009A984B994993ED009A2B
:10038000984BDFF80C93D3ED008AC847964BA02119
:1003900020469847954D96492046A847954F96ED9B
:1003A000000A022101A8B847934E01A92046B04790
:1003B000DFF8E08201A8C04790492046A847B0EE88
:1003C000480A012101A8B84701A92046B04701A861
:1003D000C0478B492046A847B0EE690A022101A810
:1003E000B84701A92046B04701A8C0478549204623
:1003F000A847B0EE490A022101A8B84701A9204642
:10040000B04701A8C04780492046A847B0EE680A17
:10041000022101A8B84701A92046B04701A8C0475A
:100420007A492046A8477A4B022193ED000A01A899
:10043000B84701A92046B04701A8C04775492046E2
:10044000A847754B01A81B78042B96BF734A7449C3
:1004500052F82310C84701A92046B04701A8C04759
:1004600020467049A847704B1B78002B00F045864A
:100470006E496F4A022B18BF114601A8C84701A94F
:100480002046DFF81082B04701A8C04769492046DE
:10049000A847694B0A22DFF80092197801A8C847DB
:1004A00001A92046B04701A8C04764492046A84793
:1004B000634B022193ED000A01A8B84701A9204629
:1004C000B04701A8C0475F492046A8475E4B0221BC
:1004D00093ED000A01A8B84701A92046B04701A83A
:1004E000C0475A492046A847594B022193ED000ABC
:1004F00001A8B84701A92046B04701A8C0475549FF
:100500002046A847544B0A22197801A8C84701A9D8
:100510002046B04701A8C04750492046A847504B45
:10052000022193ED000A01A8B84701A92046B0476F
:1005300001A8C0474B492046A8474B4B022193EDE9
:10054000000A01A8B84701A92046B04701A8C04742
:1005500046492046A847464B022193ED000A01A8D0
:10056000B84701A92046B04701A8C04741492046E5
:10057000A847414B0A22197801A8C84701A920467B
:10058000B04701A8C0473D492046A8473C4B0A2236
:10059000197801A8C84701A92046B04701A8C0475B
:1005A000DFF8F8A037492046A84737492046A84732
:1005B0009AF800100A22C1F3400101A8C84701A916
:1005C0002046B04701A8C04730492046A84769E007
:1005D000D40E000000007042D80D0000D40D0000C1
:1005E00031000000D00D00000000000000000000FD
:1005F0002002000000000000000000002B020000AC
:1006000033020000380200003D02000042020000F8
:100610003400000048020000F90E00000000000055
:100620000D02000050020000F80E00001C02000045
:100630001802000057020000F50E00005D020000E5
:10064000CC0D000062020000C80D0000670200002F
:10065000C40D00006D020000C00D00007302000018
:10066000080000007B020000BC0D000082020000B8
:10067000D80E00008C020000A40D000094020000BF
:10068000860D00009D020000A4020000AA020000E6
:10069000000000000000000000000000940D0000B9
:1006A00000FEFF469AF800100A22C1F3C00101A81B
:1006B000C84701A92046B04701A8C0479AF80030B2
:1006C0005FED098A13F0040F16BFA14B9FEDA18ABD
:1006D0001B88A1491EBF07EE903AF8EE677A87EEB5
:1006E000A88A2046A8479AF800100A22DFF8FCB230
:1006F000C1F3800101A8D847DFF8F48201A92046A0
:10070000C047DFF8F09201A8C84794492046A8479F
:10071000B0EE480A022101A8B84701A92046C04707
:1007200001A8C8478E492046A8478E4B02211B8846
:1007300001A800EE103AB8EE400A80EE280AB84749
:1007400001A92046C04701A8C84787492046A847B5
:10075000864B022193ED000A01A8B84701A9204663
:10076000C04701A8C84782492046A847814B0021BD
:1007700093ED000A01A8B84701A92046C04701A887
:10078000C8477D492046A8477C4B0A22197801A812
:10079000D84701A92046C04701A8C8477849204644
:1007A000A847784B0A22197801A8D84701A9204602
:1007B000C04701A8C847744B9847744BDFED747A63
:1007C0001B687449A0EB030A734B20461A8808EE95
:1007D000102AB8EE488A28EE278ADFED707A28EED4
:1007E000278AA8476C4B0A22198801A8D84701A973
:1007F0002046C04701A8C84769492046A847694B19
:10080000197821B1BAF5FA7F2CBF002101210A2203
:1008100001A8D84701A92046C047DFF8D89101A810
:10082000C84761492046A847B0EE480A012101A8FF
:10083000B84701A92046C047DFF868B101A8C847FA
:1008400020465A49A8479BF80030002B00F05884F6
:10085000BAF5FA7F80F05484554B93ED000A0121DC
:1008600001A8B84701A92046C04701A8C8472046AB
:100870005049A8479BF80030002B00F04584BAF59A
:10088000FA7F80F041844C4B93ED000A022101A8CD
:10089000B84701A92046C04701A8C8472046474994
:1008A000A8479BF80030002B00F03284BAF5FA7F9D
:1008B00080F02E84424B93ED000A022101A8B84734
:1008C000DFF82C9101A92046DFF82881C84701A84C
:1008D000C0473C492046A8473B4B0A221978DFF81D
:1008E0000CA101A8D04701A92046C84701A8C047CC
:1008F00036492046A847364B0A22197801A8D04726
:1009000001A92046C84701A8C04732492046A84748
:10091000314B0A22197801A8D04701A92046C847BF
:1009200001A8C0472D492046A8472D4B022193ED31
:10093000000A01A8B84701A92046C84701A8C04736
:1009400028492046A847284B022193ED000A53E08E
:10095000920D000000000000B6020000BE02000080
:10096000CB020000900D0000D60200008C0D0000AC
:10097000E4020000880D0000F1020000E20D00001A
:10098000F8020000E10D000000000000580E000019
:100990000000B443FF0200005E0E0000000080393A
:1009A000090300005C0E0000120300001C0300009D
:1009B000540E000026030000500E00003403000017
:1009C0004C0E000042030000BA0D00004E03000070
:1009D000B90D00005E030000B80D00006D030000BB
:1009E000B40D000079030000B00D0000000000000D
:1009F000000000000000000001A8B84701A920463F
:100A0000C84701A8C04796492046A847954B0221F0
:100A100093ED000A01A8B84701A92046C84701A8DC
:100A2000C04791492046A847904B0A22198801A83F
:100A3000D04701A92046C84701A8C0478C49204695
:100A4000A8478C4B0A22198801A8D04701A9204643
:100A5000C84701A8C047DFF8B082D8F80030002BA3
:100A600000F05A83844B9847D8F80030A0EB030A73
:100A700082492046A847824BDFF8909219880A22C3
:100A800001A8C84701A92046DFF88482B04701A821
:100A9000C0477C492046A8477B4B0A22198801A8F9
:100AA000C84701A92046B04701A8C047774920465A
:100AB000A8470A22514601A8C84701A92046B047C5
:100AC00001A8C04772492046A847724B0A221978EC
:100AD00001A8C84701A92046B04701A8C0476E49F0
:100AE0002046A8476D4B0A22197801A8C84701A9DA
:100AF0002046B04701A8C04769492046A847694B2E
:100B00000A22197801A8C84701A92046B04701A8C0
:100B1000C04765492046A847644B0A22197801A8B6
:100B2000C84701A92046B04701A8C04760492046F0
:100B3000A847604B0A22197801A8C84701A9204696
:100B4000B04701A8C0475C492046A8475B4B0A2232
:100B5000197801A8C84701A92046B04701A8C04795
:100B600057492046A847574B0A22198801A8C84769
:100B700001A92046B04701A8C04753492046A847CD
:100B8000524B0A22198801A8C84701A92046B0473C
:100B900001A8C0474E492046A8474E4B0A22197863
:100BA00001A8C84701A92046B04701A8C0474A4B41
:100BB0004A491B88204607EE903AF8EE677A87EE9E
:100BC000A88AA847B0EE480A022101A8B84701A99F
:100BD0002046B04701A8C04741492046A847414B9D
:100BE0000A22198801A8C84701A92046B04701A8D0
:100BF000C0473D492046A8473C4B022193ED000ADF
:100C000001A8B84701A92046B047394E01A8C047FE
:100C10003368002B00F08382174B98473668861B99
:100C200034492046A847DFF8E4900A22314601A85B
:100C3000C847314E01A92046B04701A8C0472F49F7
:100C40002046A8472E4B0A22198801A8C84701A9A7
:100C50002046B04701A8C0472A492046A84759E086
:100C600084030000AC0D00008F030000A80D0000FD
:100C70009C030000A60D000000000000A903000076
:100C8000660E0000B3030000640E0000BC03000009
:100C9000C80300003B0E0000D40300003A0E000021
:100CA000DF030000390E0000E9030000DF0D000043
:100CB000F7030000E00D000008040000F40D000040
:100CC00011040000F80D00001F040000F60D0000E4
:100CD0002C040000380E0000360E00003504000021
:100CE00045040000340E000053040000300E0000E4
:100CF0002C0E00005C040000000000006D040000E9
:100D00002A0E00007B040000680E000000000000B6
:100D100000000000984B032193ED000A01A8B8479A
:100D200001A92046B04701A8C04794492046A847DA
:100D3000934B012193ED000A01A8B84701A9204671
:100D4000B047DFF8D0A201A8C0478E492046A84787
:100D50000A229AF8001001A8C84701A92046B04706
:100D600001A8C04788492046A8479AF800100A22DF
:100D700001F0010101A8C84701A92046B04701A818
:100D8000C04782492046A8479AF800100A22C1F3BA
:100D9000400101A8C84701A92046B0477C4E01A8E0
:100DA000C0473368002B00F0BC817A4B9847366807
:100DB000861B79492046DFF86092A8470A2231460F
:100DC00001A8DFF85882C84701A92046734EC047E2
:100DD00001A8B04772492046A847724B0A221988D9
:100DE00001A8C84701A92046C04701A8B0476E49DD
:100DF0002046A8476D4B0A22198801A8C84701A9B7
:100E00002046C04701A8B04769492046A847694B1A
:100E10000A22198801A8C84701A92046C04701A88D
:100E2000B04765492046A847644B032193ED000A6B
:100E300001A8B84701A92046C04701A8B0476049AA
:100E40002046A8475F4B032193ED000A01A8B8474D
:100E500001A92046C04701A8B0475B492046A847E2
:100E60005A4B032193ED000A01A8B84701A9204677
:100E7000C047574F01A8B04756492046A8470A2205
:100E8000397801A8C84701A92046C04701A8B04742
:100E900051492046A847514B0A22197801A8C84752
:100EA00001A92046C04701A8B0474D492046A847A0
:100EB0004C4B0A22197801A8C84701A92046C0470F
:100EC00001A8B04748492046A847484B0A2219784C
:100ED00001A8C84701A92046C04701A8B047444916
:100EE0002046A847434B0A22196801A8424B98475D
:100EF00001A92046C04701A8B04740492046A8475D
:100F00003F492046A84739780A2201F0010101A88B
:100F1000C84701A92046C04701A8B0473949204623
:100F2000A84739780A22C1F3400101A8C847364FC3
:100F300001A92046C04701A8B0473B68DFF854A08C
:100F4000002B00F0F080D0473F68C71B2F49204698
:100F5000A8470A22394601A8C8472D4F01A92046B3
:100F6000C04701A8B0473B68002B00F0DE80D047A7
:100F70003F68C71B54E000BF240E00008704000038
:100F8000200E000093040000A3040000B30400003E
:100F90001C0E000000000000C30400000000000060
:100FA000D4040000180E0000E5040000160E000036
:100FB000F60400001800000007050000080E0000FD
:100FC00016050000040E000025050000000E0000BC
:100FD000140E000034050000450500000E0E000050
:100FE0005A0500000D0E00006A0500000C0E0000FE
:100FF0007F050000100E0000000000008D050000BD
:10100000A5050000B6050000FC0D0000CB050000A2
:10101000F00D0000280E000000000000000000009D
:1010200044492046A8470A22394601A8C847424FEA
:1010300001A92046C04701A8B0473B68002B76D0E5
:10104000D0473F68C71B20463C49A8473C4B0A2273
:101050001968DFF8209101A8C84701A92046C047B8
:1010600001A8B04720463749A8470A22394601A8B7
:10107000354FB84701A92046C04701A8B0472046D0
:101080003249A8470A22324901A8C84701A9204687
:10109000C04701A8B04720462E49A8470A2203218D
:1010A00001A8B84701A92046C04701A8B04720467B
:1010B0002949A8470A22012101A8B84701A92046C9
:1010C000C04701A8B04725492046A847244B1D68C2
:1010D000244B9847291A0029D4BF002101210A2254
:1010E00001A8B84701A92046C04701A8B04720463B
:1010F00005B0BDEC048BBDE8F08F1B49FFF7BDB90F
:101100009FED1A0AFFF7ABBB9FED180AFFF7BEBBB6
:101110009FED160AFFF7D1BBDFF854A0A8E4144EE8
:101120007EE5134E45E6124F10E7114F78E7104F5A
:1011300089E700BFDD050000E80D0000ED050000B7
:10114000EC0D0000FD050000000000000E06000090
:1011500089B3C37819060000260600003006000097
:10116000400D00000000000015020000000000001B
:101170003F420F00000000002DE9F04106460B4FF2
:101180004D1E15F8018FB8F1000F02D10120BDE806
:10119000F08116F8010BB84704464046B847E4B260
:1011A000C0B28442EDD00020F1E700BF0000000093
:1011B0002DE9F0410D46DFF83080471E17F8010F8A
:1011C00068B115F8014B3CB1C04706462046C04700
:1011D000F6B2C0B28642F1D00020BDE8F081287896
:1011E000B0FA80F04009F8E700000000224B1B78BD
:1011F000002B31D1214B1B78002B2FD1204B1B789A
:10120000002B2DD11F4B1B68002B2BD01E4B1B68B6
:10121000002B29D0C31AB3F5FA7F25D81B4B1B68C6
:1012200013B3C01AB0F5FA7F1ED8194B1B78DA0732
:101230001CD5184903F01C020978114318D19B06EC
:1012400018D4154B154A1B881288154813439BB2B6
:10125000002B08BF002070471248704712487047A3
:10126000124870471248704712487047124870473A
:101270001248704712487047A40D0000F90E000094
:10128000F50E0000EC0E0000680E0000F00D0000EE
:101290003B0E00003A0E0000640E0000F60D000048
:1012A000AB000000320000004000000049000000D8
:1012B0005D000000C00000006F0000009B00000007
:1012C00087000000054B1A783AB1054A127822B916
:1012D00004491A700878044908707047F60E000037
:1012E000F90E0000F70E0000F80E0000DFED0A7A9C
:1012F000B4EEE70AF1EE10FA08B508490A7806D804
:10130000002002F0FB02064B0A70188008BD054B56
:10131000984742F00402F6E717B7D138940D000061
:10132000920D00000000000070B50D2201240A4B50
:1013300001EB81011944094B181A022311F8015BD2
:1013400045FA03F6F60744BF8618F454013BF7D27A
:101350000D324E2AF1D170BD3E060000E20C0000B5
:10136000D0ED017AB0EE406A60EE277A9FED0A7AFE
:1013700090ED020A10B5A7EE870A90ED041AD0EDA1
:10138000030A064B9847BDE81040D0ED007A80ED87
:10139000020AA6EE270A18476F12833A00000000DF
:1013A000B4EEE00AF1EE10FA0BD5DFED0C7A30EE78
:1013B000270AF4EE400AF1EE10FA48BFB0EE600AD8
:1013C000704709DDDFED057A30EE670AF4EE400A7A
:1013D000F1EE10FA30FE800A704700BF0BD7A33B36
:1013E000F8B506460F4630680378202B05D0092B48
:1013F00003D02BB900252846F8BD01303060F2E754
:101400002B2B01D02D2B46D1431C00251C4613F855
:10141000012BA2F1300109293FD92E2A06D11A4603
:10142000144623780132303B092B38D9002DE1D006
:10143000237803F0DF03452B0ED163782B2B30D0BC
:101440002D2B2ED0631C00211C4613F8012B303AA3
:10145000092A28D90029CDD0237813F0DF0F01D035
:10146000092BC7D1114B9847114B51EC100B9847E2
:1014700007EE900AF4EE677AF1EE10FABAD6B0EE03
:10148000E77ADFED0C6AB4EE667AF1EE10FAB1DCC1
:1014900038603460AFE70346B7E70125B6E70125BA
:1014A000BEE7A31CCFE72946CEE700BF000000003F
:1014B00000000000FFFF7F7F07B5094B019001A8E6
:1014C000984750B1019B013B13F8010F2028FBD036
:1014D0000928F9D0B0FA80F0400903B05DF804FBA8
:1014E00000000000DFED227AB4EEE70AF1EE10FA18
:1014F00002DB90ED060A704701231E4AF2EC017AE6
:10150000B4EEE70AF1EE10FA2DD81B499B001A1F22
:10151000114491ED007ADFED196A77EEC77AF4EEA7
:10152000E67AF1EE10FACABF30EE470A9FED147A60
:1015300080EE277AB5EEC07AF1EE10FA0244D2EDD1
:10154000007A0DD9F7EE006AB4EEE67AF1EE10FA01
:10155000184490ED000A05DA70EE676AE7EE267A25
:10156000B0EE670A70470133072BC7D1C1E700BF50
:1015700000004842200B00001C0B0000BD378635E0
:1015800000000000012A10B50C4602D101600020C5
:1015900010BD022A05D0032AF9D0002AF7D1026033
:1015A000F5E70146024B0420984723680360EEE705
:1015B0000000000010B504460B689847204610BD97
:1015C000012A10B50C4602D10160002010BD022A8C
:1015D00005D0032AF9D0002AF7D10260F5E70146C9
:1015E000024B0420984723680360EEE700000000E8
:1015F0001FB5064B046801A8984701A8A0470446F8
:10160000034B01A89847204604B010BD000000001D
:101610000000000038B50C1A002C134605DD014609
:1016200022461846024DA8470346181938BD00BF88
:1016300000000000002810B506D001DA034B9847DF
:10164000034BBDE81040184710BD00BF000000006C
:1016500000000000004B184700000000004B184736
:10166000000000000A200021004B18470000000085
:1016700010B58368044613B10322014698472046FB
:1016800010BD000010B50446034B40F8043B034B6B
:101690009847204610BD00BF080000000000000071
:1016A00010B50446034B984720461421024B984737
:1016B000204610BD000000000000000010B50446E8
:1016C000034B40F8043B034B9847204610BD00BF36
:1016D000080000000000000010B50446034B9847C6
:1016E00020461421024B9847204610BD0000000000
:1016F00000000000D0E901239B1A0269B2EBA30F9E
:1017000084BF00234375407D7047D0E90132934286
:1017100018BF83600023036183820360704710B5A4
:10172000D0E901431B1BB1EBA30F3DBF54F821309F
:101730000068D218002038BF801810BD70B5074E61
:10174000051D044631462846054B9847002331467F
:1017500023602846034B9847204670BD31000000A7
:1017600000000000000000000022C0E90022C0E9E3
:10177000022202618282704738B54FF480720021E4
:101780000C4B0446002598474FF0FF330A49C4E943
:101790004053C4F80851094B04F586709847C4E9D2
:1017A0004655C4E94855064B04F5947098472046C1
:1017B00038BD00BF00000000310000000000000044
:1017C0000000000038B5044600F138054FF0FF3244
:1017D00005494FF0FF332846884794F86041284672
:1017E000024B9847204638BD000000000000000072
:1017F000F0B5044600260127CB688BB00D68486819
:101800008A68089393FAA3F30493636A05A905957C
:101810000690079295FAA5F590FAA0F092FAA2F236
:101820000996266021616761019502900392A66185
:1018300003B19847044B84F8217001A8984700230E
:10184000A3610BB0F0BD00BF0000000010B504465E
:10185000006818B1A168024B091A9847204610BDCC
:101860000000000008B50248024B984708BD00BFC1
:10187000000000000000000008B50248024B984735
:1018800008BD00BF000000000000000030B5836804
:1018900085B003930023D0E900420D68CDE90142F1
:1018A00005604D6845608D688560C1E900338B60D7
:1018B00001A8024B984705B030BD00BF00000000F2
:1018C00010B5D0E901431B1BB1EBA30F3DBF03686B
:1018D00054F82110D218002038BF505C10BD000011
:1018E00008B5D0E90132D31AB1EBA30F15D2114BD1
:1018F00000229847030612D58F2812D99F2812D9A3
:10190000BF2812D9C02807D0C12805D0C3280ED9B6
:10191000E02828BFE020C0B208BDC120FCE70020BD
:10192000FAE78020F8E79020F6E7A020F4E7C2204D
:10193000F2E700BF0000000008B5024B01699847BC
:1019400008BD00BF0000000073B50569D0E9016360
:101950009B1BB5EBA30F044603D300234375002064
:1019600016E0012343750D4B9847D22805F101037A
:1019700010D1236156F825002268031D134401A9E4
:10198000024413F801099A4201F8010BF9D10198B8
:1019900002B070BD002223616275E0E70000000024
:1019A00073B50569D0E901639B1BB5EBA30F044632
:1019B00004D3002343750020002118E00123437560
:1019C0000E4B9847D32805F1010312D169462361D4
:1019D00056F82500226800F108031344024413F866
:1019E00001099A4201F8010BF9D1DDE9000102B0C9
:1019F00070BD002223616275DDE700BF00000000BA
:101A000070B50669D0E901239B1AB6EBA30F044613
:101A100003D300234375002008E00125064B4575DC
:101A20009847C0282E4402D12846266170BD002365
:101A300026616375EFE700BF0000000008B5064BA4
:101A40009847902806D02430C0B201288CBF0020CF
:101A5000012008BD0120FCE70000000008B5064B8E
:101A60009847A02806D02730C0B202288CBF00209B
:101A7000012008BD0120FCE70000000008B5064B6E
:101A80009847802806D02230C0B201288CBF0020A1
:101A9000012008BD0120FCE70000000008B5064B4E
:101AA0009847E02806D03030C0B203288CBF002011
:101AB000012008BD0120FCE70000000008B5064B2E
:101AC000984730B13430C0B203288CBF00200120C9
:101AD00008BD0120FCE700BF0000000070B50569EB
:101AE000D0E901639B1BB5EBA30F044603D300238E
:101AF0004375002011E0012343750A4B9847D12814
:101B000005F101030AD1236156F825202368134407
:101B100098785B7863F30F2000B270BD00222361D8
:101B20006275E6E70000000073B50569D0E901635E
:101B30009B1BB5EBA30F044604D3002343759FED15
:101B4000100A17E0012343750E4B9847CA2805F188
:101B5000010311D1236156F825002268031D1344A7
:101B600001A9024413F801099A4201F8010BF9D1C5
:101B70009DED010A02B070BD002223616275DEE7AF
:101B8000000000000000000073B50569D0E90163A2
:101B90009B1BB5EBA30F044604D3002343759FEDB5
:101BA000120B18E001234375114B9847CB2805F120
:101BB000010312D16946236156F82500226800F11D
:101BC00008031344024413F801099A4201F8010B77
:101BD000F9D19DED000B02B070BD0022236162754A
:101BE000DDE700BFAFF30080000000000000000050
:101BF0000000000038B50569D0E901239B1AB5EB58
:101C0000A30F044603D30023437500200EE00123F5
:101C10004375094B9847E02805F1010307D123617B
:101C2000002229462046054B984740B238BD002285
:101C300023616275E9E700BF0000000000000000BA
:101C400038B50569D0E901239B1AB5EBA30F04460B
:101C500003D30023437500200DE001234375084B97
:101C600098476B1C024638B9236129462046054B2C
:101C7000984700F07F0038BD002223616275EAE7D3
:101C8000000000000000000070B50569D0E90123E4
:101C90009B1AB5EBA30F044603D300234375002022
:101CA0000DE00126084B46759847CC2805EB060346
:101CB00006D12361324629462046044B984770BD21
:101CC000002223616275EAE70000000000000000C6
:101CD00010B5D0E901431B1BB1EBA30F37BF54F87C
:101CE00021300020D21803683FBF991848789B5CC8
:101CF00040EA032010BD000070B50569D0E901235A
:101D00009B1AB5EBA30F044603D3002343750020B1
:101D10000DE00126084B46759847CD2805EB0603D4
:101D200006D12361324629462046044B984770BDB0
:101D3000002223616275EAE7000000000000000055
:101D400013B5D0E901431B1BB1EBA30F10D254F81C
:101D5000213001681A44131D0B4401A8114413F8E3
:101D6000012D8B4200F8012BF9D1019802B010BD72
:101D70000020FBE738B5424B04460D469847002843
:101D800077D08038C3B2602B75D8602873D8DFE86D
:101D900000F0707272727272727272727272727219
:101DA0007272707272727272727272727272727215
:101DB00072723F7272727272727272727272727236
:101DC00072727272727272727272727272727272F3
:101DD000727270727072484F565D62693539743133
:101DE0003539743135393133373B3D484F5631350C
:101DF00031357000032038BD0420FCE70520FAE7E8
:101E00000620F8E70920F6E70A20F4E71220F2E7B7
:101E10000022294620461B4B984700F01F00013046
:101E2000E9E7012229462046164B98470230E2E7AF
:101E3000012229462046144B98470330DBE7012254
:101E400029462046114B98470530D4E70122294600
:101E500020460C4BF0E70122294620460A4B9847C2
:101E60000430C8E7012229462046084B984706302F
:101E7000C1E70120BFE70020BDE70220BBE700BFAC
:101E80000000000000000000000000000000000052
:101E900070B50569D0E901239B1AB5EBA30F044681
:101EA00003D300234375002013E00126124B46752F
:101EB0009847DC2805EB06030CD0DD2811D09028CC
:101EC00015D123610022294620460C4B984700F08B
:101ED0000F0070BD3246294620462361084B9847C3
:101EE000F7E72361324629462046064BF7E70022F2
:101EF00023616275D7E700BF00000000000000000A
:101F0000000000000000000038B5037D04460D46C7
:101F10001BB1D0E901239A4202D10023637538BD79
:101F20009B1A0269B2EBA30FF7D2054B98472860C2
:101F3000637D002BF3D02046024B9847EFE700BFAC
:101F4000000000000000000070B50569D0E9012321
:101F50009B1AB5EBA30F044603D30023437500205F
:101F60000DE00126084B46759847CE2805EB060381
:101F700006D12361324629462046044B984770BD5E
:101F8000002223616275EAE7000000000000000003
:101F900070B50569D0E901239B1AB5EBA30F044680
:101FA00003D300234375002013E00126124B46752E
:101FB0009847DE2805EB06030CD0DF2811D08028D7
:101FC00015D123610022294620460C4B984700F08A
:101FD0000F0070BD3246294620462361084B9847C2
:101FE000F7E72361324629462046064BF7E70022F1
:101FF00023616275D7E700BF000000000000000009
:10200000000000000000000013B5D0E901431B1BD5
:10201000B1EBA30F12D254F82130016868461A447C
:1020200002F108030B44114413F8012D8B4200F810
:10203000012BF9D1DDE9000102B010BD0020002123
:10204000FAE7000070B50569D0E901239B1AB5EBEA
:10205000A30F044604D300234375002001460DE07E
:102060000126094B46759847CF2805EB060306D194
:102070002361324629462046044B984770BD002212
:1020800023616275E9E700BF000000000000000066
:1020900010B5D0E901431B1BB1EBA30F3DBF036893
:1020A00054F82110D218002038BF505610BD00003F
:1020B00070B50569D0E901239B1AB5EBA30F04465F
:1020C00003D30023437500200DE00126084B46751D
:1020D0009847D02805EB060306D1236132462946EE
:1020E0002046044B984770BD002223616275EAE7E1
:1020F000000000000000000010B5084B044698479F
:10210000D62808D1064B0122204621699847431C56
:102110005842584110BD0020FCE700BF00000000FD
:102120000000000010B5084B04469847D72808D196
:10213000064B0122204621699847431C58425841CA
:1021400010BD0020FCE700BF000000000000000000
:1021500038B50C4B04469847C72811D1256902228F
:1021600029462046084B9847013009D1074B0122E8
:10217000294620469847A0F10C035842584138BDE3
:102180000020FCE70000000000000000000000004C
:1021900010B5D0E901431B1BB1EBA30F3DBF036892
:1021A00054F82110D218002038BF505C10BD000038
:1021B00038B5037D04460D461BB1D0E90123934297
:1021C00003D100236375002038BD9B1A0269B2EB6E
:1021D000A30FF6D2044B98472870637D002BF2D0F2
:1021E0002046024B9847EFE7000000000000000087
:1021F00070B5037D04460D461BB1D0E9012393421F
:1022000003D100236375002070BD06699B1AB6EBED
:10221000A30FF6D2012343750C4B9847C22806F151
:1022200001030FD12361002231462046084B984715
:1022300000F001002870637D002BE4D02046054BA0
:102240009847E1E7002023616075F3E70000000094
:1022500000000000000000002DE9F043037D04466B
:102260000E4685B01BB1D0E90123934205D100236E
:102270006375002005B0BDE8F08305699B1AB5EBD6
:10228000A30FF4D20127464B47759847DA28454BF0
:102290006CD00BD8A02824D0D9284DD000220135ED
:1022A00041496275256101A898472FE0DB28F5D1E7
:1022B0003D4901A898473A46204621693B4B98473B
:1022C00000250746DFF8FC80DFF8FC90AF4221696B
:1022D0001AD06A1D2046C047014601A8C8470135EB
:1022E000F4E7314901A89847002220462169304B84
:1022F00098470025DFF8CC80DFF8CC9000F01F076E
:10230000EBB29F4221690FD801312161294B01A90C
:1023100030469847284B01A89847637D002BA8D0EA
:102320002046264B9847A5E701352A462046C04758
:10233000014601A8C847E3E71B4901A898473A4668
:10234000204621691A4B984700250746DFF874801C
:10235000DFF87490EBB2BB422169D5D2AA1C2046AB
:10236000C047014601A8C8470135F3E70E4901A857
:1023700098473A4620462169114B98470025074661
:10238000DFF84080DFF84090ABB29F422169BBD9B3
:10239000EA1C2046C047014601A8C8470135F3E7BB
:1023A00000000000000000003100000000000000FC
:1023B000000000000000000000000000000000001D
:1023C0000000000000000000000000002DE9F041C6
:1023D000037D04460E461BB1D0E90123934204D18C
:1023E000002363750020BDE8F08107699B1AB7EBF5
:1023F000A30FF5D2012343751F4B984707F101083E
:1024000090B11E4B022239462046C4F810809847EE
:1024100000231D46C6E90003B560637D002BE1D0B3
:102420002046174B9847DEE72046164B984750B199
:10243000154B022239462046C4F8108098478D0873
:1024400001F00303E6E72046104B9847054670B1BC
:1024500003223946094B204698470B4B0546072275
:1024600039462046C4F8108098470B46D2E7034609
:102470006075C4F81080CDE7000000000000000087
:10248000000000000000000000000000000000004C
:10249000F8B507460423194E013B00D1FEE7356825
:1024A000BD4202D174682046F8BD25BB3146144BAD
:1024B00041F8087B4FF4846098474FF480620446EB
:1024C000104B294640F8047B98474FF0FF330E4AE3
:1024D000C4F808341368C4F804540133C4F80C5425
:1024E000C4F81054C4F81454C4F81854C4F81C5454
:1024F00013607460D7E706F58566CDE7000000003D
:1025000000000000000000000000000010B50446BC
:10251000006818B1A168024B091A9847204610BDFF
:102520000000000010B50446064B00F59670984771
:10253000054B04F58C709847044B04F5867098475A
:10254000204610BD00000000000000000000000058
:102550002DE9F84F6FF06043D0E9008A1546AAEBE9
:102560000802B3EBA20F074689464FEAA20402D144
:102570002748284B9847C24514BF22460122A41879
:10258000A1EB080B2BD264B39C4228BF1C46224B04
:10259000A00098470646214B042006EB0B01984704
:1025A0002B68BBF1000F03600BF10405AAEB090ACD
:1025B00019DD5A4641463046194B98477019BAF111
:1025C000000F00EB0A0503DD52464946154B9847BC
:1025D000B9684046144BA1EB0801984710E01C462F
:1025E000D5E72646D7E7BAF1000F354404DD524659
:1025F000494628460B4B98475544B8F1000FE7D1A0
:10260000C7E9006506EB8406BE60BDE8F88F00BF31
:10261000C70A0000000000000000000000000000E9
:102620000000000000000000000000002DE9F7435A
:10263000044616460025184FDFF86080DFF86090EA
:102640000160AE42A16801950FD8636851F8045C3F
:10265000C91A891020460139B8472844831B5842BB
:102660005841207503B0BDE8F083E3688B420ED07B
:102670000420C8470560A3680433A360D4E901318E
:10268000C91A891020460139B8470544D9E71946C7
:1026900001AA201DC047F1E7000000000000000073
:1026A000000000002DE9F041044600F130070E461D
:1026B00015464FF0FF334FF0FF3238460649884742
:1026C00020462946054B40F8046B98473846BDE83C
:1026D000F041034B184700BF00000000000000005D
:1026E000000000002DE9FF410446884600251746FA
:1026F0001E46134B98474146C4E90455114B04F15B
:10270000180098470A9B1422E36204F1300329461B
:102710001846C4E909760C4DA8470C4B98470C495C
:102720000C4B01A89847FF21204601AA0A4B984765
:102730000A4B01A89847204604B0BDE8F08100BFCD
:102740000000000000000000000000000000000089
:102750007D0A0000000000000000000000000000F2
:102760001FB504460749084B01A89847FF2120469A
:1027700001AA064B9847064B01A89847002004B0D1
:1027800010BD00BF5C0A0000000000000000000057
:102790000000000038B5044600F130054FF0FF326C
:1027A00007494FF0FF332846884724682846002C05
:1027B000D4BF00240124034B9847204638BD00BFF6
:1027C000000000000000000038B5044600F5087560
:1027D0004FF0FF3205494FF0FF332846884794F801
:1027E00034422846024B9847204638BD000000007E
:1027F0000000000010B5064B04460648984728B173
:102800002146BDE810400348034B184710BD00BFE8
:1028100000000000000000000000000010B50446A9
:102820001046D4E900236FF000449B1AE21A8A4252
:1028300001D2074B9847994238BF19465B1804D21A
:10284000A34228BF2346184610BD2046FCE700BF20
:10285000000000002DE9F047D0E901739F420446D3
:102860008846DFF878A00AD039460120D04798F88A
:1028700000300370636801336360BDE8F087134A7A
:102880000121134B9847134B266881469847B91B83
:10289000014405460120D04798F8003039460370BE
:1028A0002A46DFF83C803046C0473946421C38464D
:1028B000C047074626B1A1683046074B891B984799
:1028C000C4E900574D44A560D7E700BFC70A000020
:1028D00000000000000000000000000000000000F8
:1028E000000000002DE9F047D0E901739F42044643
:1028F0008846DFF878A00AD039460120D04798F8FA
:1029000000300370636801336360BDE8F087134AE9
:102910000121134B9847134B266881469847B91BF2
:10292000014405460120D04798F80030394603702D
:102930002A46DFF83C803046C0473946421C3846BC
:10294000C047074626B1A1683046074B891B984708
:10295000C4E900574D44A560D7E700BFC70A00008F
:102960000000000000000000000000000000000067
:102970000000000007B5044B8DF807100DF10701AA
:10298000984703B05DF804FB0000000010B5044652
:10299000034BC0219847E3680133E36010BD00BFDB
:1029A0000000000037B504460D46074BCC21984780
:1029B0002046064B0DF107018DF807509847E36854
:1029C0000133E36003B030BD0000000000000000F0
:1029D0002DE9F047D0E901739F4204468846DFF8AD
:1029E00078A00AD039460120D04798F8003003700B
:1029F000636801336360BDE8F087134A0121134B1C
:102A00009847134B266881469847B91B01440546F1
:102A10000120D04798F80030394603702A46DFF885
:102A20003C803046C0473946421C3846C0470746BE
:102A300026B1A1683046074B891B9847C4E9005767
:102A40004D44A560D7E700BFC70A000000000000A2
:102A50000000000000000000000000000000000076
:102A6000F8B505460E460324034F31192846B847EA
:102A7000013CFAD2F8BD00BF0000000013B50446C7
:102A80000191064BCE2198472046054B01A9984756
:102A9000E3680133E36002B010BD00BF0000000036
:102AA0000000000070B505460C46044E0131B047E9
:102AB000214628463346BDE8704018470000000014
:102AC0000F2913B504460BD861F06F018DF804107F
:102AD0000D4B01A99847E3680133E36002B010BDD4
:102AE000B1F5803F094B08D2ADF80410DC219847BE
:102AF0002046074B01A99847EDE70191DD21984752
:102B00002046044B01A9F6E7000000000000000089
:102B1000000000000000000013B50446ADF80610E8
:102B2000064BCD2198472046054B0DF106019847ED
:102B3000E3680133E36002B010BD00BF0000000095
:102B4000000000007E2913B504460AD80D4B8DF80D
:102B500007100DF107019847E3680133E36002B005
:102B600010BDFF2903D8084BC9B29847F7E7B1F564
:102B7000803F03D2054B89B29847F0E7044B984752
:102B8000EDE700BF000000000000000000000000B2
:102B90000000000073B50C1E054621DB7E2C08DC0E
:102BA0008DF8044001A9234B9847EB680133EB6093
:102BB00008E0E317B4F5807F73F1000204D21E4BE6
:102BC000E1B2984702B070BDB4F5803F73F10003E5
:102BD00003D21A4BA1B29847F4E7194B9847F1E793
:102BE00014F11E0FDCDA14F1800F164B06DBD02136
:102BF000984728468DF8044001A9D4E714F5004F02
:102C0000114E0BDBD121ADF80440984728460DF159
:102C10000501B047284601A9B047C6E70194D22173
:102C20009847032401AB19192846B047013CF9D253
:102C3000BBE700BF00000000000000000000000033
:102C40000000000000000000000000002DE9F84F27
:102C500004460D46DFF88CA001EB020BAB4501D119
:102C6000BDE8F88FD4E90183984509D04146012099
:102C7000D0472B7803706368013363600135EDE75B
:102C8000134A0121134B20469847134B276881466E
:102C90009847A8EB0701014406460120D0472B784E
:102CA0004146037032460D4B384698474146421C18
:102CB0000A4B40469847804627B1A1683846084BE2
:102CC000C91B9847C4E900684E44A660D6E700BF18
:102CD000C70A000000000000000000000000000023
:102CE0000000000000000000F7B58D6804461F2DAD
:102CF0000F68174E0FD865F05F038DF8043001A9F7
:102D0000144B98472A4639462046B047E3680133BA
:102D1000E36003B0F0BDFF2D0F4B06D8D9219847D3
:102D200020468DF8045001A9EAE7B5F5803F08D2A6
:102D3000DA2198472046094BADF8045001A998477D
:102D4000E0E7DB2198472046054B019501A9F6E70E
:102D50000000000000000000000000000000000073
:102D60000000000038B50C4605460221074B984785
:102D700054F8041B2846064B984728462146054B25
:102D800098472846044B984738BD00BF0000000014
:102D90000000000000000000000000002DE9F041EC
:102DA0001E4B074688B008468846144698471C4E76
:102DB0000546B0B91B491C4B01A89847FD2301A942
:102DC000049305A8194B984701A8B0472046184B13
:102DD00004A9984705A8B0470025284608B0BDE8D3
:102DE000F0810023694600934046124B9847009BB0
:102DF0000BB11149DFE7FB680BB9104B9847391D40
:102E00003B6904A8984720460D4B984720460D4B38
:102E100004A9984704A8B047DFE700BF00000000FE
:102E2000000000001E08000000000000000000007C
:102E300000000000000000003E080000000000004C
:102E4000000000000000000038B50569D0E901234A
:102E50009B1AB5EBA30F044603D300234375002050
:102E60001CE001234375214B984728B300F134033C
:102E7000DBB2142B35D8CC38142832D8DFE800F078
:102E80001F22252B0F1215183131313131313131DB
:102E9000313131310B002046154B984738BD204663
:102EA000144BFAE72046144BF7E72046134BF4E7A0
:102EB0002046134B9847F1E72046124BEDE720469A
:102EC000114BEAE72046114BE7E72046104B9847A5
:102ED00020EAE070E2E720460E4B98470029DDDA51
:102EE000BDE70023013563752561B8E700000000E8
:102EF00000000000000000000000000000000000D2
:102F000000000000000000000000000000000000C1
:102F1000000000000000000038B5037D04460D46A7
:102F20001BB1D0E90123934203D100236375002034
:102F300038BD9B1A0269B2EBA30FF6D2044B984737
:102F40002860637D002BF2D02046024B9847EFE7C4
:102F5000000000000000000038B50569D0E9012339
:102F60009B1AB5EBA30F044604D3002343759FEDD2
:102F70002F0A21E0012343752D4B9847A8B100F19A
:102F80003603DBB2162B4BD8CA38162848D8DFE8F0
:102F900000F03B3F14171A1D2D3033364747474783
:102FA000474747474747474725002046214B984713
:102FB00000EE100AB8EE400A38BD20461E4BF6E778
:102FC00020461E4BF3E720461D4BF0E71D4B2046E5
:102FD00098471D4B984700EE100AEDE720461B4B23
:102FE000984700EE100AB8EEC00AE5E72046184BF5
:102FF000F6E72046174BF3E72046174BF0E7174B51
:1030000020469847164BE5E72046164B9847D3E7EE
:103010002046154B9847154B51EC100B9847DAE7B3
:103020000023013563752561A1E700BF00000000A2
:103030000000000000000000000000000000000090
:103040000000000000000000000000000000000080
:103050000000000000000000000000000000000070
:103060000000000000000000000000000000000060
:1030700038B50569D0E901239B1AB5EBA30F0446C7
:1030800004D3002343759FED2C0B21E001234375EE
:103090002B4B9847A8B100F13603DBB2162B46D86C
:1030A000CA38162843D8DFE800F0363E14171A1D38
:1030B000282B2E3142424242424242424242424246
:1030C000230020461F4B98471F4B984741EC100B9D
:1030D00038BD20461D4BF6E720461D4BF3E7204642
:1030E0001C4BF0E71C4B204698471C4B9847EDE7DC
:1030F00020461B4B98471B4BE7E720461A4BF9E746
:1031000020461A4BF6E72046194BF3E7194B2046A9
:103110009847194BEAE72046184B9847184B10EE92
:10312000100A9847D2E72046164B9847D0E700236D
:10313000013563752561A6E700000000000000006E
:10314000000000000000000000000000000000007F
:10315000000000000000000000000000000000006F
:10316000000000000000000000000000000000005F
:10317000000000000000000000000000000000004F
:1031800000000000000000002DE9F7430F69D1E9BD
:1031900001239B1AB7EBA30F06460D4608D3002365
:1031A0004B75C0E900338360304603B0BDE8F0835F
:1031B0004FF001080846344B81F815809847C52820
:1031C0004FF0000421D0C6283BD0C42854D1C6E912
:1031D0000044B460424628462969DFF8B880C047F9
:1031E0000746DFF8B490E3B29F42296902D8013163
:1031F0002961D9E7A21C2846C0470DF107018DF8C7
:1032000007003046C8470134EDE7C6E90044B46022
:103210004246284629691D4B98470746DFF87480C7
:10322000DFF87490A3B2BB422969E0D2E21C2846C1
:10323000C0470DF107018DF807003046C84701343B
:10324000F0E7C6E90044B460424628462969104BBD
:1032500098470746DFF83C80DFF83C90A742296991
:10326000C5D0621D2846C0470DF107018DF8070043
:103270003046C8470134F1E701376C752F61C6E964
:103280000044B46090E700BF0000000000000000B0
:1032900000000000000000000000000070B5037D89
:1032A00004460E4615461BB1D0E90123934203D1D3
:1032B00000236375002070BD9B1A0269B2EBA30F57
:1032C000F6D2054B98473060637D002BF2D029463B
:1032D0002046024B9847EEE7000000000000000087
:1032E000F8B506460F4615460024AC4201D32046E9
:1032F000F8BD30682A1B036839199B689847044455
:10330000F3E700002DE9FF4700258946984604466B
:10331000D0F8187404216846DFF874A01646CDE989
:103320000055CDE90255D04729466846134B9847CA
:10333000134B394668469847124D49466846A84798
:1033400001216846D04741466846A847DDE9001597
:103350006D1A2A4620460C4B984785420B4A04D0EA
:103360006846904704B0BDE8F087D4F81834684642
:103370000133C4F8183490473760F3E700000000C9
:10338000000000000000000000000000000000003D
:10339000000000002DE9F04300258846044685B072
:1033A000D0F8187404216846DFF870901646CDE90D
:1033B0000055CDE90255C84729466846124B984743
:1033C00039466846114B9847114B41466846984725
:1033D00029466846C847DDE900156D1A2A46204689
:1033E0000C4B984785420C4A04D06846904705B07C
:1033F000BDE8F083D4F8183468460133C4F81834B3
:1034000090473760F3E700BF0000000000000000B5
:1034100000000000000000000000000000000000AC
:103420002DE9F04304460D461646DFF89490DFF888
:10343000948085B000F12407642200233846C847F1
:10344000002831D12368CDE90000CDE90200DFF882
:10345000789068460321D3F80080144CC84768462A
:103460000221A047124B2946684698476846012129
:10347000C84768463168A047DDE90014641A0D4B5F
:10348000224640469847844208BFD8F81834684618
:1034900004BF0133C8F81834074B98473846074B28
:1034A00005B0BDE8F0431847C047C5E7000000007D
:1034B000000000000000000000000000000000000C
:1034C00000000000000000000000000008B5D1F876
:1034D00004315A1C09D0D1E946128A4205D0022B88
:1034E00003D00068014B521A984708BD0000000045
:1034F0002DE9F041044600F130070E4615464FF025
:10350000FF334FF0FF3238460649884720462946A8
:10351000054B40F8046B98473846BDE8F041034B33
:10352000184700BF0000000000000000000000007D
:103530002DE9FF4104468846002517461E46144BD8
:1035400098474146C4E90455124B04F118009847C6
:103550000A9B2946E36204F1300314221846C4E9A9
:1035600009760D4DA8470B9A0C4B626498470C499D
:103570000C4B01A89847FF21204601AA0A4B984707
:103580000A4B01A89847204604B0BDE8F08100BF6F
:10359000000000000000000000000000000000002B
:1035A0007D0A000000000000000000000000000094
:1035B00038B5044600F130054FF0FF3207494FF0AF
:1035C000FF332846884724682846002CD4BF0024AF
:1035D0000124034B9847204638BD00BF000000007F
:1035E00000000000034670B508465418D3F80414D0
:1035F0008C421DD8B8B16FF003060432091A1A4480
:10360000F61AB518A9420FD8D3F81024C3F8041439
:1036100094428DBF0022121AC3F81024C3F810245C
:1036200088BFC3F8142470BD155C02F8015BE8E79D
:103630000020F8E710B5094B0022D0F80C1404461E
:1036400098474FF0FF33C4F808340023C4F80C3413
:10365000D4F81C340133C4F81C3410BD0000000041
:103660002DE9F041037D04460D4616461BB1D0E915
:103670000123934203D10023637500202AE09B1AA3
:1036800002694FEAA308B2EBA30FF4D2124A134F18
:10369000136813F0010302BF3B6001231360104B5A
:1036A0009847637D3860002BE7D023699845E2D9BD
:1036B0000C4B204698472860637D002BDDD00A4BD9
:1036C0002046291D9847637D002BD6D031462046E1
:1036D000064B9847BDE8F0810000000000000000A4
:1036E00000000000000000000000000000000000DA
:1036F0002DE9F04105460E4600241C27DFF8208006
:10370000D5F8F03AA34202D80020BDE8F081314656
:1037100007FB0450C0470028F7D10134F0E700BF91
:10372000000000007FB50646134B14209847002583
:1037300004466946114B0420CDE90055CDE90255F8
:103740009847066020460E4B0E4A039340F8042B20
:103750000D4B022269466560C0E90155256102935F
:103760009847039B68462361029BE360074B984799
:10377000204604B070BD00BF000000000000000043
:103780000000000008000000000000000000000031
:103790007FB50646134B142098470025044669461A
:1037A000114B0420CDE90055CDE90255984706603C
:1037B00020460E4B0E4A039340F8042B0D4B022279
:1037C00069466560C0E90155256102939847039BEE
:1037D00068462361029BE360074B9847204604B08C
:1037E00070BD00BF000000000000000000000000ED
:1037F00008000000000000000000000038B5056966
:10380000D0E901239B1AB5EBA30F044603D3002391
:103810004375002013E001234375124B984758B1BC
:1038200000F13403DBB2032B17D8CD38022807D8B8
:10383000DFE800F0090C0F0020460B4B984738BD1D
:1038400020460A4BFAE72046094BF7E72046094B8A
:10385000F4E72046084B9847F1E7002301356375EC
:103860002561D6E700000000000000000000000015
:1038700000000000000000000000000070B5037DA3
:1038800004460E4615461BB1D0E90123934203D1ED
:1038900000236375002070BD9B1A0269B2EBA30F71
:1038A000F6D2054B98473060637D002BF2D0294655
:1038B0002046024B9847EEE70000000000000000A1
:1038C0002DE9F041D1F80C740446032F0D462A4E21
:1038D0008CB006D820462949B04720460CB0BDE838
:1038E000F081D1F8083433F00208F3D1244B06A854
:1038F0009847244B06A898473A46234B291D06A80B
:10390000984748B92846214B984720461B49B0475D
:103910001F4B07A89847E0E7184903A8B0476A4635
:103920001C4B01A906A8CDF80480984748B9284641
:10393000164B984720461149B047174B03A89847A4
:10394000E6E7009B73B9019B042BF0D1134B03AA4C
:1039500002A906A898470028E9D02046104B03A9E1
:103960009847EAE7022BE2D1019B032BDFD10D4BF5
:1039700003A906A89847EEE7000000003100000008
:103980000000000000000000000000000000000037
:103990000000000000000000000000000000000027
:1039A0000000000000000000F0B5D0F8005104460F
:1039B00087B01DB90025284607B0F0BD00F5947604
:1039C00030461E4B98472A46214630461C4B9847A6
:1039D0000028EFD01B491C4B03A8984700236A46D8
:1039E00002933046194B02A99847054620B9002595
:1039F000174B03A89847DEE7009FA7B9029B042B4B
:103A0000F5D13046134B03AA01A998470028EED000
:103A1000114B03A904F586709847019BC4F8047103
:103A2000C4F80831E4E7022FE1D1029B032BDED179
:103A300030460A4B03A99847E8E700BF00000000A2
:103A40000000000031000000000000000000000045
:103A50000000000000000000000000000000000066
:103A60002DE9F047374B064688B008460C46984784
:103A700004F5867804F59477C0B94FF0FF333249E6
:103A8000C4E94130C4F80001304B40469847304B00
:103A900038469847D4E94632934218BFC4F81C31DF
:103AA0000023C4F8243108B0BDE8F087D4E94632D9
:103AB000934218BFC4F81C310023C4F82431D4F851
:103AC000043104F58C7563B904212846214B9847CD
:103AD00001212846204B98472846D4F808111F4B4F
:103AE00098470024DFF888A006F10409D6F8F43AD4
:103AF00041469C4212D31A4B01A89847FE2301A9C4
:103B0000049305A8174B98472846174B04A99847D4
:103B1000164C05A8A04701A8A047C4E74846D047CF
:103B200009F11C0958B11C232A46394603FB0464D9
:103B3000E06903689B6808B0BDE8F04718470134A6
:103B4000D4E700BF000000003100000000000000CA
:103B50000000000000000000000000000000000065
:103B60000000000000000000000000000000000055
:103B7000000000002DE9F0411E46037D0446884602
:103B800017461BB1D0E901359D4204D1002363756E
:103B90000020BDE8F081ED1A0369B3EBA50FF5D263
:103BA000184B9847C8F80000637D002BF0D0237DA8
:103BB000002BEBD0D4E901318B42E7D0C91A23693D
:103BC000B3EBA10FE2D2104B204698473860637DDB
:103BD000002BDDD0237D002BD8D0D4E901329342D5
:103BE000D4D0D21A2369B3EBA20FCFD2074B204611
:103BF00098473060637D002BCAD02046044B98471D
:103C0000C7E700BF00000000000000000000000047
:103C1000000000002DE9F043D0F8146404460F467C
:103C200090461D468BB096B14A4B04A898474A4B24
:103C300004A89847D4F81034211D19443246474B44
:103C400004A8984738B90026454B05A89847304640
:103C50000BB0BDE8F0834FF00009424E03AB02AA5F
:103C600001A904A8CDF80490B04706460028EAD080
:103C7000039BBB42E7D1029B3B4F012B1BD0284645
:103C8000FC233A4940F8043B394B98472046D4F886
:103C90001024D4F81414B847D4F810342BB94FF0CA
:103CA000FF32C4F80C34C4F80824D4F81C340133AF
:103CB000C4F81C34C8E7019B042B05D02846FC231C
:103CC0002C4940F8043BDFE72B4B04A88DF800900B
:103CD0009847C02831D19DF824301BB1DDE9052378
:103CE0009A4208D100238DF825302846FC23234929
:103CF00040F8043BC8E79B1A089AB2EBA30FF1D235
:103D00001F4B04A898479DF825308DF80000002B24
:103D1000EBD041461B4B04A898470028E5D0D4F8C7
:103D200010242AB94FF0FF33C4F80C24C4F8083427
:103D30002046D4F81414B84786E76A462946124B41
:103D400004A898470028EAD12846FC230F4940F8E8
:103D5000043B99E7000000000000000000000000A4
:103D6000000000000000000000000000EB06000062
:103D70000000000004070000000000002107000010
:103D800000000000000000000000000042070000EA
:103D90002DE9F043D0F8146404460F4690461D46C2
:103DA0008BB096B14A4B04A898474A4B04A8984751
:103DB000D4F81034211D19443246474B04A89847C3
:103DC00038B90026454B05A8984730460BB0BDE8EA
:103DD000F0834FF00009424E03AB02AA01A904A8E8
:103DE000CDF80490B04706460028EAD0039BBB42BA
:103DF000E7D1029B3B4F012B1BD02846FC233A49BD
:103E000040F8043B394B98472046D4F81024D4F8A6
:103E10001414B847D4F810342BB94FF0FF32C4F85B
:103E20000C34C4F80824D4F81C340133C4F81C340E
:103E3000C8E7019B042B05D02846FC232C4940F8F9
:103E4000043BDFE72B4B04A88DF800909847C0286F
:103E500031D19DF824301BB1DDE905239A4208D108
:103E600000238DF825302846FC23234940F8043BE5
:103E7000C8E79B1A089AB2EBA30FF1D21F4B04A814
:103E800098479DF825308DF80000002BEBD0414677
:103E90001B4B04A898470028E5D0D4F810242AB971
:103EA0004FF0FF33C4F80C24C4F808342046D4F88B
:103EB0001414B84786E76A462946124B04A8984767
:103EC0000028EAD12846FC230F4940F8043B99E733
:103ED00000000000000000000000000000000000E2
:103EE0000000000000000000EB06000000000000E1
:103EF000040700000000000021070000000000008F
:103F00000000000000000000420700002DE9F0431F
:103F1000D0F8146404460F4690461D468BB096B107
:103F20004A4B04A898474A4B04A89847D4F8103441
:103F3000211D19443246474B04A8984738B900263A
:103F4000454B05A8984730460BB0BDE8F0834FF0CD
:103F50000009424E03AB02AA01A904A8CDF80490BF
:103F6000B04706460028EAD0039BBB42E7D1029B3C
:103F70003B4F012B1BD02846FC233A4940F8043B19
:103F8000394B98472046D4F81024D4F81414B84775
:103F9000D4F810342BB94FF0FF32C4F80C34C4F805
:103FA0000824D4F81C340133C4F81C34C8E7019B3E
:103FB000042B05D02846FC232C4940F8043BDFE7BE
:103FC0002B4B04A88DF800909847C02831D19DF85C
:103FD00024301BB1DDE905239A4208D100238DF876
:103FE00025302846FC23234940F8043BC8E79B1AA8
:103FF000089AB2EBA30FF1D21F4B04A898479DF883
:1040000025308DF80000002BEBD041461B4B04A857
:1040100098470028E5D0D4F810242AB94FF0FF3390
:10402000C4F80C24C4F808342046D4F81414B84753
:1040300086E76A462946124B04A898470028EAD129
:104040002846FC230F4940F8043B99E70000000094
:104050000000000000000000000000000000000060
:1040600000000000EB060000000000000407000054
:104070000000000021070000000000000000000018
:10408000000000004207000038B50C1A134605D0A6
:10409000014622461846024DA8470346181938BD66
:1040A0000000000038B50C1A134605D00146224620
:1040B0001846024DA8470346181938BD00000000F5
:1040C0002DE9F74F9846002308F1010A9A45044666
:1040D00089461746C0E90033836002DA2F48304B27
:1040E000984713D02F4B50469847266805460246FE
:1040F000616830462C4B984726B1A16830462B4B5F
:10410000891B9847C4E900555544A5602046284BB3
:104110000DF1070107EB080B8DF807909847BB4599
:1041200016D0D4E901639B1B9845DFF890A0DFF817
:10413000909011D8324659463846D0476268314689
:10414000424462603046C847324639463846D04716
:10415000204603B0BDE8F08F4146164A164B204674
:104160009847104B804698473146024605462068DE
:10417000C847594602463846D0476168024630462D
:10418000C8470646206818B1A168084B091A984725
:10419000C4E900564544A560DAE700BF9E0A000066
:1041A000000000000000000000000000000000000F
:1041B00000000000AE0A0000000000000000000047
:1041C000000000002DE9F8430D69D1E901239B1A95
:1041D000B5EBA30F06460C4605D300234B75C6E985
:1041E0000033B36026E0012308464B754C4B9847DB
:1041F000C7386F1C112800F28F80DFE800F05A6F7B
:104200007E8D8D8D8D8D8D8D8D8D8D091E2D3C4BD3
:1042100001222946434B204698470222424B8046C2
:1042200029462046276198470123024641463046E9
:104230003E4CA0473046BDE8F88301222946394B61
:10424000204698470222384B80462946204627615F
:10425000984702230246E9E701222946314B2046CE
:1042600098470222304B80462946204627619847CE
:1042700004230246DAE7012229462A4B20469847C2
:104280000222294B80462946204627619847082369
:104290000246CBE701222946224B204698470222BC
:1042A000214B804629462046276198471023024625
:1042B000BCE7012229461E4B204698470222814630
:1042C00029462046174B9847032280462761164B04
:1042D0002946204698474B460246A7E70122294631
:1042E000144B2046984703228146294620460D4B11
:1042F0009847042280462761E9E7012229460E4BB0
:10430000204698470522814629462046054B984776
:10431000062280462761DAE70023276163755EE79E
:10432000000000000000000000000000000000008D
:104330000000000000000000000000002DE9FF4721
:104340007E4B04469847C028064604D120467C4947
:104350007C4B984731E0C22803D120467A497B4BF9
:10436000F7E720467A4B984720B92046794B984783
:10437000054618B120467849784BEAE7CA2E1ED187
:10438000237D1BB1D4E901239A4205D10023637533
:10439000284604B0BDE8F0879B1A2269B2EBA30F50
:1043A000F4D26F4B204698476E4B83ED000A637D35
:1043B000002BEDD020466C4B98470546E8E7CB2E06
:1043C00012D1237D002BE1D0D4E901239A42DDD024
:1043D0009B1A2269B2EBA30FD8D2644B20469847B0
:1043E000634B83ED000BE2E72046624B984707469C
:1043F00080B1614D2B68DA0708D4604B6049614891
:104400009847012360482B60604B984720465D49E0
:104410005F4B9EE706F13C03DBB2022B16D9204628
:104420005C4B98478046002840D020465A4B019765
:1044300001A998473E46DFF8AC91DFF8ACA1019B9B
:10444000C9F800709E4226D34546A1E7534A136837
:10445000DB0708D4524B5348C3E900559D60012344
:1044600013604A4B9847237D002B8FD0D4E901235A
:104470009A428BD09B1A2269B2EBA30F86D22146B7
:1044800001A8494B9847464801A9484B9847484BD3
:1044900001A898478BE72046D047054600283FF4FF
:1044A00077AFD9F8007001360137C8E72046414B95
:1044B000984718B120464049404B4AE706F12C0383
:1044C000DBB2042B15D93936F6B2022E11D92046AB
:1044D0003B4B984748B920463A4B984728B9204665
:1044E000394B984700283FF453AF20463749384BA3
:1044F0002FE738490B6813F0010308D1364A3748D3
:10450000C2E90033936001230B60204B9847237D61
:10451000002B3FF43BAFD4E901239A423FF436AF7E
:104520009B1A2269B2EBA30FBFF430AF214601A85A
:104530002B4B9847284801A9A7E700BF00000000BF
:10454000000000000000000000000000000000006B
:10455000000000000000000000000000000000005B
:10456000000000000000000000000000000000004B
:10457000000000000000000000000000000000003B
:1045800031000000000000000000000000000000FA
:10459000000000000000000000000000000000001B
:1045A000000000000000000000000000000000000B
:1045B00000000000000000000000000000000000FB
:1045C00000000000000000000000000000000000EB
:1045D00000000000000000000000000000000000DB
:1045E0000000000000000000000000002DE9F04F76
:1045F000D0F80C340446032B89B05AD9D0F81434BF
:10460000002B6BD1D0F810643A4B02A898474FF0BA
:10461000FF38002504F10409DFF8FCA0B144D4F808
:10462000042473199A4256D902A80135D0472A4664
:104630004946314B02A898470028F0D02F4B02A8DA
:1046400098470028EBD000236946009302A82C4B22
:104650009847009FD7B12B4B02A8984718B92A4B0F
:1046600002A8984738B3294B01A902A89847012FFF
:10467000DDF804800AD00127DFF8A0B002A8D847EF
:104680000028CCD0009B01379F42F7D3B8F1020F2E
:1046900017D814D0042F14D11EB9C4F80884C4F854
:1046A0000C54B8F1010F21D1C4F81064C4F81454AB
:1046B00011E00026A8E707466FF00108DCE7032FAA
:1046C0000FD0134B3246294620469847D4F81C3465
:1046D0000133C4F81C340F4B03A8984709B0BDE858
:1046E000F08F1EB9C4F80884C4F80C543544C4F8DB
:1046F0001054F0E70000000000000000000000007F
:1047000000000000000000000000000000000000A9
:104710000000000000000000000000000000000099
:1047200038B50446006803685B69984790B1D4F8CF
:104730000434B3F5806F0DD0214651F8040B0268A4
:104740001944D568C3F58062A847D4F804340344FB
:10475000C4F804342046014B984738BD00000000DF
:104760002DE9F043064685B00068274B90460D467C
:1047700098473168254B01A898472549254B01A842
:104780009847044630B9DFF89890371DD6F8F43AC8
:104790009C4207D30024204B01A89847204605B02F
:1047A000BDE8F083384601A9C84710B901341C3769
:1047B000ECE7414607F10C00C8470028F6D0306806
:1047C000D0F8083433F002031CD1D0F80C140A1FBF
:1047D000FC2A17D82B46C21C4C1912F8016F03F89B
:1047E000016BA342F9D14FF0FF330022C0F8083427
:1047F000C0F80C24094B9847041E18BF0124C5F8C3
:104800000001C8E70020F7E70000000000000000FA
:104810003100000000000000000000000000000067
:10482000000000002DE9F04100F110060446D4B06C
:10483000642200233046DFF89880C047C8B9194B7E
:1048400004A8984765681849184B01A89847284656
:10485000174B01AA04A998470746164B01A8984789
:10486000154D304647B9A847144B9847144B04A838
:10487000984754B0BDE8F081A8476068114B04A97F
:104880009847114F04F12406642200233046C047A4
:1048900030B960680D4B04A998473046A847E5E752
:1048A000B847F1E7000000006607000000000000C4
:1048B00000000000000000000000000000000000F8
:1048C00000000000000000000000000000000000E8
:1048D0000000000008B5054B98470548054B984770
:1048E00010B10348044B984708BD00BF000000000A
:1048F0000000000000000000000000002DE9F04171
:1049000000F110060446D4B0642200233046DFF8DC
:104910009880C047C8B9194B04A8984765681849DA
:10492000184B01A898472846174B01AA04A9984795
:104930000746164B01A89847154D304647B9A8477A
:10494000144B9847144B04A8984754B0BDE8F08125
:10495000A8476068114B04A99847114F04F1240639
:10496000642200233046C04730B960680D4B04A96B
:1049700098473046A847E5E7B847F1E70000000050
:1049800031000000000000000000000000000000F6
:104990000000000000000000000000000000000017
:1049A00000000000000000000000000008B5054CF9
:1049B000054D064E2046A84708B12046B047044B97
:1049C0009847F7E70000000000000000000000002A
:1049D00000000000F8B50E46044617461D46006864
:1049E000094B984731462B46084E3A462068B04757
:1049F000064638B1294651F8043B44F8043F201DCF
:104A0000034B98473046F8BD00000000000000004E
:104A10000000000000232DE9F0470122044688B081
:104A20008DF8003000F11403D3E8EF1F002903D103
:104A3000C3E8E02F0028F7D13CD12F4F2F4D64223F
:104A40000023E06AB84700284AD1606A636C0068B6
:104A50002B4D04F1100204F11801A847E06A294D1A
:104A6000A847DFF89880DFF8BC90DFF8BCA064228C
:104A70000023A06AB84700283BD104A8C8476A466B
:104A80002169606A04ABD0471F4E00282AD0A06A73
:104A9000A847049D1D4B05A901A898471C4B294612
:104AA00001AA2046984701A8B04705A8B04720466C
:104AB000184B0AE01849194B04A898472046144B94
:104AC000FF2104AA9847104B04A898470E4D04F103
:104AD0001800A847201DA847204608B0BDE8F08769
:104AE000A847ACE7A06AA8470D4B984705A8B04770
:104AF000BDE7C047BBE700BF0000000000000000AA
:104B000000000000000000000000000000000000A5
:104B100000000000000000005C0A0000000000002F
:104B200000000000000000000000000000232DE94C
:104B3000F0470122044688B08DF8003000F11403DC
:104B4000D3E8EF1F002903D1C3E8E52F002DF7D1EB
:104B50003BD1294F294D64220023E06AB847002841
:104B60003FD1636A04F11002186804F11801244B64
:104B70009847244DE06AA847DFF88080DFF8A090CE
:104B8000DFF8A0A064220023A06AB847002831D132
:104B900004A8C8476A462169606A04ABD0471A4E28
:104BA00008B3A06AA847049D05A9184B01A8984717
:104BB0002946174B01AA2046984701A8B04705A8E7
:104BC000B0472046134B984701E0134B98470E4DD2
:104BD00004F11800A847201DA847204608B0BDE8EA
:104BE000F087A847B7E7A06AA8470C4B984705A8E5
:104BF000B047C7E7C047C5E700000000000000005D
:104C000000000000000000000000000000000000A4
:104C10000000000000000000000000000000000094
:104C20000000000000000000F8B50E4604461746DC
:104C30001D460068094B984731462B46084E3A46B8
:104C40002068B047064638B1294651F8043B44F87D
:104C5000043F201D034B98473046F8BD000000007C
:104C600000000000000000002DE9F04F0122044682
:104C70000F4689B000F11403D3E8EF1F002903D1D8
:104C8000C3E8E52F002DF7D12ED1DFF8C480274DE2
:104C900064220023E06AC04700282AD1636A04F135
:104CA0001002186804F11801214B9847214DE06A61
:104CB000A847DFF87890DFF89CA0DFF89CB064226A
:104CC0000023A06AC047B0B904A8D0473A4621697A
:104CD000606A04ABD847184E78B9A06AA847174B4A
:104CE000984705A8B047EAE7154B09B0BDE8F04F73
:104CF0001847A847CCE7C847E1E7A06AA847049D42
:104D000005A9104B01A89847294601AA0E4B204639
:104D1000984701A8B04705A8B04720460B4B9847D5
:104D200080F00100C0B209B0BDE8F08F00000000C3
:104D30000000000000000000000000000000000073
:104D40000000000000000000000000000000000063
:104D50000000000000000000000000002DE9F04FFE
:104D6000044600F11008A1B05B4E404604F124094E
:104D70000D4604F13807B0474846B0473846B047BB
:104D80002046564B9847002840F0A0804FF0FF3255
:104D90004FF0FF33524938468847A06829460368D8
:104DA000504DDB699847A06803689B6A98470028C4
:104DB00000F08F80A0684C49036825225B68984703
:104DC0004A4E0820B0474A4AA368E060C0E9002381
:104DD0001420B0470546DFF858A1E068D0472B46BD
:104DE00043F8040B1846434B9847256040F6F820DB
:104DF000B0470646E068D047354645F8040B3E4BC1
:104E000040F6F42200212846DFF828B1DFF828A177
:104E1000984706F6F423594628460993D04705F1EA
:104E20000C005946D047099B1C359D42F3D1002503
:104E30006660C6F8F45A314B29464FF4FA70984729
:104E40000146206500220023CDE9062305234FF407
:104E5000FA72CDE90253CDE90055294B294E04954C
:104E600004F15800B047E064274B28499847284987
:104E70000BA88DF82B50D047CDF8009043460BA9D6
:104E80002268244D0EA8A847234B0DF12B010EA834
:104E9000984708B19DF82B00204B84F860010EA8BC
:104EA00098471F4D0BA8A8471E490EA8D0474FF49E
:104EB00080730BAA0EA920460B931B4B98470EA894
:104EC000A8473846194B98479DF82B0021B0BDE8FC
:104ED000F08FA84767E700BF000000000000000057
:104EE00000000000000000006F070000000000004C
:104EF00008000000000000000000000000000000AA
:104F00000000000000000000000000009507000005
:104F10009C070000000000000000000000000000EE
:104F200000000000A40700000000000000000000D6
:104F30000000000031000000000000002DE9F04FEB
:104F4000012204460F4689B000F11403D3E8EF1F95
:104F5000002903D1C3E8E02F0028F7D10CBF154684
:104F6000002541D1DFF8E0802D4D64220023E06A66
:104F7000C047002848D1606A636C0068294D04F17D
:104F8000100204F11801A847E06A274DA847DFF88E
:104F90009090DFF8B8A0DFF8B8B064220023A06AD0
:104FA000C047002839D104A8D0473A462169606A31
:104FB00004ABD8471D4E002828D0A06AA847049DFE
:104FC0001B4B05A901A8984729461A4B01AA204660
:104FD000984701A8B04705A8B0472046164B984708
:104FE00080F00100C0B20CE01449154B04A89847AA
:104FF000FF2120460F4B04AA98470C4B04A8984762
:10500000284609B0BDE8F08FA847AEE7A06AA847D8
:105010000C4B984705A8B047BFE7C847BDE700BF9E
:105020000000000000000000000000000000000080
:105030000000000000000000000000005C0A00000A
:105040000000000000000000000000000000000060
:10505000000000002DE9F04F012204468A4689B085
:1050600000F11403D3E8EF1F002903D1C3E8E52FB3
:10507000002DF7D132D1DFF8E8802D4D64220023D6
:10508000E06AC04700282ED1636A04F11002186854
:1050900004F11801274B9847274EE06AB047DFF824
:1050A0009090DFF8C0B064220023A06AC047E0B946
:1050B000224B04A89847656A27692868D84739466B
:1050C00052461F4F286804ABB8471E4F78B9A06AF4
:1050D000B0471D4B984705A8B847E4E71B4B09B0FC
:1050E000BDE8F04F1847A847C8E7C847DBE7049B6F
:1050F00005A945F8043F281D154B9847A06AB047FD
:10510000049D05A9134B01A89847294601AA124BF3
:105110002046984701A8B84705A8B84720460F4B36
:10512000984780F00100C0B209B0BDE8F08F00BF21
:10513000000000000000000000000000000000006F
:10514000000000000000000000000000000000005F
:10515000000000000000000000000000000000004F
:1051600000000000000000002DE9F047044600F5B3
:1051700008763046354B9CB098472046344B9847CC
:105180000546A0B94FF0FF324FF0FF3331493046AA
:1051900088472069304B9847304F60B94FF4E13170
:1051A00020692F4B9847054628B93046B84728460E
:1051B0001CB0BDE8F087002325692A498DF80F301F
:1051C00007A8294B984705F1240300932A6805F1A5
:1051D000100307A9254D0AA8A847254B0DF10F017B
:1051E0000AA8984708B19DF80F00DFF8949084F85A
:1051F00034020AA8C847DFF88C8007A8C047DFF848
:1052000068A01C4904A8D04725691B4907A8D047B6
:1052100005F1240300932A6805F1100307A9134D33
:105220000AA8A847154B04A90AA8984705460AA842
:10523000C84785F0010507A8C047304684F83552B5
:10524000B84704A89DF80F50C047B0E70000000021
:10525000000000000000000000000000000000004E
:1052600000000000BD07000000000000000000007A
:105270000000000031000000CB070000000000002B
:1052800000000000000000002DE9F04F8C4BADB095
:1052900098478C4A1368C31AB3F57A7F16D3106007
:1052A000894B8A489847DFF824A20446DFF87C82BD
:1052B000874F884E68B9884B4FF4E1315046984784
:1052C000864B88F800403C7034701C702DB0BDE8EF
:1052D000F08F33781BB98248824B9847307098F82A
:1052E0000030002B4FD1804C0DF110097F49DFF8C1
:1052F00040B24846D8474FF0FF324FF0FF332046C8
:105300007B4988477B490AA8D847A4F11403009336
:10531000CDF8049054F8382CA4F128030AA9764C4F
:105320001AA8A047754B0DF10F011AA8984704461B
:10533000E0B19DF80F40CCB1714907A8DAF80450EC
:10534000D847494610A8DFF8EC91C84707A90DA82F
:10535000C847D5F8F43A632B40F283800024694DA6
:105360000DA8A84710A8A84707A8A847664B1AA8E1
:105370009847644D0AA8A8475B48644B984704A81F
:1053800088F80040A8473B78002B4ED1564C0DF1D1
:1053900010095F49DFF898B14846D8474FF0FF320F
:1053A0004FF0FF3320465249884752490AA8D84750
:1053B000A4F114030093CDF8049054F8382CA4F110
:1053C00028030AA94C4C1AA8A0474C4B0DF10F0119
:1053D0001AA898470446E0B19DF80F40CCB148495F
:1053E00007A8DAF80450D847DFF848A1494610A8C2
:1053F000D04707A90DA8D047D5F8F43A632B40F25F
:105400009B8000243F4D0DA8A84710A8A84707A8D7
:10541000A8473D4B1AA898473A4D0AA8A8473248D2
:105420003A4B984748463C70A8472C4B1B78002BBA
:105430007FF44CAF98F80030002B3FF447AF3B7837
:10544000002B3FF443AF3378002B3FF43FAF0123F1
:10545000224A3049137022482F4B2DB0BDE8F04F3F
:10546000184705F1040B58462C4B10A99847002803
:105470007FF474AF10A913A8C8470DA916A8C84790
:10548000274B284898471990D5F8F43A13A95A1C85
:10549000C5F8F42A1C2202FB03F9234B0BEB09008D
:1054A000984709F10C0016A91F4B58449847199BBF
:1054B0004D44EB6116A8134DA84713A8A8474EE723
:1054C00000000000C00C0000000000000000000010
:1054D000C60C0000C50C000000000000C40C000059
:1054E0000000000000000000380000000000000084
:1054F00000000000040000000000000000000000A8
:10550000310000000000000000000000000000006A
:105510000F00000013000000000000000000000069
:10552000000000000000000000000000C70C0000A8
:10553000000000000000000005F1040B5846164B67
:1055400010A9984700287FF45CAF10A913A8D04792
:105550000DA916A8D047114B114898471990D5F8B6
:10556000F43A13A95A1CC5F8F42A1C2202FB03FAC8
:105570000C4B0BEB0A0098470AF10C0016A9094BDB
:1055800058449847199B5544EB6116A8064DA84707
:1055900013A8A84736E700BF000000000000000085
:1055A0000000000000000000000000002DE9F843AA
:1055B0001A4B04460F469847064618B9002630464F
:1055C000BDE8F883237D1BB1D4E901239A4215D1AC
:1055D0000025657500239846DFF84C90A8453B6090
:1055E000EDD02046C8470028E8D02046C84700280C
:1055F000E4D03B6808F101080133EFE79B1A226908
:10560000B2EBA30FE4D2064B20469847637D0546D4
:10561000002BDFD02046034B9847DBE7000000005B
:10562000000000000000000000000000F0B50E4681
:1056300087B01A491A4B05466846144698473046C3
:10564000184B9847184F30B36946184B3046984767
:10565000174B694603A89847EB680BB9154B984759
:105660002B6903A9281D9847054603A8B84765F08C
:105670003D052046104B98472046104B8DF80C50A6
:1056800003A99847E3680133E36000246846B847FC
:10569000204607B0F0BD4FF0FF34F7E731000000BF
:1056A00000000000000000000000000000000000FA
:1056B00000000000000000000000000000000000EA
:1056C000F0B52C4B07468DB008460E461446984759
:1056D0000546B0B92849294B05A89847FD2305A9D7
:1056E000089309A8264B9847264D05A8A8472046A9
:1056F000254B08A9984709A8A847002528460DB0BA
:10570000F0BD00233046019301A9204B9847019B2F
:105710000BB91F49DFE7012B01D01E49DBE73146FA
:10572000224638461C4B9847061EE7DA1B49134BA6
:1057300002A898470A22F143194B08A89847194B29
:1057400008A902A898470F4D08A8A847164B02A918
:1057500005A89847FD2305A9089309A8084B984771
:1057600005A8A8472046084B08A9984709A8A847B4
:1057700002A8C1E7000000001E08000000000000B1
:105780000000000000000000000000000000000019
:10579000520800003E08000000000000A1080000C0
:1057A000000000000000000000000000F8B5184AEA
:1057B00013680133012B136007D1164B164A1A6088
:1057C0000022C3E907221A765A6200244FF47A7243
:1057D000124B1C60C3E906441C62114B9A60114ACB
:1057E0005C601A60104A13680133012B13600ED1FC
:1057F00003260E4D0E4FC5E9004405F108004FF495
:1058000084620021B847013E05F58565F3D1F8BDF6
:105810000000000000000000000000004C0D00002F
:10582000B00C0000080000000000000000000000B4
:105830000000000008B5064A1368013B1360054AE2
:105840001368013B136013B90348044B984708BD24
:1058500000000000000000001C000000000000002C
:105860002DE9F84FA648A74B9847002801DCBDE872
:10587000F88FA54BA2489847A44BA54F1B78C6B2FA
:105880005A2B15D1A52E13D1A24A1368581C1CBF40
:1058900001331360A04B9847A04B9C4A1860A52386
:1058A00013703B78002BDDD0012B1AD1002309E0C7
:1058B000964B1E703B783BB9552ED3D15522984B51
:1058C0001A7001233B70CDE7012B0AD1AA2E05D116
:1058D000934B944A5E7002231370F3E7552EE5D183
:1058E000ECE7904A8E4C11784B1CDBB21F2B1370E7
:1058F0006654B7D900238C4E137032783B70002A5F
:1059000000F0A8822278552A40F0A4826278AA2A60
:1059100040F0A082A278022A40F09C8221461A46DA
:1059200011F8010B01321F2A83EA0003F8D1E27F4C
:105930009A4240F08F82DFF88C82237998F8002019
:105940009A4240F08782744B9847E378774A94F8FC
:1059500004E01370764BB4F8052083F800E0754B33
:10596000DFF864B21A80B4F80720734BB4F80B70F8
:105970001A80637AA27A8BF80030704BDFF84CA261
:105980001A706F4B6F4A1F80637B002B14BF01217D
:10599000002111706C4A6D4910606D4A40F0908092
:1059A00013608AF800300B6000236A4A13606A4A69
:1059B00013606A4A1360A27B694BDFED6A5A1A7062
:1059C000B4F80F20684B9FED696A1A80637F684ABC
:1059D000D9091370674A5FB21170674AC3F3801127
:1059E0001170664AC3F34011117003F01102102ABE
:1059F00014BF0022D4F817206149002F0A60B4F8C0
:105A000011206049DFF8C8C15F4F0A8080F25D81D4
:105A100007EE902A9FED5D7AF8EE677A67EE877A57
:105A2000B4F813205A49CCED007A0A8012B207EE7E
:105A3000902AF8EEE77A67EE877A9FED567A564914
:105A40003860677D0F70554A9FED555A82ED007A98
:105A5000544A13F00103C2ED007A534A53491060CF
:105A6000A27F534F07EE902AA27DF8EE677A07EEE9
:105A7000102AB8EE477AC7EE056AB3EE0E7A67EEE3
:105A8000877A4C4AC2ED006A4B4AC2ED007A4B4A13
:105A900000F08881B4F81730B4F819C0B4F81B408E
:105AA000B3F5805F0B80A2F800C03C8080F0CE810F
:105AB0001388B3F5805F24BF40F6FF73138074E151
:105AC0009AF80030DFF80CC1DFF8F49053B94FF0CA
:105AD0000105ACF800708AF80050C9F800000B60AE
:105AE000136068E7D9F80030C31A03F1FF3ABAF13E
:105AF000F90F71D9ACF80070C9F800000023EEE787
:105B0000000000000000000000000000E50D0000A3
:105B1000AD0C0000EC0D000000000000E80D0000DE
:105B20008C0C0000AC0C0000790D00003B0E000056
:105B3000F40D0000F80D0000F60D0000390E000015
:105B40005E0E00005C0E0000580E0000400E0000CB
:105B50003C0E0000540E0000500E00004C0E0000E1
:105B6000380E000033335340360E000000F07F45FE
:105B7000140E00000E0E00000D0E00000C0E0000B2
:105B8000100E0000340E00002C0E0000CDCCCC3DD9
:105B90002A0E000000000000280E0000240E000065
:105BA00000007F43200E00001C0E0000180E0000B5
:105BB000180000008C0D0000880D0000160E00007B
:105BC000440E0000780D00003A0E00004A0E00005E
:105BD000300E0000480E0000BCF80090A7EB090949
:105BE000B9F5006F65DDA9F58059ACF80070A04FDC
:105BF000156838600F682B444F44132B0F601360F7
:105C00007FF6D9AE07EE903AB8EE677ADFED997A73
:105C10009FED996A27EE277AB4EEC67AF1EE10FA74
:105C2000C4BF07EE907AFAEECA7ADFED945AC8BF85
:105C3000C7EE876A924BCCBF26EEA57A9FED917A8C
:105C4000D3ED007AF5EE006A37EE677AE7EE267A52
:105C5000DFED8D6A87EEA57AF0EEE75AF4EE665A2C
:105C6000F1EE10FA2BD8F0EEE75AF4EE465ADFEDDB
:105C7000855AF1EE10FA48BFF0EE657AC3ED007A6E
:105C8000F0EEC77AF4EE667AF1EE10FA1AD8F0EE7A
:105C9000C77AF4EE467ADFED7B7AF1EE10FA48BF70
:105CA000B0EE677A794B83ED007A794B83ED007A19
:105CB00024E719F5006FB8BF09F5805995E7DFEDC6
:105CC000717ADBE79FED6F7AECE7B2F5805F24BF76
:105CD00040F6FF720A8040F2AE7209883860914245
:105CE00081BF07EE901A9FED6B7AF8EE677A77EE38
:105CF000C77A88BF9FED687AB4F81370674A8CBF83
:105D000067EE877ADFED5F7AB7F5805F178024BF93
:105D100040F6FF7717801288CCED007A07EE902AC4
:105D2000F8EE677A67EEA57A617DDFF8B4C187EE99
:105D3000867A8CF80010C90731D540F6FD71013A1A
:105D400092B28A422BD8DFED4B7AB4EEE77AF1EECD
:105D500010FA24D9DFED527AB4EEE77AF1EE10FAB8
:105D60001DDADFED506ADFED507A77EE666AB3EE4A
:105D7000025A66EEA76AC6EE857AF3EE096A77EEF6
:105D8000A67ADFED416AB0EEE75AB4EEE65ADFEDEF
:105D90003D6AF1EE10FA88BFF0EE667A53E6DFED69
:105DA000397A50E60B8013803B80404B1C88B4F559
:105DB000805F24BF40F6FF741C800B8807EE903A8A
:105DC000F8EE677A67EEA57A87EE867A384B83ED30
:105DD000007A138807EE903AF8EE677A67EEA57AB4
:105DE00087EE867A334B83ED007A3B8807EE903A54
:105DF000F8EE677A67EEA57A87EE867A2E4B83ED0A
:105E0000007A2E4B18602E4B186033783BB198F80F
:105E10000030734503D1002333702A4B98472A4A38
:105E2000137843B1294B9BF800101B7803F008034B
:105E30000B4308BF13704FF6FF71254A13888B423E
:105E400012D1244B9847244B18600BE540F6FF73A2
:105E50000B802DE64FF6FF71204A13888B423FF4EA
:105E600001AD01331380FDE401331380E9E700BF86
:105E7000440E00006F12833ABD3786350000704231
:105E8000540E000000000000FFFF7F7F500E000056
:105E90004C0E000000C0F544580C583E2A0E00007D
:105EA000D1225340E17A943F00007A441800000068
:105EB000080E0000040E0000000E0000FC0D0000A3
:105EC000F00D000000000000850D00003B0E0000FA
:105ED000660E000000000000680E0000640E000066
:105EE000280E00002DE9F04F2DED048B9C4B8BB05C
:105EF000B0EE409AF0EE608AB0EE418A0C4605465C
:105F00009847984B064698470746002D3AD0964B3F
:105F10001B78002B2AD1954B1B7893B9944B1B7897
:105F20007BB9944B1B7863B9934B1B78012B08D139
:105F3000002C3CD1914B9847914B1C7854B92C467E
:105F400018E0002C40F0C8808C4B98478C4B1B7895
:105F50007BB100248B4B1B68FB1AB3F5FA5FC0F0D2
:105F6000B6800022864B1A7025B91CE0002C40F048
:105F7000B38000244CF24F32824B1B68FB1A9342D1
:105F800015D8A4E0804B1B78002C40F0A780002B94
:105F900000F09780744B1B782BB9784B9847784B5F
:105FA0001B78002BD5D1784B1B78002BE2D1002138
:105FB0001C22764B03A802919847754B93F80090EA
:105FC00009F101021A70684B1A78684B19786E4B08
:105FD0001878704B93F800C06F4B0CF0F708B3F8CB
:105FE00000A06E4B1B880193002D79D1002800F092
:105FF00037819FED6B8A29462A462B46F0EE488A68
:10600000B0EE489AAC46AB46AA46A8462C4612B11A
:1060100043F00203DBB210B143F00803DBB211B16D
:1060200043F00403DBB245F2AA52ADF80820022285
:10603000052C8DF80A208DF80B308DF80C408DF86A
:106040000D9040F044814FEA1C43ADF812C04FEA76
:106050001C6CADF80EB0ADF810508DF814308DF802
:1060600015C0019B02A88DF819301B0A8DF81A3053
:10607000002301461A468DF817A04FEA1A2A8DF818
:1060800016808DF818A010F8015B01321F2A83EAF0
:106090000503F8D101228DF82730424B42481C708D
:1060A000374B1A70414B202283F80090404B9847A1
:1060B000324B98473F4B1E60324B1F603E4B1E6079
:1060C00005E03C4B1B68F31A312B3FF66CAF0BB06D
:1060D000BDEC048BBDE8F08F002468E72C4666E732
:1060E000364B1B7813B1364B1B78C3B1002840F0F8
:1060F000BC80002A40F0D880324B1B78002B00F087
:10610000A780002940F09C80194A1278E2B102343D
:1061100013468C460A460D468B46E4B277E70028C4
:1061200040F0B480002A40F0BF809FED1D8A0CF043
:10613000F3081146F0EE488AB0EE489A94461546A8
:1061400093469246144662E70A4D2D78013D012D93
:106150003AD90234944615469346E4B257E700BF55
:106160000000000000000000A40D0000E20D00008F
:10617000E10D0000F80E0000F90E00000000000024
:10618000790D00007C0D0000850D0000000000006E
:10619000840D0000940D0000920D0000900D000091
:1061A00000000000DF0D000000000000780D00007E
:1061B00000000000800D0000600E0000860D000051
:1061C000F50E0000E00D0000764D2D78023D012D0A
:1061D000BFD8754CF1EE085A94ED000AB7EE001ADC
:1061E000724CFFEE000A80EE250AA0479FED706A10
:1061F00020EE060ABDEEC00A10EE105A0FFA85FB1B
:106200006C4D95ED000A80EE250AA04720EE060AA7
:10621000BDEEC00ADFF8B0C110EE105A9FED661A4D
:106220009CED000ADFED650AA047DFED657A20EE00
:10623000270AFDEEC07A052417EE90CA2DB2E6E6D5
:10624000C4B3214623469446154693460324DEE60E
:10625000B4BBB9BB2B468C460D468B460224D6E612
:106260002B46AC46AB461C46D1E64FF0000C9FEDEA
:10627000538A6546F0EE488AB0EE489AE346E24615
:10628000E0466446614662466346C0E69FED4B8A3F
:1062900019461A46F0EE488AB0EE489A9C461D46CA
:1062A0009B469A469846DEE7134684460546834653
:1062B0000446ACE60B469446154693460124A6E6F2
:1062C0002346C0E70B46844605468346F6E7032C83
:1062D0003C4957D13C4B9FED381A93ED006ADFEDF6
:1062E000370AB0EE460A314B9847DFED357A20EE9B
:1062F000270A9FED365AFDEEC07A17EE902AF0EE8F
:10630000C67AF4EEC57AF1EE10FA35DBB2EE040A85
:10631000B7EE001A87EE800A98472D4831EE400A02
:10632000D0ED007A20EE270A2A48D0ED007A2A48DC
:1063300090ED001A2948D0ED005AF4EEC55AF1EE5E
:1063400010FA1CDDA6EE270ADFED1C0A984770EE56
:10635000007A87EEA50A9FED221ADFED180A98470A
:106360008847130C8DF81030130EADF80E208DF801
:106370001130ADF8120074E6B0EE600AD4E79FED7C
:106380000F0AE8E7B0EE490A8847B0EE680A05460A
:1063900088470246B0EE480A8847ADF80E50ADF87F
:1063A0001020E6E7F90E0000D00E0000000000000B
:1063B00000FEFF46CC0E0000000048420000000036
:1063C00000007A4400000000D40E0000CDCCCC3D8B
:1063D00028000000E40E000030000000340000003F
:1063E0003333733F9FED041A0146F0EE410A00205B
:1063F000B0EE410A014B1847000000000000000009
:1064000008B5034B98470022024B1A7008BD00BF25
:1064100000000000F40E00002DE9F0410E46224974
:1064200007460D78214A35B9214B1D781DB91578DD
:10643000003D18BF01250023002413701D4A1E488B
:1064400013701E4A037013701D4A0B7013701D4A9F
:1064500013601D4A13601D4A13701D4A13701D4AB4
:1064600013601D4B1C601D4B1C601D4B1C601D4BA5
:106470001C601D4B1C601D4B1C601D4B1C601D4B8C
:1064800098470FB11C4B1C601C4A137823F00F0374
:10649000137000221A4B964214BF304628461A80C9
:1064A000BDE8F041174B1847F50E0000F90E00004B
:1064B000F40E0000F30E0000860D0000F20E000046
:1064C000F10E0000EC0E0000E80E00009C0D000034
:1064D000960D0000840E0000D40E0000DC0E0000BB
:1064E000D00E0000CC0E0000C80E0000C40E00004C
:1064F000E00E000000000000D80E0000940D000027
:10650000920D00000000000010B5054B9FED050A3C
:106510009847BDE8104000210120034B184700BFF9
:1065200000000000000000000000000010B5002482
:1065300001210C4B20461C700B4B1C700B4B1C801C
:106540000B4B1C800B4B19700B4B1C600B4B984773
:1065500020460B4B9847BDE810409FED0A0A0A4BB6
:10656000184700BFA40D0000C10D0000640E00001C
:10657000F60D0000850D0000A00D000000000000D9
:106580000000000000000000000000002DE9F041C4
:106590002C4E2D4C337827788B422C4D2C4B44D1EC
:1065A00093F800C0944540D12B7823B9294B9847E4
:1065B0002070BDE8F08187423DD0274A27491378F3
:1065C000274E43B10B78002B39D134781CB9254BB9
:1065D0001B7883F00103244C20700120234C207091
:1065E000234C20700024234814700370224B234A4C
:1065F0001C60234B0C701C60224B34701C60224BBF
:106600002C701C7000231360204A1360204A136012
:10661000204A1360204A1360204B98472046204BA5
:106620009847BDE8F0411F4B18471A702B7831701E
:10663000002BC2D1BAE7074BBDE8F0411847002351
:10664000C9E700BFE10D0000F80E0000F90E0000E0
:10665000E20D000000000000F50E0000F10E000049
:10666000F30E0000A40D0000F70E0000F60E00006F
:106670009C0D0000960D0000980D0000D40E000047
:10668000EC0E0000E80E0000F20E0000CC0E000040
:10669000D00E0000E00E0000DC0E00000000000044
:1066A0000000000000000000064B10B59847064BA4
:1066B0001880064B1B7823B9BDE810400120044B1D
:1066C000184710BD00000000900D0000F50E0000FE
:1066D0000000000038B5054610F8013B202BFAD029
:1066E000092BF8D028461B491B4CA04718B928464F
:1066F0001A49A04748B10022194B1A70194B1B7850
:10670000E3B1194B9847012038BD28461749A047E7
:1067100020B928461649A0470028F5D0114B1B7810
:10672000A3B9144A107898B9134B144A1B781278FD
:106730001343E9D101200A4B187004E00E4B1B787B
:10674000002BDED101200E4B9847DCE70020DBE771
:106750001846D9E7D400000000000000D80000006F
:10676000E00D0000F50E000000000000DA0000005F
:10677000DD000000A40D0000F90E0000C10D0000B6
:106780000000000010B5144B144C1878144B80B95D
:106790001B780BB1134B98479FED131A0021F0EEB5
:1067A000410AB0EE410A114B18782346BDE810406B
:1067B00018470F4A127812B90E4A127842B10E4A9F
:1067C00092ED000A0D4AD2ED000A0D4A92ED001A30
:1067D000012000211870E8E7F50E0000000000001D
:1067E000F40E00000000000000000000860D000014
:1067F000E10D0000E20D0000140000001000000098
:106800000C000000164B174A187000231370164A2C
:106810001370164A1370164A1370164A1370164AEC
:106820001360164A1360164A1370164A1370164AFC
:106830001370164A137048B9154A137823F00F03E2
:106840001370144B18800120134B18479FED131A37
:106850000121F0EE410A0846B0EE410A104B1847FC
:10686000860D0000F50E0000F90E0000F30E00008A
:10687000F20E0000F10E0000EC0E0000E80E000029
:106880009C0D0000960D0000E20D0000E10D0000DF
:10689000940D0000920D00000000000000000000B8
:1068A000000000002DE9F0472DED028B036888B051
:1068B0001C4613F8010B2028FAD00928F8D000282C
:1068C00000F0BF848D49DFF8E8A202A8D0478C4BC6
:1068D000602102A898478B4D8B4902A8A847214602
:1068E00002A8A84702A8894DA847894E2046894991
:1068F000B047002836D0884B9847884B98470446C5
:1069000088B187498748884B984721468548874BF7
:1069100098470024864B02A89847204608B0BDEC53
:10692000028BBDE8F087834B1B78022B16D1824B7C
:106930009FED827AD3ED007AF4EEC77AF1EE10FA89
:106940000CD57F4AD2ED007AF4EEC77AB2EE047A23
:10695000F1EE10FA77FE877AC3ED007A0122794BC7
:106960001A7005E020467849B04738B1774B984710
:1069700077496E4B6B48984700F060BC20467549DC
:10698000B04718B920467449B04708B1734BEEE7D9
:1069900020467349734FB84768B30434254614F84A
:1069A000013B202BFAD0092BF8D028466E49B0477E
:1069B000044618B100221146104607E028466B49EC
:1069C000B047074628B1224621460120684B984728
:1069D000CEE728466749B047044618B13A463946DB
:1069E0000220F3E728466449B047002800F0F08110
:1069F00022460121E0E720466049B847804600B3BF
:106A00000434254614F8013B202BFAD0092BF8D08A
:106A100028465B49B04780B928465A49B04760B913
:106A200028465949B04728B928465849B047002850
:106A300000F0CE810022564B92E700210122084649
:106A4000C4E720464C49B8478146002800F0B28090
:106A50000434009400240026CDE905444D4F0794EA
:106A600005AD009B1A780AB1032C2ED1194613F8F4
:106A7000012B202A35D0092A33D0B8F1000F00D0DD
:106A80000091002A40F0A481012C2CD19DED050A33
:106A9000B0EE406AF0EE405A3F4BB7EE001ADFED21
:106AA0003F0A98473E4A82ED000AB0EE650A9847D1
:106AB0003C4A82ED000AB0EE460A984701223A4B62
:106AC00083ED000A394B1A70B4E7684601A90196B4
:106AD000B847002800F07C81019B013445F8043B55
:106AE000BFE7C846C2E7032C40F072819DED050A5E
:106AF000DDED065A9DED076ACEE700BF31000000CC
:106B00000000000000000000DF00000000000000A6
:106B100000000000E800000000000000000000008D
:106B2000EE000000B00C00000000000000000000BB
:106B300000000000F80E0000D80E0000CDCCCC3DC7
:106B400000000000F20E0000F30000000000000052
:106B50000A020000F8000000FE0000000000000033
:106B600004010000000000001502000018020000EF
:106B7000000000001C020000090100000E010000DE
:106B8000DA000000DD000000D4000000D8000000A2
:106B9000E20D000000000000000000000000000006
:106BA00014000000100000000C000000E10D0000C7
:106BB0000000000020469C49B84710B39FED9B8A17
:106BC0009B4B8DED058A05A904F108009847002824
:106BD00000F0FE80974B9FED981AF0EE480A9DED6D
:106BE000050A9847DFED957AB4EEE70AF1EE10FA60
:106BF000934B83ED000A7FF7BBAE924B83ED000A07
:106C0000B6E620469049B847A8B19FED888A884BE0
:106C10008DED058A05A904F10B009847002800F0C6
:106C2000D780844B9FED891AF0EE480A9DED050A46
:106C30009847874BE2E720468649B8478046A8B187
:106C40009FED7A8A7A4B8DED058A05A904F10B0038
:106C50009847002800F0BC80764BB7EE001AF0EEA3
:106C6000480A9DED050A98477B4BC7E720467B49BC
:106C7000B847002833D0002305A9059304F10C0080
:106C80006B4B9847002800F0A3809DED050AB5EEF8
:106C9000C00AF1EE10FA724C05D8724BC4F80080AD
:106CA000C3F8008064E6634B9FED6F1ADFED630A63
:106CB00098479FED6E7AF6EE007AE0EE077AFCEEEA
:106CC000E77A6B4BC4ED007A1B78002B3FF450AE93
:106CD000684B98472368634A0344136048E620469C
:106CE0006549B04738B1634B9847644B00F56A502B
:106CF000183018603CE620466149B847002836D075
:106D00000534254614F8013B202BFAD0092BF8D086
:106D100028465C49B04700287FF438AE28465A49D7
:106D2000B04700287FF432AE28465849B0470446A1
:106D300000287FF42BAE01210222554B1970554BD0
:106D40001A70554B1870554B1860554B9847204694
:106D5000544B98479FED350A534B98479FED331A94
:106D6000524BF0EE410AB0EE410A984700E6204649
:106D70004F49B84700282DD00334254614F8013B6D
:106D8000202BFAD0092BF8D028464A49B04760B9E1
:106D900028464949B04740B928463B49B04790B1D9
:106DA000464A137823F0020303E0444A137843F081
:106DB000020313702E4B1B78002B7FF4D9AD0120FA
:106DC0003F4B9847D4E528463E49B0470028E7D1D5
:106DD0003D499BE520463D49B84700287ED12046E5
:106DE0003B49B847002840F09D8020463949B847C4
:106DF000002800F0BE80033423782546202B04F1C0
:106E00000104F9D0092BF7D028462A49B04728B900
:106E100028462949B047002800F08680B7EE000ACE
:106E20002D4B9847A4E500BF1301000000000000AF
:106E3000000000000000000000004842CDCCCC3D26
:106E4000D80E0000000000001C0100000000F0420D
:106E500028000000280100002C0000003401000080
:106E6000EC0E0000E80E00000000164400007A441A
:106E7000F50E00000000000041010000400D000080
:106E80004E010000F8000000D4000000FE000000E9
:106E9000A40D0000C10D0000850D0000A00D000034
:106EA00000000000000000000000000000000000E2
:106EB00054010000DA000000DD000000940D000025
:106EC00000000000D8000000FA0100005801000096
:106ED000620100006801000000000000093425463E
:106EE00014F8013B202BFAD0092BF8D0284687490B
:106EF000B04700287FF46CAF28468549B04700288A
:106F00007FF466AF28468349B04728B928468249AE
:106F1000B04700283FF45CAF804A137823F00803A1
:106F2000137025E50534DAE728467A49B047D8B921
:106F300028467949B047B8B928467949B847B0B921
:106F40009FED788A28468DED058A774B05A99847ED
:106F500000283FF43DAFB7EE001AF0EE480A9DED71
:106F6000050A724B98475BE79FED6E0A58E70335B9
:106F7000E6E720466E49B84730B16E4B601D984732
:106F800000283FF425AFF3E420466B49B8470028BA
:106F9000F3D120466949B847002843D00534274635
:106FA00014F8013B202BFAD0092BF8D0384657496A
:106FB000B047DFF8D88138BB38465549B04718BBD1
:106FC00038465449B047002826D05D4B1A78002A2D
:106FD0003FF4CEAC00241C705A4B5B4A1C705B4BD8
:106FE0001C705B4B1C70002313605A4A13605A4B91
:106FF0001C705A4B1C705A4B1C705A4B98472046B9
:10700000594B9847594900E0594905A8D04705A868
:10701000A84705A8C047ABE438463F49B047002819
:10702000D3D1D5E620465349B847002849D0073484
:10703000274614F8013B202BFAD0092BF8D038460C
:107040003249B047DFF8448100282DD13846304915
:10705000B047002828D138462E49B04700282AD00A
:10706000454B1A78002A3FF483AC00241C70344B43
:10707000354A1C70334B41491C70344B05A81C70B9
:10708000334B1C7000231360324A1360344B1C7066
:10709000324B1C70304B1C70D04705A8A84705A880
:1070A000C0472046304B8CE6334B1B78002B7FF4D7
:1070B0005FAC3349A9E738461749B0470028CFD11C
:1070C00086E620462F49B847002861D00634254679
:1070D00014F8013B202BFAD0092BF8D028460B4995
:1070E000B04748B928460A49B04728B9284609494F
:1070F000B04720B1002000E00120234B61E6284684
:107100000549B0470028F5D162E600BFDA0000006B
:10711000DD000000D4000000D8000000940D000045
:107120006C010000000000000000000000000000F2
:107130007001000000000000760100007C010000EA
:10714000E40D0000F20E0000D80E0000F10E000069
:10715000F30E0000D40E0000F50E0000860D0000B6
:10716000F90E000000000000000000009E01000079
:1071700082010000AC010000E30D0000D20100001C
:10718000B4010000E2010000000000000000000067
:1071900020462D49B84700283CD00534254614F830
:1071A000013B202BFAD0092BF8D028462749B847B5
:1071B000B0B19FED278A274B8DED058A05A9E81C04
:1071C000984700283FF404AEB7EE001AF0EE480AE4
:1071D0009DED050A204B9847204B9847FFF7C8BB09
:1071E00028461F49B04748B928461E49B04728B924
:1071F00028461D49B04738B1012000E000201B4B54
:1072000098479FED130AE7E728461949B047002839
:10721000F2D1DDE520461749B04728B92046164986
:10722000B04700283FF4D4AD144B05A89847144B41
:10723000144805A99847144B05A898470124FFF75F
:1072400069BB0446FFF769BBE90100006C0100005F
:10725000000000000000000000000000000000002E
:10726000D4000000D8000000DA0000000000000098
:10727000DD000000EF010000F3010000000000004D
:1072800000000000B00C0000000000002DE9F04FED
:107290002DED088B02208BB0B54B98470446B54DB9
:1072A000A84794B9B44A1368C31A962B0DD9106035
:1072B0000122B24BB2491A7007A8B24B9847B24BA1
:1072C00007A89847B14B07A89847B14CA047A847D3
:1072D000B04B03941B68C31AB3F5FA7F0ED2AE4AC3
:1072E0001368C31A952B15D9AC4B1060197881F02F
:1072F000010119703220AA4B98470BE0A94B1B687B
:10730000C31AB3F5FA7F17D2A34A1368C31AB3F5A9
:10731000FA7FE9D2A44BA54C1B787BB10022A44B89
:10732000B6EE001A1A7001232370F0EE410AB0EE97
:10733000410AA04B984704E30021DBE79E4B1B78F2
:10734000002B40F0FE829D4B98479D4A1368C01A5F
:10735000B0F57A7FC0F0F5829A4F03F57A73136027
:107360003B68994E002B00F0DF80A8473B68C01AAD
:10737000B0F5FA7F00F2D880944BD3ED007A9FED00
:10738000947A944B27EE877AC3ED007ADFF89C82DB
:10739000914B88ED007A93ED007ADFED906A67EE0D
:1073A000877A87EEA67A8E4BDFF8849283ED007A97
:1073B00099F80030DFF87CB2DFF87CA2894F002B0F
:1073C00047D1894B1B78002B43D12378002B40D128
:1073D0000F20B04706EE100A1020F8EEC68AB0471C
:1073E00006EE900A1120B8EEE68AB0477F4B07EE12
:1073F000100AD3ED007A38EEA76A83ED006A7C4B61
:10740000B8EEC77AD3ED007A78EE276AC3ED006A4A
:10741000784B7949D3ED007A37EE277A83ED007AFD
:107420000B680133B3F5806F0B6012D307EE903A0F
:10743000F8EE677AC6EE275A86EEA76AC7EE276A85
:107440000123CBED005A8AED006AC7ED006A89F886
:1074500000300F20B0470AEE900ADBED007AF8EE1C
:10746000EAAA10207AEEE7AAB04708EE100ADAED91
:10747000007AB8EEC88A112038EE678AB047DFED8F
:107480005F8A07EE900A28EE288A97ED007AF8EED8
:10749000E77A6AEEA8AA77EEC77A28EE087A67EE4E
:1074A000A87AAAEEAA7AB0EE086AA7EEA77A544B99
:1074B000C7EE066AC3ED00AA524B83ED008A524B19
:1074C000C3ED007AB1EEE67A504B83ED007A99F87D
:1074D0000030002B00F0B2802378002B00F0AE804B
:1074E000F0EEEA6AB1EE087AF4EEC76AF1EE10FA4D
:1074F0000EDCF0EEC86AF4EEC76AF1EE10FA07DCB3
:10750000F0EEE77AF4EEC77AF1EE10FA40F39680E7
:1075100001223F4B1A70002108463E4B98479FEDD1
:107520003E0A3E4B9847A8E00E20B04783B207EED4
:10753000103ADFED3B7AB8EE477A27EE277AF2EE83
:10754000067ADFED386A27EE277AC7EE267AB1EEA3
:10755000047AF4EEC77AF1EE10FA07D49FED327A8E
:10756000F4EEC77AF1EE10FA7FF709AF194B04E792
:107570000000000000000000780E0000F00E000087
:10758000700B000000000000000000000000000080
:1075900000000000680E0000700E00006C0E00007D
:1075A00000000000600E0000E30D0000F50E00007A
:1075B000860D000000000000E40D00000000000047
:1075C000800E00002C0E000000000000300E0000B5
:1075D00046B6133F340000002C0000000000484273
:1075E000E40E00001C000000F90E0000BC0E0000BC
:1075F000B80E0000B40E0000C00E00006F12833BF6
:10760000D80D0000D40D0000D00D0000C40D000006
:10761000C10D00000000000000000000000000009C
:107620003333534000F07F450000704230000000CB
:10763000B00E00002400000020000000904F3B78B6
:10764000F3B100208F4B984700218F4B0846984795
:107650008E4B9FED8F0A98473B7873B18D4E336800
:107660005BB18D4B1B7843B9237833B9A847336896
:10767000C01A002801DB894B98479FED851A54E614
:10768000A847874B06461B7893B9864B1B7813F0A7
:10769000180301930BD123780BB3834B1B6813B9E9
:1076A000824B1B6853B1F31AB3F5FA7F06D9032353
:1076B0007F4A00201370734B98472CE77D4B1B6863
:1076C0006BB1F31A002B0ADB04220126784B002051
:1076D0001A706C4B3E709847002130461DE7764B80
:1076E0001A7882B100221A706B4B1B78002B40F085
:1076F00023813046714B98470746002840F0AA8006
:1077000001226F4B1A706F4B1B78002B40F01781D2
:1077100023786D4F8BB16D4BDFED6D7A93ED007A71
:10772000B4EEE77AF1EE10FA07D56A4B1B7823B96D
:10773000694B1B780BB901233B70614B1A7852B32C
:10774000002230461A705D4B98478246002840F070
:10775000A88201204B4B984787F800A000275F4B79
:107760001F605F4B1F605F4B83F800A00123DFF8B1
:10777000C4A12370DAF8000018B1A847DAF8003085
:1077800018444C4B1860584B1A78434B002A40F071
:10779000778201221A70DFF800A1544B9847DFF876
:1077A00028B19AF800909BF80070B9F1000F40F0F2
:1077B000A2822278002A40F09E8217B10120314B2C
:1077C00098474B4B1B7813B100204A4B98474A49C6
:1077D0000B78002B32D0494B1A6812B906F5FA72B1
:1077E0001A601A68B21A002A28DB0022444F1A6075
:1077F0003B780A7003B3224B1B78EBB9334B9FEDF8
:10780000347AD3ED007AF4EEC77AF1EE10FA09D5A6
:107810003C4AD2ED007AF4EEC77AF1EE10FAC8BF16
:10782000C3ED007A3046254B98470646002840F0C5
:107830004D820122224B1A7000233B700023274AFD
:107840001360314A1360314A1360314A1360314B7F
:10785000984776E03049314B04A8984704A9304B4B
:1078600007A8984739462F4B07A898472E4B9847AB
:107870002E4B07A898472E4B04A8984743E700BF14
:10788000A40D000000000000000000000000000047
:1078900000000000A00D0000F90E00000000000034
:1078A0003A0E00003B0E0000F00D0000600E0000DC
:1078B000C10D0000E80E0000F00E00000000000006
:1078C000F20E0000F10E0000F30E0000D80E0000D2
:1078D000CDCCCC3DE10D0000E20D0000D40E000047
:1078E000E00E0000860D0000F80E00000000000011
:1078F000F40E0000000000009C0D0000980D000038
:10790000960D000000000000DC0E0000D00E00000C
:10791000CC0E0000000000007B0B00000000000007
:107920000000000000000000000000000000000057
:1079300000000000EC0E000001229F4B1A709F4BCC
:1079400098472378002B00F00B86B6EE007A9C4B0C
:10795000D3ED007AF0EEE77AF4EEC77AF1EE10FAA2
:10796000C0F2FE85974B1B78002B40F0F985A847A5
:10797000954A1368C31AF92B00F2FE85934B1B78C6
:10798000CBB1A847924A1368C31AC72B13D9914B9E
:1079900010601B681B1A002B40F3F4854FF4FA7338
:1079A000B0FBF3F08C4B10F0010F8C4918BF194657
:1079B0008B488C4B9847A847217879B98A4A136835
:1079C000C31A632B0AD99FED891A894B1060F0EE18
:1079D000410A1878B0EE410A864B9847039B9847B6
:1079E000854B9847A847854A1368C31A132B40F262
:1079F000DB80734BDFED827A93ED007A814B27EECB
:107A0000277AD3ED005A804BDFED806A93ED006A50
:107A100026EE066A67EE266AF0EE467A66EE876A1A
:107A2000E5EEA57A1060B1EEE74AB7EE007A36EEE1
:107A3000076AF1EEC63AB5EE005A26EE857ADFED1A
:107A4000744A27EE057AA6EE247A9FED726AA3EEB9
:107A5000867ADFED713AB4EEE37AF1EE10FA40F394
:107A6000608665EE855A67EEA47A65EEA66AE5EE55
:107A7000A67AE4EE067A77EE677AC7EE876ADFEDDC
:107A8000677A66EEA77A9FED597A654D654E2B7839
:107A9000654F002B654B47FE277AC3ED007A32789D
:107AA0003B789A421DD06249624B07A89847624BC7
:107AB000202107A89847DFF8A481604907A8C0479C
:107AC000337807A8042B96BF5D4A5E4952F823100D
:107AD000C0475D4B07A89847337807A83B705B4BBE
:107AE00098475B4E5B4F33783A789A4218D0ABB1E7
:107AF0004F49504B07A8984718214F4B07A8984764
:107B00005549564B07A898473178554B07A89847D1
:107B10004D4B07A898474D4B07A8984733783B70C3
:107B2000504E227833789A421CD04149414B07A8E5
:107B30009847414B182107A89847484F4A4907A83A
:107B4000B8474A4A4A4B217807A800290CBF11467A
:107B50001946B8473C4B07A89847237807A83370C5
:107B60003A4B9847434C2A7823789A421CD03049A4
:107B7000304B07A89847304B142107A89847374E39
:107B80003D4907A8B047394A394B297807A8002949
:107B90000CBF11461946B0472B4B07A898472B78C6
:107BA00007A82370294B9847344B0BB0BDEC088BCA
:107BB000BDE8F04F184700BFF10E000000000000C4
:107BC000D40E0000A40D0000700E0000480D00004F
:107BD000440D0000400D0000FC0A00000C0B0000EA
:107BE0004C0D000000000000740D000000000000BB
:107BF000860D000000000000000000007C0E000068
:107C0000DA0FC940CC0D0000C80D000017B7D138FD
:107C10009A999940CCCCCC3DBD3786350000C842FE
:107C2000C00D0000F90E0000DE0D0000BC0D0000CC
:107C3000310000000000000000000000860B000082
:107C4000000000000D020000000000000000000025
:107C5000C10D0000DD0D00008C0B000000000000D5
:107C600000000000DC0D0000930B0000D4000000B9
:107C7000DA000000950D00009C0B000000000000E1
:107C800002221A704FF4C872A44B1A604FF07E5251
:107C9000A34B1A60A34B1F60A34B1F60A34B1F6035
:107CA00079E5A349A34B04A8984704A9A24B07A8C8
:107CB00098475146A14B07A89847A14B9847A14B1D
:107CC00007A89847A04B04A8984764E59849994BA2
:107CD00004A8984704A9984B07A898473146974BA2
:107CE00007A89847964B9847964B07A89847964BF6
:107CF00004A89847A0E5F0EE007AF0EE6A9A934E59
:107D0000E8EE279A96ED009ADFED917A914AB0EE6F
:107D1000490A69EEA79A9047B0EE408A8E4AB0EEC3
:107D2000490A904729EE88AA69EE809AAAEE80AAAD
:107D3000EAEEC89A894AB9F1020F82ED00AA884A90
:107D4000F0EE408AC2ED009A40F02C81854B9847B6
:107D50007249734A0B68002B40F0D98003238AF8DC
:107D600000304FF07E534FF07F5113606D4B196020
:107D70009FED7D5A7D4BD2ED000A83ED005A6A4B90
:107D80007B4A93ED000A86ED005A904783ED000A86
:107D9000664B784A30EE4A0A774883ED005A90479E
:107DA0007648F0EE405A35EE690A904760EE007A68
:107DB000B0EE407AE5EEA57AF1EEE77A98ED006A4A
:107DC000F4EEC67AF1EE10FA0ADDF4EEC57AF1EEC1
:107DD00010FAC2BFC6EE276A65EEA65A20EE267AD2
:107DE00067EE486A68EE877AE8EEA56AE8EE257ADB
:107DF000634BB6EE000A1B786249013BDBB2022BF3
:107E000000F2A7839FED607A67EE877AFEEE005A54
:107E1000B0EE676AA6EEA56AF4EEC66AF1EE10FA55
:107E2000D6EEA57A54BFB0EE667AB0EE467AF4EE9E
:107E3000477AF1EE10FAF4EEC66A37FE877AF1EE71
:107E400010FA36FE265AF4EE457AF1EE10FA48BFE3
:107E5000B0EE675A37EE057A4C4AE7EE256AA7EE90
:107E6000256AE7EE257AD2ED004A9FED497AF4EED5
:107E7000C74AF1EE10FACABFF7EE005A9FED3A7A00
:107E800085EEA47AB0EE405AB7EE001AA7EE875AF4
:107E9000DFED407A0A78DFED340A002A07FE811A06
:107EA000DFED3D7AF0EE405A3C4AA6EE870A47FEE7
:107EB000A00AE6EE075A9047B0EE406AB0EE650AB7
:107EC0009047F0EE405AB0EE450A9047B0EE401AA7
:107ED0000A787AB1324AF7EE007A92ED007AB4EE7F
:107EE000E77AF1EE10FA42BFB6EE001AF0EE415A10
:107EF000B0EE416A2278002A3FF4BFAB022B3FF676
:107F0000BCABF0EE650AB0EE460AFFF712BA013BD1
:107F10000B60002B7FF42CAF20E700BF840E000025
:107F2000C80E0000C40E0000D00E0000CC0E0000F1
:107F30007B0B0000000000000000000000000000BB
:107F4000000000000000000000000000E00E000043
:107F50003BCD133F0000000000000000CC0D0000EE
:107F6000C80D00000000000000000000DC0E000052
:107F700000000000000000009C0E0000880E0000C1
:107F8000F90E0000F30E0000D7B35D3F340000008F
:107F9000CDCCCC3DEC51783F8FC2F53C00000000C9
:107FA000D40E0000B9F1030F40F05082DFF8709159
:107FB0004D4E99ED000AD6ED000A4C4A9047DFED90
:107FC0004CAA89ED000A20EE2A0ADFF844B18BEDB5
:107FD000000A002F00F0AE80DFED460A464B9847BE
:107FE000B0EE607A454B4649C3ED000A454B91ED32
:107FF000000A83ED007A3D4B9847434A81ED000A21
:10800000F0EE470A92ED000A98474048404BD0ED09
:10801000007AD3ED006A9FED3F7AE6EE877AF4EEC0
:10802000EA7AF1EE10FAC8BF77EEEA7AF5EEC07A96
:10803000F1EE10FAC0ED007A48BF77EEAA7A364E1C
:1080400082ED000A337848BFC0ED007ADBB1B0EEB4
:10805000C00ADFED327AB4EEE70AF1EE10FA12D57B
:108060002F4BF6EE007A93ED007AB4EEE77AF1EE5C
:1080700010FA08D500232B4F33703B702370002378
:108080000B601360036091ED000A2748274930EE2A
:108090004A0A8847F0EE405A92ED000A244830EE32
:1080A000690A884720EE007AF0EE407AA5EEA57ABC
:1080B000B1EEC77A98ED006AB4EEC67AF1EE10FA26
:1080C0000ADDB5EEC07AF1EE10FAC2BFC6EE076A5D
:1080D00065EEA65A60EE267A67EEC86A68EEA77A61
:1080E000E8EEA56A82E600BFD80E0000000000009E
:1080F000DA0FC9400000000000000000C80E0000B8
:10810000D00E0000C40E0000CC0E0000E00E0000F7
:10811000DC0E00006F12833AF30E0000CDCC4C3D14
:10812000D40E0000F90E00009C0E000000000000BC
:10813000880E0000A74AB7EE00BA1278B7EE087AA8
:10814000022A40F04281F0EEE97A87EE879AB4EE97
:108150004B9AF1EE10FA3BFE099AA8479E4A02900C
:1081600090478246002800F018819C4AD2ED003AE0
:10817000F0EEE33A99ED004AB0EEC47A96ED005A7B
:1081800077EE637AF0EEE77A35EE445AB0EEC55AF0
:10819000B4EE675ADFED925AF1EE10FA67EE255A07
:1081A00048BFB0EE675ADFED8F7AF4EEE75AF1EE92
:1081B00010FA75FEA75ABAF1000F0BD0DFED8A6AEC
:1081C000F6EE007AE7EE267AF4EE657AF1EE10FA32
:1081D00077FEA55AF0EE457AFEEECB7A17EE903A8E
:1081E000F0EE657AB5EEC09AFEEECB7A1EB2F1EEF5
:1081F00010FA17EE903ADBED004A0FFA83F900F11E
:10820000CF80B4EE4B9AF7EE007AF1EE10FA37FE1B
:10821000899ADFED767AF0EEE44A64EEA74AF5EE4D
:10822000C04AF1EE10FA40F28082B0EE640A704863
:10823000DFF814B2D847B5EEC09AF1EE10FAB0EEFE
:10824000406A12D9B0EE640A6A48D847F0EE467A1E
:10825000B0EE406AB4EECB9AF1EE10FABEBF36EE45
:10826000677AE9EE077AB0EE676AF6EE007AB4EE66
:10827000E76AF1EE10FA00F19680DFED5F7AB4EE76
:10828000676AF1EE10FA37FE866ADFED5C7A26EE59
:10829000276AB5EEC06AF6EE007AF1EE10FAACBFCE
:1082A00036EE276A36EE676A554B564A1968BDEEB8
:1082B000C66A127800297CD0029B591AB1F5FA7F60
:1082C00094BF0021012150480078C307237858BF8C
:1082D00041F002011BB1800658BF41F00401BAF120
:1082E000000F01D141F00801B9F1000FBCBFC9F185
:1082F00000030FFA83F9002EBCBF764236B2002A83
:1083000059D1002957D1B14555DB16EE103A012657
:10831000084603F30F031BB201963C4E86F800A0FB
:108320003B4EC6ED003A3B4E86ED005A3A4EC6ED46
:10833000005A3A4E31803A490A803A4A01991070FF
:10834000394A11703949B1F900209A4237DA0132BD
:108350009A42A8BF1A4613B200EE103AF6EE000A8F
:108360000B809FED251A324BBAEECB0A9847314B62
:10837000F0EE400A83ED000A019B4BB140B9B0EE2C
:10838000C44AB4EECB4AF1EE10FAACBF0127002785
:10839000294BB7EE087A1F7024E6DFED283AE9E6AC
:1083A0009FED269A35E7B0EE676A6EE79FED246A87
:1083B0006BE7012187E74FF480630120ADE7CBDD58
:1083C000013A9A42B8BF1A46C5E71E4B9847F0EEED
:1083D0004B0A07E6F80E0000000000004C0E0000FB
:1083E000CDCC4C3DCDCC4C3E0AD7A33C83F9223EAC
:1083F000380B0000540B00009A99993F000080440C
:10840000680E0000C10D00003B0E0000B80D00001A
:10841000B40D0000B00D0000AC0D0000A80D000070
:10842000A60D0000BA0D0000B90D00000400000008
:108430000000000008000000C00D00000000000067
:10844000CDCC0C3F0000000000000000B9F1010F8E
:108450006BD1BB4B9847BB4BBB4A93ED000AD2EDA7
:10846000000ABA4A90479FEDBA7ADFEDBA5A60EE39
:10847000076AF0EE497AE6EEA57AF4EEC77AF1EEF5
:1084800010FAC8BF77EEC77AF5EEC07AF1EE10FAAF
:10849000C6ED007A48BF77EE877A9FEDAF7A48BF86
:1084A000C6ED007AF0EEC07AF4EEC77AF1EE10FA7B
:1084B000AA4AB0EE406A83ED000AC2ED006AA849FC
:1084C00026DBB2EE040AB7EE001A87EE800ADFED73
:1084D000A50A8847A44B31EE400AD3ED007A20EE7E
:1084E000270AA24B98ED001AD3ED007A37B1B6EE09
:1084F000007AB4EEC76AF1EE10FA0CD4A6EE270AA1
:10850000DFED980A884768EE806A68EE007A6FE4CB
:108510009FED940AE5E700238AF800308BF80030DD
:108520002370002333601360E8E70027B9F1000FE0
:108530000AD1834B98478E4B37601F608D4B1F606D
:10854000864B1F607F4B1F60DFED867AF0EE676A17
:108550004EE4B0EE401AF0EE405AB0EE406AB7E496
:10856000854B1A78002A3FF409AA0021197032209D
:10857000824B9847FFF702BA7F4B1060197881F061
:108580000101F3E794F80090DFED7D7AF6EE008AC2
:108590007C4BDFF80C827C4FB9F1000F49D0694A5F
:1085A00092ED008AB0EEC87AB4EEE77AF1EE10FAF6
:1085B00004D4B5EEC08AF1EE10FA01D59FED698AB8
:1085C000724A92F800A0BAF1000F05D14FF47A7206
:1085D000B0FBF2F0C2073ED4682200216A489847F7
:1085E000F2EE047AE8EE278AFDEEE87A40F2E73B05
:1085F00017EE903A9B45A8BF9B46632B2BEAEB7B7B
:1086000004DD64210120BBFBF1F1C0470A26BBFB5E
:10861000F6FABAFBF6F1052006FB11A1C0470920C6
:1086200006FB1AB1C047012387F8453087F852305E
:1086300046E0454A92ED008AB0EEC87AB4EEE77A99
:10864000F1EE10FA04D4B5EEC08AF1EE10FAC3D5FB
:108650009FED448AC0E7682251464B489847DFEDBA
:108660004C7AE8EE278AFDEEE87A17EE906A002E43
:1086700055DBB6F57A7F10DA632E11DD6421012017
:10868000B6FBF1F1C0470A23B6FBF3F2B2FBF3F1FC
:10869000052003FB1121C04704E040F2E736EDE777
:1086A000092EF0DC0A23B6FBF3F1092003FB11616C
:1086B000C047012387F85D3087F85C3087F85B306E
:1086C000344B1B7813B101233B737B76B9F1000F58
:1086D00005D02E4B1B7813B901233B707B7300210F
:1086E0000B462D4E2848024610F8017B3B434F1C99
:1086F000F9B2FF0608BF46F8043B60294FEA43037E
:10870000F1D11F23002112F8010F9840013B172BD4
:1087100041EA0001F7D131601F49FFF749B95646D8
:10872000C0E7DFED107AFFF7AEB9B5EEC09AF1EE13
:1087300010FA7FF63BAEDFED197AB7EE006A89E5F5
:1087400000000000D40E0000D80E00000000000061
:10875000DA0FC9406F12833ACDCCCC3DDC0E00005D
:10876000000000000000000028000000E40E0000EF
:10877000D00E0000CC0E0000740E000000000000BF
:10878000CDCC4C3D00000000D80C0000A40D000032
:10879000000070420C0E0000C80C0000CDCC0C3F55
:1087A000000000002DE9F0410021484B4EF660200A
:1087B00098474FF4E131464B46489847464B474867
:1087C00098474749474B4548984740F213424FF472
:1087D000E1314548454B9847434C454D454E204671
:1087E000A84700286EDC444C01213220A04700211C
:1087F0003220424B98479FED421A0021F0EE410A89
:10880000B0EE410A08463F4B3F4D9847A8473F4BC3
:10881000012118600420A0473D4B01209847022108
:108820000846A0473B4E0C203B4B984708203B4B4B
:108830009847347884B93A4B98473A4F6822214692
:108840003948B847102221463848B847384B37498D
:108850003848984701233370A847374B00F59C50A0
:10886000083018600120354B9847B3EE087A344B36
:10887000344A83ED007A344BDFED346A1A60344BAE
:108880004FF08045D3ED007A67EE877A87EEA67ABF
:108890000020304B304C83ED007A3049304B1D6066
:1088A0005C609860D9601A612E4B1D605C609860B6
:1088B000D9601A612C4B98472C4B1860BDE8F041E9
:1088C0002B4B18472046B04789E700BF0000000047
:1088D0000000000000000000000000000000000098
:1088E000A50B0000000000000000000000000000D8
:1088F0000000000000000000000000000000000078
:10890000000000000000000000000000600E0000F9
:1089100000000000480D0000000000000000000002
:108920000000000000000000D80C0000C80C00008F
:10893000000000004C0D0000400D00000000000091
:108940003400000069915D413000000000004842A1
:108950002C000000E40E00000000484369915DC156
:108960009C0E0000880E000000000000800E000039
:1089700000000000704707B503688DF8071001225A
:108980005B680DF10701984703B05DF804FB000038
:10899000004B184700000000004908470000000095
:1089A00038B50C1A002C134605DD01462246184640
:1089B000024DA8470346181938BD00BF000000004B
:1089C000002810B506D001DA034B9847034BBDE8E9
:1089D0001040184710BD00BF00000000000000005C
:1089E000004B18470000000010B500F130044FF0B4
:1089F000FF3320464FF0FF32034988472046BDE849
:108A00001040024B184700BF0000000000000000AB
:108A100070B5044600F508764FF0FF324FF0FF3393
:108A2000304613498847D4F81C32124A23B93046DD
:108A300090474FF0FF3070BDD4F81C32ABB1D4F882
:108A4000183223441D7DD4F818320133C3F30803D0
:108A5000C4F81832D4F81C32013BC4F81C3230463A
:108A6000D4F81C329047E8B2E5E74FF0FF35F6E75F
:108A7000000000000000000038B5044600F508754D
:108A80004FF0FF334FF0FF3228460A498847D4F8A9
:108A90001C325BB1D4F81C3243B1D4F818321C44F8
:108AA000247D2846044B9847204638BD4FF0FF34BC
:108AB000F7E700BF00000000000000000A200021CE
:108AC000004B18470000000030B5836885B0039361
:108AD0000023D0E900420D68CDE9014205604D68F0
:108AE00045608D688560C1E900338B6001A8024B49
:108AF000984705B030BD00BF000000002DE9F047E9
:108B0000D0E901739F4204468846DFF878A00AD076
:108B100039460120D04798F800300370636801336C
:108B20006360BDE8F087134A0121134B9847134B4C
:108B3000266881469847B91B014405460120D04765
:108B400098F80030394603702A46DFF83C803046FA
:108B5000C0473946421C3846C047074626B1A1687F
:108B60003046074B891B9847C4E900574D44A56020
:108B7000D7E700BFE10A000000000000000000008D
:108B80000000000000000000000000002DE9F04798
:108B9000D0E901739F4204468846DFF878A00AD0E6
:108BA00039460120D04798F80030037063680133DC
:108BB0006360BDE8F087134A0121134B9847134BBC
:108BC000266881469847B91B014405460120D047D5
:108BD00098F80030394603702A46DFF83C8030466A
:108BE000C0473946421C3846C047074626B1A168EF
:108BF0003046074B891B9847C4E900574D44A56090
:108C0000D7E700BFE10A00000000000000000000FC
:108C10000000000000000000000000002DE9F0430B
:108C2000037D05460F4685B01BB1D0E90123934271
:108C300005D100236B75002005B0BDE8F0830669FF
:108C40009B1AB6EBA30FF4D24FF001083A4B80F811
:108C500015809847C5284FF000042ED0C62848D06C
:108C6000C42861D1424631462846DFF8E480CDE988
:108C700001440394C0470646DFF8D890E3B29E4211
:108C800029690FD80131296138462C4B01A9984731
:108C90002B4B01A898476B7D002BCCD02846294B45
:108CA0009847C9E7A21C2846C0470DF103018DF87B
:108CB000030001A8C8470134E0E742463146284690
:108CC000214BCDE90144039498470646DFF88080A4
:108CD000DFF88090A3B2B3422969D3D2E21C2846C0
:108CE000C0470DF103018DF8030001A8C847013406
:108CF000F0E7424631462846144BCDE9014403943F
:108D000098470646DFF84880DFF84890A642296970
:108D1000B8D0621D2846C0470DF103018DF803004D
:108D200001A8C8470134F1E70136CDE901446C756B
:108D30002E610394A8E700BF0000000000000000BF
:108D40000000000000000000000000000000000023
:108D5000000000000000000007B5044B8DF807106C
:108D60000DF10701984703B05DF804FB0000000017
:108D70002DE9F047D0E901739F4204468846DFF8A9
:108D800078A00AD039460120D04798F80030037007
:108D9000636801336360BDE8F087134A0121134B18
:108DA0009847134B266881469847B91B01440546EE
:108DB0000120D04798F80030394603702A46DFF882
:108DC0003C803046C0473946421C3846C0470746BB
:108DD00026B1A1683046074B891B9847C4E9005764
:108DE0004D44A560D7E700BFE10A00000000000085
:108DF0000000000000000000000000000000000073
:108E00007E2913B504460AD80D4B8DF807100DF1D5
:108E100007019847E3680133E36002B010BDFF2902
:108E200003D8084BC9B29847F7E7B1F5803F03D2A2
:108E3000054B89B29847F0E7044B9847EDE700BF30
:108E40000000000000000000000000000000000022
:108E500073B50C1E054621DB7E2C08DC8DF8044022
:108E600001A9234B9847EB680133EB6008E0E31757
:108E7000B4F5807F73F1000204D21E4BE1B2984733
:108E800002B070BDB4F5803F73F1000303D21A4BFA
:108E9000A1B29847F4E7194B9847F1E714F11E0F78
:108EA000DCDA14F1800F164B06DBD02198472846F8
:108EB0008DF8044001A9D4E714F5004F114E0BDBE7
:108EC000D121ADF80440984728460DF10501B0477F
:108ED000284601A9B047C6E70194D2219847032448
:108EE00001AB19192846B047013CF9D2BBE700BFD6
:108EF0000000000000000000000000000000000072
:108F000000000000000000002DE9FF470025894611
:108F100098460446D0F8187404216846DFF874A017
:108F20001646CDE90055CDE90255D0472946684699
:108F3000134B9847134B394668469847124D49469C
:108F40006846A84701216846D04741466846A84779
:108F5000DDE900156D1A2A4620460C4B98478542DC
:108F60000B4A04D06846904704B0BDE8F087D4F8B7
:108F7000183468460133C4F8183490473760F3E773
:108F800000000000000000000000000000000000E1
:108F900000000000000000002DE9FF470025894681
:108FA00098460446D0F8187404216846DFF878A083
:108FB0001646CDE90055CDE90255D0472946154B57
:108FC00068469847144D39466846A847134B4946AA
:108FD0006846984701216846D0476846D8F800108F
:108FE000A847DDE900156D1A2A4620460C4B984724
:108FF00085420C4A04D06846904704B0BDE8F0872B
:10900000D4F8183468460133C4F8183490473760F0
:10901000F3E700BF000000000000000000000000B7
:1090200000000000000000000000000038B5037DD3
:1090300004460D461BB1D0E90123934203D100231E
:109040006375002038BD9B1A0269B2EBA30FF6D2FC
:10905000044B98472860637D002BF2D02046024BDA
:109060009847EFE700000000000000002DE9F04302
:1090700004460D461646DFF89490DFF8948085B0DC
:1090800000F12407642200233846C847002831D164
:109090002368CDE90000CDE90200DFF8789068464A
:1090A0000321D3F80080C847134B68460221984734
:1090B000124C29466846A04768460121C8473146F8
:1090C0006846A047DDE90014641A0D4B224640466D
:1090D0009847844208BFD8F81834684604BF013363
:1090E000C8F81834074B98473846074B05B0BDE819
:1090F000F0431847C047C5E700000000000000002B
:10910000000000000000000000000000000000005F
:1091100000000000000000002DE9F041044600F1CD
:1091200030070E4615464FF0FF334FF0FF323846FA
:109130000649884720462946054B40F8046B984766
:109140003846BDE8F041034B184700BF000000005F
:1091500000000000000000002DE9F043D0F8146486
:1091600004460F4690461D468BB096B14A4B04A864
:1091700098474A4B04A89847D4F81034211D194445
:109180003246474B04A8984738B90026454B05A8F6
:10919000984730460BB0BDE8F0834FF00009424ECF
:1091A00003AB02AA01A904A8CDF80490B047064673
:1091B0000028EAD0039BBB42E7D1029B3B4F012B27
:1091C0001BD02846FC233A4940F8043B394B9847CA
:1091D0002046D4F81024D4F81414B847D4F8103426
:1091E0002BB94FF0FF32C4F80C34C4F80824D4F87B
:1091F0001C340133C4F81C34C8E7019B042B05D090
:109200002846FC232C4940F8043BDFE72B4B04A8FD
:109210008DF800909847C02831D19DF824301BB1BB
:10922000DDE905239A4208D100238DF82530284630
:10923000FC23234940F8043BC8E79B1A089AB2EB89
:10924000A30FF1D21F4B04A898479DF825308DF845
:109250000000002BEBD041461B4B04A89847002888
:10926000E5D0D4F810242AB94FF0FF33C4F80C2409
:10927000C4F808342046D4F81414B84786E76A4680
:109280002946124B04A898470028EAD12846FC2317
:109290000F4940F8043B99E700000000000000007F
:1092A00000000000000000000000000000000000BE
:1092B00070060000000000008906000000000000A9
:1092C000A6060000000000000000000000000000F2
:1092D000C70600002DE9F04FA3B003AF0C4690463F
:1092E000814692493846924EB047DFF888A204EB97
:1092F0000805AC4275D14FF0000A99F83532D9F81B
:1093000010508C4C8C49CDF808A0002B00F0018146
:10931000A94606A8B047DFF8608259F810BB10A82C
:10932000C047243506A9CDE914AA844B16A898474E
:1093300014225146CDE919B9814B1B951CA89847B9
:109340002197804B1CA898477F490CA8B0477F4DB8
:10935000FF210CAA10A8A8470CA8A047012315A913
:10936000D1E8EF2F524503D1C1E8E03F0028F7D103
:109370003CD1DFF8E891764D642200231B98C84762
:10938000002840F085801998219B006814AA16A92E
:10939000704DA8471B98704B9847DFF8B491DFF8E1
:1093A000DCA1642200231A986C498847002840F009
:1093B0008D800CA8C047199DDDF850B02868D047B3
:1093C00059462868DFF8B8B10CAB02AAD847002884
:1093D00060D11A98604B9847614B98470DA8A047F9
:1093E000DFE7384614F8011BD04782E75D490CA837
:1093F000B04710A8FF210CAAA8470CA8A04700233B
:109400008DF80430012315A9D1E8EF2F002A03D1EC
:10941000C1E8E03F0028F7D15AD1504E4C4D6422AC
:1094200000231B98B047002869D11998219B006838
:10943000484D14AA16A9A8471B98474DA847DFF81E
:109440001091DFF840A1DFF818B1642200231A98C8
:10945000B04700285BD10CA8C047149919980CABF1
:1094600001AAD04700284CD01A98A8470C9D0DA9F6
:10947000324B09A898472946344B09AA10A89847A7
:1094800009A8A0470DA8A047374B10A8984729E086
:10949000A84771E70C9B0DA945F8043F281D334BE5
:1094A00098471A982C4B98470C9D0DA9234B09A857
:1094B00098472946254B09AA10A8984709A8A0470C
:1094C0000DA8A047284B10A8984798E7C84768E719
:1094D00024490CA8B04710A8FF211C4B0CAA9847A0
:1094E0000CA8A04716A8A04711A8A04706A8A04707
:1094F000029D3846A047284623B0BDE8F08FA84714
:109500008DE71A98A847D8470DA8A0479DE7C847F8
:109510009BE710A8B0473A462846154B10A9984734
:1095200010A8A047CDF80880E2E700BFC60A0000F7
:109530000000000000000000D5070000000000004F
:109540000000000000000000DF0700000000000035
:10955000000000000000000000000000000000000B
:1095600000000000FD0700000000000000000000F7
:1095700000000000000000000000000000000000EB
:1095800000000000000000002DE9F041044600F159
:1095900030070E4615464FF0FF334FF0FF32384686
:1095A0000649884720462946054B40F8046B9847F2
:1095B0003846BDE8F041034B184700BF00000000EB
:1095C000000000000000000038B5044600F130053E
:1095D0004FF0FF3207494FF0FF3328468847246891
:1095E0002846002CD4BF00240124034B9847204672
:1095F00038BD00BF00000000000000002DE9F0436E
:10960000D0F8146404460F4690461D468BB096B1C0
:109610004A4B04A898474A4B04A89847D4F81034FA
:10962000211D19443246474B04A8984738B90026F3
:10963000454B05A8984730460BB0BDE8F0834FF086
:109640000009424E03AB02AA01A904A8CDF8049078
:10965000B04706460028EAD0039BBB42E7D1029BF5
:109660003B4F012B1BD02846FC233A4940F8043BD2
:10967000394B98472046D4F81024D4F81414B8472E
:10968000D4F810342BB94FF0FF32C4F80C34C4F8BE
:109690000824D4F81C340133C4F81C34C8E7019BF7
:1096A000042B05D02846FC232C4940F8043BDFE777
:1096B0002B4B04A88DF800909847C02831D19DF815
:1096C00024301BB1DDE905239A4208D100238DF82F
:1096D00025302846FC23234940F8043BC8E79B1A61
:1096E000089AB2EBA30FF1D21F4B04A898479DF83C
:1096F00025308DF80000002BEBD041461B4B04A811
:1097000098470028E5D0D4F810242AB94FF0FF3349
:10971000C4F80C24C4F808342046D4F81414B8470C
:1097200086E76A462946124B04A898470028EAD1E2
:109730002846FC230F4940F8043B99E7000000004D
:109740000000000000000000000000000000000019
:109750000000000070060000000000008906000004
:1097600000000000A606000000000000000000004D
:1097700000000000C70600002DE9F04F012204465A
:109780008A4689B000F11403D3E8EF1F002903D102
:10979000C3E8E02F0028F7D10CBF1546002534D1CF
:1097A000DFF80081324D64220023E06AC0470028C0
:1097B0003BD1606A636C006804F1100204F1180187
:1097C0002C4DA8472C4EE06AB047DFF8A490DFF894
:1097D000D8B064220023A06AC047002845D1274B97
:1097E00004A89847656A27692868D84739465246C9
:1097F000234F286804ABB847224FC0B9A06AB047CE
:10980000214B984705A8B847E3E72049204B04A817
:109810009847FF2120461F4B04AA9847194B04A8DC
:109820009847284609B0BDE8F08FA847BBE7049BDE
:1098300005A945F8043F281D174B9847A06AB04773
:10984000049D164B05A901A898472946114B01AA6A
:109850002046984701A8B84705A8B8472046104BAE
:10986000984780F00100C0B2DCE7C847B1E700BF0D
:1098700000000000000000000000000000000000E8
:10988000000000000000000000000000FD070000D4
:1098900000000000000000000000000000000000C8
:1098A0000000000000000000000000002DE9F04F63
:1098B000A3B00646039179B100F5087B4FF0FF3362
:1098C0004FF0FF325846DFF8D081C04796F8343267
:1098D0002BB95846604B984723B0BDE8F08F002461
:1098E00035695E495E4F09A8CDE906440894B8473A
:1098F0002B4653F8102BDFF8A49110A8CDE90123D3
:10990000DFF89CA1C84709A916A8CDE91444D0479F
:10991000019A029B19921A9314222146514B243525
:109920001CA81B95984703AB21934F4B1CA8984745
:109930004E490CA8B8474E4DFF210CAA10A8A847C5
:109940004C4C0CA8A04709A8A0474B4B06A910A84F
:109950009847002846D158463F4EB04700238DF81F
:109960001430012315A9D1E8EF2F002A03D1C1E853
:10997000E03F0028F7D1019650D1404F64220023E8
:109980001B98C04700285BD11998219B00683C4F69
:1099900014AA16A9B8471B982F4FB847DFF8DCB0B8
:1099A000642200231A98C047002853D10CA8C84746
:1099B000344E149919980CAB05AAB047002841D031
:1099C000019B1A9898470C9E0DA909A8D0473146CB
:1099D00009AA10A8A84709A8A0470DA8A0472A4B84
:1099E00010A824E0DDE906218A42B4D0D6F81C3262
:1099F000B3F5007F10D0D6F81432107833441875C0
:109A0000D6F814320133C3F30803C6F81432D6F87B
:109A10001C320133C6F81C320132E5E71B490CA8A1
:109A2000B84710A8FF210CAAA847124B0CA89847CA
:109A300016A8A04711A8A047154B06A898474BE7C2
:109A4000B8479BE71A98B847124B9847094B0DA89F
:109A50009847A5E7D847A3E700000000B407000037
:109A6000000000000000000000000000DF07000010
:109A700000000000000000000000000000000000E6
:109A8000000000000000000000000000FD070000D2
:109A900000000000000000000000000000000000C6
:109AA0000000000038B5044600F508750B494FF07A
:109AB000FF324FF0FF3328468847D4F81C12C1F517
:109AC0000071002902DD2046054B9847D4F81C425E
:109AD0002846044B9847204638BD00BF00000000D0
:109AE0000000000000000000F8B52E4A2E4E13685A
:109AF0000133012B136006D100222C4BC3E907224E
:109B00001E601A765A620024294F142221462948E1
:109B1000C6E90044F460B847142221462648B847F5
:109B2000142221462548B8474FF484722146244820
:109B3000C6E91344B847234B234DB3604FF47A73FF
:109B4000AB60224B4FF40072214605F114002B60EC
:109B500086F860416C602E61B8471422214605F5F5
:109B60000870C5F81442C5F81842C5F81C42B84739
:109B70004FF48073164AA5F8343213680133012B71
:109B800013600DD10326134DC5E9004405F108000B
:109B90004FF484620021B847013E05F58565F3D195
:109BA000F8BD00BF00000000000000000000000041
:109BB0000000000010000000240000003800000039
:109BC0005800000000000000000000000800000035
:109BD000000000000000000008B5064A1368013BC1
:109BE0001360054A1368013B136013B90348044B23
:109BF000984708BD00000000000000001C000000A5
:109C000000000000704770477047000010B5044620
:109C10004FF4A671014B9847204610BD000000008C
:109C2000F7B502AB03E906009DF8063041F20104E6
:109C3000012B9DF8053005460E4618BF4FF48054A1
:109C40000BB944F010049DF80430022B1ED0032BF6
:109C50001FD0012B01D144F004040E220E4FA8188E
:109C60000021A4B2B84744F48073AB810B4B0E22A1
:109C70009E4238BF1E460021AE6005F12200B84763
:109C800044F400742C84EE6103B0F0BD44F002048F
:109C9000E3E744F00604E0E70000000040420F0064
:109CA0004068014B184700BF0000000001464068B3
:109CB000836808319B6818474068014B184700BF0C
:109CC0000000000010B50C461946012388B003932C
:109CD000079304ABCDE90042CDE904424068CDF8DA
:109CE00008D00693836802AA1C6806ABA04708B098
:109CF00010BD000013B501228DF80710064C00F1CD
:109D000008030DF10701A0470028B4BF00209DF80B
:109D1000070002B010BD00BF0000000013B5022212
:109D2000ADF80610064C00F11C030DF10601A0472A
:109D30000028B4BF0020BDF8060002B010BD00BF6F
:109D40000000000010B4034C00F10803A4465DF8C5
:109D5000044B604700000000F8B5194A136801334E
:109D6000012B136007D1174B174A1A600022C3E971
:109D700007221A765A620025144B154A15491A60B3
:109D80005960C3F84851144B1A60144AC3F848513B
:109D90005A60134A13680133012B13600ED1032656
:109DA000104C114FC4E9005504F108004FF48462CF
:109DB0000021B847013E04F58564F3D1F8BD00BF2A
:109DC0000000000000000000000000000000000093
:109DD000080000000000000000000000000000007B
:109DE00000000000000000000000000008B5064A66
:109DF0001368013B1360054A1368013B136013B9F4
:109E00000348044B984708BD000000000000000014
:109E10001C000000000000002DE9F04106460D4640
:109E20000C468F18BC4202D1601BBDE8F081A046F1
:109E3000336830461B6818F8011B98470028F3D098
:109E40004446EFE770B505460C46084649B1054B58
:109E500098472B68024621462846BDE870405B685B
:109E6000184770BD0000000003688A685B680968D5
:109E70001847000008B5014B984708BD00000000D6
:109E800008B50249024B984708BD00BF9B0A000075
:109E90000000000038B5044B05469847034B0446C4
:109EA00028469847204438BD00000000000000000C
:109EB00038B5044B05469847034B04462846984757
:109EC000204438BD0000000000000000004B18478F
:109ED0000000000038B5094D0446A847E06023683B
:109EE00020465B699847002807DAA847E368C01A4C
:109EF000A3689842F3D34FF0FF3038BD0000000054
:109F0000816070472DE9F04107460D460C46DFF8A9
:109F10001C808E18B44202D1601BBDE8F081384627
:109F2000C047031EF8DB04F8013BF3E70000000024
:109F300000230A6802604A68C1E9003342608A6807
:109F40008B6082607047000010B50446006808B15D
:109F5000014B9847204610BD0000000010B5044694
:109F6000006808B1034B98470023C4E9013323601C
:109F700010BD00BF0000000038B504460D46006863
:109F8000034B0131984710B1C4E90005012038BDE9
:109F90000000000010B50368044613B143688B420B
:109FA00007D22046044B984720B1A3680BB922681A
:109FB0001370012010BD00BF0000000070B50B4BF6
:109FC0000E46114604461546984720B92046084BD0
:109FD0009847204670BD2A463146064B2068A5604A
:109FE000984700212268A368D154F2E700000000DE
:109FF000000000000000000038B5002304460D46B4
:10A00000C0E90033836039B10846044B98472946BC
:10A010000246034B20469847204638BD000000000A
:10A0200000000000884238B505460C460CD0074BAE
:10A030000068984723682B60A368AB6063686B6017
:10A040000023C4E90133236038BD00BF00000000D5
:10A05000884210B50B46044604D0096821B19A68BD
:10A06000034B9847204610BD024B9847FAE700BFC4
:10A070000000000000000000002310B50446C0E905
:10A0800000338360014B9847204610BD000000005C
:10A0900010B50446014B9847204610BD0000000053
:10A0A00038B505460C4649B10846064B9847214647
:10A0B0000246054B28469847284638BD034B98472B
:10A0C000FAE700BF000000000000000000000000F0
:10A0D00010B5002304468AB0C4E90033A3600846E3
:10A0E000044B01A998472046034B01A998472046F5
:10A0F0000AB010BD000000000000000010B50023F1
:10A1000004468AB0C4E90033A3600846044B01A9A1
:10A1100098472046034B01A9984720460AB010BD36
:10A120000000000000000000F8B5044616460F4687
:10A13000856809B90020F8BD82B115442946084B4D
:10A1400098470028F6D0A36820683246184439465C
:10A15000044B984700222368A5605A550120EAE77E
:10A1600000000000000000008A68014B09681847E1
:10A170000000000070B5064B054608460C4698479F
:10A1800021460246034B2846BDE87040184700BFF1
:10A19000000000000000000009B1024B184708460B
:10A1A000704700BF0000000007B5054B8DF8071091
:10A1B00001220DF10701984703B05DF804FB00BFD1
:10A1C0000000000013B504460A220846044B01A90A
:10A1D00098472046034B01A9984702B010BD00BF25
:10A1E000000000000000000010B5044621B9204620
:10A1F000044B9847204610BD034B98470028F6D0E3
:10A20000F8E700BF000000000000000003460068FF
:10A210000A46096828B911B1936843B91946084636
:10A22000704739B999680029F9D00178F7E70978BA
:10A230004942F4E7004B18470000000008B5826867
:10A240008B689A4205D1044B9847B0FA80F04009D8
:10A2500008BD0020FCE700BF0000000008B58268D0
:10A260002AB959B10878B0FA80F0400908BD0068F1
:10A2700009B90078F7E7024B9847F4E70120F5E7C2
:10A2800000000000F0B503468BB0084661B3911E94
:10A29000222935D80A2A06D1002B04DA01275B428D
:10A2A00001AD29460DE00027FAE7B3FBF2F602FB09
:10A2B0001633092BDCB21BD83033DBB201F8013B7B
:10A2C0003346002BF1D1A94210D0034617B12D22FD
:10A2D00003F8012B1C460A46AA420CD84A1B8D42A1
:10A2E00088BF0022002199540BB0F0BD1E46E3E761
:10A2F00004F15703E1E712F8016D04F8016BEBE795
:10A300000020F1E7004B18470000000070B503463D
:10A310008AB0084689B1911E222927D801AD294665
:10A320006BB9A94218D002460B46AB4219D84B1B59
:10A330008D4288BF00230022C2540AB070BDB3FB17
:10A34000F2F602FB1633092BDCB207D83033DBB24E
:10A3500001F8013B3346E3E71E46F7E704F15703F4
:10A36000F5E713F8014D02F8014BDEE70020E4E7C2
:10A37000004B184700000000004B18470000000089
:10A38000004B184700000000004B18470000000079
:10A39000004B184700000000004B18470000000069
:10A3A000004B184700000000004B18470000000059
:10A3B000004B184700000000004B18470000000049
:10A3C000004B184700000000004B18470000000039
:10A3D00040F2000CC0F2000C604740F2000CC0F2EA
:10A3E000000C604740F2000CC0F2000C604740F2E5
:10A3F000000CC0F2000C604740F2000CC0F2000CF0
:10A40000604740F2000CC0F2000C604740F2000CC4
:10A41000C0F2000C604740F2000CC0F2000C604734
:10A4200040F2000CC0F2000C60470000004B1847DF
:10A430000000000008B5014B984700BF0000000075
:10A440007047000038B5054B9847054B9847054BBA
:10A450009847054D054CA847A047FCE700000000C1
:10A4600000000000000000000000000000000000EC
:10A47000012838BF0120014B184700BF0000000031
:10A48000004B18470000000008467047004B184773
:10A49000000000002DE9F04F154C164E164FDFF866
:10A4A0005C8089B02546B54204F1300402D309B07E
:10A4B000BDE8F08F14ED027B54E90C0154E90A2346
:10A4C00054E908CE54E9069A54F810BC8DED067B89
:10A4D000CDE903ABCDE901E9CDF800C0B84754F8A8
:10A4E000300C54F80C1CC04754F8303C5D65D9E77B
:10A4F000000000000000000000000000000000005C
:10A500001F28A8BF1F200128B8BF0120014B1860D9
:10A51000704700BF3C0000001F28A8BF1F20012873
:10A52000B8BF0120014B1860704700BF3800000021
:10A53000F0B587B004461422314B002101A898479A
:10A5400002230E2C0DEB03020493039243D00F2C35
:10A5500043D0102C06D0112C41D0122C41D0132CFA
:10A5600047D10523274C1A0104EB03118E7B102ED3
:10A5700042D8A558002211469A424FEA021732D11A
:10A580002846214B9847AB68B91D28461B682144D3
:10A59000984700281DDB01233C4422798DF8146084
:10A5A00093400293E37B8DF81530AB6828465B68D7
:10A5B00001A9984700280CDB144B9DF814201B6858
:10A5C000BDF802009A4204D0CBBFD21A9B1A1041A8
:10A5D000984007B0F0BD0023C4E70123C2E703237E
:10A5E000C0E70423BEE7E0590132854208BF0131CC
:10A5F000C2E76FF01500ECE76FF08500E9E700BFF8
:10A6000000000000140000000000000038000000FE
:10A61000034670B40C46DA88006819792243012495
:10A6200005698C402B6812F0010F866814BF234324
:10A63000A3432B60336870BC18470000452813D82B
:10A64000032911D8DFE801F0020D090B4FF4803126
:10A65000064B03EBC000064B18470649F8E70649CE
:10A66000F6E74FF4C021F3E7704700BFFC0000009D
:10A6700000000000100001002000010045280346F2
:10A680000A4615D80B4951F8300001EBC3010123EC
:10A69000097903FA01F103691B68194203D022B159
:10A6A00083681B6903E0002AFAD08368DB681847D7
:10A6B000704700BFFC0000004528034637B518D896
:10A6C0000D4A52F8300002EBC30214790569836821
:10A6D00001A95B68984720B1431E5842584103B016
:10A6E00030BD01202A68019B00FA04F45340234244
:10A6F000F5D10020F3E700BFFC000000004B184735
:10A700000000000010B5044CA047A047A022002381
:10A71000024CA04710BD00BF000000000000000078
:10A7200010B5034B9847034C0A220023A04710BDE5
:10A7300000000000000000002DE9F341056A044616
:10A74000002D3AD12A4B2046984730B9294B204654
:10A75000984710B110F1780F2CD10023264A52F8F7
:10A76000330002EBC30184422DD1486878BB00203E
:10A7700020E0013335F81320024492B28A42F8D91E
:10A7800024221E4F1E4E05EB4308F61BB6FBF2F6C5
:10A79000A845D7D035F9023B002BF9DD9E42F7D30F
:10A7A000013B1BB203EBC30307EB8300FFF7C4FFBE
:10A7B0000028EDDA02B0BDE8F081002347F6FF7013
:10A7C0004FF6FD71D6E70133112BC8D1CFE7002139
:10A7D0000C4B01AA9847002807DB019B002219793E
:10A7E0001868094B98470028C1DA831CBFD0E1E7FD
:10A7F00000000000000000007400000000000000E5
:10A8000000000000000000000000000037B50D4609
:10A81000044650B3184B9847D8B10023174A52F852
:10A82000330002EBC30184421AD14868B0B102215F
:10A83000134B01AA9847002810DB019B1A79AA4202
:10A8400016D91868002201210E4B00EBC50098476D
:10A8500004E00D4B204698470028DEDA03B030BDF7
:10A860000133112BDBD10020F8E76FF01500F5E77D
:10A870006FF02100F2E700BF00000000740000004C
:10A8800000000000000000000000000008B1024BC2
:10A8900018476FF015007047000000008368DB69FF
:10A8A00003B118477047036840F213421B6A184708
:10A8B00007B503688DF8071001225B680DF10701E9
:10A8C000984703B05DF804FB01207047004B184720
:10A8D00000000000004908470000000037B50446AA
:10A8E00000F1D4054FF0FF324FF0FF3328460A49FC
:10A8F00088470A4B04F1800001220DF107019847B7
:10A900000446074B284698471CB19DF8070003B042
:10A9100030BD4FF0FF30FAE70000000000000000FB
:10A920000000000037B5044600F1D4054FF0FF32B7
:10A930004FF0FF3328460A4988470A4B04F180004C
:10A9400001220DF1070198470446074B2846984716
:10A950001CB19DF8070003B030BD4FF0FF30FAE79F
:10A9600000000000000000000000000038B50446B0
:10A9700000F16805284608494FF0FF324FF0FF33D9
:10A980008847228C238B646A9B1A9BB22846E41A60
:10A99000024B9847204638BD000000000000000030
:10A9A00070B5054600F1D4064FF0FF323046074936
:10A9B0004FF0FF338847B5F88A30B5F88640304607
:10A9C000E41AA4B2024B9847204670BD0000000074
:10A9D00000000000002337B58DF8073002F00F03A8
:10A9E000012B0446009146D0991E4B424B418DF8F5
:10A9F000043002F0F003202B3FD0302B0CBF032398
:10AA0000012302F47062B2F5007F8DF8053036D074
:10AA1000B2F5407F35D0B2F5807F0CBF0023032311
:10AA20008DF806302069184B984720698368DB68E9
:10AA30000BB1694698472069836823B19B6C13B1B9
:10AA400022461249984704F1D4054FF0FF322846B8
:10AA50000F494FF0FF33884700232846C4E92133CC
:10AA6000C4F88C300B4B9847206983689B6A03B10C
:10AA7000984703B030BD0223B9E70223C1E70123A1
:10AA8000CEE70223CCE700BF00000000000000007A
:10AA900000000000000000000069014B184700BFE3
:10AAA0000000000038B50446084D628BE38B9A42E3
:10AAB00007D1064D206983681B6B0BB1984710B115
:10AAC00038BDA847F1E7A847F4E700BF0000000041
:10AAD0002DE9F84F0446884615460026DFF85890C1
:10AAE000DFF858B004F168074FF0FF324FF0FF3342
:10AAF0003846C847AA1B08EB06010C4B04F11400AA
:10AB0000984782463846D8475644BAF1000F04D1D8
:10AB10002069074B9847074B9847B542E2D1206917
:10AB2000034B98472846BDE8F88F00BF000000009F
:10AB30000000000000000000000000000000000015
:10AB40002DE9F3470446006983685B6C43BB04F15D
:10AB5000D4060022002330462F4DA8472F4F2069EE
:10AB600083685B6B13BB206983689B6913BB3046AA
:10AB700004F168072A4EB047002200233846A84750
:10AB8000628BE38B9A4204D1206983681B6A03B10C
:10AB90009847DFF89090DFF890A004F114081BE0CC
:10ABA00098470028D3D102B0BDE8F0879847002825
:10ABB000D9D1DCE7082269469847021ED7DD082A6A
:10ABC000A8BF0822694604F18000B8470028C6DA09
:10ABD000CDE769464046D047206983685B6ABBB9C8
:10ABE000658BE38BED1AADB27DB1082D28BF08252A
:10ABF00069462A464046C847206983685B6923B195
:10AC00002A4669469847021EE3DA3846B047CAE743
:10AC100098470028E4D1F8E7000000000000000099
:10AC20000000000000000000000000000846014B8A
:10AC3000184700BF0000000010B504460122074B72
:10AC400011465430984704F1140323600023C4E9EB
:10AC50000133E36040232361204610BD0000000063
:10AC60002DE9F0414FF000084FF47A77134D144E60
:10AC7000144B154C05F114002B61C5E901872E60BA
:10AC8000A04705F18000114DA047114B05F11400BC
:10AC90002B61C5E901872E60A04705F180000D4DAD
:10ACA000A0470D4B05F11400C5E901872E602B610B
:10ACB000A04705F18000A047BDE8F081000000003A
:10ACC000080000000000000000000000000000007C
:10ACD00000000000000000000000000008B5FFF7C1
:0EACE000FEFF08B5FFF7FEFF08B5FFF7FEFF09
:10000000AE0B0000B30B0000BA0B0000C40B0000E5
:10001000CC0B00000000000009010904FF3F0900AB
:1000200000000E00000000000A010904FF3F0A0062
:1000300000000E00000000000B010904FF3F0B0050
:1000400000000E00000000000C010904FF3F0C003E
:1000500000000E000000000002010904FF3F020042
:1000600000000E000000000001010904FF3F010034
:1000700000000E00000000005C0400000000000012
:1000800054040000000000006404000000000000B0
:100090006C04000000000000740400000000000078
:1000A00034040000000000003C04000000000000D8
:1000B00044040000000000009C0400000000000058
:1000C0007C04000000000000840400000000000028
:1000D0008C040000000000009404000000000000F8
:1000E000A4040000000000002C0400000000000038
:1000F0004C040000000000000000000000000000B0
:1001000007000000000000000600000000000000E2
:1001100003000000000000000000000000000000DC
:100120000C000000000000000B00000000000000B8
:1001300001000000000000000200000000000000BC
:1001400004000000000000000800000000000000A3
:1001500009000000000000000F0000000000000087
:100160000E000000000000000D0000000000000074
:100170000400000000000000050000000000000076
:100180000600000000000000070000000000000062
:10019000010000000000000000000000000000005E
:1001A0000B000000000000000A000000000000003A
:1001B000020000000000000003000000000000003A
:1001C0000100000000000000060000000000000028
:1001D0000200000000000000070000000000000016
:1001E0000200000000000000080000000000000005
:1001F00003000000000000000900000000000000F3
:1002000005000000000000000400000000000000E5
:1002100006000000000000000400000000000000D4
:1002200007000000000000000600000000000000C1
:1002300008000000000000000700000000000000AF
:100240000E00000000000000090000000000000097
:100250000F0000000000000005000000000000008A
:100260000300000000000000080000000000000083
:100270000000000000000000080000000000000076
:1002800001000000000000000A0000000000000063
:100290000A000000000000000B0000000000000049
:1002A0000C000000000000000D0000000000000035
:1002B0000E000000000000000F0000000000000021
:1002C000000000000000000001000000000000002D
:1002D0000200000000000000030000000000000019
:1002E0000400000000000000050000000000000005
:1002F00006000000000000000700000000000000F1
:1003000008000000000000000900000000000000DC
:100310000A000000000000000D00000000000000C6
:10032000020000000000000003000000C4080000FC
:10033000000000008409000000010000AC0900007A
:1003400006020000C408000002000000D4080000FB
:1003500002000000E4080000020000008409000020
:1003600002010000F408000002000000040900007F
:10037000020000001409000002000000240900002F
:10038000040000004409000004000000940900007B
:10039000030100006409000004000000840900005B
:1003A00000000000AC09000000010000DC090000B2
:1003B00003020000F409000000000000F40900003E
:1003C00000010000F409000003020000F40900002D
:1003D00000000000F4090000000100000C0A000009
:1003E00002020000F409000000000000F40900000F
:1003F000000100001C0A000003020000F4090000D4
:1004000000000000F409000000010000340A0000B0
:1004100004020000F409000000000000F4090000DC
:1004200000010000540A0000010200002C0300003B
:100430000300000044030000010000004C03000022
:1004400001000000540300000200000064030000EB
:10045000010000006C0300000100000074030000B4
:10046000010000007C030000010000008403000084
:100470000200000094030000010000009C03000043
:1004800003000000B403000003000000CC030000E0
:1004900003000000E403000003000000FC03000070
:1004A000030000001404000003000000000000002E
:1004B000000000000000000000000000000000003C
:1004C000000000000000000000000000000000002C
:1004D000000000000000000000000000000000001C
:1004E000000000000000000000000000000000000C
:1004F00000000000000000000000000000000000FC
:1005000000000000000000000000000000000000EB
:1005100000000000000000000000000000000000DB
:1005200000000000000000000000000000000000CB
:1005300000000000000000000000000000000000BB
:1005400000000000000000000000000000000000AB
:10055000000000000000000000000000000000009B
:10056000000000000000000000000000000000008B
:10057000000000000000000000000000000000007B
:10058000000000000000000000000000000000006B
:10059000000000000000000000000000000000005B
:0C05A0000000000000000000000000004F
:1005AC00636D6400242F72656769737465720067EC
:1005BC006574004C4F4720425249444745205245F0
:1005CC00414459006E616E002D696E6600696E665D
:1005DC0000006573746F70206C61746368656400EF
:1005EC006E6F7420736166650070776D20616C723C
:1005FC006561647920656E61626C65640072756E0C
:10060C006C696D69742072657175697265640062DC
:10061C006C756570696C6C206C696E6B206E6F7498
:10062C0020726561647900626C756570696C6C2010
:10063C0070776D2061637469766500626C756570A6
:10064C00696C6C20756E7361666500626C756570A3
:10065C00696C6C2062616420636F756E74657200E6
:10066C00626C756570696C6C206C696E6B20737450
:10067C00616C65004F46460030004F4E0031004C17
:10068C004F4720434D44200053544152540045528F
:10069C0052200053544F5000434C45415200524598
:1006AC00534554004D4F444500445554590044495A
:1006BC004147005345542046524551005345542060
:1006CC005646424F4F5354005345542056465241C0
:1006DC0054494F005345542052554E4C494D4954A2
:1006EC0000444953504C41592054455354004553F0
:1006FC00544F5000504643005052454348415247D6
:10070C00450052454C41590046414E0050574D0052
:10071C004D43464F43004250464F430053434F50C6
:10072C0045004C4F472053434F50452049474E4FAF
:10073C0052454420284558542050574D29004C4FC1
:10074C00472053434F5045204F46460050574D5479
:10075C00455354004C4F472050574D54455354204B
:10076C0049474E4F52454420284558542050574D28
:10077C0029004C4F472050574D54455354204F4659
:10078C004600494F54455354004252414B45004793
:10079C004554005354415455530045525220756EE4
:1007AC006B6E6F776E20636D64004F4B00554E4B34
:1007BC004E4F574E00564600464F43004D4943009E
:1007CC004441544120667265713D0020737065652B
:1007DC00643D002069613D002069623D0020696331
:1007EC003D00207664633D002073746174653D00A8
:1007FC00206D6F64653D002070776D3D002069644D
:10080C003D002069713D002069726D3D00206D69CD
:10081C00633D002069647265663D002073617665F6
:10082C003D002066726571636D643D0020657374D4
:10083C006F703D0020696F746573743D00206E7499
:10084C00633D3000207066633D0020707265636804
:10085C00617267653D00206272616B653D002062CC
:10086C0072616B655F647574793D002066616E5FC3
:10087C00647574793D002062705F66616E5F6475AB
:10088C0074793D002062705F66616E5F72706D3DC1
:10089C000020646961673D0020647574793D002017
:1008AC00656E635F7261773D0020656E635F6F6B91
:1008BC003D0020656E635F6465673D0020656E6377
:1008CC005F72706D3D0020656E635F6D6563685F80
:1008DC00687A3D0020656E635F656C65635F687A5E
:1008EC003D00206D69635F67617465643D00206D38
:1008FC0069635F656E61626C655F61693D00206D67
:10090C0069635F656E635F757365643D00206D6937
:10091C00635F666D6561733D00206D69635F66653D
:10092C0072723D00206D69635F66746F6C3D0020D0
:10093C006D69635F6C666C6167733D00206D696304
:10094C005F73666C6167733D002062705F676F6FE9
:10095C00643D002062705F6261643D002062705FE4
:10096C006167655F6D733D002062705F73746174C5
:10097C0075733D002062705F6661756C743D00207C
:10098C0062705F6D6F64653D002062705F636D64C3
:10099C005F6D6F64653D002062705F666F635F62C0
:1009AC0061636B656E643D002062705F7365713DC1
:1009BC00002062705F676F6F645F636E743D002030
:1009CC0062705F6261645F636E743D002062705F91
:1009DC006578743D002062705F6272616B655F6464
:1009EC007574793D002062705F766275735F726119
:1009FC00773D002062705F7664633D002062705F1B
:100A0C00766275735F6167655F6D733D0020627020
:100A1C005F74656D705F7261773D002062705F740A
:100A2C00656D705F763D002062705F74656D705F00
:100A3C00633D002062705F74656D705F666C61670A
:100A4C00733D002062705F74656D705F76616C69D8
:100A5C00643D002062705F74656D705F6661756CDB
:100A6C00743D002062705F74656D705F6167655FD7
:100A7C006D733D002062705F70686173655F615FCC
:100A8C007261773D002062705F70686173655F62B0
:100A9C005F7261773D002062705F70686173655FA3
:100AAC00635F7261773D002062705F70686173658F
:100ABC005F615F763D002062705F70686173655F97
:100ACC00625F763D002062705F70686173655F6382
:100ADC005F763D002062705F70686173655F666C65
:100AEC006167733D002062705F6D6373646B5F744C
:100AFC00656C656D657472793D002062705F76621D
:100B0C0075735F76616C69643D002062705F736F12
:100B1C00667473746172745F72656164793D0020F0
:100B2C0062705F66775F6275696C643D002062700D
:100B3C005F7072656368617267655F6D616E616736
:100B4C0065643D30002062705F70686173655F762C
:100B5C00616C69643D002062705F70686173655FF1
:100B6C00635F7669727475616C3D002062705F70B2
:100B7C00686173655F6167655F6D733D00206270CE
:100B8C005F7273705F6167655F6D733D00206270AB
:100B9C005F70696E675F70616972733D002062708F
:100BAC005F70696E675F6167655F6D733D0020669E
:100BBC00775F6275696C643D00207270635F73636C
:100BCC0068656D613D00206D635F636170733D000E
:100BDC00206D61747269785F746573743D000705EC
:100BEC0005050702060202070701070407070107AC
:100BFC00010705050701010704070107070407059D
:100C0C000707010202020705070507070507010789
:100C1C00556E657870656374656420726573706F6A
:100C2C006E7365207479706500556E6578706563B8
:100C3C007465642052504320726573706F6E7365D7
:100C4C002073697A6500526573756C74206E6F74CD
:100C5C00207061727361626C652028636865636BD8
:100C6C0020747970652900525043204572726F725E
:100C7C00206E6F74207061727361626C65202863E2
:100C8C006865636B20747970652900556E657870A2
:100C9C00656374656420726573706F6E7365207420
:100CAC0079706500556E6578706563746564205263
:100CBC00504320726573706F6E73652073697A652B
:100CCC0000526573756C74206E6F74207061727352
:100CDC0061626C652028636865636B20747970654C
:100CEC002900525043204572726F72206E6F74202F
:100CFC007061727361626C652028636865636B2038
:100D0C007479706529005F5F736166655F5F004D84
:100D1C004355207374617274696E6720525043207E
:100D2C0042726964676520636F6D6D756E6963618E
:100D3C0074696F6E0062726964676500242F726556
:100D4C0073657400242F7365744D61784D7367530C
:100D5C00697A65006D6F6E2F72656164006D6F6EE0
:100D6C002F636F6E6E656374656400242F766572F5
:100D7C0073696F6E006D6F6E2F77726974650054B6
:100D8C006869732063616C6C206973206E6F7420CA
:100D9C007965742065786563757465640054686959
:100DAC00732063616C6C206973206E6F206C6F6EA6
:100DBC0067657220617661696C61626C6500556E65
:100DCC0073657269616C697A61626C6520706172BD
:100DDC00616D657465727320617272617900546F14
:100DEC006F206D616E7920706172616D65746572D2
:100DFC0073004D697373696E672063616C6C20704E
:100E0C006172616D657465727320285741524E4949
:100E1C004E473A2044656661756C7420706172614E
:100E2C006D207265736F6C7574696F6E20697320B9
:100E3C006E6F7420696D706C656D656E7465642978
:100E4C000057726F6E6720747970652070617261E3
:100E5C006D6574657220696E20706F736974696F4B
:100E6C006E3A2000440300004002000064030000BE
:100E7C0040020000040400004002000024040000B2
:100E8C00400200008407000040020000A40700009C
:100E9C004002000069010000000000008901000010
:100EAC000000000047030000000200006703000080
:100EBC0000020000C702000000020000E702000070
:100ECC0000020000E80C000000020000080D000009
:100EDC0000020000C80C000000000000A80C00007C
:100EEC0000020000A503000080050000C5030000FF
:100EFC0000040000E50300000004000025030000CE
:100F0C0000020000260D000080050000460D0000C8
:100F1C0000040000A602000000040000860D000082
:100F2C0000020000C40B000040020000E40B0000B3
:100F3C00400200002506000080050000450400006A
:100F4C000004000065040000000400009000000094
:100F5C0000000000B000000000000000D000000005
:100F6C0000000000F0000000000000003004000051
:100F7C0000000000100400000000000061020000EE
:100F8C0000000000410300000000000061030000AD
:100F9C00000000000202000000000000220200001D
:100FAC0000000000820200000000000002030000AC
:100FBC00000000002203000000000000420F0000AF
:100FCC0000000000620F000000000000820F000013
:100FDC00000000006101000000000000E1030000BF
:100FEC0000000000A103000000000000C10300008D
:100FFC000000000043020000000000005468697308
:10100C002063616C6C206973206E6F206C6F6E674F
:10101C00657220617661696C61626C650054686907
:10102C00732063616C6C206973206E6F742079651A
:10103C0074206578656375746564000D0A007665C7
:10104C0063746F723A3A7265736572766500766591
:10105C0063746F723A3A5F4D5F72616E67655F6978
:10106C006E736572740000766563746F723A3A5FE2
:10107C004D5F7265616C6C6F635F696E73657274E2
:10108C0000766563746F723A3A5F4D5F7265616C9E
:10109C006C6F635F696E736572740000FFFFFFFF16
:1010AC00FFFFFFFFFFFFFFFFFFFFFFFF0000000040
:1010BC000000000000000000000000000000000024
:1010CC000000A040000020410000A0410000F041C1
:1010DC000000204200004842CDCC0C3FCDCC0C3F50
:1010EC00B81E053F0000003F0000003F0000003F1D
:1010FC000000003F0000803F0000803F3333733F0F
:10110C00AE47613F85EB513F14AE473F0000403F77
:10111C004C4F4720425554544F4E00455252205389
:10112C005441525420005354415420004641554CD4
:10113C005420004C4F472050574D20004C4F472017
:10114C004D494320004C4F4720424F4F54005341D0
:10115C0046450056465F52554E00464F435F414C44
:10116C0049474E00464F435F52554E004641554C41
:10117C00540053797374656D204865617020656EF9
:10118C00643A2025700A0053797374656D204865A4
:10119C0061702073746172743A2025700A00536B6D
:1011AC006574636820486561702073746172743A69
:1011BC002025702C2073697A652025700A006D61DA
:0311CC00696E0049
:10ACF00000002041000400000000803F9A99193FA5
:10AD0000CDCCCC3ECDCC4C3E000800000000004530
:10AD100000000045000000450000C0410000003F69
:10AD2000000040410000C0410A000000080000008F
:08C5B4001E0C00000000000055
:10C5BC00000000000000000000000000000000006F
:0CC5CC0000000000000000000000000063
:040000030000A44510
:00000001FF
