:020000040800F2
:1000000000800020BD0E00080D0F0008E937000831
:100010000D0F00080D0F00080D0F00080000000074
:100020000000000000000000000000000D0F0008AC
:100030000D0F0008000000000D0F0008F137000848
:100040000D0F00080D0F00080D0F00080D0F000820
:100050000D0F00080D0F00080D0F00080D0F000810
:100060000D0F00080D0F00080D0F00080D0F000800
:100070000D0F00080D0F00080D0F00080D0F0008F0
:100080000D0F000800000000713600080D0F000879
:100090000D0F00080D0F00080D0F00080D0F0008D0
:1000A0008D3600087D3600080D0F00080D0F000882
:1000B0000D0F00080D0F00080D0F00080D0F0008B0
:1000C0000D0F00080D0F00080D0F00080D0F0008A0
:1000D0000D0F00080D0F0008C93600080D0F0008AD
:1000E000353800080D0F00080D0F00080D0F00082F
:1000F0000D0F00080D0F00080D0F00080000000094
:10010000000000000D0F0008000000000D0F0008A7
:100110000D0F0008000000000D0F00080D0F000873
:100120000D0F00080D0F00080D0F00080D0F00083F
:100130000D0F000800000000000000000D0F000877
:100140000D0F00080D0F0008000000000000000067
:10015000000000000000000000000000000000009F
:100160000000000000000000000000000D0F00086B
:100170000D0F00080000000000000000000000005B
:10018000000000000D0F000800000000000000004B
:10019000000000000000000000000000000000005F
:1001A00000000000000000000D0F00080D0F000807
:1001B0000D0F00080D0F00080D0F000800000000D3
:1001C000000000000D0F000800000000000000000B
:0801D0000D0F00080D0F0008DF
:1001D80010B5054C237833B9044B13B10448AFF379
:1001E80000800123237010BD980300200000000048
:1001F800308E000808B5034B1BB103490348AFF321
:10020800008008BD000000009C030020308E00081C
:1002180081F0004102E000BF83F0004330B54FEAAF
:1002280041044FEA430594EA050F08BF90EA020F1C
:100238001FBF54EA000C55EA020C7FEA645C7FEAAF
:10024800655C00F0E2804FEA5454D4EB5555B8BFD2
:100258006D420CDD2C4480EA020281EA030382EA43
:10026800000083EA010180EA020281EA0303362DD5
:1002780088BF30BD11F0004F4FEA01314FF4801CA8
:100288004CEA113102D0404261EB410113F0004FBA
:100298004FEA03334CEA133302D0524263EB430371
:1002A80094EA050F00F0A780A4F10104D5F1200E0F
:1002B8000DDB02FA0EFC22FA05F2801841F100016A
:1002C80003FA0EF2801843FA05F359410EE0A5F13E
:1002D80020050EF1200E012A03FA0EFC28BF4CF06F
:1002E800020C43FA05F3C01851EBE37101F0004525
:1002F80007D54FF0000EDCF1000C7EEB00006EEB32
:100308000101B1F5801F1BD3B1F5001F0CD34908BB
:100318005FEA30004FEA3C0C04F101044FEA445212
:1003280012F5800F80F09A80BCF1004F08BF5FEA99
:10033800500C50F1000041EB045141EA050130BD79
:100348005FEA4C0C404141EB0101013C28BFB1F58B
:10035800801FE9D291F0000F04BF01460020B1FAD6
:1003680081F308BF2033A3F10B03B3F120020CDAA9
:100378000C3208DD02F1140CC2F10C0201FA0CF087
:1003880021FA02F10CE002F11402D8BFC2F1200CEC
:1003980001FA02F120FA0CFCDCBF41EA0C019040A2
:1003A800E41AA2BF01EB0451294330BD6FEA0404EB
:1003B8001F3C1CDA0C340EDC04F11404C4F12002D6
:1003C80020FA04F001FA02F340EA030021FA04F3E8
:1003D80045EA030130BDC4F10C04C4F1200220FA3F
:1003E80002F001FA04F340EA0300294630BD21FA7D
:1003F80004F0294630BD94F0000F83F4801306BF43
:1004080081F480110134013D4EE77FEA645C18BF36
:100418007FEA655C29D094EA050F08BF90EA020FCD
:1004280005D054EA000C04BF1946104630BD91EAC5
:10043800030F1EBF0021002030BD5FEA545C05D1C8
:100448004000494128BF41F0004130BD14F5800407
:100458003CBF01F5801130BD01F0004545F0FE417B
:1004680041F470014FF0000030BD7FEA645C1ABFB0
:10047800194610467FEA655C1CBF0B46024650EAE7
:10048800013406BF52EA033591EA030F41F4002113
:1004980030BD00BF90F0000F04BF0021704730B599
:1004A8004FF4806404F132044FF000054FF000016E
:1004B80050E700BF90F0000F04BF0021704730B52F
:1004C8004FF4806404F1320410F0004548BF404204
:1004D8004FF000013EE700BF42004FEAE2014FEA59
:1004E80031014FEA02701FBF12F07F4393F07F4F34
:1004F80081F06051704732F07F4208BF704793F037
:100508007F4F04BF41F40021704730B54FF4607449
:1005180001F0004521F000411CE700BF50EA01024C
:1005280008BF704730B54FF000050AE050EA0102F5
:1005380008BF704730B511F0004502D5404261EB65
:1005480041014FF4806404F132045FEA915C3FF4A6
:10055800D8AE4FF003025FEADC0C18BF03325FEA43
:10056800DC0C18BF033202EBDC02C2F1200300FAF4
:1005780003FC20FA02F001FA03FE40EA0E0021FA19
:1005880002F11444BDE600BF70B54FF0FF0C4CF407
:10059800E06C1CEA11541DBF1CEA135594EA0C0FB9
:1005A80095EA0C0F00F0DEF82C4481EA030621EAF4
:1005B8004C5123EA4C5350EA013518BF52EA03352F
:1005C80041F4801143F4801338D0A0FB02CE4FF0E1
:1005D8000005E1FB02E506F00042E0FB03E54FF011
:1005E8000006E1FB03569CF0000F18BF4EF0010E09
:1005F800A4F1FF04B6F5007F64F5407404D25FEA05
:100608004E0E6D4146EB060642EAC62141EA5551B7
:100618004FEAC52040EA5E504FEACE2EB4F1FD0CF9
:1006280088BFBCF5E06F1ED8BEF1004F08BF5FEA77
:10063800500E50F1000041EB045170BD06F0004629
:1006480046EA010140EA020081EA0301B4EB5C04D6
:10065800C2BFD4EB0C0541EA045170BD41F48011CE
:100668004FF0000E013C00F3AB8014F1360FDEBFF3
:10067800002001F0004170BDC4F10004203C35DACF
:100688000C341BDC04F11404C4F1200500FA05F352
:1006980020FA04F001FA05F240EA020001F00042F3
:1006A80021F0004110EBD37021FA04F642EB060169
:1006B8005EEA430E08BF20EAD37070BDC4F10C0493
:1006C800C4F1200500FA04F320FA05F001FA04F257
:1006D80040EA020001F0004110EBD37041F1000143
:1006E8005EEA430E08BF20EAD37070BDC4F120054E
:1006F80000FA05F24EEA020E20FA04F301FA05F2B6
:1007080043EA020321FA04F001F0004121FA04F25D
:1007180020EA020000EBD3705EEA430E08BF20EA2D
:10072800D37070BD94F0000F0FD101F00046400067
:1007380041EB010111F4801F08BF013CF7D041EAE9
:10074800060195F0000F18BF704703F000465200ED
:1007580043EB030313F4801F08BF013DF7D043EABE
:100768000603704794EA0C0F0CEA135518BF95EA74
:100778000C0F0CD050EA410618BF52EA4306D1D1FB
:1007880081EA030101F000414FF0000070BD50EA1A
:10079800410606BF1046194652EA430619D094EAA4
:1007A8000C0F02D150EA013613D195EA0C0F05D18E
:1007B80052EA03361CBF104619460AD181EA0301E2
:1007C80001F0004141F0FE4141F470014FF000009A
:1007D80070BD41F0FE4141F4780170BD70B54FF035
:1007E800FF0C4CF4E06C1CEA11541DBF1CEA1355B5
:1007F80094EA0C0F95EA0C0F00F0A7F8A4EB050497
:1008080081EA030E52EA03354FEA013100F088808D
:100818004FEA03334FF0805545EA131343EA126356
:100828004FEA022245EA111545EA10654FEA00260B
:100838000EF000419D4208BF964244F1FD0404F5C4
:10084800407402D25B084FEA3202B61A65EB030520
:100858005B084FEA32024FF480104FF4002CB6EBDD
:10086800020E75EB030E22BFB61A754640EA0C005D
:100878005B084FEA3202B6EB020E75EB030E22BF9D
:10088800B61A754640EA5C005B084FEA3202B6EBDE
:10089800020E75EB030E22BFB61A754640EA9C009D
:1008A8005B084FEA3202B6EB020E75EB030E22BF6D
:1008B800B61A754640EADC0055EA060E18D04FEA2B
:1008C800051545EA16754FEA06164FEAC30343EACB
:1008D80052734FEAC2025FEA1C1CC0D111F4801F98
:1008E8000BD141EA00014FF000004FF0004CB6E791
:1008F80011F4801F04BF01430020B4F1FD0C88BF30
:10090800BCF5E06F3FF6AFAEB5EB030C04BFB6EB3A
:10091800020C5FEA500C50F1000041EB045170BD2D
:100928000EF0004E4EEA113114EB5C04C2BFD4EB5A
:100938000C0541EA045170BD41F480114FF0000EDE
:10094800013C90E645EA060E8DE60CEA135594EA5A
:100958000C0F08BF95EA0C0F3FF43BAF94EA0C0F5D
:100968000AD150EA01347FF434AF95EA0C0F7FF4D2
:1009780025AF104619462CE795EA0C0F06D152EA26
:1009880003353FF4FDAE1046194622E750EA41060A
:1009980018BF52EA43067FF4C5AE50EA41047FF41B
:1009A8000DAF52EA43057FF4EBAE12E74FF0FF3C80
:1009B80006E000BF4FF0010C02E000BF4FF0010C51
:1009C8004DF804CD4FEA410C7FEA6C5C4FEA430CCA
:1009D80018BF7FEA6C5C1BD001B050EA410C0CBF19
:1009E80052EA430C91EA030F02BF90EA020F00207B
:1009F800704710F1000F91EA030F58BF994208BFE2
:100A080090422CBFD8176FEAE37040F0010070479E
:100A18004FEA410C7FEA6C5C02D150EA013C07D1F5
:100A28004FEA430C7FEA6C5CD6D152EA033CD3D040
:100A38005DF8040B704700BF8446104662468C463A
:100A48001946634600E000BF01B5FFF7B7FF00286D
:100A580048BF10F1000F01BD4DF808EDFFF7F4FF96
:100A68000CBF012000205DF808FB00BF4DF808ED21
:100A7800FFF7EAFF34BF012000205DF808FB00BF44
:100A88004DF808EDFFF7E0FF94BF012000205DF866
:100A980008FB00BF4DF808EDFFF7CEFF94BF01201B
:100AA80000205DF808FB00BF4DF808EDFFF7C4FF14
:100AB80034BF012000205DF808FB00BF4FEA410C5D
:100AC8007FEA6C5C02D150EA013C0AD14FEA430C40
:100AD8007FEA6C5C02D152EA033C02D14FF000007D
:100AE80070474FF0010070474FEA4102B2F1E0430E
:100AF80024BFB3F5001CDCF1FE5C0DD901F0004CFD
:100B08004FEAC0024CEA5070B2F1004F40EB83004C
:100B180008BF20F00100704711F0804F21D113F178
:100B28003872BCBF01F00040704741F480114FEAB1
:100B38005252C2F11802C2F1200C10FA0CF320FA3A
:100B480002F018BF40F001004FEAC1234FEAD32357
:100B580003FA0CFC40EA0C0023FA02F34FEA4303C1
:100B6800CCE77FEA625307D150EA01331EBF4FF04A
:100B7800FE4040F44000704701F0004040F0FE4065
:100B880040F40000704700BF53B94AB9002908BFB4
:100B980000281CBF4FF0FF314FF0FF3000F088B93C
:100BA800ADF1080C6DE904CE00F006F8DDF804E0BC
:100BB800DDE9022304B070472DE9F047089D0F4690
:100BC80004468C46002B48D18A42164661D9B2FAAF
:100BD80082F34BB1C3F1200201FA03FC20FA02F2BE
:100BE8009E4042EA0C0C9C404FEA164EB7B2BCFB42
:100BF800FEF1220C0EFB11CC42EA0C4201FB07F07D
:100C0800904209D9B21801F1FF3C80F0EE80904281
:100C180040F2EB8002393244121AA4B2B2FBFEF061
:100C28000EFB102244EA024400FB07F7A74209D949
:100C3800341900F1FF3280F0DA80A74240F2D78001
:100C48003444023840EA0140E41B00211DB1DC4075
:100C58000023C5E90043BDE8F0878B4206D90DB1F2
:100C6800C5E9000100210846BDE8F087B3FA83F121
:100C7800002948D1BB4202D3824200F20781841A7C
:100C880067EB030201209446002DE4D0C5E9004C2F
:100C9800E1E7002A00F09280B2FA82F3002B40F0DC
:100CA800A8808A1A4FEA164E1FFA86FC0121200CEA
:100CB800B2FBFEF70EFB172240EA02420CFB07F0DC
:100CC800904207D9B21807F1FF3802D2904200F2D9
:100CD800E2804746121AA4B2B2FBFEF00EFB1022C5
:100CE80044EA02440CFB00FCA44507D9341900F17E
:100CF800FF3202D2A44500F2CB801046A4EB0C04CC
:100D080040EA0740A2E7C1F120068B4022FA06FC20
:100D18004CEA030C07FA01F420FA06F3F7404FEA0D
:100D28001C49234300FA01F81FFA8CFEB7FBF9F0BF
:100D38001C0C09FB107744EA074400FB0EF7A74296
:100D480002FA01F20AD91CEB040400F1FF3A80F020
:100D58009B80A74240F2988002386444E41B9FB20B
:100D6800B4FBF9F309FB134447EA044403FB0EFE02
:100D7800A64509D91CEB040403F1FF3780F08280F3
:100D8800A6457FD9023B644443EA0040A4EB0E0425
:100D9800A0FB02E7BC427346B94663D360D05DB19D
:100DA800B8EB030264EB090404FA06F622FA01F32D
:100DB8001E43CC40C5E9006400214CE7620848089E
:100DC80042EAC1710B0C43EA00438AB242EA034289
:100DD800B3FBF6F1E407B4463746B6461F23B0FB2B
:100DE800F6F0D21B41EA004161E7614614E710467C
:100DF80028E7C3F1200120FA01F29E4027FA01F109
:100E08009F403A434FEA164E1FFA86FCB1FBFEF7A5
:100E18000EFB1710110C41EA004107FB0CF888453E
:100E280004FA03F43AD9711807F1FF3001D2884562
:100E38001FD8A1EB0801B1FBFEF808FB0CF70EFB6D
:100E4800181192B242EA0142BA422FD2B21808F1FE
:100E5800FF31C6D2BA42C4D2A8F102013244C0E777
:100E6800F0459CD2BEEB020367EB0C070138B9468C
:100E780095E7A6EB08084144B81EB1FBFEF808FB4D
:100E88000CF7DCE73B467FE7504667E70846FBE69A
:100E98003444023832E7023F32441BE7A1EB080131
:100EA8003846B1FBFEF808FB0CF7C8E7414698E75F
:100EB800704700BF0D48854603F096F90C480D4968
:100EC8000D4A002302E0D458C4500433C4188C429D
:100ED800F9D30A4A0A4C002301E013600432A24203
:100EE800FBD307F063FD00F02FFCFEE70080002035
:100EF800000000209403002020960008980300209A
:100F0800781A0020FEE7000070B50446C36C4069FB
:100F180098470023656DA4F8643084F860306069F0
:100F280004F11C012B460422BDE87040184700BF9D
:100F380010B40B780A7991F802C01E4CDB0143EA21
:100F480002134A7843EA0223CA7843EA8C3343EA15
:100F58004253DAB242F0050223F07041A25C82EA01
:100F68001122D2B2A25C82EA1142D2B2A25C124C25
:100F780082EA1162A25C43EA027343F0050303624A
:100F880072B6836C4BB162B690F8243013B9022361
:100F980080F824305DF8044B704700F120010323EA
:100FA80080F82430816462B60422836D5DF8044BB6
:100FB80040691847588E0008488E000830B44B0125
:100FC80090F860C090F863401D4D43EA011343EA6E
:100FD80002330CF0010143EA811343EAC11304F020
:100FE8000F0443EA0423DAB2164C42F0060243F037
:100FF8000601A25C82EA1322D2B2A25C82EA134200
:10100800D2B2A25C82EA1363EB5C41EA0373036227
:1010180072B6836C43B162B690F8243013B90223D8
:1010280080F8243030BC704700F12001032380F899
:101038002430816462B60422836D406930BC18474D
:10104800488E0008588E00080A2A09D090F83630D1
:10105800012B1DD990F83E30012B0DD90020704787
:1010680090F82E30012BF9D8836A012204330B60E3
:1010780080F82E2001207047836B00F138024FF072
:10108800010C043380F83EC002640B6001207047F5
:10109800036B00F130024FF0010C043380F836C0C6
:1010A80002640B6001207047844690F864000228AF
:1010B80001D00220704743EA021041F8040C9CF862
:1010C8006C00012804D14FF6CA608852023292B2ED
:1010D8000A2B05D19CF8100078B300208CF810007A
:1010E80051F8040C70B5334DC4B204322E5DC0F310
:1010F80007247440A1F1040E2E5DC0F30744744028
:1011080092B22C5DC0F303656C402B4D2C5D40EA18
:10111800047041F8040C72B6DCF84810E9B162B604
:10112800092B0CD00A2B31D02BB99CF824308BBB5F
:1011380002238CF82430002070BD01207047DCF8B1
:10114800403019688E4514BF03200020DCF8441095
:1011580069B3022199719A8070BD092B22D00A2B9C
:101168004FF003030BBF8CF82E308CF824300CF1B1
:1011780028030CF12003CCF8483062B6DCF81400E0
:10118800DCF85830714698470020D5E79CF82E3097
:10119800012B01D0032070BD02238CF82E30ACF84F
:1011A8002C20C8E7DCF8403003219971E3E7CCF83C
:1011B8004430CEE7588E0008488E000810B590F8E5
:1011C8002430032B044613D0826C0021917190F8CF
:1011D8002E20022A13D0022B1DD100F12001836D8D
:1011E8008164042240699847032384F8243010BDA1
:1011F80090F82E300022022B80F824200BD104F125
:101208002800A36DA064A28DA16A60699847032392
:1012180084F82E3010BD72B6636CCBB10322A36480
:101228009A7119689A886069A36D984794F836305E
:10123800022B07D094F83E30022B03D000236364BE
:1012480062B610BD626C630068339B1A6364F7E78B
:10125800A364F5E72DE9F84F90F86150C2690023BF
:1012680004460B8095B190F8645080F86130012DE8
:101278005AD0022D11D02DB300256069636D042268
:1012880004F11C0198472846BDE8F88F90F86230B1
:101298001BBB00252846BDE8F88F856E052D00F09C
:1012A800DC80062D00F02881092DE5D190F860300A
:1012B800B0F85C20A5690133012084F860302074FF
:1012C8000A80DAE7836E052B7DD0062BD4D1C2F3D2
:1012D8000F322946FFF772FECEE703EB03231B020A
:1012E800C3F307228748884D82F0090243F00F01B3
:1012F800825C82EA1343DBB2C35CEB5C41EA0373B2
:10130800236272B6A36C002B00F0EA8062B694F8F0
:10131800243013B9022384F824300022236D606935
:1013280084F862209847B4E7816E05290AD0062917
:10133800A2D1C2F30F322946FFF740FE022384F8F8
:10134800643099E7017F94F86C50407F94F86D60A1
:1013580094F86E7094F86FE0C90900F03F00A94254
:101368008C4628BFAC46B04280466CF3070328BFC2
:10137800B046C2F3863C68F30F23BC45C2F3465817
:10138800E14628BFB946F04569F31743C14628BF6F
:10139800F14669F31F63A942E3660BD8B04209D846
:1013A800BC4507D8F04505D894F87030C2F302124E
:1013B800934202D0002384F8643004F16C01204683
:1013C800FFF7B6FD58E7007F94F86C6094F81DC0ED
:1013D80094F86D7094F86E8094F86FA0C0090CF0C2
:1013E8003F0CB0420346C2F3863928BF3346BC459A
:1013F80063F30705C2F3465B634628BF3B46C14516
:10140800494663F30F2528BF4146D345DE4661F3BD
:10141800174528BFD6466EF31F65B042E566CCD89F
:10142800BC45CAD8C145C8D8D345C6D894F87000B9
:10143800C2F302129042C0D14A1C0133D2B2DBB2CD
:1014480052014FEA8E1E5B010121A281A4F80EE031
:10145800A4F85E3084F86410AFE7007F94F86CC09D
:10146800657F94F86D6094F86E7094F86F80C00989
:1014780005F03F0560458646194628BFE646B54251
:10148800A9466EF3070128BFB146C2F3863E69F349
:101498000F21BE45C2F34659F24628BFBA46C14598
:1014A8006AF31741CA4628BFC2466AF31F616045FE
:1014B800E16604F16C010DD8B5420BD8BE4509D8D8
:1014C800C14507D894F87030C2F302129B1AB3FAD8
:1014D80083F35B0984F864302046FFF729FDCBE6E7
:1014E80004F12001032384F82430A16462B60422A5
:1014F800A36D6069984710E7C2F30F320121FFF727
:101508005DFDB9E6588E0008488E000810B590F8C1
:101518006530044643B1012B00D010BD002280F88D
:10152800652080F8613010BDC1691F4ACBB2D35C19
:1015380083EA1123DBB2D35C83EA1143DBB2D35CC9
:1015480083EA1163D35C5BB9037F03F00F03062BB7
:10155800836609D8042B1FD9012384F8613010BD94
:10156800042380F8623010BD092B15D1838B1B0929
:10157800A0F85C30002BEFD0B0F85E209A420FD371
:1015880090F86C208169406903EB4202636D9847CB
:10159800012384F8653010BD012384F8623010BD42
:1015A800022380F8623010BD588E000801460022E0
:1015B80080F86520436D406904221C31184700BF3C
:1015C80000F038000838C0B210289ABF014B185CE8
:1015D80000207047588F000800F03803102B03D004
:1015E800344B05200B60704720F00700B0F5156FED
:1015F80083B259D010D8B3F5096F50D01BD8B3F5C2
:10160800016F47D0B3F5056F2BD0B3F5FA6FE7D16B
:10161800294B00205B68E5E7B3F5216F2BD015D87F
:10162800B3F5196F31D0B3F51D6FD9D1224B5B6873
:1016380000201233D6E7B3F50D6F21D0B3F5116F43
:10164800CED11D4B5B6800200A33CBE7B3F5256F7D
:101658000CD0B3F5296FC3D1174B5B680020183342
:10166800C0E7154B5B6800200433BBE7124B5B688F
:1016780000201633B6E7104B5B6800201433B1E73F
:101688000D4B5B6800200833ACE70B4B5B68002010
:101698000E33A7E7084B5B6800200233A2E7064B2E
:1016A8005B68002006339DE7034B5B6800200C3322
:1016B80098E700BFB40300202C07002008B50348B2
:1016C8000022102103F06EFF72B6FEE70004004806
:1016D80010B594B03822002106A807F059F9002067
:1016E800CDE90100CDE90300059003F061FF9FED0E
:1016F800147B0622022303240F925521082206A8F0
:101708008DED067BCDE90D34CDE91012CDE912330C
:1017180003F0C8FF80B9042103460F220DEB010036
:10172800CDE90124CDE90333059304F035FA18B95E
:1017380004F060FB14B010BDFFF7C0FFAFF30080EA
:1017480001000000000001002DE980480024D9B004
:1017580002F07AFDFFF7BCFFCDE94A44C34E4C9432
:10176800F36CC34843F00403F364F36C03F004031D
:101778000693069BF36C43F02003F364F36C03F0C9
:1017880020030793079BF36C43F00103F364F36CA6
:1017980003F001030893089BF36C43F00203F3641E
:1017A800F36C03F0020309934FF40053489348A9DC
:1017B8004FF404134993099A03F046FD2246AD48B5
:1017C800102103F0EFFE02271023AA484B940125AD
:1017D80048A9CDE948354A9703F036FDB36C43F084
:1017E8000403B364B36C03F004030293029BB36C69
:1017F8003B43B364B36C12943B4021463C220393B1
:1018080010AE48A8039BC6E9004407F0C1F820229F
:10181800214624A807F0BCF8974B1A46C3E90144AF
:10182800C3E90445C3E90B449C8383F8244083F847
:101838003840DC6383F840401F624FF4004B4FF0A0
:10184800A043042410461360C2F80CB0946102F05F
:1018580025FD002840F0578530603146864803F062
:1018680053FB002840F04F85DFF82C82ADF8440187
:101878000923CDE94C40CDE948838DF846018DF820
:10188800500180264FF07F087B484A9548A9CDE94A
:1018980052665097CDF82C8103F054F8002840F098
:1018A8003285764A744840F20F1A48A9CDE9482A89
:1018B80003F048F8002840F02685DFF8E0E1299099
:1018C80006236D48289424A9CDE92648CDE924E3C8
:1018D80002F0DEFD002840F01685DFF8C4C1664836
:1018E80024A90C23CDE924C302F0D2FD0146002827
:1018F80040F00985DFF8AC9100903C2239A807F048
:1019080047F800995E4AC9F80CB04846C9E9011180
:10191800C9E90415C9F81840A9F81C10C9F82050DD
:1019280089F8241089F83810C9F83C1089F8401053
:10193800C9F8002002F0B2FC002840F0E4844F4AC5
:101948003E900923ADF808018DF80A018DF81401BD
:1019580039A94846CDE93923CDE93B58CDE9436655
:101968003D94419702F0EEFF002840F0CC84454AB0
:1019780039A94846CDE9392A02F0E4FF002840F0A9
:10198800C2844148414B036003F022FB002840F029
:10199800BA840024342221462CA8CDE90A44CDE992
:1019A8000C44CDE90E44CDE91944CDE91B44CDE9F9
:1019B8001E44CDE92044CDE9224418941D9406F034
:1019C800E7FF334A334B136020204FF4A653C2E994
:1019D8000203546094614FF4807301241046C2E9F5
:1019E80004340AAD04F022FC002840F08C84284816
:1019F80004F09CFC002840F086844FF0060B10236E
:101A0800234818A9CDE918B304F00EFD002840F0CA
:101A18007A84CDE90B0070261D480A96294604F001
:101A2800F7FE002840F06F840DAA19480F9421464C
:101A3800CDE90D4404F08CFF0246002840F0638491
:101A4800CDE91F00CDE9210023904FF0600A4FF443
:101A580026630F481DA9CDE91DA304F0F3FD002856
:101A680040F051840A4804221EE000BF00100240E2
:101A78000008004800040048C00600208000501DEF
:101A880000010050400020192C060020000C0240E4
:101A9800E0050020002C014002003004040060082A
:101AA80000018021540600201DA904F0CBFD002868
:101AB80040F02984B44808221DA904F0C3FD002879
:101AC80040F0218441F2BF43AF481E931DA90C2268
:101AD8001D9604F0B7FD0346002840F014844FF427
:101AE80000622C924FF480622D927222CDE92E3240
:101AF8004FF480584FF40052CDE93082CDE93333AA
:101B08000322CDE93733A04832924FF000732CA955
:101B18003692359304F0CEFE002840F0F4839A48BC
:101B280001F0D4FC99489A49016000234FF4E1126E
:101B38000C26C0E90233C0E90436C0E90633C0E91F
:101B480008334260836205F0ADFA0146002840F090
:101B5800DA838E4805F0F8FA0146002840F0D3836E
:101B68008A4805F033FB002840F0CD83874805F00C
:101B7800CDFA0446002840F0C68301F047FA012256
:101B88000321262003F050FA262003F087FA0122C9
:101B98000421182003F048FA182003F07FFA22469F
:101BA8000321392003F040FA392003F077FA22465E
:101BB8002146192003F038FA192003F06FFA22465B
:101BC8000221122003F030FA122003F067FA0321F1
:101BD8002246282003F028FA282003F05FFA6D4BEC
:101BE8001694DA6C6C4D6D4842F00202DA64DA6CD5
:101BF80002F002020492049A1A6E42F480421A66B3
:101C08001B6E03F48043059313A9059BC027022389
:101C1800C1E9007301238B6007230B6103F014FBF8
:101C2800DFF880E1AC624FF4E1332846C5E900E310
:101C3800C5E90244C5E90446C5E90644C5E90844BE
:101C480005F030FA002840F05E83284605F05EFA79
:101C58000146002840F057835148514C402206F075
:101C680097FE2A68D3691E0740F09E80D3699806BC
:101C780058D5536A2178DBB2002900F0B5800129D4
:101C880000F0B9806078411CC9B220441F296170F6
:101C98008370EBD9D4F80210D4F80630D4F80A20AF
:101CA800D4F80E00D4F812604B405340D4F8161004
:101CB800A27F43407340E67FD4F81A004B4094F863
:101CC8002010724043404A405A40C3F307214A401B
:101CD800C3F307414A4082EA136394F82120DBB238
:101CE80000219A42218000F08F80238D4FF6FF72E9
:101CF80093421CBF0133238500F012FB27480022C2
:101D0800102103F04FFC0023C4E90E332A684FF476
:101D18004071A4F82310D3694FF48070C4F83300DD
:101D28009806A6D494F8323023B194F83460002E83
:101D380000F01A8294F833301BB994F83530002B30
:101D48008FD000F00BFB064600F002FB20B9A6F18D
:101D58000A03DBB2012B84D800F0E2FA002210213A
:101D68000E4803F01FFC4FF4A062A4F823202A6851
:101D78000023C4E90E33D3694FF480711E07C4F8F9
:101D880033103FF473AF0FE0E00500204C0500204E
:101D98000044004000100240F803002000040048FE
:101DA800B803002000380140190744BF0821116218
:101DB8005F0744BF042111629E0744BF02211162DC
:101DC800D80744BF01231362D369990648BF536AF1
:101DD800238D4FF6FF7293424FF0000118BF013375
:101DE800218018BF2385B7E7AA2B7FF43FAF0121D5
:101DF800A37021703AE7552B00F08481AA2B16BFF7
:101E08000023A370237031E702F042FA2379022BF2
:101E1800064600F01481238D4FF6FF7293421CBFD3
:101E28000133238500F07CFA00221021B84803F022
:101E3800B9FB0023C4E90E334FF480714FF4A0625C
:101E4800C4F83310A4F823202022002148A806F063
:101E58009FFD02F01DFA94F83230002B00F05081FB
:101E6800E36AC01AB0F5967F8CBF4FF000094FF0B7
:101E7800010900F073FA009000F070FA064600F0CD
:101E880067FA002840F0CB80A6F10A03DBB2012BE9
:101E980040F2C58094F83430019307469D484FEAD4
:101EA800C30805F035FB41F6991398425FFA88F8A4
:101EB80000F2C18000EB8000430003F0FE0AC3F388
:101EC800072B954805F0C8FC00EB8000460000F0A1
:101ED8003FFA94F8331094F824C0B6B219B1019BB4
:101EE8000BB949F0020994F8341049EA080839B1E5
:101EF800BCF1010F00F05A81BCF1020F00F04E81D5
:101F0800009B062B08BF48F0600827B1BCF1000F02
:101F180008BF4FF0050C218D002761F30707090A58
:101F280010F0080F61F30F2794F822004FF000011A
:101F380068F3070160F30F21E08C60F317414FEA63
:101F4800102060F31F6194F83500CDF823114FEA93
:101F5800C0038DF82E310CBF012303238DF83531D2
:101F6800E0238DF83D3194F823306CF3174763F381
:101F78001F674AF65523ADF820310223CDF82771A3
:101F880000218DF82231DDE948376AF307016BF348
:101F98000F2166F31741360A66F31F617B404A9F9B
:101FA8004B9ECDF83111DDE94D124C987B407340C2
:101FB80043404B409DF83C619DF83E1157485340C3
:101FC8004E4086EA1366C3F307225E405640C3F3C9
:101FD80007435E4086F0E0060523202248A98DF8D5
:101FE8003F6104F00BFDC0B1238D4FF6FF729342A1
:101FF8001CBF0133238500F093F9002210214448C7
:1020080003F0D0FA0023C4E90E334FF480714FF483
:10201800A062C4F83310A4F823202A6826E63D48B5
:102028000127019705F074FA41F6991398424FF089
:1020380008087FF63FAF4FF0FF0BDA4641E794F808
:1020480032206179A079A768E3790AB101296BD0B8
:10205800012284F82230E38C84F832204FF6FF7294
:1020680093421CBF0133E3840829E66269D150B961
:102078002B4B03E02B4A9A4200F0F28013F8018FB1
:10208800B8F1000FF6D094F8343043BB627C237C5F
:102098001343A27C1343E27C1343227D1343627DE6
:1020A8001343A27D1343E27D1343227E1343627ED2
:1020B8001343A27E1343E27E1343227F1343627FBE
:1020C8001343A27F1343E27F134394F82020134362
:1020D8007FF4A8AE002973D100287FF4A3AE00F0E6
:1020E8001FF90B480022102103F05CFA0023C4E911
:1020F8000E33A4F8353084F8333084F82330A3E65F
:102108009946B6E640F20221E3702180AEE500BFB1
:10211800000400485401002078010020F803002042
:10212800BF030020D8030020032800F0B18084F802
:102138002230E38CE6624FF6FF729342A3D001335C
:10214800E3848B079FD500F0EBF800226F4810213D
:1021580003F028FA4FF480730022C4E90E22C4F871
:102168003330A4F823306FE602F092F8E36AC31A1A
:10217800B3F5967F7FF6DEAD00F0D2F832466348BD
:10218800102103F00FFA4FF480724FF40073C4E982
:102198000E66C4F83320A4F8233062E5009B062BB2
:1021A80014BF48F0100848F07008B4E6009B062BEE
:1021B80006BF48F064085FFA88F848F00408AAE601
:1021C80001297FF42FAE03287FF42CAE7A1E4CF23F
:1021D8004F339A423FF626AE00F0C0F8804600F032
:1021E800B7F800287FF41EAEA8F10A03DBB2012B72
:1021F8007FF618AE464805F08BF994F8352003466B
:10220800002A56D0A0F1C8039BB2B92B3FF60AAEFC
:10221800E36BF31AB3F5AF7FFFF416AE94F83330DF
:102228003C264FF47A7207FB06F6B6FBF2F6062256
:10223800B6FBF2F636B21BB1B4F93030B34204D073
:102248009621304600F072F8268600F087F80028BC
:1022580054D0012384F833300323A4F82330F3E562
:1022680000F05EF829484246102103F09BF9C4E9C2
:102278000E88A4F8358084F8338084F8238000F031
:1022880061F884F8348084F82480A4F82880DBE599
:1022980094F822209A423FF4BEAD84F82230E38CB1
:1022A800E6624FF6FF7293423FF4EDAE0133E384EA
:1022B800E9E694F83620CAB1B0F5C17FBFF4B2ADF3
:1022C800A26B41F28831B21A8A423FF6ABADF92BC4
:1022D8007FF6BAAD0D480122102103F063F940F2F0
:1022E8000113C4E90E66A4F83530ADE50122B0F556
:1022F800C17FA66384F83620E9D393E500F00AF895
:102308000028A6D18EE5FFF7D9F900BF00040048E0
:1023180054010020014B186800F084B81C190020F3
:10232800014B186800F094B81C19002010B4044C34
:1023380003460A4620685DF8044B194600F024B8A5
:102348001C190020014B186800F09CB81C190020CB
:10235800014B186800F064B81C190020014B18687C
:1023680000F05AB81C19002010B400240473C0F8F7
:102378000E40C48280F8244004830462C0E900123D
:102388005DF8044B836070474FF0010C40F2013355
:1023980080F80CC0C181C282838470474FF0020C60
:1023A80040F2014380F80CC00182C28283847047E6
:1023B80082B0032240F201430273C0F812108384F2
:1023C80002B07047038CB0F822C00B4323EA020323
:1023D80041EA0C0103844184704700BF90F824301F
:1023E800012B00D0704710B5037B012B044606D0A3
:1023F800023B012B0BD8022384F8243010BDC28A7B
:10240800B0F90E10806A04F083FF0028F3D103238B
:1024180084F8243010BD00BF407E7047408C704760
:10242800008C704710B50446FFF7F6FF08B100208E
:1024380010BD2046FFF7F2FF0028F8D12046FFF72D
:10244800EFFF0028F3D10120207684F8240010BD86
:1024580038B50546FFF7E0FF04462846FFF7DEFFDC
:1024680008B1002038BD2846FFF7DAFF0028F8D168
:102478000C2C18BF002C14BF01200020F1D005231C
:102488002B7638BD10B50446FFF7C6FF0B2801D0E0
:10249800002010BD2046FFF7C3FF0028F8D1022313
:1024A80023766084012010BD438C008C43EA0040F1
:1024B800704700BF90F82500704700BFB0F90E00C4
:1024C800704700BFC08A7047806A04F029BF00BF08
:1024D800806A04F011BF00BF836A9FED067AD3EDCE
:1024E800137A67EE877AFDEEE77A17EE903A18B21C
:1024F800704700BFABAA2A3E4368186883B26FF3DF
:102508000F0082B0184302B0704700BF4368586894
:1025180083B26FF30F0082B0184302B0704700BF58
:102528004368986883B26FF30F0082B0184302B013
:10253800704700BF4368D86883B26FF30F0082B05A
:10254800184302B0704700BF4368D3F8120083B243
:102558006FF30F0082B0184302B070474368D3F896
:10256800160083B26FF30F0082B0184302B07047B1
:102578004368B3F91A007047DFED977AB4EEE70ABB
:10258800F1EE10FA86B039DBDFED946AB4EEE60AB4
:10259800F1EE10FA70EE677A00F285809FED907A7E
:1025A800DFED8F6A8F4A27EE877ABCEEC77A8DED0A
:1025B800027A9FED8D7A029B77EE677AFF2B67EEA2
:1025C800A67A88BFFF23FCEEE77A88BF0293029BB6
:1025D800CDED037A0399DBB202EB8303FF2993ED78
:1025E800007A84BFFF230393039BDBB202EB8303D0
:1025F800D3ED000AB0EE470A06B07047B5EEC00A40
:10260800F1EE10FA65D9DFED787AB4EEE70AF1EE6B
:1026180010FA40F2DE80DFED757AB4EEE70AF1EEEB
:1026280010FA40F2A980DFED727AB4EEE70AF1EE13
:1026380010FA6FD8F0EE407A9FED6C7ADFED686A99
:1026480037EEC77A27EE267ABCEEC77A8DED027A86
:10265800029BFF2B01D9FF2302939FED657ADFEDE3
:10266800606A029B5F4A77EE677ADBB267EEA67A0A
:1026780002EB8303FCEEE77A93ED007ACDED037A63
:10268800039BFF2BB1EE477A01D9FF230393039BEA
:10269800DBB202EB8303D3ED000AB0EE470AF1EE9A
:1026A800600A06B07047DFED536AB4EEE60AF1EE51
:1026B80010FA63D9DFED506AB4EEE60AF1EE10FACB
:1026C800BAD9DFED4E6AB4EEE60AF1EE10FA91D807
:1026D8001EE0DFED4B6AB4EEE60AF1EE10FA89DB94
:1026E8009FED487AB4EEC70AF1EE10FA70EE277A39
:1026F8007FF654AF9FED447AB4EEC70AF1EE10FAB4
:102708003CD99FED427AB4EEC70AF1EE10FA93D99C
:10271800B0EE670ADFED307A9FED317A77EEC07A56
:1027280067EE877AFCEEE77ACDED027A029BFF2B03
:1027380001D9FF2302939FED2E7ADFED297A029BC0
:10274800284A30EE470ADBB220EE270A02EB830361
:10275800BCEEC00A93ED007A8DED030A039BFF2BB4
:1027680084BFFF230393039BDBB202EB8302D2ED0A
:10277800000AB1EE477A3DE7F0EE407A9FED1B7A0A
:10278800DFED176A37EE677A27EE267ABCEEC77A4E
:102798008DED027A029BFF2B01D9FF230293DFED17
:1027A800126A9FED0F7A029B0E4A77EEE67ADBB249
:1027B80067EE877A02EB8303FCEEE77A93ED007A03
:1027C800CDED037A0399FF297FF661AFFF230393C9
:1027D8005DE7F0EE407AE1E60000B4430000E14333
:1027E800610B3640089000080000B44200003443F2
:1027F800000087430000074400801D440000344463
:102808000000B4C3000087C3000034C30000B4C292
:10281800214B2DE9F041214EDFF8B880204CC8F853
:102828000030002705461846377005F06FFC1D4834
:10283800FEF76AFB1C4B1D48186005F0B3F800F062
:1028480003FC1B4800F09EFC204605F0CBFF194B0B
:1028580019481B68DC60194C00F094FC184804F017
:10286800C3FFD8F80030174A39462046FFF77CFDE9
:102878003A4653212046FFF787FD134A134B106849
:102888002C60134A1860E261A06204F0E1FC0123A5
:102898003370BDE8F08100BFA00100205807002078
:1028A80054010020AC0200206807002070000020BE
:1028B8006801002050010020900100202C07002012
:1028C800780100206C07002000000020600700202D
:1028D8006002002064070020014B1880704700BF89
:1028E8005A070020034B188880B2B0FA80F04009DC
:1028F800704700BF5A07002038B55A4C206805F0C9
:1029080017F85948FFF78CFD18B1574A0A23537630
:1029180038BD5548FFF782FD70BB534B5B7E132BC8
:10292800F6D801A252F823F02F2A00081929000826
:102938001929000819290008132A0008192900086C
:10294800F929000819290008D729000819290008B9
:1029580081290008C7290008192900081929000831
:102968001929000819290008A7290008972900082B
:1029780019290008892900083B4A0B23537638BDDA
:10298800394A137E052B5ED00623537638BD364B65
:102998001B7E052B57D0344A0423537638BD324B5F
:1029A8001B7E052BF7D1314B186805F01BFB2068FF
:1029B80004F0DAFF4FF44870FFF78EFFEBE72A4B7D
:1029C8001B7E022BA4D1284A0023138338BD284B31
:1029D800186805F04BF8274B2749186804F044FCA1
:1029E800FFF780FF002893D01F4A0023537638BD95
:1029F8001D4B1B7E052B26D01B48FFF7EFFC1D4BFC
:102A08001868BDE8384004F08FBC174D2B7E052BA5
:102A180019D02846FFF7E2FC154B186805F014F8A2
:102A280006236B7638BD104B1B7E03F0FD03012B8C
:102A38007FF46EAF0F4B1049186804F015FC0A4A72
:102A48000423537638BD094B186805F0CBFA206883
:102A580004F08AFF4FF44870FFF73EFF024A08234C
:102A6800537638BD500100202C0700206407002051
:102A78006807002060070020540100201A4B1B78CB
:102A8800012B00D0704770B5184C23889BB263B1F6
:102A98002388013B9BB22380154A13889BB21BB144
:102AA8001388013B9BB2138070BD124DFFF724FFC2
:102AB800294651F80C0B83689847686030B129465D
:102AC8000A2251F8080B0368984710B9032323809A
:102AD800E2E7284600F0EEF92868EA894668A9681E
:102AE8000A23B047F2E700BF580700205C07002020
:102AF8005A0700209C02002010B5114C206804F0F1
:102B0800D7FB206804F06AFC01280DD00D4A0E4856
:102B1800136890F829100133136009B9002010BD1B
:102B280004F0FCFC002010BD084B0446186804F0B3
:102B38009DFF074800222146FFF744FCE6E700BF57
:102B4800600700203C190020700200206807002060
:102B58002C07002070B5054690B1254B186800F089
:102B6800F5FA0146234C2C2303FB0544CA432046AF
:102B780092B2FFF727FC2046FFF796FCD8B970BD44
:102B88001D4800F065FB01461C4804F03FFE184B49
:102B98000646186800F0DAFA0446194800F058FBAF
:102BA8000146184805F024FE064306F00E0644EADE
:102BB800060189B2D6E7144B186804F057FF134B87
:102BC8001049186804F050FB114890F8293033B9BF
:102BD800104B53F82500BDE8704004F0C5BE04F062
:102BE8005BFD0C4B53F82500BDE8704004F0BCBEFB
:102BF800640700202C0700209001002078010020A5
:102C080068010020540100206807002060070020A8
:102C1800700200205001002008B5044B1B78012BDE
:102C280000D008BD0020FFF795FF08BD5807002019
:102C380008B5044B1B7803B908BDFFF71FFFFFF762
:102C4800EBFF08BD5807002008B5054B186804F0CD
:102C58000DFFBDE80840034800228021FFF7B2BB02
:102C6800680700202C07002008B5FFF777FB00B99C
:102C780008BDBDE80840FFF753BB00BF30B44FF0B4
:102C880090432B4A80218AB0DA61D961DA61DA6926
:102C980009924FF48071274A0998DA61D961DA619B
:102CA800D969254A089101204FF00111089CD1618A
:102CB800D061D161D16907914FF400704FF481312F
:102CC800079CD961D861D961D969069102201B494D
:102CD800069CD161D061D161D26905924FF48064BC
:102CE8004FF48232059DDA61DC61DA61DA690492B7
:102CF8004024134A049DDA61DC61DA61DA690392DF
:102D0800039AD961D861D961DA69029204210D4A1E
:102D18000298C3F81C28C3F81C18C3F81C2803F52C
:102D28000063DB690193019B0AB030BC704700BFA8
:102D380080000100000101000004004802000100B9
:102D480040000100040001002DE9F04F89B08568BA
:102D5800334B06934FF00008324B4468B0F90C200F
:102D6800ADF816800646A0F80E806F18CDF80C80D6
:102D78000793C5F10109A2F1020A002A0FFA8AFE97
:102D88000DF116031FFA8AFA36DD34F802CB0DF17D
:102D980020082CF007000CF0070B1CF0060F224649
:102DA80080B20CF0380108EB8B0B2DD1CDF800E088
:102DB8005BF808BCD847BDF8161005EB0903DBB271
:102DC800AAEB0102012B12B20C4412D0BD4221D051
:102DD80005F8010BF3890133F3810028CBD00728CC
:102DE80012D001230A280393C5D1039809B0BDE87E
:102DF800F08F002AEAD10390039B002BF5D10398AA
:102E0800F38109B0BDE8F08F01230393039809B05B
:102E1800BDE8F08F08230393039809B0BDE8F08F4D
:102E28004D380008513900082DE9F04786B00023D5
:102E3800ADF80E30C381B0F80C801C4B04931C4BCA
:102E4800D0F8049086680593B8F1000F29D007469A
:102E58000CB24D4612E000945EF808ACD047A8EBDF
:102E6800050319FA83F39BB2E0B9BDF80E10FA898D
:102E7800641A0A440E44FA8124B29BB135F802CB95
:102E88000DF1180A2CF007000CF0070E1CF0060FC5
:102E98000DF10E03324680B20CF038010AEB8E0EAB
:102EA800D9D0012006B0BDE8F08700BFB53B0008C7
:102EB800E93C000870B504464568226835F8023BCD
:102EC80092898089013A91B203F47F42023823F053
:102ED800070CB2F5807F82B080B21FFA8CFC38D024
:102EE800484EA081013B03F0070365602C200025B4
:102EF800BCF1380FE58100FB036663D8BCF1380FDD
:102F08001ED8DFE80CF04D1D1D1D1D1D1D1D551D76
:102F18001D1D1D1D1D1D5A1D1D1D1D1D1D1D671D52
:102F28001D1D1D1D1D1D311D1D1D1D1D1D1D371D9B
:102F38001D1D1D1D1D1D3F1D1D1D1D1D1D1D47008A
:102F480000230220A268D054E3890133E38102B050
:102F580070BDCCF3C40C0023BCF1010FA0816560E7
:102F6800E3813AD90D20EDE73046FFF771FAE3899E
:102F78000020E7E73046FFF74FFA06283AD0E38902
:102F88000020DFE73046FFF747FA0028ECD1E38955
:102F98000120D7E73046FFF775FAE3890020D1E72B
:102FA800A36804210122E1811A70E3890020C9E79E
:102FB8002046FFF7C9FEE389C4E72046FFF734FF40
:102FC800E389BFE7BCF1780FBAD102F075F8E3895D
:102FD8002846B7E700230120B4E70B4B53F82C60D1
:102FE80076B1A36800930AB204F10E032946B047EC
:102FF800E389A7E73046FFF767FAE3890020A1E7EE
:103008003346AFE72C0700209007002008B502F0F0
:10301800C7FE0A4BA3FB0030C00902F05FF8084B5B
:10302800002219684FF0FF3001F0FEFF0548FFF756
:10303800EFFBBDE80840FFF721BE00BFD34D62108B
:10304800400300201C19002010B44FF0A043402278
:1030580083B01A605A68234942F040025A608B686C
:10306800214A23F4401323F0700343F010038B60CC
:103078008B6823F4803323F0070343F006038B6047
:10308800936DDB0716D4936D43F001039365936D3D
:103098004FF0804103F001030193019B4B6943F01A
:1030A80001034B61936D23F00103936503B05DF851
:1030B800044B70474FF080430C485A6859680C4CD1
:1030C800014041F020015960596941F001015961FD
:1030D8005968224001400A435A6003B05DF8044B26
:1030E800704700BF002C0140001002408FFFFFFD19
:1030F80070000002013270B552086FF002065501E7
:103108000661002293F800C0BCF10F0F02F1010E16
:103118000CD80469A407F5D51FFA8EF2954206610A
:10312800F0D81C780F2CEDD801230B8070BD00BFA0
:103138004A6C03464FF0010C42F480624A647830CE
:1031480083F881C083F883C0704700BF034690F8B6
:103158008100A8B1002283F881204221022093F83F
:1031680080201AB1002283F88020084693F8822034
:103178002AB140F48060002280B283F88220704730
:103188004021ECE72F490A78032A52D810B52E4C73
:10319800036844F82200027301320A709A68D4075F
:1031A80022D45A68042122F004025A6019605A682D
:1031B800202122F020025A6019609A6822F04042C9
:1031C80022F03F0242F000429A609A68002AFCDB33
:1031D8001A68D10708D41D499A680A4042F00102CA
:1031E8009A601A68D207F7D5196B21F00F01196395
:1031F800017A01228A40092942EA816201EB410CE5
:1032080019D842EA0C524FEAD25C0CF0040C143381
:10321800406853F80C10C2F304524FF0070E904068
:103228000EFA02F221EA0202024343F80C200120BE
:1032380010BD00207047ACF11E0C42EA0C5242F05F
:103248000072E0E72019002024190020C0FFFF7F4A
:10325800017A02680123092901EB410003FA01F30D
:1032680043EA816384BF1E3843EA0053116B94BF5D
:1032780043EA005343F000731B0D21F4F86103F493
:10328800F8630B4313630423116C1360936823F0F2
:10329800004323F03F0343F00403936013685B0784
:1032A800FCD5106C20F00F0080B2704700B50E4BB3
:1032B8001A6E42F0010283B01A661A6E02F0010219
:1032C8000092009A9A6D42F080529A659B6D03F0C5
:1032D800805301930420019B01F094FE03B05DF834
:1032E80004EB02F0D7B900BF001002400000000054
:1032F80010B504469CB0002144220BA8CDE9061164
:10330800CDE908110A9105F043FB2368B3F1A04FFA
:1033180004D0414A934245D01CB010BD4FF400423E
:103328004FF080530BA80B921A9302F06BFD002804
:1033380068D13A4A13680133012B136009D1384B1D
:10334800DA6C42F40052DA64DB6C03F40053019344
:10335800019B334BDA6C42F00402DA64DA6C02F057
:1033680004020292029ADA6C42F00102DA64DB6C1F
:103378000620032103F00103CDE90601039300248D
:1033880006A92848039B089401F05EFF0322032343
:103398004FF0904006A9CDE90623089401F054FFA8
:1033A8001CB010BD4FF400424FF080530BA80B9295
:1033B8001A9302F027FD40BB184A13680133012B0A
:1033C800136009D1164BDA6C42F40052DA64DB6CF4
:1033D80003F400530493049B114B1248DA6C42F037
:1033E8000402DA64DB6C9FED0A7B03F004030593A7
:1033F80006A900238DED067B059A089301F024FFAA
:103408001CB010BDFEF75AF993E7FEF757F9D3E75A
:1034180003000000030000000001005034190020E0
:103428000010024000080048094B02689A4200D088
:103438007047D3F8482442F0080282B0C3F8482401
:10344800D3F8483403F008030193019B02B0704796
:10345800000C02400000000010B51B4A016888B04B
:1034680000239142CDE90233CDE90433069301D01C
:1034780008B010BD03F1804303F504339FED107BC2
:103488001A6E42F400621A661A6E02F40062009222
:10349800009ADA6C42F00102DA64DB6C03F0010393
:1034A80001930122062302A94FF090408DED027B83
:1034B800019C0492069301F0C7FE08B010BD00BF3E
:1034C8004000000012000000002C0140D0B5204A46
:1034D800016888B000239142CDE90233CDE9043375
:1034E800069301D008B0D0BD03F1804303F504333F
:1034F8004FF4F060DA6C42F00102DA64DA6C02F040
:1035080001020092009ADA6C42F00202DA64DB6C83
:10351800022103F00203CDE90201019302260227EA
:10352800062402A94FF09040019B0694CDE9046758
:1035380001F08AFE032202230648069402A9CDE977
:103548000467CDE9022301F07FFE08B0D0BD00BFBB
:10355800002C01400004004870B5044698B00021D2
:10356800442207A8CDE90211CDE90411069105F01E
:103578000FFA374B22689A4201D018B070BD022367
:1035880007A8079302F03EFC00284DD1314B324E7C
:103598009A6D42F400329A659A6D02F400320092F4
:1035A800009ADA6C9FED267B42F00102DA64DB6C4C
:1035B8008DED027B9FED247B03F00103019302A9AB
:1035C80007234FF09040019A06938DED047B01F09C
:1035D8003BFE22491A220023C6E900123046802207
:1035E800C6E90233C6E90423C6E90633336201F0AB
:1035F80095FDF8B91A4D1B49C4F880601B220023B9
:10360800C5E90012284610218022C5E90213C5E940
:103618000533C5E90733B4622A6101F07FFD30B98B
:10362800E567AC6218B070BDFEF748F8AEE7FEF784
:1036380045F8F5E7FEF742F8DCE700BFAFF3008096
:103648000C00000002000000000000000000000064
:103658000044004000100240EC0400201C0402401A
:103668008C040020300402404FF0A04340221A602E
:10367800704700BF024B6FF001021A61FFF73CBAB6
:10368800002C01400C4908B50B691A0605D56FF0E6
:1036980080030A480B61FFF74BFD07490B69DB05FF
:1036A80005D56FF4807305480B61FFF741FDBDE850
:1036B8000840FFF7E3B900BF002C0140A00100203B
:1036C800444BDA69520610B509D5434943480A6B99
:1036D800402422F001020A631C62FDF76FFD3D4B96
:1036E800D869DA69D9699B684C076AD5D8071ED5A5
:1036F800384B0E221A624FF0402202F5816353E8DC
:10370800003F23F0010302F5816040E80031002901
:10371800F3D14FF0402202F5806353E8003F43F0B5
:10372800100302F5806040E800310029F3D1294BED
:10373800DA691B68D20643D5DB0641D54FF0402233
:1037480002F5806353E8003F23F0100302F5806020
:1037580040E800310029F3D14FF0402202F581639F
:1037680053E8003F43F0010302F5816040E800316F
:103778000029F3D14FF0402202F5816353E8003F5E
:1037880023F0400302F5816040E800310029F3D1BD
:10379800104B5B6A4FF0402202F5816353E8003F0B
:1037A80043F0400302F5816040E800310029F3D17D
:1037B800094B0A482022BDE810405A60FDF7F6BEC2
:1037C80010BDD907B3D502F0020200F00800024389
:1037D8008ED1ACE70044004000040240AC02002057
:1037E80008B5FFF731FAFEE710B50D4C2378022B28
:1037F8000FD00133DBB20B4A237013689B0604D544
:10380800202309485360FDF781FEBDE81040FFF70B
:103818000FBA00F031FD01F07DFC0123EBE700BF9A
:103828003403002000040240AC020020044B5A6913
:10383800920400D470474FF400525A61FFF714BA4B
:103848000004014010B40839BDF904C0202912D879
:10385800DFE801F0171111111111111121111111C6
:10386800111111112F1111111111111139111111FA
:10387800111111114F0000221A8007205DF8044B26
:10388800704748284FF0010214BF052004205DF856
:10389800044B1A807047B0F5656F3BD044D9B0F53A
:1038A800696F37D041F65832904214BF0520042082
:1038B80031E018284FF0040214BF052010465DF8C7
:1038C800044B1A8070470121198092F9000038B31F
:1038D8001FFA8CF003E0198012F9014F04B301F1CB
:1038E800010C81421FFA8CF1F5D304205DF8044BDA
:1038F80070471288023292B21FFA8CFC62451A8015
:103908001AD8A828F1D01BD820F040002828ECD0DD
:103918000520B3E7002002225DF8044B1A807047A7
:10392800002313700420E1E720F04000B0F5B26FE7
:1039380014BF05200420EEE700221A800A209DE724
:10394800E828E5D1D1E700BF30B583B00839BDF923
:1039580018C01C46202912D8DFE801F016111111F1
:1039680011111111251111111111111144111111F8
:1039780011111111511111111111111164000023AC
:103988002380072003B030BD482800F09A8088289B
:1039980040F092801378042B00F0AB80032B00F0EA
:1039A800E180002089E0B0F5196F158862D053D8FE
:1039B800B0F5156F00F0918000F2DD80B0F5016F71
:1039C80000F0BD8000F2BD80B0F5F26F00F0B78066
:1039D80000F2D98020F04000B0F5B26F14BF052086
:1039E800042053E0582800F08D80982856D01828D5
:1039F80014BF052004200423238003B030BD012117
:103A0800218092F900301BB31FFA8CF303E0218068
:103A180012F9010FE0B1481C994281B2F7D3042092
:103A280003B030BD1188023189B21FFA8CF3994274
:103A380021802FD8B0F5D47F66D044D8A828EED0FE
:103A480000F28C8020F040002828E8D0052099E773
:103A5800002313700420E3E7B0F5656F15D061D932
:103A6800B0F5696F11D041F65833984214BF05205C
:103A780004200BE04A48FEF75DFD03460193ADF8CC
:103A8800065047480199FEF793FC00200223238043
:103A980003B030BD002323800A2073E7B2F9003059
:103AA80040493F4881FB0321A1EBE371002209B2A1
:103AB800FEF76AFC00209EE705200123238003B05F
:103AC80030BD0420F9E7B0F5A56FBFD13648911C89
:103AD80003B0BDE8304003F00DBE3148FEF72AFDC3
:103AE80003460193ADF804502D480199FEF760FC98
:103AF800CBE72B48FEF73CFD002201462848FEF79D
:103B08004DFC4EE7042076E7D2F802302549D288EA
:103B180081FB0301A1EBE371214809B2FEF734FCF4
:103B280000202FE7B0F5256F09D026D8B0F51D6F16
:103B380005D0B0F5216F14BF05200420A6E70420A6
:103B4800A4E7B0F50D6FFAD023D8B0F5056FF6D01D
:103B5800B0F5096F14BF0520042097E7E8283FF463
:103B68005EAF73E70E48FEF7B7FC002201460C482B
:103B7800FEF70AFC15E7052088E7B0F5296F14BFA2
:103B88000520042082E7B0F5FA6F14BF0520042051
:103B98007CE7B0F5116F14BF0520042076E700BF5D
:103BA8002C070020ABAAAA2A7002002010B5A1F1A8
:103BB800080CBDF908E0BCF1200F12D8DFE80CF0C2
:103BC8001B111111111111112711111111111111BD
:103BD8002211111111111111351111111111111198
:103BE8001300072010BD282829D01288023205208A
:103BF80092B21A8010BDBEF1000F1EDD01221A809C
:103C0800052010BDBEF1030F15DD0422F7E7BEF154
:103C1800010F10DDB0F5656F5AD0B0F5696F14BFAC
:103C28000520002002221A8010BD20282CD06028F0
:103C38000FD00022E3E7082010BD084610BD1FFA88
:103C48008EFE0A21BEF10B0F118035D80C220820F8
:103C5800CFE7204C94F900000121198080B11FFAA8
:103C68008EFEA44608E002F8010B1988013189B2DA
:103C780019801CF9010F18B17145F4D3062010BD45
:103C880000231370002010BD134C94F9000001218B
:103C980019800028F4D01FFA8EFEA44609E002F825
:103CA800010B1988013189B219801CF9010F00280C
:103CB800E6D08E45F3D8E1E7084948680C680989D9
:103CC800C2F80600C2F80240518100200C2290E799
:103CD8000020A7E7F88F0008D48F0008C88F0008D5
:103CE80030B58FB01C46A1F10803BDF948C0154690
:103CF800202B12D8DFE803F02B111111111111112B
:103D080060111111111111113E111111111111111F
:103D18005811111111111111140007200FB030BDE5
:103D2800E82805F1020300F0178167D8682800F039
:103D3800E380A82840F01A811FFA8CFC1022BCF1FD
:103D4800110F2A8000F27A81122308206DE0BCF15D
:103D5800000F40F3EE80482800F0ED80882840F0FE
:103D6800B680AF48FEF7A6FB287000200123238009
:103D78000FB030BDBCF1030F3DDD982800F018816D
:103D880000F2DD80182800F0C180582840F0188122
:103D9800A348FEF79DFB00EB400040002860002090
:103DA800042323800FB030BDA02878D0E02859D054
:103DB800002323800520B1E7BCF1010F1BDDB0F51E
:103DC800116F00F05E8133D8B0F5016F00F0A38069
:103DD80000F2DE80B0F5BA6F00F04E81B0F5FA6FF0
:103DE80000F05681B0F5B26F40F03D818D4803F088
:103DF8008FFB288031E008200FB030BDB0F5947FEC
:103E080067D0B0F5D47F40F0B1808548FEF756FB07
:103E180000EB40004300C5F802308148FEF752FB32
:103E28000623E8802B800020082323800FB030BDB4
:103E3800B0F5216F76D000F29E80B0F5196F00F0D2
:103E48001481B0F51D6F00F02F81B0F5156F40F0AB
:103E58000A817348FEF76EFB288000200223238026
:103E68000FB030BD704B1A680123238002F1240182
:103E780092F924207AB11FFA8CFC08E005F8012B8E
:103E8800238801339BB2238011F9012F1AB16345AE
:103E9800F4D3062042E700232B7000203EE7634A54
:103EA80001231168238091F90020002AF3D01FFA1A
:103EB8008CFC09E005F8012B238801339BB2238091
:103EC80011F9012F002AE6D09C45F3D8E1E7052037
:103ED8004CE71FFA8CFC0C22BCF10D0F2A8071D91B
:103EE800534A506815689168D268DA6058601D6056
:103EF800996000200E2398E71FFA8CFC3C22BCF145
:103F08003D0F2A8061D83E2308208EE74448FEF7FB
:103F1800CBFA286043E74248FEF7EEFAC0F30F43B6
:103F28002B809AE73E48FEF70FFBC0F30F432B8028
:103F380093E70846F2E63A48FEF76EFA14E741F6C8
:103F4800583398423CD13B4B186803F011FD8DED76
:103F5800010A019B2B6022E71FFA8CFC0E22BCF1A0
:103F68000F0F2A804FD8102308205EE72B880233D2
:103F780005209BB259E7B0F5296F00F08E806AD80A
:103F8800B0F5256F6FD12648FEF7E8FA288064E778
:103F9800B0F5096F00F09280B0F50D6F00F08980E0
:103FA800B0F5056F5FD11E48FEF7B0FA288054E7D8
:103FB8001B48FEF791FA00EB400040002860EEE64F
:103FC8000520EDE60E2308202FE7174A126802F1B4
:103FD8003001D2F800C055689068D2F80CE0C3F8F8
:103FE8000CE010328A42C3F800C05D60986003F1AB
:103FF8001003EED11068516892689A601860596091
:1040080000203E2311E70C4A126810685168956831
:104018009D601860596092899A810020102304E7F6
:104028002C07002054010020540200205C020020CC
:10403800600200205001002058020020234A126824
:10404800506815689168D268DA6058601D60996098
:1040580000201223E9E6B0F5656F3FF4FEAEB0F537
:10406800696F3FF4FAAE0520F8E61948FEF762FAE0
:10407800C0F30F432B80F0E6164803F0EDFB2880D1
:10408800EBE61348FEF74CFAC0F30F432B80E4E647
:104098000F48FEF731FA2880DFE60D48FEF75EFA92
:1040A800C0F30F432B80D8E60948FEF74DFA288065
:1040B800D3E60748FEF734FA2880CEE60448FEF730
:1040C80025FAC0F30F432B80C7E600BF500200203B
:1040D8002C0700207801002030B4026802F10801A2
:1040E80051E8003F43F0010341E80034002CF7D1C8
:1040F800C168194D43686C5C234402F1240199603E
:104108004023136202F1080151E8003F43F04003E5
:1041180041E80034002CF7D14023136252E8003FF5
:1041280043F0400342E800310029F7D102F10801C9
:1041380051E8003F43F0800341E80034002CF7D1F8
:1041480001698368695C0B4402F12800402198608A
:1041580030BC1162704700BFB494000803698068DE
:1041680010B40B4CE35CC458E40700EB030C0CD40C
:10417800CCF80C10DCF804106FF30F010A43CCF8EC
:104188000420C25842F00102C2505DF8044B704747
:10419800B494000810B4C3680C4C4068E35CC4587D
:1041A80000EB030C24F00104C450CCF80C10DCF82C
:1041B80004105DF8044B6FF30F011143CCF80410A1
:1041C800C25842F00102C250704700BFB4940008C0
:1041D80002681023136252E8003F43F0100342E8DC
:1041E80000310029F7D17047034AD2F8883043F4E8
:1041F8007003C2F88830704700ED00E038B50F4B07
:104208001B680BB9012038BD0D494FF47A72054679
:10421800B2FBF3F30868B0FBF3F000F05FFF04466D
:104228000028EFD10F2DEDD8024629464FF0FF3078
:1042380000F0FAFE034B20461D6038BD3C03002009
:1042480038030020400300200A4A136843F48073AF
:1042580010B50320136000F0D5FE0420FFF7CEFF51
:1042680010B10124204610BD0446FFF71FF8204670
:1042780010BD00BF00200240034A044913680968C2
:104288000B441360704700BF381900203C0300201E
:10429800014B1868704700BF3819002030B583B04B
:1042A80000230193002800F0B180C56D0446002D5D
:1042B80000F0AF80226893689D0005D5936823F0CD
:1042C800204323F03F0393609368D80019D46B4BC5
:1042D8006B481B6891689B09A0FB030321F0104100
:1042E8009B0921F03F0101335B0041F0805191604F
:1042F8000193019B2BB1019B013B0193019B002B77
:10430800F9D19368D90076D4E36D43F01003E365DF
:10431800236E012003432366936813F0040FE36DB3
:1043280070D1DB066ED4E36D23F4817343F002038E
:10433800E3659368DD0709D44FF0A0439B6813F049
:10434800010F504B9B6801D1D9077FD5E568E36B16
:1043580094F824102B43A5682B43657F012943EA71
:10436800453343EA01435AD0E16A21B1256B01F490
:10437800787129430B43D568434929401943D160D3
:104388001369616B23F040630B43136193681B0748
:1043980022D4D16894F83830257F21F480415B001D
:1043A80021F0020143EA85330B432169D360136985
:1043B800002941D043F480331361D2F8C0306FF341
:1043C8000D030B43C2F8C03094F84030012B45D0A0
:1043D800136923F0010313616369012B24D0136B64
:1043E80023F00F031363E36D23F0030343F001038A
:1043F800E36503B030BD936813F0040F4FF000007D
:10440800E36D8ED0E36D43F01003E365012003B044
:1044180030BDFEF76DFF256684F858504AE7A16A5B
:10442800013943EA41439FE7116B236A21F00F01E9
:10443800013B0B431363D6E723F480331361D2F8AF
:10444800C0306FF30D03C2F8C030BDE70F4965688F
:104458008B6823F47C132B438B6077E71169636CBB
:10446800A56C6FF38A012B430B43E16C0B43216D61
:104478000B4343F001031361AEE700BF380300208C
:10448800632D3E05000100500740F0FF0003005077
:104498002DE9F04190F8582082B00346012A4FF0E8
:1044A8000000019000F028811A68012083F8580064
:1044B8009468670709D5DA6D42F02002DA650022B0
:1044C80083F8582002B0BDE8F08148684FEA901E92
:1044D80000F01F0C02F1300408680EF00C0EC0F357
:1044E800846054F80E501F2600FA0CF006FA0CFCF3
:1044F80025EA0C0C40EA0C0044F80E0094680868A1
:1045080014F0040F94684ED126074CD48D68C0F37C
:1045180004560724C00DB440B5F1004F00F0040064
:104528006FEA040400F0378102F11407B5403E58E1
:1045380034402C433C50506920F0004050610F69D2
:104548000868D468042F054600F0FA80C4F3C10453
:10455800650002F16004B04E54F827C000F0F8403E
:104568000CEA060606434869A840304340F000407C
:1045780044F827000D698E6954F8250020F08070F2
:10458800304344F825000E690D7F54F82600A5F144
:104598000105B5FA85F56D0920F0007040EA45601F
:1045A80044F8260008689468E50711D4CE689B4C47
:1045B800D2F8B05006F01807FC40C0F312070440C8
:1045C80025EA07052C43C2F8B040954CA64245D0D1
:1045D8009449084201D1002071E7934C934DA1689A
:1045E800A84201F0E07616D0914DA84213D0914D23
:1045F800A84200F08580904DA842ECD14902EAD447
:104608008E498A42E7D0A26822F0E072324342F42F
:104618008002A260DFE70C02DDD4B2F1A04FDAD14C
:10462800814987488A6822F0E072324342F40002E6
:104638008A60026883499209A1FB02129209013239
:1046480002EB420292000192019A002AC3D0019A19
:10465800013A0192019A002AF9D1BCE7002F5ED0F5
:1046680090FAA0F4002C00F0EF80B4FA84F401343E
:1046780004F01F04092C40F2E78090FAA0F4002C03
:1046880000F05281B4FA84F40134A40604F0F8442A
:1046980090FAA0F5002D00F04581B5FA85F50135B1
:1046A80005F01F05012606FA05F52C4390FAA0F03F
:1046B800002800F03581B0FA80F0013000F01F00CA
:1046C80000EB40001E38000540F000700443E50D83
:1046D800886805F0040502F11406C4F3045400FACE
:1046E80004F74FF0070C70590CFA04F420EA0400A0
:1046F8003843705108686BE7022002B0BDE8F081CA
:10470800C8013FF568AF4D498A423FF464AFA268DB
:1047180022F0E072324342F08072A2605BE7800EC2
:10472800013000F01F050124800600F0F840AC407D
:10473800092D44EA000405EB4500C3D80005C5E788
:10474800146E146EC0F31206C4F384646EBBC0F317
:104758008460844200F0B780546E566E02F16004A3
:10476800C6F3846602F1640E864200F09080A66863
:10477800A66804F1080CC6F38466864200F0B98086
:10478800E668E66804F10C07C6F38464A04200F00A
:104798009480284607E702F1140635582C40345017
:1047A800506940F000405061C9E690FAA0F626B181
:1047B800B6FA86F6B44200F08680546E566E02F160
:1047C8006004C6F3846602F1640E95FAA5F704F155
:1047D800080CE0461FB1B7FA87F7B74259D0A66868
:1047E800A668C6F3846695FAA5FE04F10C07B846D8
:1047F800BEF1000F03D0BEFA8EFEB6457BD0E66848
:10480800E468C4F3846495FAA5F6002E3FF4CBAEB1
:10481800B6FA86F0BAE700BF00F0FF03FFFF070013
:1048280000007F400000088000030050000021C302
:104838001000C090000052C7000084CB0001005057
:1048480038030020632D3E0590FAA0F4002C73D0A5
:10485800B4FA84F40134A40604F0F84490FAA0F5FC
:10486800002D67D0B5FA85F5013505F01F0501263D
:1048780006FA05F52C4390FAA0F0002857D0B0FAB4
:1048880080F0013000F01F0000EB400056E704F113
:104898000808DEF8000020F00040CEF800000D689F
:1048A800A068A668C5F31207C446C6F384662846FE
:1048B800002F98D1C5F384605FE7386820F0004086
:1048C800386008686FE6106E144620F0004044F81F
:1048D800600F0D68506E566EC5F3120702F1640E34
:1048E800C6F384662846002F7FF46FAFC5F3846053
:1048F8003AE704F10C08DCF8000020F00040CCF89E
:1049080000000D68E068E468C5F312064746C4F382
:1049180084642846002E7FF476AFC5F3846035E7BB
:104928000748D3E60225C0E64FF08064B0E64FF4AE
:104938004010CBE602259DE74FF080648EE700BF6C
:10494800000050FE2DE9F04390F8583083B0002263
:10495800012B019200F0A9818446012380F8583088
:10496800DCF81440DCF80030D1E90020002C72D0CB
:104978000C6A012C6FD0DCF8686000F01F00C2F3ED
:1049880084658540002E40F01681886A013C002825
:1049980000F01082CE6A00F07C00204330432843A8
:1049A800CCE919049868070710D491F8260091F803
:1049B80025404005002C40F0F380DC6891F8245035
:1049C80024F4401440EA05502043D860986810F059
:1049D800040057D0986800209C68E50713D4CE6877
:1049E800B44CD3F8B05006F01807FC40C2F31207D5
:1049F800144025EA070E44EA0E04C3F8B040AE4C52
:104A0800A64200F0F680AD490A421ED0AC4DAD4C2E
:104A1800A968A24201F0E07600F09C80AA4CA2426C
:104A280000F09880A94CA24200F05E81A84CA242F6
:104A38000BD14A0209D4A74A934206D0AB6823F0A7
:104A4800E073334343F48003AB6000238CF85830A1
:104A580003B0BDE8F0830928A4D1886A540C04F493
:104A6800785420B1CD6A00F07C0028430443D86C08
:104A7800994D28402043D8649868CCF864400707CB
:104A8800A4D492E79C682607A6D48C6A91F82500DE
:104A9800002C40F0A5800128D86800F08D8120F016
:104AA8000070D860002091F83040012C00F0778128
:104AB8001C6924F002041C618D68C2F304560724A3
:104AC800D20DB440B5F1004F02F004026FEA0404BD
:104AD80000F05B8103F11407B540BE5834402C4305
:104AE800BC505A6922F000425A610E690A68DC68B3
:104AF800042E154600F00781C4F3C104650003F1D4
:104B08006004764F54F826E002F0F8420EEA0707F0
:104B180017434A69AA403A4342F0004244F8262023
:104B28000E698D6954F8262022F080722A4344F8D1
:104B380026200E690D7F54F82620A5F10105B5FA47
:104B480085F56D0922F0007242EA456244F8262094
:104B58000A6841E70C023FF578AFB3F1A04F7FF444
:104B680074AF574A5E49936823F0E073334343F4C4
:104B7800000393600B685B4A9B09A2FB03239B0914
:104B880003EB43039B0018330193019B002B3FF475
:104B98005CAF019B013B0193019B002BF9D154E7CA
:104BA800DC6824F440142043D860986810F00400AE
:104BB8003FF468AF0EE7DCF86440013E2C43CCF8C4
:104BC8006860CCF86440002E7FF4ECAED86C424D9F
:104BD80028402043D864986807073FF5F7AEE4E615
:104BE800CC6A002C3FF457AF012800F02981D8681F
:104BF80055E747BB940E013404F01F050122A406B3
:104C0800AA4004F0F844092D44EA020405EB4502E1
:104C180049D91E3A120542F000721443E50D8A681C
:104C280005F0040503F11406C4F3045402FA04F76A
:104C38004FF0070E72590EFA04F422EA04023A43BE
:104C480072510A68DFE692FAA2F43CB1B4FA84F42D
:104C5800013404F01F04092C00F2CF8092FAA2F468
:104C6800002C00F04A81B4FA84F40134A40604F05C
:104C7800F84492FAA2F5002D00F03D81B5FA85F5C9
:104C8800013505F01F05012606FA05F52C4392FAB1
:104C9800A2F2002A00F02C81B2FA82F2013202F06C
:104CA8001F0202EB42021205B7E7022003B0BDE87B
:104CB800F08300BFFFFF070000007F40000008806E
:104CC80000030050000021C31000C090000052C72C
:104CD800000084CB000100500040100400F0FF03E6
:104CE80038030020632D3E05C9013FF5AEAE844A66
:104CF80093423FF4AAAEAB6823F0E073334343F02A
:104D08008073AB60A1E61C6E1C6EC2F31206C4F37E
:104D18008464002E54D092FAA2F626B1B6FA86F62A
:104D2800B44200F0B1805C6E5E6E03F16004C6F3BD
:104D3800846603F1640895FAA5F704F1080EF146B4
:104D480027B1B7FA87F7B74200F0B680A668A66819
:104D5800C6F3846695FAA5F804F10C07B946B8F1CC
:104D6800000F03D0B8FA88F8B04578D0E668E46850
:104D7800C4F3846495FAA5F6002E3FF42DAEB6FA76
:104D880086F2A24263D02A4626E603F11406B558F5
:104D98002C40B4505A6942F000425A61A5E6D1E964
:104DA8000D461D69344325F4FF752C4344F0020475
:104DB8001C6181E62046F2E540F00070D86071E69B
:104DC800C2F3846294425FD05C6E5E6E03F160044D
:104DD800C6F3846603F1640896426BD0A668A66899
:104DE80004F1080EC6F38466964236D0E668E66893
:104DF80004F10C07C6F38464C3E792FAA2F4002C0A
:104E080071D0B4FA84F40134A40604F0F84492FA98
:104E1800A2F5002D65D0B5FA85F5013505F01F0519
:104E2800012606FA05F52C4392FAA2F2002A5DD073
:104E3800B2FA82F2013202F01F0202EB4202E8E605
:104E4800DCF85C4044F02004CCF85C402BE63A687F
:104E580022F000423A600A68BEE504F10C09DEF867
:104E6800002022F00042CEF800200D68E268E468D5
:104E7800C5F312064F46C4F384642A46002E7FF415
:104E880079AFC5F384627CE71A6E1C4622F00042B3
:104E980044F8602F0D685A6E5E6EC5F31207C6F3AC
:104EA800846603F164082A46002F7FF444AFC5F3F3
:104EB800846291E704F10809D8F8002022F0004242
:104EC800C8F800200D68A268A668C5F31207CE4688
:104ED800C6F384662A46002F7FF43CAFC5F384628C
:104EE80082E702259FE74FF0806490E7054A94E641
:104EF8004FF4401291E60225C8E64FF08064B8E608
:104F080000010050000050FE90F85820012A46D0B9
:104F1800F0B404689CB0034600220120B4F1A04F0D
:104F2800189283F85800199208D0D96D83F8582040
:104F380041F02001D9651CB0F0BC7047224A906846
:104F480040070BD5A268DA6D42F020020120DA652D
:104F5800002283F858201CB0F0BC7047A0684507B1
:104F6800F1D40D68EDB1194E4F68B06893F838C0A8
:104F780020F46040384340EA4C30B060A068926842
:104F8800C0070AD4D70708D4B268896822F47162C6
:104F98000D4322F00F021543B5600020D8E7022028
:104FA80070470A48816821F460418160A16892686D
:104FB800CD07F2D4D407F0D4826822F4716222F0CB
:104FC8000F028260E9E700BF0001005000030050B3
:104FD800B0B110B590F82130044603F0FF0253B188
:104FE80000200123606284F82130C4E90100C4E98B
:104FF8000300606110BD80F82020FEF715FAEFE786
:10500800012070470749CA6803024FF6FF0003F4FE
:10501800E0630240134343F0BF6343F40033CB60C3
:10502800704700BF00ED00E01A4BDB68C3F30223B2
:1050380000B5C3F1070EBEF1040F03F1040C28BF3D
:105048004FF0040EBCF1060F1BD9A3F1030C4FF06F
:10505800FF3303FA0CF322EA03024FF0FF3303FA9B
:105068000EF321EA030303FA0CF313431B01002890
:10507800DBB209DB00F1604000F5614080F80033E5
:1050880000BD00229446E8E7034A00F00F000244FE
:10509800137600BD00ED00E0FCEC00E0002807DB23
:1050A800044A4109012300F01F00834042F82130DF
:1050B800704700BF00E100E0BFF34F8F0549064B82
:1050C800CA6802F4E0621343CB60BFF34F8F00BF9E
:1050D800FDE700BF00ED00E00400FA050138B0F17B
:1050E800807F01D30120704710B44FF0E023074CB4
:1050F80058614FF0F00C84F823C0002207211046B5
:105108009A615DF8044B1961704700BF00ED00E03B
:10511800704700BF08B5FFF7FBFF08BD002879D02E
:10512800F0B43D4A0468944203465ED93B493C4A80
:105138003C4D2144A2FB01210909890002229868FB
:1051480083F82520DA68C3E910511D6902432A4310
:105158005D692A439D692A43DD692A43256825F448
:10516800FF4C1D6A2CF0700C2A4342EA0C022260A4
:105178002B4DE2B2083AA5FB0252274D1209AC4268
:105188008CBF294E294E2A4DDD6488BF063202F0B5
:105198001F0201248D1904FA02F2B0F5804F1A6536
:1051A8009D644FEA910129D05D68204F05F07F008A
:1051B800013D032D46F82100C7F8842025D81D4A53
:1051C8001D4D02449200013884400021C3E9152591
:1051D800DC651160194A546400200122D86383F801
:1051E800240083F82520F0BC704715490C4A154D5A
:1051F8002144A2FB0121090989009FE7002058608A
:1052080046F821000949C1F884200022C3E9152283
:10521800DA65E1E70120704707040240F8FBFDBFAB
:10522800CDCCCCCC0004024020080240000802404B
:10523800800802403F8200104009024000090240F5
:10524800F8FFFDBF000002400B68002B00F09481BE
:105258002DE9F04FB0F1904F85B04FF0000200F00B
:10526800D680DFF8308300914FF0010B0BFA02F57E
:1052780015EA030A00F08280009E776807F0030EA3
:10528800032154000EF1FF3901FA04FCB9F1010FB2
:1052980031466FEA0C0CB66878D9BEF1030F01D11C
:1052A800012E05D0C568A64005EA0C052E43C66048
:1052B80005680EFA04F405EA0C052C4317F4403F80
:1052C80004605BD0B04D2C6E44F001042C662C6E4B
:1052D80004F001040394039C22F0030404F18044C5
:1052E80002F003060F2104F58034B60001FA06FC2B
:1052F800A649A568884225EA0C0500F08280A449E1
:10530800884278D0DFF890C2604500F02F81DFF83E
:105318008CC2604500F03181DFF884C260450CBF63
:105328004FF0050C4FF0060C0CFA06F63543A56055
:10533800D8F808406FEA0A05FE0254BF2C404AEA32
:105348000404C8F80840D8F80C40B90254BF2C40EF
:105358004AEA0404C8F80C40D8F80440BE0354BF15
:105368002C404AEA0404C8F80440D8F80040F9037D
:1053780054BF2C404AEA0404C8F80040013233FA0A
:1053880002F47FF473AF05B0BDE8F08FD0F8089051
:10539800C96809EA0C09A14041EA0909C0F808905E
:1053A800D0F8049029EA0509C7F30015954045EAA5
:1053B80009054560C568A64005EA0C052E43BEF1FF
:1053C800020FC6607FF474AF4FEAD20900EB890977
:1053D80002F00706D9F82010019100990D69B6006E
:1053E8000F21B54001FA06F6019921EA0606354370
:1053F800C9F820505CE74FF0020C0CFA06F635436A
:1054080095E74FF0010C0CFA06F635438FE7DFF805
:10541800848151E0032C01D1012E06D0C56806FA1B
:105428000EF60CEA05052E43C660056804FA0EF46C
:1054380005EA0C052C4317F4403F046037D0524D61
:105448002C6E44F001042C662C6E04F001040394C5
:10545800039C22F0030404F1804404F5803402F034
:1054680003050F26AD0006FA05F5A66826EA050528
:10547800A560FE02D8F808406FEA090573D42C40ED
:10548800C8F80840BE02D8F80C4069D42C40C8F8C7
:105498000C40BE03D8F804405FD42C40C8F8044040
:1054A800FF03D8F8004055D42C40C8F8004001321A
:1054B80033FA02F43FF467AF012404FA02F513EA61
:1054C8000509F4D04F6802FA04FE07F00304032626
:1054D80004F1FF3A06FA0EFCBAF1010F8E686FEA82
:1054E8000C0C97D806FA0EF6D0F808B00096CE68DD
:1054F8000CEA0B0B06FA0EFA4AEA0B0AC0F808A0E7
:10550800D0F804A0009E2AEA050AC7F300159540C2
:1055180045EA0A054560C5680CEA05052E43022CD4
:10552800C66082D1D6080D69B60002F0070A06F1F6
:1055380090464FEA8A0A05FA0AF5D6F820B000958F
:105548000F2505FA0AFA009D2BEA0A0B45EA0B0516
:1055580035626AE744EA0904A7E744EA09049DE7D3
:1055680049EA040493E749EA040489E74FF0030C85
:105578000CFA06F63543DAE670474FF0040C0CFADD
:1055880006F63543D3E600BF001002400004004889
:105598000008004800040140000C004800100048C2
:1055A800001400480AB1816170478162704700BFEA
:1055B800354A136860B903F4C063B3F5806FD2F855
:1055C80080301CD023F48073C2F8803000207047EC
:1055D800B0F5007F06D023F4C06343F48063136002
:1055E8000020704703F4C063B3F5806FD2F88030B1
:1055F8002AD043F48073C2F880300020704723F427
:105608008073C2F8803013682048214923F4C063AE
:1056180043F4007313600368322000FB03F35069FE
:10562800A1FB03139B0C400503F1010306D5516947
:10563800490503F1FF3301D5002BF8D1124B5B6903
:105648005B05CDD50320704743F48073C2F88030E2
:1056580013680E480E4923F4C06343F400731360C3
:105668000368322000FB03F35069A1FB03139B0C72
:10567800400503F10103E1D55169490503F1FF3301
:10568800DCD5002BF8D1D9E70070004038030020A2
:1056980083DE1B43024A936843F480439360704758
:1056A80000700040002800F039822DE9F0410368BD
:1056B800D90782B004462DD5A5498A68C96802F081
:1056C8000C020C2A00F00281082A00F004816368A9
:1056D800B3F5803F00F02981B3F5A02F00F0928147
:1056E8009B4D2A6822F480322A602A6822F480229C
:1056F8002A60002B40F01E81FEF7CAFD064605E031
:10570800FEF7C6FD801B642800F239812B689903D7
:10571800F6D423689A0728D58D4A9368D26803F08F
:105728000C030C2B00F0E280042B00F0E480E3680B
:10573800874D002B00F014812B6843F480732B6095
:10574800FEF7A6FD064605E0FEF7A2FD801B02282F
:1057580000F215812B685F05F6D56B68226923F086
:10576800FE4343EA02636B6023681A0719D563692D
:10577800774D002B00F09680D5F8943043F0010364
:10578800C5F89430FEF784FD064605E0FEF780FD77
:10579800801B022800F2F380D5F894309B07F5D5DA
:1057A80023685D0741D56A4B9A6DD00000F1EB8004
:1057B8009A6D42F080529A659B6D03F08053019375
:1057C800019B0125634E3368D90540F10A81A3681E
:1057D800012B00F0DA80052B00F05E815C4ED6F8D4
:1057E800902022F00102C6F89020D6F8902022F0EE
:1057F8000402C6F89020002B40F0CE80FEF748FD4A
:1058080041F28838074605E0FEF742FDC01B4045D7
:1058180000F2B580D6F890309907F5D425B14C4AF6
:10582800936D23F08053936523689A0618D5A3696E
:10583800474D002B00F0C180D5F8983043F00103A4
:10584800C5F89830FEF724FD064605E0FEF720FD72
:10585800801B022800F29380D5F898309B07F5D575
:10586800E369EBB13A4DAA6802F00C020C2A00F089
:105878002181022B2B6823F080732B6000F0CF80EE
:10588800FEF706FD044604E0FEF702FD001B0228B1
:1058980075D82B689B01F7D4EA682F4B1340EB604F
:1058A80000206DE0D5F8943023F00103C5F894305A
:1058B800FEF7EEFC064604E0FEF7EAFC801B022831
:1058C8005DD8D5F894309F07F6D469E701F0030155
:1058D80003297FF4FCAE1E4A126892037FF51AAFC3
:1058E8006268002A7FF416AF012049E002F0030243
:1058F800022A7FF41CAF164B1B685B0502D5E368D0
:10590800002BF1D0124A20695368144923F0FE4352
:1059180043EA006353600868FEF770FC0028E3D18F
:1059280023681A077FF53DAF21E7094A136843F456
:1059380080331360FEF7ACFC054E054604E0FEF725
:10594800A7FC401B64281AD833689F03F7D5E0E604
:105958000010024000700040FCFFEEFE40030020F3
:105968002B6823F480732B60FEF792FC06462B68A5
:105978005905D5D5FEF78CFC801B0228F7D90320E2
:1059880002B0BDE8F08100251CE7654AD2F89030E6
:1059980043F00103C2F89030FEF77AFC604F0646E8
:1059A80041F2883804E0FEF773FC801B4045E6D8D6
:1059B800D7F890309B07F6D530E7D5F8983023F024
:1059C8000103C5F89830FEF763FC064604E0FEF7CD
:1059D8005FFC801B0228D2D8D5F898309F07F6D4F0
:1059E8003EE7336843F480733360FEF751FC0746A3
:1059F8003368DA053FF5EBAEFEF74AFCC01B022818
:105A0800F6D9BCE703F18043A3F53C331A6842F4A6
:105A180080221A601A6842F480321A608AE7FEF718
:105A280037FC064604E0FEF733FC801B0228A6D8A4
:105A38002B689901F7D4E9683A4B226A606A0B40EF
:105A48001343D4E90A1243EA012343EAC263D4E9BF
:105A58000C120138490843EA00130139520843EA95
:105A68004153013A43EA4263EB602B6843F0807389
:105A78002B60EB6843F08073EB60FEF709FC284D60
:105A8800044605E0FEF704FC001B02283FF677AF4A
:105A98002B689A01F6D503E7214BD3F8902042F002
:105AA8000402C3F89020D3F8902042F00102C3F812
:105AB800902071E7012B3FF417AFEB68226A03F0DF
:105AC800030191427FF410AF616A03F0F0020139DB
:105AD800B2EB011F7FF408AFA16A03F4FE42B2EBF8
:105AE800012F7FF401AFE16A03F07842B2EBC16F96
:105AF8007FF4FAAE226B520803F4C001013AB1EB0D
:105B0800425F7FF4F1AE626B520803F0C063013A62
:105B1800B3EB426F14BF0120002031E7012070472A
:105B2800001002400C809F01184B9A6802F00C028A
:105B3800042A26D09A6802F00C02082A23D09A6810
:105B480002F00C020C2A01D000207047D968DA68EC
:105B5800D86801F003010329C2F30312C0F3062039
:105B68000CBF0B4B0B4B0132B3FBF2F303FB00F002
:105B7800064BDB68C3F3416301335B00B0FBF3F012
:105B88007047044870470248704700BF0010024041
:105B980000366E010024F400002800F0EE80784AF8
:105BA8002DE9F843136803F00F038B420D460446B2
:105BB8000CD2136823F00F030B431360136803F030
:105BC8000F038B4202D00120BDE8F8832368DF076A
:105BD80069D56768032F00F0A0806A4B022F1B6805
:105BE80000F097805B05EED5FFF79EFF664B984265
:105BF80040F2C080634A936823F0F00343F08003C7
:105C080093604FF080095F4EB36823F003033B4372
:105C1800B360FEF73DFB41F28838074604E0FEF723
:105C280037FBC01B404571D8B368626803F00C03AA
:105C3800B3EB820FF3D123689F0736D4B9F1000F75
:105C480003D0B36823F0F003B3604D4E336803F01C
:105C58000F03AB4246D823685A0706D54949E0687E
:105C68008A6822F4E06202438A601B0707D5454A26
:105C78002169936823F4605343EAC1039360FFF7F3
:105C880053FF404A414C92684149C2F3031203460C
:105C9800A25C404802F01F02D3400B600068BDE8D8
:105CA800F843FEF7ABBA9E07CFD5580704D5354958
:105CB8008A6842F4E0628A60190706D5314A936817
:105CC80023F47C5343F4E06393602E4AA1689368FD
:105CD8002B4E23F0F0030B439360336803F00F035C
:105CE800AB42B8D9336823F00F032B433360FEF778
:105CF800CFFA41F288380746336803F00F03AB4206
:105D0800A9D0FEF7C5FAC01B4045F5D90320BDE868
:105D1800F8839A033FF568AF55E71A4A1168880176
:105D28007FF551AFD068D168D268174E00F00300F4
:105D38000328C1F303110CBF174818480131B0FB01
:105D4800F1F11048C2F3062201FB02F2C168C1F367
:105D5800416101314900B2FBF1F2B2420AD98268CD
:105D680012F0F00F3FF446AF990703D5A368002B54
:105D78003FF440AF4FF0000945E70120704700BFEE
:105D8800002002400010024000B4C404C49400087B
:105D9800380300204003002000366E010024F40080
:105DA800014B1868704700BF38030020054B064AAE
:105DB8009B680649C3F302230868D35C03F01F03FA
:105DC800D840704700100240BC94000838030020F7
:105DD800054B064A9B680649C3F3C2230868D35C8F
:105DE80003F01F03D840704700100240BC9400081D
:105DF80038030020024A136843F4002313607047F5
:105E0800001002402DE9F0410368044613F4002015
:105E180082B042D0A14B9A6DD50040F1F88000279E
:105E28009F4D2B6843F480732B60FEF731FA0646CA
:105E380005E0FEF72DFA831B022B00F2F3802B6896
:105E4800D805F6D5954D226CD5F8903013F44073EB
:105E580016D0934214D0D5F89010D5F8903043F46A
:105E68008033C5F89030D5F8903023F48033C5F8E6
:105E7800903021F44073C907C5F8903000F1FD80D7
:105E88008649D1F8903023F440731343C1F8903019
:105E980023680020002F40F0CA80DE0708D57F491C
:105EA8006568D1F8882022F003022A43C1F88820C7
:105EB8009D0708D57949A568D1F8882022F00C02F9
:105EC8002A43C1F88820590708D57449E568D1F8EC
:105ED800882022F030022A43C1F888201A0708D502
:105EE8006E492569D1F8882022F0C0022A43C1F8FA
:105EF80088209F0608D569496569D1F8882022F469
:105F080040622A43C1F888205E0608D56349A5691E
:105F1800D1F8882022F440522A43C1F888201D066F
:105F280008D55E49E569D1F8882022F440422A4321
:105F3800C1F88820D90508D55849256AD1F888209C
:105F480022F440322A43C1F888209A0508D55349DB
:105F5800656AD1F8882022F440222A43C1F88820B3
:105F68005F050BD54D49A56AD1F8882022F4401267
:105F78002A43B5F5801FC1F888205ED01E050BD5D1
:105F88004649E56AD1F8882022F440022A43B5F54B
:105F9800800FC1F8882055D0DD040BD53F49256B0B
:105FA800D1F8882022F040722A43B5F1807FC1F8E9
:105FB80088204CD099040BD53849656BD1F88820D6
:105FC80022F040622A43B5F1006FC1F8882043D01F
:105FD8005A040BD53149A56BD1F8882022F04062CC
:105FE8002A43B5F1006FC1F888203AD01B040BD5BD
:105FF8002A4AE16BD2F8883023F040530B43B1F1C1
:10600800805FC2F8883031D002B0BDE8F0819A6D67
:1060180042F080529A659B6D03F080530193019B77
:106028000127FDE623680320002F3FF436AF1B4904
:106038008A6D22F080528A652FE7CA6842F480127E
:10604800CA609BE7CA6842F48012CA60A4E7CA68BB
:1060580042F48012CA60ADE7CA6842F48012CA608E
:10606800B6E7CA6842F48012CA60BFE7D36843F44F
:106078008033D36002B0BDE8F081FEF709F941F240
:106088008838064604E0FEF703F9801B4045C9D866
:10609800D5F890309B07F6D5226CF1E60010024047
:1060A80000700040036A026A22F0010270B40262C2
:1060B800446882690D6822F4803222F073022A4310
:1060C8008D6823F002032B43144DA8420FD005F529
:1060D8000065A8420BD005F54065A84207D005F534
:1060E8008065A84203D005F58065A8420FD1056AEE
:1060F80025F004050562CD6823F008032B43D1E998
:10610800056524F4407446EA050C4CEA0404496821
:106118004460826170BC416303627047002C014097
:10612800036A026A22F4807270B402624468C26927
:106138000D6822F4803222F073022A438D6823F41A
:10614800007343EA0523154DA8420FD005F50065F5
:10615800A8420BD0124DA84211D005F58065A8427F
:106168000DD005F58065A84211D108E0056A25F42F
:1061780080650562CD6823F4006343EA0523D1E90D
:10618800056524F4405446EA050C44EA0C144968B1
:106198004460C26170BCC16303627047002C014057
:1061A80000400140036A026A22F4805270B402621D
:1061B8004468C2690D6822F0807222F4E64242EA1D
:1061C80005228D6823F4005343EA0533154DA84290
:1061D8000FD005F50065A8420BD0134DA84211D089
:1061E80005F58065A8420DD005F58065A84211D156
:1061F80008E0056A25F480450562CD6823F400436C
:1062080043EA0533D1E9056524F4404446EA050C20
:1062180044EA8C1449684460C26170BC016403623A
:10622800704700BF002C014000400140002875D095
:1062380070B590F83D30044603F0FF02002B68D09B
:106248002268374EA169E5686068022384F83D300A
:10625800B24213684DD0B2F1804F1CD0A6F59436E7
:10626800B24218D006F58066B24214D006F59636CA
:10627800B2423ED02B4EB2423FD006F58066B242C3
:106288003BD006F58066B24237D023F08003D56252
:10629800194390620CE0A66823F070033343266923
:1062A800D56223F44073334323F08003194390628B
:1062B8001068012340F0040010605361116084F8F5
:1062C800483084F83E3084F83F3084F8403084F811
:1062D800413084F8423084F8433084F8443084F8FC
:1062E800453084F8463084F8473084F83D30002043
:1062F80070BDA66823F0700333432669D56223F482
:106308004073334323F08003906219436369136336
:10631800CEE780F83C20FDF79FF891E70120704711
:10632800002C014000400140704700BF002875D094
:1063380070B590F83D30044603F0FF02002B68D09A
:106348002268374EA169E5686068022384F83D3009
:10635800B24213684DD0B2F1804F1CD0A6F59436E6
:10636800B24218D006F58066B24214D006F59636C9
:10637800B2423ED02B4EB2423FD006F58066B242C2
:106388003BD006F58066B24237D023F08003D56251
:10639800194390620CE0A66823F070033343266922
:1063A800D56223F44073334323F08003194390628A
:1063B8001068012340F0040010605361116084F8F4
:1063C800483084F83E3084F83F3084F8403084F810
:1063D800413084F8423084F8433084F8443084F8FB
:1063E800453084F8463084F8473084F83D30002042
:1063F80070BDA66823F0700333432669D56223F481
:106408004073334323F08003906219436369136335
:10641800CEE780F83C20FFF787FF91E7012070471F
:10642800002C01400040014090F83C30012B5DD029
:10643800024630B400680124022382F83C4082F806
:106448003D3083684C680D6823F4401323F07003D3
:10645800234323F4803323F007032B43602C83600A
:106468007CD02DD8402C66D05ED9502C36D18B6884
:106478000D69016A046A24F0010404624C4CA042CC
:106488000FD004F50064A0420BD004F54064A0428C
:1064980007D004F58064A04203D004F58064A042CC
:1064A80003D1046A24F00404046221F00A011943A8
:1064B800836923F0F00343EA05138361016222E054
:1064C800702C15D06F2C09D93A4B9C421BD064D83C
:1064D800B4F1101F17D0103B9C4214D001200023A8
:1064E80082F83D0082F83C3030BC7047022070478B
:1064F800D1E9025384682B430D6924F47F4143EAB0
:1065080005230B438360C36823F04003C360C3685B
:106518000021012423F48043C36082F83D4082F8BF
:106528003C10084630BC7047202CECD03CD834F0E6
:106538001003D3D1E7E7052DD0D0B5F1011FCDD099
:10654800046A036A096923F001030362836923F07B
:10655800F00343EA011383610462D4E78D680C6990
:10656800036A016A21F010010162114988420FD0C3
:1065780001F5006188420BD0816923F0A00321F462
:10658800704143EA051341EA043181610362BAE7C5
:10659800016A21F040010162EEE7074B9C42B2D04C
:1065A80030339C429AD1AEE7302C97D1ABE700BF8D
:1065B800002C01403000100040001000036A026AFD
:1065C80022F0100270B40262446882690D6822F0F9
:1065D800807222F4E64242EA05228D6823F0200305
:1065E80043EA0513154DA8420FD005F50065A842EA
:1065F8000BD0134DA84211D005F58065A8420DD0E7
:1066080005F58065A84211D108E0056A25F0400526
:106618000562CD6823F0800343EA0513D1E90565D7
:1066280024F4406446EA050C44EA8C044968446052
:10663800826170BC81630362704700BF002C014017
:106648000040014090F83C30012B00F0DC80012331
:1066580070B504460D4680F83C30142A0CD8DFE8A3
:1066680002F04F0B0B0B630B0B0B740B0B0B840B18
:106678000B0B950B0B0B1000002384F83C3001200A
:1066880070BD03682E681A6A196A21F480111962AC
:106698005868196D21F0807121F4E04141EA062122
:1066A800AE6822F4001242EA0652584EB3420FD0A6
:1066B80006F50066B3420BD006F54066B34207D034
:1066C80006F58066B34203D006F58066B34204D16E
:1066D8006E6920F4802040EA862058601965696850
:1066E800D9641A621A6D296942F400621A651A6D32
:1066F80022F480621A651A6D42EA01221A650EE0D8
:106708000068FFF7CFFC83692A6943F008038361B7
:10671800836923F00403836183691343836100233E
:1067280084F83C30002070BD0068FFF747FF83699C
:106738002A6943F400638361836923F48063836176
:10674800836943EA02238361E9E70068FFF7E8FC0D
:10675800C3692A6943F00803C361C36923F00403CA
:10676800C361C3691343C361D9E70068FFF71AFD22
:10677800C3692A6943F40063C361C36923F480636E
:10678800C361C36943EA0223C361C8E703682E688B
:106798001A6A196A21F4803119625868196D21F44E
:1067A800803121F070013143AE6822F4003242EAB0
:1067B8000642164EB3420FD006F50066B3420BD020
:1067C80006F54066B34207D006F58066B34203D0AB
:1067D80006F58066B34204D16E6920F4803040EA41
:1067E800062058601965696899641A621A6D2969E2
:1067F80042F008021A651A6D22F004021A651A6D31
:106808000A431A658BE70220704700BF002C01403D
:1068180090F83C30012B46D070B40246234E0068F5
:10682800022382F83D30B04243680D68846824D062
:1068380006F50066B0422BD023F0007323F07003F6
:106848002B43B0F1804F43600AD0194B984207D0D0
:1068580003F58063984203D003F59C33984204D132
:106868008B6824F080041C4384600020012382F894
:106878003D3082F83C0070BC70474E6823F47003CA
:10688800334323F0007323F070032B434360E7E79F
:106898004E6823F47003334323F0007323F070032E
:1068A8001D434560DCE70220704700BF002C014013
:1068B8000004004090F83C30012B45D010B4D1E9D9
:1068C800024323F440730246234348680C6823F4C8
:1068D8008063034323F400630869234323F480534C
:1068E8004C69034323F40053086B234323F4804388
:1068F8008C69034323F47023C86943EA044323F0F3
:106908008053124C03431068A0420BD004F5006476
:10691800A04207D00021436482F83C1008465DF885
:10692800044B70478C6A23F4700343EA04530C6ADF
:1069380023F0807323434C6AC96A23F0007323430E
:1069480023F000530B43E5E702207047002C014079
:10695800034690F83C00012845D0106801380F28FC
:10696800F0B415D8214C224D54F8206055F820C0B9
:10697800204C214D54F8204055F8207001290DD0A5
:1069880002291CD0002283F83C200120F0BC70476B
:1069980000270129BC463C463E46F1D190681D6857
:1069A8005168B8402F6E01FA0CF181EA07023240B3
:1069B8007A4080EA020121404A402A660DE01868C0
:1069C8005168456E926801FA0CF16940314069409E
:1069D800BA404A4022404A404266002283F83C209E
:1069E8000020F0BC70470220704700BF9495000853
:1069F8001495000854950008D49400082DE9F8432C
:106A08000446D0F8880020286CD10F4609B11546F5
:106A180012B90120BDE8F88398464FF000092123F8
:106A2800C4F89090C4F88830FDF732FCA368A4F845
:106A38005450B3F5805F0646A4F8565055D0B4F8C4
:106A48005620236892B242B3B8F1FF3F3DD0B8F167
:106A5800000F57D0DA69150609D4FDF719FC801B19
:106A6800804554D323681A68DA691506F5D5002FCE
:106A780032D017F8012B9A62D4F8882002F021024C
:106A8800212AC6D1B4F85620013A92B2A4F8562069
:106A9800B4F8562092B2002AD6D1B8F1FF3F2AD0D6
:106AA800B8F1000F39D0DB69590609D4FDF7F0FBBE
:106AB800831B98452BD323681A68DB695906F5D5DB
:106AC8002023C4F888300020A4E7DA691006CED461
:106AD800DA691006F9D5CAE739F8022BC2F30802B9
:106AE8009A62C9E70220BDE8F8832369002BA6D182
:106AF800B9461F46A3E7DA695206E1D4DA695206B5
:106B0800DED4F8E7DA691206B1D4FDF7C1FB202319
:106B1800C4F888300320BDE8F883DB695B06F4D548
:106B2800CEE700BF70B504460368826800696169F2
:106B38001D6802430A43E0698E49024329400A431B
:106B48001A605A68E168656A22F440520A438A4921
:106B58005A608B429968A26921F06E4121F4306134
:106B680000F0B080266A32430A439A60DA6A22F05B
:106B78000F022A43DA62814A934235D0804A93420F
:106B88000DD0804A934255D07F4A934240D001208D
:106B980000234FF00112C4E91D33A26670BD7B4B80
:106BA800D3F8883003F00C030C2BF0D801A252F86C
:106BB80023F000BFC16C0008976B0008976B0008B2
:106BC800976B00082F6C0008976B0008976B0008FC
:106BD800976B0008836C0008976B0008976B000898
:106BE800976B0008516C0008684BD3F8883003F0A5
:106BF8000303022B41D0032B26D0012B13D0B0F571
:106C0800004F00F0AB80FFF7E3F8A0B3656A20E01F
:106C18005E4BD3F8883003F0C003802B2DD000F2F0
:106C28008D80002B48D0B0F5004F00F09D80FEF716
:106C38007BFFEAE7554BD3F8883003F03003202B6D
:106C48001BD0EED9302BA2D1B0F5004F19D04FF49C
:106C5800004063684E4A32F81510B0FBF1F04FF669
:106C6800EF7200EB5300B0FBF3F0A0F11003934276
:106C78008DD82368D86000208AE7B0F5004F4548D2
:106C8800E7D16268424B33F81510B0FBF1F05308B6
:106C980003EB40034FF6EF71B3FBF2F3A3F11002DD
:106CA8008A423FF674AF23F00F02216892B2C3F311
:106CB80042031343CB60DEE7B0F5004F48D0FFF73F
:106CC80075F8A2E711439960DA6A304922F00F0299
:106CD8002A43DA62D1F8883003F44063B3F5006FD1
:106CE80045D02ED8002B3CD0FEF71EFF0028C2D07E
:106CF800656A6668264B06EB460133F81520B0FB3B
:106D0800F2F399423FF643AFB3EB063F3FF63FAF8E
:106D180000231946F9F738FF4FF480750346002120
:106D280070083246E3FB05010023F9F72DFF1A4BE3
:106D3800A0F540729A423FF62AAF9AE7C02B83D05B
:106D480025E7B3F5406F7FF422AF4FF40040D0E75A
:106D5800FFF72CF800288ED0656A92E7FFF738F81D
:106D6800F8E7FFF723F8C1E7FEF7DEFEF2E7094888
:106D7800BFE700BFF369FFCF008000400038014043
:106D88000044004000480040004C00400010024011
:106D9800D49500080024F400FFFC0F00836A1A074A
:106DA80010B406D50168846B4A6822F40042224375
:106DB8004A60DC0706D50168C46A4A6822F40032D2
:106DC80022434A60990706D50168046B4A6822F491
:106DD800803222434A605A0706D50168446B4A68E4
:106DE80022F4802222434A60DC0606D50168C46B7F
:106DF8008A6822F4805222438A60990606D501687F
:106E0800046C8A6822F4005222438A605A0609D523
:106E18000168446C4A6822F480122243B4F5801F4A
:106E28004A600BD01B0606D50268C16C536823F470
:106E380000230B4353605DF8044B70474A68846C29
:106E480022F4C00222434A60ECE700BF38B50023B1
:106E58000446C0F89030FDF71BFA21680B681B0741
:106E680005460FD40B685A0731D400232022C4F8F2
:106E780088201846C4F88C20E3662367002384F82A
:106E8800843038BDCB699802ECD40BE01A685207FD
:106E980005D5DA6910074BD4DA69120576D4DB69AF
:106EA8009802DFD4FDF7F4F92368421BB2F1007FA2
:106EB8001946EBD353E8002F22F0800243E8002163
:106EC8000029F7D12023C4F888300320D6E7CB69FE
:106ED8005B02CAD40DE01A68500707D5DA691107B2
:106EE80000F18280DA69120500F1AC80DB695B028F
:106EF800BBD4FDF7CDF9431BB3F1007F2368EAD378
:106F080053E8002F22F4907243E800210029F7D1BA
:106F180003F1080252E8002F22F0010203F10800F1
:106F280040E800210029F3D12023C4F88C30CCE7B5
:106F380008221A6253E8002F22F4907243E80021D5
:106F48000029F7D1564803F1080252E8002F024001
:106F580003F1080545E800210029F4D1E26E012A71
:106F68000BD0002220200821C4F88C006267E2665A
:106F780084F88420C4F890109CE753E8002F22F08E
:106F8800100243E800210029F7D1EAE74FF4006234
:106F98001A6253E8002F22F4907243E80021002976
:106FA800F7D13F4803F1080252E8002F024003F1ED
:106FB800080545E800210029F4D1E26E012A0AD02B
:106FC80000222021C4F88C106267E26684F88420CD
:106FD800C4F890106EE753E8002F22F0100243E83F
:106FE80000210029F7D1EBE708221A6253E8002FA5
:106FF80022F4907243E800210029F7D1284803F1D0
:10700800080252E8002F024003F1080545E8002174
:107018000029F4D1E26E012A0BD000222020082199
:10702800C4F88C006267E26684F88420C4F8901083
:1070380066E753E8002F22F0100243E800210029F8
:10704800F7D1EAE74FF400621A6253E8002F22F4FE
:10705800907243E800210029F7D1114803F1080292
:1070680052E8002F024003F1080545E800210029F5
:10707800F4D1E26E012A0AD000222021C4F88C1033
:107088006267E26684F88420C4F8901038E753E811
:10709800002F22F0100243E800210029F7D1EBE786
:1070A800FEFFFFEF80B3D0F8883010B5044633B345
:1070B8002268A16A2423C4F88830136823F00103E6
:1070C8001360C1B92046FFF72DFD012811D02368B0
:1070D8005A6822F490425A609A6822F02A029A600A
:1070E8001A6842F0010220461A60BDE81040FFF716
:1070F800ADBE012010BD2046FFF750FEE2E780F844
:107108008430FCF729FAD3E70120704790F88430DF
:10711800012B17D00268242310B4C0F888301168F6
:107128001468002324F0010421F000511460436620
:10713800116080F884302022C0F888205DF8044B64
:10714800184670470220704790F88420012A37D0EB
:1071580003460268242030B5C3F888001468106814
:1071680020F001001060906820F060400143586EE4
:10717800916010B391689068124DC1F3426C4FEA68
:10718800507E114911F80E0011F80C1015F80EE098
:1071980015F80C50C000C900B0FBFEF0B1FBF5F1CA
:1071A800A3F868100021A3F86A002025146083F86A
:1071B80084100846C3F8885030BD01210846EFE71F
:1071C80002207047EC950008F495000890F8842098
:1071D800012A37D003460268242030B5C3F8880056
:1071E8001468106820F001001060906820F060605A
:1071F8000143586E916010B391689068124DC1F3C5
:10720800426C4FEA507E114911F80E0011F80C102B
:1072180015F80EE015F80C50C000C900B0FBFEF0E0
:10722800B1FBF5F1A3F868100021A3F86A00202546
:10723800146083F884100846C3F8885030BD0121D3
:107248000846EFE702207047EC950008F49500081F
:1072580010B50446406B01F003FBE06B00F00EFB39
:10726800012384F8383010BD70B50446002500238A
:1072780082B0406B238565622562E5612564E5601F
:107288000E4601F0EDFA94F83830022B08BFE36B94
:10729800304608BF1D6100F03BF9019028B107EEA8
:1072A800900AFBEEEF7AC4ED147A02B070BD00BF0D
:1072B800D0ED086A90ED0C7AD0ED097AE6EE877A7F
:1072C80010B5044617EE900AF9F706F99FED081B6A
:1072D80041EC100B01F09CFB51EC100BF9F704FC8E
:1072E80000EE100A606201F047FB208510BD00BF68
:1072F80000000060FB21194010B50446406B01F006
:10730800D9FA23681B7D90FBF3F000B210BD00BFD3
:107318000368406B1B7D03FB01F101F0EBBA00BF72
:10732800406B01F0CDBA00BF10B52DED028B90F87F
:107338003830012B0446406B30D0636CDFED228A75
:10734800B3F90C3008EE103A01F092FA07EE900A01
:10735800F8EEE77A9FED1D7AE06B67EEA87AB8EE53
:10736800C88A27EE877AB0EE670AA8EE680AC4EDE5
:10737800127A84ED137A00F089FAF0EE407AA8EEDA
:10738800280ABDEC028B9FED127AC4ED107A20EE2C
:10739800077A84ED080A84ED077A10BD01F068FACF
:1073A80007EE900A9FED0B7A9FED0B0AF8EEE77A4D
:1073B800BDEC028B67EE877A27EE800AC4ED077A68
:1073C80084ED080A10BD00BF7CD9203FEBC91841E5
:1073D80083F9223ECDCCCC3DDB0FC94010B5D0EDB2
:1073E800077A90ED067A2DED048BF0EEE77AB4EE8D
:1073F800E77AF1EE10FA86B004467ED8D0ED048A1A
:107408009FED3F7A68EE878A68EEA78AD4ED027A04
:107418009FED3C7AC4ED038AF4EEE87AF1EE10FAB7
:1074280044BFF0EE678AC4ED037A94ED099AD4ED6F
:10743800147A29EE079AF4EEE87AF1EE10FA48BFCA
:10744800C4ED037AB0EE490A48BFF0EE678AFBF74D
:1074580093F8DFED2D7AD4ED039AB0EE408A39EE39
:10746800270AFBF789F8DFED297A69EE809A39EE69
:10747800270A94ED039AFBF77FF8D4ED147AB7EE58
:10748800006AC6EE275AF7EE000A68EE257A65EE1E
:10749800A96A67EEA87A29EE007AF4EEC67AF1EEC8
:1074A80010FADCBF77EE867AB6EE000AF4EEE06AF0
:1074B800D4BF27EE800AB0EE460AF1EE10FA27EEA6
:1074C800257A05DC76EEA06AF6EE000A66EEA00ADA
:1074D800B7EE001AB4EEC17AF1EE10FA05DC37EE19
:1074E800017AB6EE001A27EE011A606806B0BDEC04
:1074F800048BBDE8104000F067BAD0ED058A85E737
:10750800DB0FC940E02E6542000070430000F042E6
:10751800C388408803FB00F0000C7047F8B5C37FB0
:1075280090F822209A42044602D00133C377F8BD6E
:10753800058B0023C377002D2FD06169A28BAA4247
:107548001AD394F824604B19002E7AD0A26803EB62
:10755800460C043A52F8040F008823F8020B258BD6
:107568000235ADB29C452583F4D194F82630A28B20
:10757800FD2B6BD9AA42DAD294F82630FE2B4AD0DA
:1075880094F82A304B53228B20680232092345682D
:1075980092B2A84700232383F8BD0146092251F877
:1075A800140B0368984790B33A4B61691B680B60EA
:1075B80094F8290094F82A2084F820500423824261
:1075C800238301D11D46B9E794F8273094F8232086
:1075D80094F8251094F8215084F8242084F8283051
:1075E8001A44638B84F82A0084F82610A383D4E90C
:1075F8000110920084F8225001F0FCF994F823203D
:1076080094F82730D4E903101A4401F0F3F9258BD4
:10761800002D92D1F8BD94F8243094F8280018442D
:107628008342ADDAA768266957F8232012684A51C1
:107638005A1CF35C2B449DB2D3B283422583F3DBFF
:107648009EE794F82630FD2B3FF671AF94F82000A2
:10765800984205D0013084F82000AA4290D3F8BDA2
:1076680094F8287037440023BE4284F82030F4DAB6
:10767800D4F808E0D4F810C05EF826301B684B51E7
:107688001CF80630701C2B44C6B29DB2BE4225833E
:10769800F2DB6FE73C190020038B9BB170B590F8C3
:1076A80026204169FE2A04460DD094F82A20CA52A1
:1076B800228B206802320923456892B2A84700232A
:1076C800238370BD704790F8242090F828C0944414
:1076D8006245EADA8668056956F822000068C850EB
:1076E800A85C01320344D2B29BB262452383F3DB28
:1076F800DBE700BF2DE9F8430F880446002F46D08A
:107708000368DB89BB423FD38B7880F8213091F83E
:10771800038080F823800B7980F825304B79827FAD
:1077280080F827304344934257DC8E1D002B57D0F6
:107738004FF00008454611E0E3685855E26894F8B0
:10774800233094F82710525D05F1010C5FFA8CF58F
:107758000B4442449D421FFA82F811DA36F8029B24
:107768006168484601EB8501F9F736FF94F8233044
:10777800AB424FF00200DFD84846F9F721FFDBE7BC
:1077880008F10602974210D20920BDE8F883038B5E
:1077980080F82970ABB90023238384F82A30E37773
:1077A80084F822300020BDE8F883023FA7EB0807E1
:1077B8006783337884F82930002BF3D1238B002B8F
:1077C800E9D0616994F82A20CA52228B20680232D3
:1077D800456892B20923A847DDE70A20BDE8F88387
:1077E80006229846CEE700BF03784BB9B0F90E30B1
:1077F800002BCCBF002301235B429BB24380704720
:107808008388438000220281704700BF02780346C4
:10781800DAB94FF6FF7081425A8804D0891A02EB10
:10782800212292B25A80B3F90E005989002807DD47
:107838008A420DD89989914207D8188918817047CA
:107848008A4205D399899142F7D20020188170475E
:1078580008201881704700BF03785BB94288016926
:10786800B0F90E30808A521A02FB03F300EB234072
:1078780000B27047C08800B2704700BF002301689B
:1078880042688160C26003618362704790ED037A49
:10789800D0ED027AB5EE407AF1EE10FA60EE277A72
:1078A8004FF000031FD1036190ED070AB4EEE70A19
:1078B800F1EE10FA08DC90ED080AF4EEC07AF1EE69
:1078C80010FAB8BFB0EE670A90F82C30012B05BF4C
:1078D80077EEC07A90ED097ADFED147A67EE877A51
:1078E800C0ED0A7A704727EE007A90ED0C6AD0ED69
:1078F800045AC7EE066A90ED056A36EEA57AB4EE2C
:10790800C67AF1EE10FA80ED047A04DD80ED046A9F
:1079180077EE867AC8E790ED066AB4EEC67AF1EE9D
:1079280010FAF3D4B0EE476AF2E700BF0000000097
:10793800826800B55189B2F814E01389B2F812C010
:1079480011FB0EF213FB0C23002BB0F90020BCBF77
:1079580003F57F43FF33D2EB234348BF0F3302EBDA
:107968002312028000BD00BF00230380704700BFC0
:1079780010B5B0F9003007EE903A2DED028B0446B1
:10798800C068B8EEE78AFFF7C3FDD4ED017A68EE68
:10799800277ABDEC028B00EE100AB8EE400A27EEFB
:1079A800800A10BDD0F88830DA6A52085A63DA6A59
:1079B80052089A63DA6A5208DA631A6A42F4AA62C7
:1079C80042F005021A62704710B4D0F88840E16AA4
:1079D800E26AE36A80ED250A013906EE901A013A57
:1079E80007EE102AF8EE666A013B07EE903AB8EE09
:1079F800477A66EE806AF8EE677A27EE207AFCEE20
:107A0800E66A67EE817A16EE903ABCEEC77A99B2CA
:107A1800FCEEE77A17EE103A9AB217EE903A9BB25C
:107A2800C0ED260A80ED271AA0F8A010A0F8A22021
:107A3800A0F8A4306163A263E36320695DF8044B96
:107A480000F00100704700BFD0F888306FF00102E5
:107A58001A61DA6842F00102DA605A6C42F4806214
:107A68005A645A6C42F400425A647047D0F888301D
:107A78005A6C22F480625A645A6C22F400425A64A6
:107A8800DA6822F00102DA60704700BF10B4836838
:107A980023F0204323F03F0383B083608368DA0038
:107AA80018D4314B82681B68304C9B0922F0104275
:107AB800A4FB034322F03F029B095B0042F0805283
:107AC80082600193019B2BB1019B013B0193019BB8
:107AD800002BF9D1836823F0404323F03F0343F0A0
:107AE800004383608368002BFCDB0368DB0708D452
:107AF8001F4A8368134043F0010383600368DC076F
:107B0800F7D583681A4A134043F0080383608368F3
:107B1800134043F02003836083689B06FCD491F8EC
:107B28007A30D1F89C10124A0E3311F8233043F002
:107B38008003C3648368134043F008038360C36809
:107B480023F0004323F4001343F40013C360036BD2
:107B580023F00F0303638368134043F00403836037
:107B680003B05DF8044B704738030020632D3E05D1
:107B7800C0FFFF7FD0F89C3090F87A2070B41C6862
:107B880003EB82031D6FD3F88830D5F88050D3F803
:107B98008060636823F0007323F070036360052A34
:107BA80000F29D80DFE802F0371D1D030337D0F88F
:107BB80088304E4A5B1B934258DBB3F5004F80F286
:107BC80087800FFA83FCD0F88C20484DA1F800C0BC
:107BD800921BAA425BDA4D801FFA8CF348F201022D
:107BE80030E0D0F88840414B641B9C4239DBB4F547
:107BF800004F62DA0FFA84FCA3B2D0F89020A1F803
:107C080000C0B21A121BB2F5004F39DB47F6FF72FB
:107C18004A80154616E0D0F88C40344B641B9C42D1
:107C28001ADBB4F5004F3DDA25B2A2B2D0F8903095
:107C38004D80F31A1B1BB3F5004F19DB47F6FF7392
:107C48000B809C4613445B42A0F86450A0F862C0C5
:107C580070BCA0F8663070471C4648F201021D4609
:107C6800E4E71C46A44648F20103C6E79446AAE79F
:107C78001E4CA34226DA0C8048F20103A446E1E731
:107C88001A4DAA4227DA4D8048F20102DAE7B2F526
:107C9800004F0CDB47F6FF731A464B8015461FFA58
:107CA8008CF3CFE747F6FF7214461546BEE715B2C8
:107CB8004D801FFA8CF392B2C4E747F6FF731C4657
:107CC8009C469AE70FFA83FCA1F800C09BB2B9E77B
:107CD80047F6FF7C77E715B24D8092B2B2E7B1F96B
:107CE80000C0B1F902500B884A88ABE70180FFFF5A
:107CF80010B4D0F89C3090F8994080F87A40B0F8E9
:107D080094201B68B0F850405C63013AB0F85240C8
:107D1800B0F854009C6392B2D8631A640449586856
:107D28005DF8044B0840003818BF0120704700BFB9
:107D38007000000230B4D0F89C3090F899401A686E
:107D480003EB84031C6FD3F88830D4F88040D3F851
:107D58008050536823F0007323F07003536090F849
:107D680098300F2B0DD8D0F88830D0F88C201C44D0
:107D780090F898302A440133C0E92242DBB280F8F7
:107D88009830002330BC0B60704700BF90F89930E2
:107D980010B42233D0F89C40226854F82330D3F82A
:107DA8008040536823F0007323F07003536090F809
:107DB80098300F2B0AD890F89830D0F890200133DB
:107DC8002244DBB2C0F8902080F8983000235DF898
:107DD800044B0B60704700BFD0F89C30B0F894207B
:107DE8001B68F0B49C69002124F0080480F87C101A
:107DF8009C619C6924F400649C61DC6924F008049B
:107E0800DC61DC69510824F40064053ADC615963DB
:107E18009963D9631A649A6942F008029A619A6967
:107E280042F400629A61DA6942F00802DA61DA69BA
:107E380042F40062DA615A6C42F480625A645A6C05
:107E480042F400425A6490F87B20022A04D00123AD
:107E5800F0BC80F8843070471F6AC56BB0F8486082
:107E6800016CB0F84A40436CB0F84C2040F2555CC5
:107E780017EA0C0F07D0AE618C619A610123F0BC40
:107E880080F884307047AE628C629A620123F0BC3D
:107E980080F88430704700BF10B4D0F89C40226846
:107EA800536823F0007323F07003536090F87A202E
:107EB800D0F88C300C48223254F82240D4F8804054
:107EC80047F6FF721B1B9342A8BF13468342B8BFF5
:107ED80003461BB2002263F30F0263F31F425DF8EF
:107EE800044B0A60704700BF0180FFFFD0F89C3048
:107EF800B0F894201B68996921F00801F0B49961E1
:107F0800D969053A012421F40061D9615C631A64D6
:107F18009A6942F008029A61DA6942F40062DA6109
:107F28005A6C42F480625A645A6C42F400425A64B1
:107F380090F87B20022A13D11F6AC56B016C436C31
:107F4800B0F84860B0F84A40B0F84C2040F2555CB0
:107F580017EA0C0F15BFAE61AE628C618C629A6233
:107F680003220123F0BC80F87A2080F8843070471F
:107F7800D0F89C301B68012280F87C209A6922F096
:107F880008029A619A6922F400629A61DA6922F019
:107F98000802DA6159639963D9639A6942F0080261
:107FA8009A619A6942F400629A61DA6942F00802B9
:107FB800DA615A6C42F400425A6490F87B30022B22
:107FC80000D07047D0E90F2110B4436CB0F8484096
:107FD8009461B0F84A40B0F84C208C615DF8044BCD
:107FE8009A617047D0F89C301A68536C10B490F8B6
:107FF8008340002123F4004380F8841080F87C102B
:1080080053641CB990F87B30022B02D05DF8044B06
:108018007047D0E90F21B0F84840436C9462B0F83B
:108028004A40B0F84C208C625DF8044B9A62704765
:108038004FEA904C10B40CF03C0C01F1080483B0EA
:1080480054F80C306FF30F13134344F80C304A689C
:1080580000F003031343184A4B601368174A0C686F
:10806800A2FB032300F010000122824032EA04043C
:108078004FEAD34310D00868DB0002430A6000933C
:10808800009B2BB1009B013B0093009B002BF9D177
:1080980003B05DF8044B704703EB43030193019B66
:1080A800002BF5D0019B013B0193019B002BF9D1DB
:1080B80003B05DF8044B70473803002083DE1B4390
:1080C800D0F89C301B689A69002122F008029A6156
:1080D80059639A6942F008029A615A6C42F4004264
:1080E8005A6490F87B30022B00D07047D0E90F21FA
:1080F80010B4436CB0F848409461B0F84A40B0F806
:108108004C208C625DF8044B9A6270472DE9F04F61
:10811800D0F89C502F6FD5F888607A682C68D5F80D
:108128000CB08046D5E906C087B04FF0040E22F0A7
:1081380004020090286A0190D5E90113686A029048
:10814800D5E904A97A60C7F800E07A68202022F00F
:1081580020027A603860726822F004027260C6F801
:1081680000E0726822F02002726030608B4A8C480E
:10817800944202690CBF42F4006242F40052026168
:1081880081B1D1E90020D2F800E089694EF0010EF2
:10819800C2F800E0026842F0010202600A6842F098
:1081A80001020A60B3B195F8A520012A0AD0BCF1F2
:1081B800000F07D0B5F8A020A86A03936146FFF71F
:1081C80037FF039B1A6842F001021A601A6842F0EE
:1081D80000421A60BBF1000F17D095F8A630012BAA
:1081E80007D0009B2BB1B5F8A020E86A1946FFF725
:1081F8001FFFDBF8003043F00103CBF80030DBF859
:10820800003043F00043CBF80030BAF1000F17D02C
:1082180095F8A730012B07D0019B2BB1B5F8A0200A
:10822800286B1946FFF704FFDAF8003043F0010322
:10823800CAF80030DAF8003043F00043CAF80030DA
:10824800B9F1000F17D095F8A830012B07D0029B81
:108258002BB1B5F8A220686B1946FFF7E9FED9F8EB
:10826800003043F00103C9F80030D9F8003043F07A
:108278000043C9F80030BB68DA076BD5B368DB0781
:1082880063D54FF47A730593236823F001032360C1
:10829800636823F0007323F0700343F020036360E6
:1082A800A36943F00803A361A36943F40063A361CE
:1082B800E36943F00803E361E36943F40063E361BE
:1082C800636943F00103636195F8A930022B49D033
:1082D80098F878302BB995F8A430012B46D0032BA9
:1082E80054D0636823F0007323F070036FF08002AA
:1082F80043F07003636022612369059AC3F3002386
:1083080062B16FF480714BB12161059B013B05930C
:108318002369059AC3F30023002AF4D1E36843F0E4
:108328008003E360236A43F4AA636FF0010143F01A
:10833800050323622161E368802243F00103E360BF
:10834800A8F8962007B0BDE8F08F41463046FFF701
:108358009DFB96E738464146FFF798FBB368DB0775
:108368008FD4F2E795F8AA30012B04D0B8F89430EE
:10837800013B6362B5E795F8A420032AF6D123638D
:10838800636943F0010363612263EFE7012222631B
:10839800626942F0010262612363A2E7002C014096
:1083A800002004E02DE9F043D0F89C20036815680C
:1083B80083B00026C0E9226600934369019380F8E0
:1083C80098602B6AC0F8906023F4AA6323F0050331
:1083D80004462B6272B63D4B03603D4B4361042754
:1083E8008023A0F8963080F8997080F87A7062B689
:1083F800FFF7F2FCD4F89C3004F1560804F1980910
:1084080093F8A42041464B462846FAF773FE2046C7
:10841800FFF7E8FD84F8986072B62E4B84F89960EF
:1084280084F87A60236062B62046FFF7D5FCD4F85A
:108438009C204B4692F8A42041462846FAF75AFE5B
:108448002046FFF7CFFDD4F88830FB40C4F88830C9
:10845800D4F88C30FB40C4F88C30D4F89030FB4012
:10846800C4F89030012384F87F3072B6009B2360F3
:10847800019B636162B6AB6923F00803AB61AB692A
:1084880023F40063AB61EB6923F00803EB61B4F8F4
:1084980094305B086B63AB63EB63AB6943F0080331
:1084A800AB61AB6943F40063AB61EB6943F008036C
:1084B800EB612B6A43F4AA6343F005032B6284F84B
:1084C8007A7084F8836003B0BDE8F0833D7D0008CE
:1084D800F97C0008957D000830B5B0F85830B0F840
:1084E80094E0D0F89C10AEEB0302B1F8684092B269
:1084F800A24217D904220EF1FF3380F87A209BB2EA
:108508000A68B0F85050B0F85240B0F854105563AB
:108518009463D16313645068104B1840003818BF37
:10852800012030BDB0F85AC0A3EB0C0C1FFA8CFC2C
:10853800BCEB420F04D9B1F86A209B1A9BB2DFE763
:1085480023449BB29E45DBD8DB434FF4807203EB98
:108558004E03A0F896209BB2D2E700BF700000023D
:1085680090F87E1010B400293DD1D0F89C301B68DB
:108578009A6922F4803222F0730242F060029A6112
:108588001A6A42F001021A621A6A22F004021A6296
:10859800596390F87B20012A35D0022A0FD19A69B5
:1085A80022F0807222F4E64242F400529A611A6A7A
:1085B80042F010021A621A6A22F040021A62DA695C
:1085C80022F4803222F0730242F07002DA611A6AF1
:1085D800D0F88C1022F480721A621A6A22F480622F
:1085E8001A62C0F8881072B60F4A104B104C114925
:1085F8000460C0E90132016162B601235DF8044BF1
:1086080080F87E3070479A6922F0807222F4E64240
:1086180042F480529A611A6A22F010021A621A6AA7
:1086280042F040021A62CAE7F57E0008ED7F0008B2
:10863800A17E0008C980000890F87E30002B3FD04A
:10864800D0F89C30B0F894101B6810B49A69414C6B
:10865800224042F060029A611A6A42F001021A62EC
:1086680090F87B20012A4FEA51012AD0022A4CD0E7
:1086780059639A6922F0807222F4E64242F4C042B9
:108688009A611A6A42F010021A629963DA69224002
:1086980042F06002DA611A6A42F480721A62D9639F
:1086A80072B62D4A2D4B2E4C2E490460C0E901327A
:1086B800016162B600235DF8044B80F87E30704794
:1086C80070471A6A42F004021A6259639A6922F0E2
:1086D800807222F4E64242F4C0429A611A6A42F079
:1086E80010021A621A6A42F040021A629963DA6941
:1086F800224042F06002DA611A6A42F480721A6219
:108708001A6A42F480621A62C9E71A6A22F00402FD
:108718001A6259639A6922F0807222F4E64242F49E
:10872800C0429A611A6A42F010021A621A6A22F06A
:1087380040021A629963DA69224042F06002DA6103
:108748001A6A42F480721A621A6A22F480621A6201
:10875800A5E700BF8CFFFEFFE17D0008ED7F000864
:108768007D7B0008797F0008D0F89C20B0F894C081
:1087780012680346D06920F080700CFB01F120F4E8
:10878800E640090C40F4E04010B4A3F85010D06162
:10879800B3F87400B3F87640ACEB00001064D4630F
:1087A80051635168B3F8560021F0007121F070014F
:1087B8004FF0030C41F070015160012883F87AC032
:1087C800526807D0064B5DF8044B1A40101E18BFBC
:1087D8000120704700225DF8044BA3F8562070472B
:1087E800700000024389028A13445B08C380704703
:1087F8004FF6FF72914201D100207047C2880346AC
:10880800891A408902EB2122998992B28842DA803A
:1088180012D0B3F810C0944518D810B49C7B34B16A
:10882800824216D800205DF8044B188170478A42AE
:1088380011D201229A73F5E782420ED8188A904223
:1088480094BF0020012080001881704704201881FF
:10885800704700229A730220E5E70220F4E700BF80
:1088680000230122C0E90133C0E9033342617047A4
:10887800D0E90221012910B40346446909D90069E5
:1088880001390244D96092FBF4F09A605DF8044B18
:10889800704705D092FBF4F05DF8044B9A6070477E
:1088A800406804FB00F200215DF8044BD9609A602F
:1088B800704700BF8268406992FBF0F0704700BFC4
:1088C8000023C0E9033370470028B8BF40420123A2
:1088D8004FF0004102E00133202B07D021FA03F2C8
:1088E8009042F8D3013B0120984070474FF0004078
:1088F800704700BF2DE9F04704460E46154662B999
:108908000846FFF7E1FF00FB06F660612846C4E968
:108918000350A6600120BDE8F0878268436992FB96
:10892800F3F8A1EB08094846FFF7CEFF0746404693
:10893800FFF7CAFF82463046FFF7C6FF574528BFF4
:108948005746B84228BF384608FB00F3A36023689F
:10895800084A606105FB03F3A2FB03239B095D1C26
:1089680000FB09F0666090FBF5F0C4E903500120B4
:10897800BDE8F087D34D6210DFED047A20EE270AB8
:10898800BDEEC00A10EE103A18B270473DF8224604
:1089980002440346934200D1704703F8011BF9E7EC
:1089A800014B1868704700BF4403002070B50D4B99
:1089B8000D4D5B1B9C100026A64209D100F034FA2D
:1089C8000A4D0B4B5B1B9C100026A64205D170BDBF
:1089D80055F8043B98470136EEE755F8043B9847AD
:1089E8000136F2E71896000818960008189600084D
:1089F8001C9600080A44914200F1FF3300D17047E9
:108A080010B511F8014B03F8014F9142F9D110BD8F
:108A1800F8B52DED028B57EC106B55EC114B00F0AF
:108A28002DF83046394622462B46B0EE408AF0EE05
:108A3800608AF8F743F830B9002200232046294617
:108A4800F8F70AF830B9B0EE480AF0EE680ABDEC5B
:108A5800028BF8BDFFF7A4FF00220023212101604B
:108A680010461946F7F7BAFE41EC180BB0EE480A63
:108A7800F0EE680ABDEC028BF8BD00BF53EC112B79
:108A88002DE9F04123F0004752EA070451EC100B9E
:108A980053D0C14C21F00048A0458C464DD85442D3
:108AA800BE4E144347EAD474B442154645D8B84577
:108AB8009E46024601F0004449DCC0F2BC80854273
:108AC80000F2B98000F00581314250D1B8F1000FB1
:108AD8003FD10028034640F35481B1495B00002B85
:108AE80001F1FF31FADCAD4B0EEA0303002B40F035
:108AF800C680002F40F0F480002D2B4600F3A480A0
:108B0800A848401A1F2800F3758101F21E4322FA73
:108B180003F308FA00F8A24E43EA080382404FF034
:108B2800150E06F21E4007FA0EFC25FA00F005FAAB
:108B38000EF5571B40EA0C0E2EE0F7F725FD02460E
:108B48000B46F7F74BFE41EC100BBDE8F0813142C4
:108B58000DD194494FEAC8235B00002B01F1FF3186
:108B6800C1DD5B00002B01F1FF31F5DCBBE78B4B6E
:108B78004FEA28500EEA0303A0F2FF31002B5DD024
:108B88003F15CCF31303CEF3130EA7F2FF3643F4CD
:108B980080134EF4801E571B881B411E60B926E0C7
:108BA80001381CD4A2EB050C4FEADC73013903EB46
:108BB80040034FEA4C0219D3AA42A3EB0E00EFD3AD
:108BC8000028A2EB050C0ADB50EA0C03ECD1764B2B
:108BD800E40F03EBC40393ED000BBDE8F081D00F65
:108BE800013900EB43034FEA4202E5D2571BA3EBDE
:108BF8000E00AA4238BF00F1FF300028BCBF17465C
:108C0800184650EA070305D1E1E7FB0F03EB4000E4
:108C18007F00013EB0F5801FF7DB624B9E4242DBCE
:108C2800A0F5801006F2FF36204340EA06533A4684
:108C380043EC102B89E741EC100B86E7002F4FD14E
:108C4800002D2B4640F3B480554E5B00002B06F1F7
:108C5800FF36FADC534881424ADBA0EB060ECCF320
:108C68001303BEF11F0F43F480137FF75AAF4F4829
:108C7800801B891B05FA00FE013900259CE749483D
:108C8800401A4FEA275C1F28ACF2FF3652DD474BEB
:108C9800CEF3130E5B1A891B02FA03F34EF4801EFF
:108CA8000139002288E7A3EB060CBCF1140F51DC54
:108CB80006F21E4327FA0CF700FA03F340FA0CFCFD
:108CC8004CEA040443EA07002346024643EC102B0F
:108CD8003BE7354B03EB147393ED000B35E7304955
:108CE800304EFB025B00002B06F1FF36FADCB1E7E1
:108CF800A0EB010CBCF11F0F0FDCA0EB060E01F27C
:108D08001E4322FA03F308FA0CF8BEF11F0F43EAD8
:108D1800080302FA0CF2AADC03E7A0EB060C2348CE
:108D2800BCF11F0FA0EB0103E64602FA03F31DDCBA
:108D38000022F6E601F21E4322FA03F308FA00F8CD
:108D480043EA08038240CEF3130E891B4EF4801EBB
:108D5800013931E7BCF11F0F0FDC06F21E4327FA79
:108D68000CF700FA03F343EA0700ADE7801B891B01
:108D780005FA00FE27D000227EE70C4B9B1B18410A
:108D8800A2E7064B0EEA03034BB33F150449A7F2CB
:108D9800FF36C30A4205D6E7FFFFEF7F0000F07FEA
:108DA800EDFBFFFF02FCFFFF00960008E2FBFFFF60
:108DB800CCF313034FEAD52E194E43F4801300F178
:108DC80013016D05F8E6A3EB0E0000281EDB3FF447
:108DD800FEAEB0F5801F0F46FFF617AF65E7002F10
:108DE8007FF47DAF002D0E492B46D8BF15203FF7E5
:108DF8002BAF8AE60B4B0A4E5B1A02FA03F34FEAD3
:108E0800D52E01F212413A466D05D5E6002B3FF406
:108E1800DEAEB3F5801F18460F46FFF6F6AE44E700
:108E2800EDFBFFFFE2FBFFFFF8B500BFF8BC08BC95
:108E38009E467047F8B500BFF8BC08BC9E46704710
:108E480000070E090B0C050201060F080A0D0403A2
:108E580000020406080A0C0E070503010F0D0B0992
:108E6800070503010F0D0B0900020406080A0C0E82
:108E78000E0C0A0806040200090B0D0F0103050772
:108E8800090B0D0F010305070E0C0A080604020062
:108E98000B090F0D030107050C0E080A0406000252
:108EA8000C0E080A040600020B090F0D0301070542
:108EB800050701030D0F090B020006040A080E0C32
:108EC800020006040A080E0C050701030D0F090B22
:108ED80001030507090B0D0F060402000E0C0A0812
:108EE800060402000E0C0A0801030507090B0D0F02
:108EF8000F0D0B0907050301080A0C0E00020406F2
:108F0800080A0C0E000204060F0D0B0907050301E1
:108F18000A080E0C020006040D0F090B05070103D1
:108F28000D0F090B050701030A080E0C02000604C1
:108F3800040600020C0E080A030107050B090F0DB1
:108F4800030107050B090F0D040600020C0E080AA1
:108F58000100000000000000020000000000000006
:108F68000400000001000001803E0000F40100063A
:108F7800000400000000803F9A99C54166663640AB
:108F880000000000D1221B3ED1221B3E00D03645F6
:108F9800000000000000000049454B5F4149523580
:108FA8003642325F4400000000000000000000006C
:108FB800B80B000092249D4100D0364545010200BF
:108FC8000002040601020A00000000005354204D6C
:108FD800432053444B095665722E362E342E3200E8
:108FE80053544556414C2D49504D313542000000EF
:108FF8004E55434C454F2D47343331524200000003
:109008000000000055F7C83B23F3483C4EB5963C9A
:109018000BF1C83C9528FB3C10B0163DBCC92F3D50
:1090280050E1483DCBF6613D390B7B3D410E8A3D11
:109038005395963D581BA33DCB9FAF3D2522BC3D84
:1090480072A3C83D2122D53D3C9FE13DB919EE3DB3
:109058001D92FA3DF183033EC7BD093E0AF60F3E55
:10906800412D163EA2621C3EB396223E32C9283ECE
:109078001EFA2E3E3529353EB8563B3E6682413EA5
:109088003FAC473EFED34D3EE8F9533EB81D5A3E2D
:10909800703F603E0F5F663E527C6C3E7D97723E2D
:1090A80008B0783E7AC67E3E266D823EE275853EE1
:1090B8004E7D883E6B838B3E16888E3E728B913E2A
:1090C8007E8D943EF88D973E228D9A3EB98A9D3EBC
:1090D800BE86A03E5281A33E317AA63E9F71A93E2C
:1090E8005A67AC3E605BAF3ED34DB23E703EB53E74
:1090F8005A2DB83E6D1ABB3ECD05BE3E56EFC03E5A
:10910800E9D6C33EC7BCC63E8CA0C93E7B82CC3ED6
:109118007462CF3E5340D23E5C1CD53E2BF6D73E00
:1091280003CEDA3EA1A3DD3E2577E03E9148E33E3B
:10913800C217E63EB8E4E83E75AFEB3EF777EE3E81
:109148001D3EF13E0802F43E76C3F63EAA82F93E81
:10915800603FFC3E98F9FE3EBAD8003F6A33023FB2
:10916800DA8C033FFCE4043FDE3B063F8291073F75
:10917800C5E5083FB9380A3F5D8A0B3FA1DA0C3FC5
:1091880095290E3F29770F3F4CC3103F1F0E123F02
:109198008257133F739F143F04E6153F132B173F65
:1091A800B16E183FDEB0193F99F11A3FC2301C3F2B
:1091B8007A6E1D3F9FAA1E3F43E51F3F641E213F55
:1091C800F355223FF08B233F59C0243F30F3253F0E
:1091D8007424273F1554283F1382293F6DAE2A3F38
:1091E80023D92B3F36022D3FA6292E3F614F2F3F13
:1091F8006973303FBC95313F6BB6323F56D5333F2C
:109208007CF2343FED0D363F9A27373F923F383F87
:10921800B455393F126A3A3FAA7C3B3F6D8D3C3FBB
:109228005A9C3D3F71A93E3FC4B43F3F2FBE403FCB
:10923800C5C5413F86CB423F5FCF433F52D1443FF4
:109248005FD1453F85CF463FC5CB473F1EC6483F08
:109258007FBE493FFAB44A3F6DA94B3FFA9B4C3F4A
:109268008F8C4D3F1C7B4E3FB2674F3F5052503F53
:10927800E73A513F8621523F0C06533F9BE8533F44
:1092880010C9543F7EA7553FE483563F315E573F90
:109298007636583F910C593FA4E0593F9EB25A3F49
:1092A80080825B3F37505C3FD61B5D3F5CE55D3F8E
:1092B800B8AC5E3FEB715F3F0535603FF5F5603F49
:1092C800ABB4613F3771623F992B633FD2E3633F91
:1092D800D099643FA54D653F3FFF653F9FAE663F10
:1092E800C45B673FC006683F71AF683FE755693F99
:1092F80022FA693F139C6A3FC93B6B3F34D96B3FE5
:1093080064746C3F4A0D6D3FE4A36D3F32386E3F85
:1093180036CA6E3FEF596F3F5CE76F3F7E72703F12
:1093280044FB703FBF81713FEE05723FC287723FB9
:109338003A07733F6684733F26FF733F9A77743FFB
:10934800B3ED743F7061753FD0D2753FD541763F1C
:109358007DAE763FB918773FAA80773F1DE6773F05
:109368004549783F00AA783F4F08793F4164793FE3
:10937800C7BD793FE0147A3F9C697A3FEDBB7A3FDD
:10938800D00B7B3F47597B3F61A47B3FFFEC7B3F82
:109398002F337C3FF3767C3F5AB87C3F44F77C3FC1
:1093A800B1337D3FC26D7D3F55A57D3F8CDA7D3F52
:1093B800350D7E3F813D7E3F516B7E3FB3967E3FAC
:1093C80098BF7E3F10E67E3F1C0A7F3FAA2B7F3F57
:1093D800BA4A7F3F5E677F3F95817F3F4E997F3FC7
:1093E8008AAE7F3F59C17F3FABD17F3F8FDF7F3F41
:1093F800F7EA7F3FF1F37F3F6EFA7F3F6DFE7F3FD5
:10940800002C0140000000000000000000000000E7
:109418000000000000000000000000000000000044
:109428000000000000000000000000000000000034
:109438000000000000000000000E00000002000014
:10944800000200000002000000020000000E000000
:10945800000C0000000C0000000C0000000E0000D2
:10946800000E0000000C0000E4012900FE01FF00CE
:1094780000000050000000500000005000000050A4
:109488000000005000000050000100500001005092
:109498000001005000010050000100500001005080
:1094A8000000165D0100000000010100081C3044A6
:1094B800586C0000000000000102030400000000D6
:1094C8000000000001020304060708090900000063
:1094D8000A000000000000000B000000000000006F
:1094E80000000000000000000C0000000000000068
:1094F8000000000000000000000000000000000064
:1095080000000000000000000D0000000000000046
:109518000100000000000000020000000000000040
:109528000000000000000000030000000000000030
:109538000000000000000000000000000000000023
:10954800000000000000000004000000000200000D
:1095580000040000000000000008000000000000F7
:1095680000000000000000000010000000000000E3
:1095780000000000000000000000000000000000E3
:1095880000000000000000000020000001000000B2
:1095980002000000000000000400000000000000BD
:1095A80000000000000000000800000000000000AB
:1095B80000000000000000000000000000000000A3
:1095C8000000000000000000100000000100020080
:1095D8000400060008000A000C00100020004000EB
:1095E80080000001080402040801010101010103CF
:1095F800070100000000000000000000000000005B
:089608000000000000000080DA
:08961000B075FF7F01000000AE
:04961800FD01000848
:04961C00D901000868
:10962000040000201801002070000020789A3343C5
:1096300000000000FD5A123F0000A0410000204140
:10964000000000000000000000000000000000001A
:1096500000007A466F128338580000200000000096
:1096600000000000000000000000000000000000FA
:109670000000000000000000F401000000000000F5
:1096800000000000000000000000000000000000DA
:1096900000000000000000000000000000000000CA
:1096A00000000000000000000000000000000000BA
:1096B00000000000000000000000000000000000AA
:1096C000000000000000000000000000000000009A
:1096D000000000000000000000000000000000008A
:1096E000000000000000000000000000000000007A
:1096F000000000000000000000000000000000006A
:109700000000000000000000000000000000000059
:109710000000000000000000002C014000000000DC
:109720000000000000000000000000000000000039
:109730000000000000000000000000000000000029
:109740000000000000000000000000000100000018
:109750000000000000000000000000000000000009
:1097600000000000000000000000000000000000F9
:10977000400200200000A0010000000000007AEF7D
:109780007AEF0100270600000000005004000000EE
:1097900002000000000000000000000000000000C7
:1097A00000001AB1B59D8300A61F0000190000003B
:1097B000000000500400000008000000000000004D
:1097C0007D7B0008ED7F0008E17D0008AD83000887
:1097D000797F0008E1840008000000006985000826
:1097E00041860008718700080000000000000000AA
:1097F0000000000000000000000000000000000069
:109800000000000000000000000000000000C68F03
:109810000000000000000000000000000000000048
:109820000000000000000000000000000000000038
:10983000812972002A002A000000000000000000B8
:109840000000000000000000000000000000000018
:1098500000000000C0140000000000000894000890
:1098600000000000F115883A000000000000000030
:10987000B88F00087C8F00086C8F0008E88F000804
:1098800008A5BB3B92241D3A00A0D73D0000000074
:10989000AC020020D8070020B0070020A407002059
:1098A00098070020000000000000000000000A00EF
:1098B000000000000000000000000000AC020020DA
:1098C000000000000000000000000000511000082F
:1098D000B11000085D120008000000000000000048
:1098E00020030020101800200000000000000000ED
:1098F0000000000094180020000000000810002064
:10990000000000000008002000000000000000002F
:109910000000000000000000E1400008D9410008FC
:109920009D410008654100080000000000000000A3
:109930000000000000000000000303200000000001
:109940000044004000040240000402400100000006
:1099500002000000020000000024F40001000000EA
:109960001000000048030020000000004019002003
:10997000A8190020101A00200000000000000000BC
:1099800000000000000000000000000000000000D7
:1099900000000000000000000000000000000000C7
:1099A00000000000000000000000000000000000B7
:0499B00000000000B3
:0400000508000EBD24
:00000001FF
