:020000040800F2
:1000000000800020BD0E00080D0F0008A936000872
:100010000D0F00080D0F00080D0F00080000000074
:100020000000000000000000000000000D0F0008AC
:100030000D0F0008000000000D0F0008B136000889
:100040000D0F00080D0F00080D0F00080D0F000820
:100050000D0F00080D0F00080D0F00080D0F000810
:100060000D0F00080D0F00080D0F00080D0F000800
:100070000D0F00080D0F00080D0F00080D0F0008F0
:100080000D0F000800000000313500080D0F0008BA
:100090000D0F00080D0F00080D0F00080D0F0008D0
:1000A0004D3500083D3500080D0F00080D0F000804
:1000B0000D0F00080D0F00080D0F00080D0F0008B0
:1000C0000D0F00080D0F00080D0F00080D0F0008A0
:1000D0000D0F00080D0F0008893500080D0F0008EE
:1000E000F53600080D0F00080D0F00080D0F000871
:1000F0000D0F00080D0F00080D0F00080000000094
:10010000000000000D0F0008000000000D0F0008A7
:100110000D0F0008000000000D0F00080D0F000873
:100120000D0F00080D0F00080D0F00080D0F00083F
:100130000D0F000800000000000000000D0F000877
:100140000D0F00080D0F0008000000000000000067
:10015000000000000000000000000000000000009F
:100160000000000000000000000000000D0F00086B
:100170000D0F00080000000000000000000000005B
:10018000000000000D0F000800000000000000004B
:10019000000000000000000000000000000000005F
:1001A00000000000000000000D0F00080D0F000807
:1001B0000D0F00080D0F00080D0F000800000000D3
:1001C000000000000D0F000800000000000000000B
:0801D0000D0F00080D0F0008DF
:1001D80010B5054C237833B9044B13B10448AFF379
:1001E80000800123237010BD94030020000000004C
:1001F800E88C000808B5034B1BB103490348AFF36B
:10020800008008BD0000000098030020E88C00086A
:1002180081F0004102E000BF83F0004330B54FEAAF
:1002280041044FEA430594EA050F08BF90EA020F1C
:100238001FBF54EA000C55EA020C7FEA645C7FEAAF
:10024800655C00F0E2804FEA5454D4EB5555B8BFD2
:100258006D420CDD2C4480EA020281EA030382EA43
:10026800000083EA010180EA020281EA0303362DD5
:1002780088BF30BD11F0004F4FEA01314FF4801CA8
:100288004CEA113102D0404261EB410113F0004FBA
:100298004FEA03334CEA133302D0524263EB430371
:1002A80094EA050F00F0A780A4F10104D5F1200E0F
:1002B8000DDB02FA0EFC22FA05F2801841F100016A
:1002C80003FA0EF2801843FA05F359410EE0A5F13E
:1002D80020050EF1200E012A03FA0EFC28BF4CF06F
:1002E800020C43FA05F3C01851EBE37101F0004525
:1002F80007D54FF0000EDCF1000C7EEB00006EEB32
:100308000101B1F5801F1BD3B1F5001F0CD34908BB
:100318005FEA30004FEA3C0C04F101044FEA445212
:1003280012F5800F80F09A80BCF1004F08BF5FEA99
:10033800500C50F1000041EB045141EA050130BD79
:100348005FEA4C0C404141EB0101013C28BFB1F58B
:10035800801FE9D291F0000F04BF01460020B1FAD6
:1003680081F308BF2033A3F10B03B3F120020CDAA9
:100378000C3208DD02F1140CC2F10C0201FA0CF087
:1003880021FA02F10CE002F11402D8BFC2F1200CEC
:1003980001FA02F120FA0CFCDCBF41EA0C019040A2
:1003A800E41AA2BF01EB0451294330BD6FEA0404EB
:1003B8001F3C1CDA0C340EDC04F11404C4F12002D6
:1003C80020FA04F001FA02F340EA030021FA04F3E8
:1003D80045EA030130BDC4F10C04C4F1200220FA3F
:1003E80002F001FA04F340EA0300294630BD21FA7D
:1003F80004F0294630BD94F0000F83F4801306BF43
:1004080081F480110134013D4EE77FEA645C18BF36
:100418007FEA655C29D094EA050F08BF90EA020FCD
:1004280005D054EA000C04BF1946104630BD91EAC5
:10043800030F1EBF0021002030BD5FEA545C05D1C8
:100448004000494128BF41F0004130BD14F5800407
:100458003CBF01F5801130BD01F0004545F0FE417B
:1004680041F470014FF0000030BD7FEA645C1ABFB0
:10047800194610467FEA655C1CBF0B46024650EAE7
:10048800013406BF52EA033591EA030F41F4002113
:1004980030BD00BF90F0000F04BF0021704730B599
:1004A8004FF4806404F132044FF000054FF000016E
:1004B80050E700BF90F0000F04BF0021704730B52F
:1004C8004FF4806404F1320410F0004548BF404204
:1004D8004FF000013EE700BF42004FEAE2014FEA59
:1004E80031014FEA02701FBF12F07F4393F07F4F34
:1004F80081F06051704732F07F4208BF704793F037
:100508007F4F04BF41F40021704730B54FF4607449
:1005180001F0004521F000411CE700BF50EA01024C
:1005280008BF704730B54FF000050AE050EA0102F5
:1005380008BF704730B511F0004502D5404261EB65
:1005480041014FF4806404F132045FEA915C3FF4A6
:10055800D8AE4FF003025FEADC0C18BF03325FEA43
:10056800DC0C18BF033202EBDC02C2F1200300FAF4
:1005780003FC20FA02F001FA03FE40EA0E0021FA19
:1005880002F11444BDE600BF70B54FF0FF0C4CF407
:10059800E06C1CEA11541DBF1CEA135594EA0C0FB9
:1005A80095EA0C0F00F0DEF82C4481EA030621EAF4
:1005B8004C5123EA4C5350EA013518BF52EA03352F
:1005C80041F4801143F4801338D0A0FB02CE4FF0E1
:1005D8000005E1FB02E506F00042E0FB03E54FF011
:1005E8000006E1FB03569CF0000F18BF4EF0010E09
:1005F800A4F1FF04B6F5007F64F5407404D25FEA05
:100608004E0E6D4146EB060642EAC62141EA5551B7
:100618004FEAC52040EA5E504FEACE2EB4F1FD0CF9
:1006280088BFBCF5E06F1ED8BEF1004F08BF5FEA77
:10063800500E50F1000041EB045170BD06F0004629
:1006480046EA010140EA020081EA0301B4EB5C04D6
:10065800C2BFD4EB0C0541EA045170BD41F48011CE
:100668004FF0000E013C00F3AB8014F1360FDEBFF3
:10067800002001F0004170BDC4F10004203C35DACF
:100688000C341BDC04F11404C4F1200500FA05F352
:1006980020FA04F001FA05F240EA020001F00042F3
:1006A80021F0004110EBD37021FA04F642EB060169
:1006B8005EEA430E08BF20EAD37070BDC4F10C0493
:1006C800C4F1200500FA04F320FA05F001FA04F257
:1006D80040EA020001F0004110EBD37041F1000143
:1006E8005EEA430E08BF20EAD37070BDC4F120054E
:1006F80000FA05F24EEA020E20FA04F301FA05F2B6
:1007080043EA020321FA04F001F0004121FA04F25D
:1007180020EA020000EBD3705EEA430E08BF20EA2D
:10072800D37070BD94F0000F0FD101F00046400067
:1007380041EB010111F4801F08BF013CF7D041EAE9
:10074800060195F0000F18BF704703F000465200ED
:1007580043EB030313F4801F08BF013DF7D043EABE
:100768000603704794EA0C0F0CEA135518BF95EA74
:100778000C0F0CD050EA410618BF52EA4306D1D1FB
:1007880081EA030101F000414FF0000070BD50EA1A
:10079800410606BF1046194652EA430619D094EAA4
:1007A8000C0F02D150EA013613D195EA0C0F05D18E
:1007B80052EA03361CBF104619460AD181EA0301E2
:1007C80001F0004141F0FE4141F470014FF000009A
:1007D80070BD41F0FE4141F4780170BD70B54FF035
:1007E800FF0C4CF4E06C1CEA11541DBF1CEA1355B5
:1007F80094EA0C0F95EA0C0F00F0A7F8A4EB050497
:1008080081EA030E52EA03354FEA013100F088808D
:100818004FEA03334FF0805545EA131343EA126356
:100828004FEA022245EA111545EA10654FEA00260B
:100838000EF000419D4208BF964244F1FD0404F5C4
:10084800407402D25B084FEA3202B61A65EB030520
:100858005B084FEA32024FF480104FF4002CB6EBDD
:10086800020E75EB030E22BFB61A754640EA0C005D
:100878005B084FEA3202B6EB020E75EB030E22BF9D
:10088800B61A754640EA5C005B084FEA3202B6EBDE
:10089800020E75EB030E22BFB61A754640EA9C009D
:1008A8005B084FEA3202B6EB020E75EB030E22BF6D
:1008B800B61A754640EADC0055EA060E18D04FEA2B
:1008C800051545EA16754FEA06164FEAC30343EACB
:1008D80052734FEAC2025FEA1C1CC0D111F4801F98
:1008E8000BD141EA00014FF000004FF0004CB6E791
:1008F80011F4801F04BF01430020B4F1FD0C88BF30
:10090800BCF5E06F3FF6AFAEB5EB030C04BFB6EB3A
:10091800020C5FEA500C50F1000041EB045170BD2D
:100928000EF0004E4EEA113114EB5C04C2BFD4EB5A
:100938000C0541EA045170BD41F480114FF0000EDE
:10094800013C90E645EA060E8DE60CEA135594EA5A
:100958000C0F08BF95EA0C0F3FF43BAF94EA0C0F5D
:100968000AD150EA01347FF434AF95EA0C0F7FF4D2
:1009780025AF104619462CE795EA0C0F06D152EA26
:1009880003353FF4FDAE1046194622E750EA41060A
:1009980018BF52EA43067FF4C5AE50EA41047FF41B
:1009A8000DAF52EA43057FF4EBAE12E74FF0FF3C80
:1009B80006E000BF4FF0010C02E000BF4FF0010C51
:1009C8004DF804CD4FEA410C7FEA6C5C4FEA430CCA
:1009D80018BF7FEA6C5C1BD001B050EA410C0CBF19
:1009E80052EA430C91EA030F02BF90EA020F00207B
:1009F800704710F1000F91EA030F58BF994208BFE2
:100A080090422CBFD8176FEAE37040F0010070479E
:100A18004FEA410C7FEA6C5C02D150EA013C07D1F5
:100A28004FEA430C7FEA6C5CD6D152EA033CD3D040
:100A38005DF8040B704700BF8446104662468C463A
:100A48001946634600E000BF01B5FFF7B7FF00286D
:100A580048BF10F1000F01BD4DF808EDFFF7F4FF96
:100A68000CBF012000205DF808FB00BF4DF808ED21
:100A7800FFF7EAFF34BF012000205DF808FB00BF44
:100A88004DF808EDFFF7E0FF94BF012000205DF866
:100A980008FB00BF4DF808EDFFF7CEFF94BF01201B
:100AA80000205DF808FB00BF4DF808EDFFF7C4FF14
:100AB80034BF012000205DF808FB00BF4FEA410C5D
:100AC8007FEA6C5C02D150EA013C0AD14FEA430C40
:100AD8007FEA6C5C02D152EA033C02D14FF000007D
:100AE80070474FF0010070474FEA4102B2F1E0430E
:100AF80024BFB3F5001CDCF1FE5C0DD901F0004CFD
:100B08004FEAC0024CEA5070B2F1004F40EB83004C
:100B180008BF20F00100704711F0804F21D113F178
:100B28003872BCBF01F00040704741F480114FEAB1
:100B38005252C2F11802C2F1200C10FA0CF320FA3A
:100B480002F018BF40F001004FEAC1234FEAD32357
:100B580003FA0CFC40EA0C0023FA02F34FEA4303C1
:100B6800CCE77FEA625307D150EA01331EBF4FF04A
:100B7800FE4040F44000704701F0004040F0FE4065
:100B880040F40000704700BF53B94AB9002908BFB4
:100B980000281CBF4FF0FF314FF0FF3000F088B93C
:100BA800ADF1080C6DE904CE00F006F8DDF804E0BC
:100BB800DDE9022304B070472DE9F047089D0F4690
:100BC80004468C46002B48D18A42164661D9B2FAAF
:100BD80082F34BB1C3F1200201FA03FC20FA02F2BE
:100BE8009E4042EA0C0C9C404FEA164EB7B2BCFB42
:100BF800FEF1220C0EFB11CC42EA0C4201FB07F07D
:100C0800904209D9B21801F1FF3C80F0EE80904281
:100C180040F2EB8002393244121AA4B2B2FBFEF061
:100C28000EFB102244EA024400FB07F7A74209D949
:100C3800341900F1FF3280F0DA80A74240F2D78001
:100C48003444023840EA0140E41B00211DB1DC4075
:100C58000023C5E90043BDE8F0878B4206D90DB1F2
:100C6800C5E9000100210846BDE8F087B3FA83F121
:100C7800002948D1BB4202D3824200F20781841A7C
:100C880067EB030201209446002DE4D0C5E9004C2F
:100C9800E1E7002A00F09280B2FA82F3002B40F0DC
:100CA800A8808A1A4FEA164E1FFA86FC0121200CEA
:100CB800B2FBFEF70EFB172240EA02420CFB07F0DC
:100CC800904207D9B21807F1FF3802D2904200F2D9
:100CD800E2804746121AA4B2B2FBFEF00EFB1022C5
:100CE80044EA02440CFB00FCA44507D9341900F17E
:100CF800FF3202D2A44500F2CB801046A4EB0C04CC
:100D080040EA0740A2E7C1F120068B4022FA06FC20
:100D18004CEA030C07FA01F420FA06F3F7404FEA0D
:100D28001C49234300FA01F81FFA8CFEB7FBF9F0BF
:100D38001C0C09FB107744EA074400FB0EF7A74296
:100D480002FA01F20AD91CEB040400F1FF3A80F020
:100D58009B80A74240F2988002386444E41B9FB20B
:100D6800B4FBF9F309FB134447EA044403FB0EFE02
:100D7800A64509D91CEB040403F1FF3780F08280F3
:100D8800A6457FD9023B644443EA0040A4EB0E0425
:100D9800A0FB02E7BC427346B94663D360D05DB19D
:100DA800B8EB030264EB090404FA06F622FA01F32D
:100DB8001E43CC40C5E9006400214CE7620848089E
:100DC80042EAC1710B0C43EA00438AB242EA034289
:100DD800B3FBF6F1E407B4463746B6461F23B0FB2B
:100DE800F6F0D21B41EA004161E7614614E710467C
:100DF80028E7C3F1200120FA01F29E4027FA01F109
:100E08009F403A434FEA164E1FFA86FCB1FBFEF7A5
:100E18000EFB1710110C41EA004107FB0CF888453E
:100E280004FA03F43AD9711807F1FF3001D2884562
:100E38001FD8A1EB0801B1FBFEF808FB0CF70EFB6D
:100E4800181192B242EA0142BA422FD2B21808F1FE
:100E5800FF31C6D2BA42C4D2A8F102013244C0E777
:100E6800F0459CD2BEEB020367EB0C070138B9468C
:100E780095E7A6EB08084144B81EB1FBFEF808FB4D
:100E88000CF7DCE73B467FE7504667E70846FBE69A
:100E98003444023832E7023F32441BE7A1EB080131
:100EA8003846B1FBFEF808FB0CF7C8E7414698E75F
:100EB800704700BF0D48854603F0F6F80C480D4909
:100EC8000D4A002302E0D458C4500433C4188C429D
:100ED800F9D30A4A0A4C002301E013600432A24203
:100EE800FBD307F0BFFC00F027FCFEE700800020E2
:100EF8000000002094030020D894000894030020E8
:100F0800701A0020FEE7000070B50446C36C406903
:100F180098470023656DA4F8643084F860306069F0
:100F280004F11C012B460422BDE87040184700BF9D
:100F380010B40B780A7991F802C01E4CDB0143EA21
:100F480002134A7843EA0223CA7843EA8C3343EA15
:100F58004253DAB242F0050223F07041A25C82EA01
:100F68001122D2B2A25C82EA1142D2B2A25C124C25
:100F780082EA1162A25C43EA027343F0050303624A
:100F880072B6836C4BB162B690F8243013B9022361
:100F980080F824305DF8044B704700F120010323EA
:100FA80080F82430816462B60422836D5DF8044BB6
:100FB80040691847108D0008008D000830B44B01B7
:100FC80090F860C090F863401D4D43EA011343EA6E
:100FD80002330CF0010143EA811343EAC11304F020
:100FE8000F0443EA0423DAB2164C42F0060243F037
:100FF8000601A25C82EA1322D2B2A25C82EA134200
:10100800D2B2A25C82EA1363EB5C41EA0373036227
:1010180072B6836C43B162B690F8243013B90223D8
:1010280080F8243030BC704700F12001032380F899
:101038002430816462B60422836D406930BC18474D
:10104800008D0008108D00080A2A09D090F8363063
:10105800012B1DD990F83E30012B0DD90020704787
:1010680090F82E30012BF9D8836A012204330B60E3
:1010780080F82E2001207047836B00F138024FF072
:10108800010C043380F83EC002640B6001207047F5
:10109800036B00F130024FF0010C043380F836C0C6
:1010A80002640B6001207047844690F864000228AF
:1010B80001D00220704743EA021041F8040C9CF862
:1010C8006C00012804D14FF6CA608852023292B2ED
:1010D8000A2B05D19CF8100078B300208CF810007A
:1010E80051F8040C70B5334DC4B204322E5DC0F310
:1010F80007247440A1F1040E2E5DC0F30744744028
:1011080092B22C5DC0F303656C402B4D2C5D40EA18
:10111800047041F8040C72B6DCF84810E9B162B604
:10112800092B0CD00A2B31D02BB99CF824308BBB5F
:1011380002238CF82430002070BD01207047DCF8B1
:10114800403019688E4514BF03200020DCF8441095
:1011580069B3022199719A8070BD092B22D00A2B9C
:101168004FF003030BBF8CF82E308CF824300CF1B1
:1011780028030CF12003CCF8483062B6DCF81400E0
:10118800DCF85830714698470020D5E79CF82E3097
:10119800012B01D0032070BD02238CF82E30ACF84F
:1011A8002C20C8E7DCF8403003219971E3E7CCF83C
:1011B8004430CEE7108D0008008D000810B590F877
:1011C8002430032B044613D0826C0021917190F8CF
:1011D8002E20022A13D0022B1DD100F12001836D8D
:1011E8008164042240699847032384F8243010BDA1
:1011F80090F82E300022022B80F824200BD104F125
:101208002800A36DA064A28DA16A60699847032392
:1012180084F82E3010BD72B6636CCBB10322A36480
:101228009A7119689A886069A36D984794F836305E
:10123800022B07D094F83E30022B03D000236364BE
:1012480062B610BD626C630068339B1A6364F7E78B
:10125800A364F5E72DE9F84F90F86150C2690023BF
:1012680004460B8095B190F8645080F86130012DE8
:101278005AD0022D11D02DB300256069636D042268
:1012880004F11C0198472846BDE8F88F90F86230B1
:101298001BBB00252846BDE8F88F856E052D00F09C
:1012A800DC80062D00F02881092DE5D190F860300A
:1012B800B0F85C20A5690133012084F860302074FF
:1012C8000A80DAE7836E052B7DD0062BD4D1C2F3D2
:1012D8000F322946FFF772FECEE703EB03231B020A
:1012E800C3F307228748884D82F0090243F00F01B3
:1012F800825C82EA1343DBB2C35CEB5C41EA0373B2
:10130800236272B6A36C002B00F0EA8062B694F8F0
:10131800243013B9022384F824300022236D606935
:1013280084F862209847B4E7816E05290AD0062917
:10133800A2D1C2F30F322946FFF740FE022384F8F8
:10134800643099E7017F94F86C50407F94F86D60A1
:1013580094F86E7094F86FE0C90900F03F00A94254
:101368008C4628BFAC46B04280466CF3070328BFC2
:10137800B046C2F3863C68F30F23BC45C2F3465817
:10138800E14628BFB946F04569F31743C14628BF6F
:10139800F14669F31F63A942E3660BD8B04209D846
:1013A800BC4507D8F04505D894F87030C2F302124E
:1013B800934202D0002384F8643004F16C01204683
:1013C800FFF7B6FD58E7007F94F86C6094F81DC0ED
:1013D80094F86D7094F86E8094F86FA0C0090CF0C2
:1013E8003F0CB0420346C2F3863928BF3346BC459A
:1013F80063F30705C2F3465B634628BF3B46C14516
:10140800494663F30F2528BF4146D345DE4661F3BD
:10141800174528BFD6466EF31F65B042E566CCD89F
:10142800BC45CAD8C145C8D8D345C6D894F87000B9
:10143800C2F302129042C0D14A1C0133D2B2DBB2CD
:1014480052014FEA8E1E5B010121A281A4F80EE031
:10145800A4F85E3084F86410AFE7007F94F86CC09D
:10146800657F94F86D6094F86E7094F86F80C00989
:1014780005F03F0560458646194628BFE646B54251
:10148800A9466EF3070128BFB146C2F3863E69F349
:101498000F21BE45C2F34659F24628BFBA46C14598
:1014A8006AF31741CA4628BFC2466AF31F616045FE
:1014B800E16604F16C010DD8B5420BD8BE4509D8D8
:1014C800C14507D894F87030C2F302129B1AB3FAD8
:1014D80083F35B0984F864302046FFF729FDCBE6E7
:1014E80004F12001032384F82430A16462B60422A5
:1014F800A36D6069984710E7C2F30F320121FFF727
:101508005DFDB9E6108D0008008D000810B590F853
:101518006530044643B1012B00D010BD002280F88D
:10152800652080F8613010BDC1691F4ACBB2D35C19
:1015380083EA1123DBB2D35C83EA1143DBB2D35CC9
:1015480083EA1163D35C5BB9037F03F00F03062BB7
:10155800836609D8042B1FD9012384F8613010BD94
:10156800042380F8623010BD092B15D1838B1B0929
:10157800A0F85C30002BEFD0B0F85E209A420FD371
:1015880090F86C208169406903EB4202636D9847CB
:10159800012384F8653010BD012384F8623010BD42
:1015A800022380F8623010BD108D00080146002229
:1015B80080F86520436D406904221C31184700BF3C
:1015C80000F038000838C0B210289ABF014B185CE8
:1015D80000207047108E000800F03803102B03D04D
:1015E800344B05200B60704720F00700B0F5156FED
:1015F80083B259D010D8B3F5096F50D01BD8B3F5C2
:10160800016F47D0B3F5056F2BD0B3F5FA6FE7D16B
:10161800294B00205B68E5E7B3F5216F2BD015D87F
:10162800B3F5196F31D0B3F51D6FD9D1224B5B6873
:1016380000201233D6E7B3F50D6F21D0B3F5116F43
:10164800CED11D4B5B6800200A33CBE7B3F5256F7D
:101658000CD0B3F5296FC3D1174B5B680020183342
:10166800C0E7154B5B6800200433BBE7124B5B688F
:1016780000201633B6E7104B5B6800201433B1E73F
:101688000D4B5B6800200833ACE70B4B5B68002010
:101698000E33A7E7084B5B6800200233A2E7064B2E
:1016A8005B68002006339DE7034B5B6800200C3322
:1016B80098E700BFB00300202407002000000000C6
:1016C80010B594B03822002106A807F0BDF8002014
:1016D800CDE90100CDE90300059003F0C3FE9FEDBD
:1016E800147B0622022303240F925521082206A800
:1016F8008DED067BCDE90D34CDE91012CDE912331D
:1017080003F02AFF08B172B6FEE7042103460F2250
:101718000DEB0100CDE90124CDE90333059304F075
:1017280095F908B172B6FEE704F0BEFA14B010BD20
:1017380001000000000001002DE980480024ABB042
:1017480002F0E2FCFFF7BCFFCDE91D44A74D1F9452
:10175800EB6CA74843F00403EB64EB6C03F0040361
:101768000493049BEB6C43F02003EB64EB6C03F0F5
:1017780020030593059BEB6C43F00103EB64EB6CD2
:1017880003F001030693069BEB6C43F00203EB6442
:10179800EB6C03F0020307934FF40052079B1B9274
:1017A8004FF404131BA91C9303F0AEFCAB6C43F07D
:1017B8000403AB64AB6C03F004030293029BAB6CB1
:1017C80043F00203AB64AB6C0E9403F002032146B2
:1017D80003933C221BA8039BCDE90F4407F034F880
:1017E8002022214613A807F02FF8824B1A46C3E996
:1017F8000144C3E90B441C619C8383F8244083F8AB
:101808003840DC6383F840404FF400474FF0A04372
:101818000125042402261046C2E905541360D76046
:10182800166202F09BFC08B172B6FEE70E900EA994
:10183800704803F0C9FA08B172B6FEE76E4BADF80E
:101848009000CDE91F408DF892008DF89C004FF074
:1018580080084FF0090A4FF07F0966481D951BA9BB
:10186800CDE92588CDE91B3A2396CDF8789002F08A
:10187800C9FF08B172B6FEE760495E4840F20F132F
:10188800CDE91B131BA902F0BDFF08B172B6FEE734
:101898005B4A189006235748179413A9CDE91549B0
:1018A800CDE9132302F054FD08B172B6FEE7DFF864
:1018B8006CB150480C2313A9CDE913B302F048FDCD
:1018C800014608B172B6FEE7DFF854B101903C2238
:1018D8001BA806F0B9FF01994A4ACBF80C70584684
:1018E800CBE90111CBE90415CBF81840ABF81C1073
:1018F800CBF820508BF824108BF83810CBF83C101C
:101908008BF84010CBF8002002F028FC08B172B622
:10191800FEE73A4B2090ADF890008DF892008DF8D4
:101928009C001BA95846CDE91B3ACDE91D59CDE9C4
:1019380025881F94239602F065FF08B172B6FEE76A
:1019480040F20F131C931BA92F4B1B93584602F010
:1019580059FF08B172B6FEE72C4A2D4B13601046AA
:1019680003F096FA08B172B6FEE700243422214645
:101978001BA8CDE90E44CDE91044CDE91344CDE9C7
:101988001544CDE91744CDE90944CDE90C44129436
:1019980008940B94199406F057FF1E4A1E4B1360C7
:1019A8004FF0200A4FF4A653C2E902A35460946191
:1019B8004FF4807301241046C2E9043404F090FB0C
:1019C80008B172B6FEE7134804F00AFC08B172B613
:1019D800FEE74FF0060810230E480EA9CDE90E8346
:1019E80004F07CFCF0B172B6FEE700BF00100240C4
:1019F80000080048B8060020020030048000501D8E
:101A0800040060080001005040002019240600204E
:101A1800000C0240D8050020002C01400001802164
:101A28004C060020CDE909007025AF48089508A9A3
:101A380004F048FE08B172B6FEE70BAAAA480D9456
:101A48002146CDE90B4404F0DDFE024608B172B62A
:101A5800FEE7CDE91500CDE9170019904FF0600EAB
:101A68004FF42663A04813A9CDE913E304F044FD1D
:101A780008B172B6FEE79C48042213A904F03CFDA5
:101A880008B172B6FEE79848082213A904F034FD9D
:101A980008B172B6FEE741F2BF43934813A90C227E
:101AA800CDE9135304F028FD034608B172B6FEE7EA
:101AB8004FF400611B914FF480611C917221CDE9B4
:101AC8001D314FF4805C4FF40051CDE91FC14FF038
:101AD80000710322CDE92331834827931BA9CDE95F
:101AE8002123CDE9252304F03FFE08B172B6FEE7B5
:101AF8007D4801F04BFC7D487D49016000234FF48F
:101B0800E1120C25C0E90233C0E90435C0E9063307
:101B1800C0E908334260836205F01EFA014608B145
:101B280072B6FEE7714805F069FA014608B172B667
:101B3800FEE76E4805F0A4FA08B172B6FEE76B48F6
:101B480005F03EFA044608B172B6FEE701F0C0F9A6
:101B580001220321262003F0C7F9262003F0FEF90D
:101B680001220421182003F0BFF9182003F0F6F928
:101B780022460321392003F0B7F9392003F0EEF9A2
:101B880022462146192003F0AFF9192003F0E6F99F
:101B980022460221122003F0A7F9122003F0DEF9F1
:101BA80022460321282003F09FF9282003F0D6F9C4
:101BB800504B1E94DA6C504E5048514F42F002027E
:101BC800DA64DA6C02F002020E920E9A1A6E42F48D
:101BD80080421A661B6E03F480431393C0220223CB
:101BE800CDE91B231399072301221BA91F931D92DB
:101BF80003F08AFA4FF4E1333046C6E90073C6E9C8
:101C08000244C6E90445C6E90644C6E90844B46284
:101C180005F0A2F908B172B6FEE7304605F0D0F932
:101C280001460028F7D13748364C3C2206F00CFE16
:101C380002F08EFA0546344805F0C6FBA0F1C8024A
:101C480092B2B92A64D894F8352082B9F92840F2BA
:101C5800428294F83630002B00F0C081A36BED1A55
:101C680040F6AB539D4284BF012384F83530336876
:101C7800DA6912F00F0740F0B6813368DA69920624
:101C880040F158815B6A2278DBB2002A4DD0012AE4
:101C980043D061784A1C21448B70D3B21F2B6370E8
:101CA800EBD9002294F82100184927801346013304
:101CB80011F8015FDBB21F2B82EA0502F7D19042CF
:101CC80039D0238D4FF6FF7293421CBF0133238511
:101CD80000F088FA4FF48073A4F833304FF440735F
:101CE800A4F82330C9E700BFD80500204405002028
:101CF8000044004000100240F003002000040048A7
:101D080000380140B403002054010020B50300202E
:101D18000023A4F83530A363A9E7552B00F096817A
:101D2800AA2B0CBFA3702770A7E7AA2BA5D1A37075
:101D380001232370A1E702F00BFA23796279A179D4
:101D4800D4F80880022B814600F01781238D4FF6C6
:101D5800FF7293421CBF0133238500F043FA4FF40E
:101D68008073A4F833304FF4A063A4F82330202202
:101D780000211BA806F068FD02F0EAF994F8325039
:101D880035B1E26A831AB3F5967F8CBF0025012529
:101D980000F046FA804600F043FA824600F03AFA2C
:101DA800002840F05081AAF10A0A5FFA8AFABAF1CB
:101DB800010F8CBF4FF0000A4FF0010ABA4894F89F
:101DC800349005F001FB41F69912904203469CBFFE
:101DD80000EB80035B00B54894BF1FFA83FB4FF606
:101DE800FF7B05F095FC00EB8000420092B2019267
:101DF80000F010FA94F8333094F82410019A49EA64
:101E08000A09EDB223B1B9F1000F01D145F002057D
:101E180045EAC905EBB294F8345035B1012900F010
:101E28008680022901D143F01003B8F1060F08BFDC
:101E380043F06003BAF1000F02D0002908BF052162
:101E480010F0080F258D9A48CDF883004FF0000058
:101E580065F307004FEA152565F30F2061F3174076
:101E68004FF000054FF0000163F3070194F822C01A
:101E78008DF87A704FEA1B236BF3070563F30F2580
:101E8800E38C6CF30F2163F317414FEA132363F3D9
:101E98001F6194F82330CDF86F1062F317454FEAAD
:101EA800122263F31F6062F31F650CBF0123032333
:101EB80094F835208DF881304AF65523002AADF87C
:101EC8006C304FF002038DF86E304FF000020CBFFB
:101ED800D023F0238DF88930CDF87D50CDF87300EC
:101EE8001BA91346013311F8010BDBB21F2B82EA41
:101EF8000002F7D18DF88B206E48052320221BA9FC
:101F080004F0D6FC00283FF4B8AE238D4FF6FF72DC
:101F180093421CBF0133238500F064F94FF48073AA
:101F2800A4F833304FF4A063A4F82330A5E643F0B7
:101F380004037AE794F832301BB194F83430002B5C
:101F48006FD094F83330002B3FF472AE00F068F98C
:101F5800054600F05FF928B9A5F10A03DBB2012BA9
:101F68003FF666AE00F03EF94FF48073A4F83330C4
:101F78004FF4A063A4F823305AE694F83200E379CA
:101F880008B1012A67D0012084F82230E38C84F854
:101F980032004FF6FF708342C4F82C9001D0013311
:101FA800E384082A40F08C8000295FD14248062348
:101FB80010F8015F0133DBB2002D57D11F2BF7D189
:101FC80000F010F984F8335084F8235000F01CF91D
:101FD80084F8345084F824502585C8E60123A56385
:101FE80084F8363043E6150744BF082119625007C4
:101FF80044BF04211962910744BF02211962D7071F
:1020080044BF01221A62DA69950648BF5B6A238DCC
:10201800002222804FF6FF7293421CBF01332385B2
:10202800A0E702F095F8E36AC31AB3F5967F88D95A
:1020380000F0D8F84FF48073A4F833304FF40073ED
:10204800A4F82330F4E54FF0010AB7E6E37040F254
:102058000223238011E6032921D084F82230E38C5F
:10206800C4F82C904FF6FF70834298D194F834301E
:1020780073B912480E2310F8015F0133DBB2002D4B
:102088007FF46BAE1F2BF6D14ABB00297FF465AEF7
:1020980000F0A8F884F8337084F8237067E694F8A1
:1020A80022009842D9D151E654010020780100203D
:1020B80089B3C378F0030020BB030020C3030020CA
:1020C8009007D3D500F08EF84FF48073A4F833301E
:1020D800A4F823304BE684F83620A263C7E5012A2A
:1020E8007FF43BAE03297FF438AE08F1FF324CF29F
:1020F8004F339A423FF631AE00F092F8054600F0B1
:1021080089F8824600287FF428AEA5F10A03DBB2DD
:10211800012B7FF622AE2E4805F056F905462C48CD
:1021280005F052F9A0F1C80292B2B92A38D894F849
:1021380035207AB9F92847D994F83630002B3DD0A4
:10214800A36B40F6AB52A9EB030393422CD90123AE
:1021580084F83530B5F5C17FBFF4FFAD94F833305E
:102168003C254FF47A7205FB08F5B5FBF2F506221B
:10217800B5FBF2F52DB21BB1B4F93030AB4205D046
:1021880040F6B831284600F033F8258600F048F8C4
:1021980078B1012384F833300323A4F82330E6E52B
:1021A800A4F835A0C4F838A0B5F5C17FFFF4DFADB9
:1021B800D3E500F011F80028EBD1CEE50123C4F8EF
:1021C800389084F83630EFE784F83670A763EBE789
:1021D8005401002072B6FEE7014B186800F084B87D
:1021E80014190020014B186800F094B81419002045
:1021F80010B4044C03460A4620685DF8044B19469F
:1022080000F024B814190020014B186800F09CB89D
:1022180014190020014B186800F064B81419002044
:10222800014B186800F05AB81419002010B40024A3
:102238000473C0F80E40C48280F82440048304620A
:10224800C0E900125DF8044B836070474FF0010C41
:1022580040F2013380F80CC0C181C2828384704788
:102268004FF0020C40F2014380F80CC00182C28298
:102278008384704782B0032240F201430273C0F89E
:102288001210838402B07047038CB0F822C00B434D
:1022980023EA020341EA0C0103844184704700BF2A
:1022A80090F82430012B00D0704710B5037B012B28
:1022B800044606D0023B012B0BD8022384F82430B5
:1022C80010BDC28AB0F90E10806A04F07DFF0028A4
:1022D800F3D1032384F8243010BD00BF407E70473B
:1022E800408C7047008C704710B50446FFF7F6FF26
:1022F80008B1002010BD2046FFF7F2FF0028F8D1F2
:102308002046FFF7EFFF0028F3D10120207684F85C
:10231800240010BD38B50546FFF7E0FF04462846FF
:10232800FFF7DEFF08B1002038BD2846FFF7DAFFC7
:102338000028F8D10C2C18BF002C14BF0120002055
:10234800F1D005232B7638BD10B50446FFF7C6FF3C
:102358000B2801D0002010BD2046FFF7C3FF00283E
:10236800F8D1022323766084012010BD438C008CB1
:1023780043EA0040704700BF90F82500704700BF4F
:10238800B0F90E00704700BFC08A7047806A04F039
:1023980023BF00BF806A04F00BBF00BF836A9FEDB4
:1023A800067AD3ED137A67EE877AFDEEE77A17EEB1
:1023B800903A18B2704700BFABAA2A3E4368186823
:1023C80083B26FF30F0082B0184302B0704700BFAA
:1023D8004368586883B26FF30F0082B0184302B0A5
:1023E800704700BF4368986883B26FF30F0082B0EC
:1023F800184302B0704700BF4368D86883B26FF3D0
:102408000F0082B0184302B0704700BF4368D3F88A
:10241800120083B26FF30F0082B0184302B0704706
:102428004368D3F8160083B26FF30F0082B01843E5
:1024380002B070474368B3F91A007047DFED977A26
:10244800B4EEE70AF1EE10FA86B039DBDFED946AF4
:10245800B4EEE60AF1EE10FA70EE677A00F28580C3
:102468009FED907ADFED8F6A8F4A27EE877ABCEE70
:10247800C77A8DED027A9FED8D7A029B77EE677AA7
:10248800FF2B67EEA67A88BFFF23FCEEE77A88BFAA
:102498000293029BCDED037A0399DBB202EB83032F
:1024A800FF2993ED007A84BFFF230393039BDBB2DC
:1024B80002EB8303D3ED000AB0EE470A06B070477B
:1024C800B5EEC00AF1EE10FA65D9DFED787AB4EE10
:1024D800E70AF1EE10FA40F2DE80DFED757AB4EE2D
:1024E800E70AF1EE10FA40F2A980DFED727AB4EE55
:1024F800E70AF1EE10FA6FD8F0EE407A9FED6C7AA9
:10250800DFED686A37EEC77A27EE267ABCEEC77A1F
:102518008DED027A029BFF2B01D9FF2302939FEDD9
:10252800657ADFED606A029B5F4A77EE677ADBB215
:1025380067EEA67A02EB8303FCEEE77A93ED007A66
:10254800CDED037A039BFF2BB1EE477A01D9FF2328
:102558000393039BDBB202EB8303D3ED000AB0EED7
:10256800470AF1EE600A06B07047DFED536AB4EE31
:10257800E60AF1EE10FA63D9DFED506AB4EEE60A26
:10258800F1EE10FABAD9DFED4E6AB4EEE60AF1EED2
:1025980010FA91D81EE0DFED4B6AB4EEE60AF1EED0
:1025A80010FA89DB9FED487AB4EEC70AF1EE10FA0B
:1025B80070EE277A7FF654AF9FED447AB4EEC70ADF
:1025C800F1EE10FA3CD99FED427AB4EEC70AF1EE6B
:1025D80010FA93D9B0EE670ADFED307A9FED317AC1
:1025E80077EEC07A67EE877AFCEEE77ACDED027A6D
:1025F800029BFF2B01D9FF2302939FED2E7ADFED7B
:10260800297A029B284A30EE470ADBB220EE270AD5
:1026180002EB8303BCEEC00A93ED007A8DED030A4A
:10262800039BFF2B84BFFF230393039BDBB202EBC7
:102638008302D2ED000AB1EE477A3DE7F0EE407A28
:102648009FED1B7ADFED176A37EE677A27EE267A59
:10265800BCEEC77A8DED027A029BFF2B01D9FF23CE
:102668000293DFED126A9FED0F7A029B0E4A77EE16
:10267800E67ADBB267EE877A02EB8303FCEEE77A51
:1026880093ED007ACDED037A0399FF297FF661AFC8
:10269800FF2303935DE7F0EE407AE1E60000B443E0
:1026A8000000E143610B3640C08E00080000B442D0
:1026B80000003443000087430000074400801D44A5
:1026C800000034440000B4C3000087C3000034C3D2
:1026D8000000B4C2214B2DE9F041214EDFF8B8804B
:1026E800204CC8F80030002705461846377005F01A
:1026F80069FC1D48FEF708FC1C4B1D48186005F0D6
:10270800ADF800F003FC1B4800F09EFC204605F0E5
:10271800C5FF194B19481B68DC60194C00F094FC84
:10272800184804F0BDFFD8F80030174A394620464B
:10273800FFF77CFD3A4653212046FFF787FD134AF1
:10274800134B10682C60134A1860E261A06204F011
:10275800D9FC01233370BDE8F08100BFA00100203F
:102768005007002054010020AC0200206007002020
:102778007000002068010020500100209001002016
:1027880024070020780100206407002000000020B2
:1027980058070020600200205C070020014B1880C9
:1027A800704700BF52070020034B188880B2B0FA68
:1027B80080F04009704700BF5207002038B55A4CD6
:1027C800206805F011F85948FFF78CFD18B1574AF1
:1027D8000A23537638BD5548FFF782FD70BB534B2B
:1027E8005B7E132BF6D801A252F823F0F3280008D9
:1027F800DD270008DD270008DD270008D7280008A6
:10280800DD270008BD280008DD2700089B280008F0
:10281800DD270008452800088B280008DD27000868
:10282800DD270008DD270008DD2700086B280008E1
:102838005B280008DD2700084D2800083B4A0B23C9
:10284800537638BD394A137E052B5ED0062353765E
:1028580038BD364B1B7E052B57D0344A042353769C
:1028680038BD324B1B7E052BF7D1314B186805F06C
:1028780015FB206804F0D4FF4FF44870FFF78EFF73
:10288800EBE72A4B1B7E022BA4D1284A0023138393
:1028980038BD284B186805F045F8274B27491868B4
:1028A80004F03CFCFFF780FF002893D01F4A002368
:1028B800537638BD1D4B1B7E052B26D01B48FFF7D2
:1028C800EFFC1D4B1868BDE8384004F089BC174D73
:1028D8002B7E052B19D02846FFF7E2FC154B18680C
:1028E80005F00EF806236B7638BD104B1B7E03F0FF
:1028F800FD03012B7FF46EAF0F4B1049186804F0ED
:102908000DFC0A4A0423537638BD094B186805F0B4
:10291800C5FA206804F084FF4FF44870FFF73EFFC3
:10292800024A0823537638BD5001002024070020AE
:102938005C07002060070020580700205401002091
:102948001A4B1B78012B00D0704770B5184C2388A0
:102958009BB263B12388013B9BB22380154A13883D
:102968009BB21BB11388013B9BB2138070BD124D03
:10297800FFF724FF294651F80C0B836898476860D5
:1029880030B129460A2251F8080B0368984710B954
:1029980003232380E2E7284600F0EEF92868EA8955
:1029A8004668A9680A23B047F2E700BF500700202D
:1029B80054070020520700209C02002010B5114C3B
:1029C800206804F0D1FB206804F064FC01280DD0D5
:1029D8000D4A0E48136890F829100133136009B99D
:1029E800002010BD04F0F6FC002010BD084B044682
:1029F800186804F097FF074800222146FFF744FCB7
:102A0800E6E700BF580700203419002070020020B4
:102A1800600700202407002070B5054690B1254BBB
:102A2800186800F0F5FA0146234C2C2303FB0544F3
:102A3800CA43204692B2FFF727FC2046FFF796FCD0
:102A4800D8B970BD1D4800F065FB01461C4804F06C
:102A580039FE184B0646186800F0DAFA0446194899
:102A680000F058FB0146184805F01EFE064306F024
:102A78000E0644EA060189B2D6E7144B186804F03A
:102A880051FF134B1049186804F048FB114890F89F
:102A9800293033B9104B53F82500BDE8704004F0D5
:102AA800BFBE04F055FD0C4B53F82500BDE870403F
:102AB80004F0B6BE5C070020240700209001002027
:102AC80078010020680100205401002060070020E0
:102AD80058070020700200205001002008B5044B60
:102AE8001B78012B00D008BD0020FFF795FF08BD1B
:102AF8005007002008B5044B1B7803B908BDFFF741
:102B08001FFFFFF7EBFF08BD5007002008B5054B76
:102B1800186804F007FFBDE8084003480022802138
:102B2800FFF7B2BB600700202407002008B5FFF7B5
:102B380077FB00B908BDBDE80840FFF753BB00BFED
:102B480030B44FF090432B4A80218AB0DA61D961C2
:102B5800DA61DA6909924FF48071274A0998DA61D3
:102B6800D961DA61D969254A089101204FF001112C
:102B7800089CD161D061D161D16907914FF400708F
:102B88004FF48131079CD961D861D961D96906911F
:102B980002201B49069CD161D061D161D26905929E
:102BA8004FF480644FF48232059DDA61DC61DA61AA
:102BB800DA6904924024134A049DDA61DC61DA611F
:102BC800DA690392039AD961D861D961DA69029204
:102BD80004210D4A0298C3F81C28C3F81C18C3F82E
:102BE8001C2803F50063DB690193019B0AB030BC24
:102BF800704700BF80000100000101000004004888
:102C08000200010040000100040001002DE9F04F1E
:102C180089B08568334B06934FF00008324B4468FF
:102C2800B0F90C20ADF816800646A0F80E806F1893
:102C3800CDF80C800793C5F10109A2F1020A002A18
:102C48000FFA8AFE0DF116031FFA8AFA36DD34F8F8
:102C580002CB0DF120082CF007000CF0070B1CF03C
:102C6800060F224680B20CF0380108EB8B0B2DD1F1
:102C7800CDF800E05BF808BCD847BDF8161005EBA6
:102C88000903DBB2AAEB0102012B12B20C4412D0E9
:102C9800BD4221D005F8010BF3890133F3810028E7
:102CA800CBD0072812D001230A280393C5D1039853
:102CB80009B0BDE8F08F002AEAD10390039B002BEE
:102CC800F5D10398F38109B0BDE8F08F0123039390
:102CD800039809B0BDE8F08F08230393039809B05F
:102CE800BDE8F08F0D370008113800082DE9F047CE
:102CF80086B00023ADF80E30C381B0F80C801C4BB1
:102D080004931C4BD0F8049086680593B8F1000F23
:102D180029D007460CB24D4612E000945EF808AC84
:102D2800D047A8EB050319FA83F39BB2E0B9BDF8C5
:102D38000E10FA89641A0A440E44FA8124B29BB12F
:102D480035F802CB0DF1180A2CF007000CF0070E2D
:102D58001CF0060F0DF10E03324680B20CF038015C
:102D68000AEB8E0ED9D0012006B0BDE8F08700BF6F
:102D7800753A0008A93B000870B504464568226802
:102D880035F8023B92898089013A91B203F47F4277
:102D9800023823F0070CB2F5807F82B080B21FFAA8
:102DA8008CFC38D0484EA081013B03F007036560D6
:102DB8002C200025BCF1380FE58100FB036663D8A1
:102DC800BCF1380F1ED8DFE80CF04D1D1D1D1D1D70
:102DD8001D1D551D1D1D1D1D1D1D5A1D1D1D1D1DA6
:102DE8001D1D671D1D1D1D1D1D1D311D1D1D1D1DAD
:102DF8001D1D371D1D1D1D1D1D1D3F1D1D1D1D1DBF
:102E08001D1D470000230220A268D054E389013326
:102E1800E38102B070BDCCF3C40C0023BCF1010FF8
:102E2800A0816560E3813AD90D20EDE73046FFF7D0
:102E380071FAE3890020E7E73046FFF74FFA0628E2
:102E48003AD0E3890020DFE73046FFF747FA002849
:102E5800ECD1E3890120D7E73046FFF775FAE3891B
:102E68000020D1E7A36804210122E1811A70E389D7
:102E78000020C9E72046FFF7C9FEE389C4E72046DA
:102E8800FFF734FFE389BFE7BCF1780FBAD102F04E
:102E980073F8E3892846B7E700230120B4E70B4B12
:102EA80053F82C6076B1A36800930AB204F10E03BC
:102EB8002946B047E389A7E73046FFF767FAE38971
:102EC8000020A1E73346AFE7240700208807002049
:102ED80008B502F0BFFE0A4BA3FB0030C00902F0A0
:102EE8005DF8084B002219684FF0FF3001F0FCFF35
:102EF8000548FFF7EFFBBDE80840FFF721BE00BF1C
:102F0800D34D6210400300201419002010B44FF074
:102F1800A043402283B01A605A68234942F0400215
:102F28005A608B68214A23F4401323F0700343F05E
:102F380010038B608B6823F4803323F0070343F07E
:102F480006038B60936DDB0716D4936D43F0010382
:102F58009365936D4FF0804103F001030193019B4A
:102F68004B6943F001034B61936D23F001039365B3
:102F780003B05DF8044B70474FF080430C485A6823
:102F880059680C4C014041F020015960596941F0E1
:102F9800010159615968224001400A435A6003B04F
:102FA8005DF8044B704700BF002C01400010024040
:102FB8008FFFFFFD70000002013270B552086FF0FC
:102FC800020655010661002293F800C0BCF10F0FFC
:102FD80002F1010E0CD80469A407F5D51FFA8EF288
:102FE80095420661F0D81C780F2CEDD801230B8090
:102FF80070BD00BF4A6C03464FF0010C42F480627A
:103008004A64783083F881C083F883C0704700BF72
:10301800034690F88100A8B1002283F8812042215C
:10302800022093F880201AB1002283F880200846F5
:1030380093F882202AB140F48060002280B283F89D
:10304800822070474021ECE72F490A78032A52D89A
:1030580010B52E4C036844F82200027301320A703E
:103068009A68D40722D45A68042122F004025A60CC
:1030780019605A68202122F020025A6019609A6863
:1030880022F0404222F03F0242F000429A609A68E1
:10309800002AFCDB1A68D10708D41D499A680A403F
:1030A80042F001029A601A68D207F7D5196B21F02D
:1030B8000F011963017A01228A40092942EA8162D3
:1030C80001EB410C19D842EA0C524FEAD25C0CF0E1
:1030D800040C1433406853F80C10C2F304524FF038
:1030E800070E90400EFA02F221EA0202024343F868
:1030F8000C20012010BD00207047ACF11E0C42EAE4
:103108000C5242F00072E0E7181900201C19002048
:10311800C0FFFF7F017A02680123092901EB410002
:1031280003FA01F343EA816384BF1E3843EA00537C
:10313800116B94BF43EA005343F000731B0D21F455
:10314800F86103F4F8630B4313630423116C1360F1
:10315800936823F0004323F03F0343F00403936094
:1031680013685B07FCD5106C20F00F0080B2704725
:1031780000B50E4B1A6E42F0010283B01A661A6E41
:1031880002F001020092009A9A6D42F080529A650C
:103198009B6D03F0805301930420019B01F092FE84
:1031A80003B05DF804EB02F0CFB900BF0010024095
:1031B80010B504469CB0002144220BA8CDE90611A5
:1031C800CDE908110A9105F03FFB2368B3F1A04F40
:1031D80004D0414A934245D01CB010BD4FF4004280
:1031E8004FF080530BA80B921A9302F065FD00284C
:1031F80068D13A4A13680133012B136009D1384B5F
:10320800DA6C42F40052DA64DB6C03F40053019385
:10321800019B334BDA6C42F00402DA64DA6C02F098
:1032280004020292029ADA6C42F00102DA64DB6C60
:103238000620032103F00103CDE9060103930024CE
:1032480006A92848039B089401F05EFF0322032384
:103258004FF0904006A9CDE90623089401F054FFE9
:103268001CB010BD4FF400424FF080530BA80B92D6
:103278001A9302F021FD40BB184A13680133012B51
:10328800136009D1164BDA6C42F40052DA64DB6C35
:1032980003F400530493049B114B1248DA6C42F078
:1032A8000402DA64DB6C9FED0A7B03F004030593E8
:1032B80006A900238DED067B059A089301F024FFEB
:1032C8001CB010BDFEF786FF93E7FEF783FFD3E738
:1032D8000300000003000000000100502C1900202A
:1032E8000010024000080048094B02689A4200D0CA
:1032F8007047D3F8482442F0080282B0C3F8482443
:10330800D3F8483403F008030193019B02B07047D7
:10331800000C02400000000010B51B4A016888B08C
:1033280000239142CDE90233CDE90433069301D05D
:1033380008B010BD03F1804303F504339FED107B03
:103348001A6E42F400621A661A6E02F40062009263
:10335800009ADA6C42F00102DA64DB6C03F00103D4
:1033680001930122062302A94FF090408DED027BC4
:10337800019C0492069301F0C7FE08B010BD00BF7F
:103388004000000012000000002C0140D0B5204A87
:10339800016888B000239142CDE90233CDE90433B6
:1033A800069301D008B0D0BD03F1804303F5043380
:1033B8004FF4F060DA6C42F00102DA64DA6C02F081
:1033C80001020092009ADA6C42F00202DA64DB6CC5
:1033D800022103F00203CDE902010193022602272C
:1033E800062402A94FF09040019B0694CDE904679A
:1033F80001F08AFE032202230648069402A9CDE9B9
:103408000467CDE9022301F07FFE08B0D0BD00BFFC
:10341800002C01400004004870B5044698B0002113
:10342800442207A8CDE90211CDE90411069105F05F
:103438000BFA374B22689A4201D018B070BD0223AC
:1034480007A8079302F038FC00284DD1314B324EC3
:103458009A6D42F400329A659A6D02F40032009235
:10346800009ADA6C9FED267B42F00102DA64DB6C8D
:103478008DED027B9FED247B03F00103019302A9EC
:1034880007234FF09040019A06938DED047B01F0DD
:103498003BFE22491A220023C6E900123046802248
:1034A800C6E90233C6E90423C6E90633336201F0EC
:1034B80095FDF8B91A4D1B49C4F880601B220023FA
:1034C800C5E90012284610218022C5E90213C5E982
:1034D8000533C5E90733B4622A6101F07FFD30B9CD
:1034E800E567AC6218B070BDFEF774FEAEE7FEF794
:1034F80071FEF5E7FEF76EFEDCE700BFAFF3008074
:103508000C000000020000000000000000000000A5
:103518000044004000100240E40400201C04024063
:1035280084040020300402404FF0A04340221A6077
:10353800704700BF024B6FF001021A61FFF73EBAF5
:10354800002C01400C4908B50B691A0605D56FF027
:1035580080030A480B61FFF74DFD07490B69DB053E
:1035680005D56FF4807305480B61FFF743FDBDE88F
:103578000840FFF7E5B900BF002C0140A00100207A
:10358800444BDA69520610B509D5434943480A6BDA
:10359800402422F001020A631C62FDF70FFE3D4B36
:1035A800D869DA69D9699B684C076AD5D8071ED5E6
:1035B800384B0E221A624FF0402202F5816353E81D
:1035C800003F23F0010302F5816040E80031002943
:1035D800F3D14FF0402202F5806353E8003F43F0F7
:1035E800100302F5806040E800310029F3D1294B2F
:1035F800DA691B68D20643D5DB0641D54FF0402275
:1036080002F5806353E8003F23F0100302F5806061
:1036180040E800310029F3D14FF0402202F58163E0
:1036280053E8003F43F0010302F5816040E80031B0
:103638000029F3D14FF0402202F5816353E8003F9F
:1036480023F0400302F5816040E800310029F3D1FE
:10365800104B5B6A4FF0402202F5816353E8003F4C
:1036680043F0400302F5816040E800310029F3D1BE
:10367800094B0A482022BDE810405A60FDF796BF62
:1036880010BDD907B3D502F0020200F008000243CA
:103698008ED1ACE70044004000040240AC02002098
:1036A80008B5FFF733FAFEE710B50D4C2378022B67
:1036B8000FD00133DBB20B4A237013689B0604D585
:1036C800202309485360FDF721FFBDE81040FFF7AC
:1036D80011BA00F031FD01F07DFC0123EBE700BFDA
:1036E8003403002000040240AC020020044B5A6955
:1036F800920400D470474FF400525A61FFF716BA8B
:103708000004014010B40839BDF904C0202912D8BA
:10371800DFE801F017111111111111112111111107
:10372800111111112F11111111111111391111113B
:10373800111111114F0000221A8007205DF8044B67
:10374800704748284FF0010214BF052004205DF897
:10375800044B1A807047B0F5656F3BD044D9B0F57B
:10376800696F37D041F65832904214BF05200420C3
:1037780031E018284FF0040214BF052010465DF808
:10378800044B1A8070470121198092F9000038B360
:103798001FFA8CF003E0198012F9014F04B301F10C
:1037A800010C81421FFA8CF1F5D304205DF8044B1B
:1037B80070471288023292B21FFA8CFC62451A8056
:1037C8001AD8A828F1D01BD820F040002828ECD01F
:1037D8000520B3E7002002225DF8044B1A807047E9
:1037E800002313700420E1E720F04000B0F5B26F29
:1037F80014BF05200420EEE700221A800A209DE766
:10380800E828E5D1D1E700BF30B583B00839BDF964
:1038180018C01C46202912D8DFE801F01611111132
:103828001111111125111111111111114411111139
:1038380011111111511111111111111164000023ED
:103848002380072003B030BD482800F09A808828DC
:1038580040F092801378042B00F0AB80032B00F02B
:10386800E180002089E0B0F5196F158862D053D83F
:10387800B0F5156F00F0918000F2DD80B0F5016FB2
:1038880000F0BD8000F2BD80B0F5F26F00F0B780A7
:1038980000F2D98020F04000B0F5B26F14BF0520C7
:1038A800042053E0582800F08D80982856D0182816
:1038B80014BF052004200423238003B030BD012158
:1038C800218092F900301BB31FFA8CF303E02180AA
:1038D80012F9010FE0B1481C994281B2F7D30420D4
:1038E80003B030BD1188023189B21FFA8CF39942B6
:1038F80021802FD8B0F5D47F66D044D8A828EED040
:1039080000F28C8020F040002828E8D0052099E7B4
:10391800002313700420E3E7B0F5656F15D061D973
:10392800B0F5696F11D041F65833984214BF05209D
:1039380004200BE04A48FEF75FFD03460193ADF80B
:10394800065047480199FEF795FC00200223238082
:1039580003B030BD002323800A2073E7B2F900309A
:1039680040493F4881FB0321A1EBE371002209B2E2
:10397800FEF76CFC00209EE705200123238003B09E
:1039880030BD0420F9E7B0F5A56FBFD13648911CCA
:1039980003B0BDE8304003F009BE3148FEF72CFD06
:1039A80003460193ADF804502D480199FEF762FCD7
:1039B800CBE72B48FEF73EFD002201462848FEF7DC
:1039C8004FFC4EE7042076E7D2F802302549D2882A
:1039D80081FB0301A1EBE371214809B2FEF736FC34
:1039E80000202FE7B0F5256F09D026D8B0F51D6F58
:1039F80005D0B0F5216F14BF05200420A6E70420E8
:103A0800A4E7B0F50D6FFAD023D8B0F5056FF6D05E
:103A1800B0F5096F14BF0520042097E7E8283FF4A4
:103A28005EAF73E70E48FEF7B9FC002201460C486A
:103A3800FEF70CFC15E7052088E7B0F5296F14BFE1
:103A48000520042082E7B0F5FA6F14BF0520042092
:103A58007CE7B0F5116F14BF0520042076E700BF9E
:103A680024070020ABAAAA2A7002002010B5A1F1F1
:103A7800080CBDF908E0BCF1200F12D8DFE80CF003
:103A88001B111111111111112711111111111111FE
:103A980022111111111111113511111111111111D9
:103AA8001300072010BD282829D0128802320520CB
:103AB80092B21A8010BDBEF1000F1EDD01221A80DD
:103AC800052010BDBEF1030F15DD0422F7E7BEF196
:103AD800010F10DDB0F5656F5AD0B0F5696F14BFEE
:103AE8000520002002221A8010BD20282CD0602832
:103AF8000FD00022E3E7082010BD084610BD1FFACA
:103B08008EFE0A21BEF10B0F118035D80C22082039
:103B1800CFE7204C94F900000121198080B11FFAE9
:103B28008EFEA44608E002F8010B1988013189B21B
:103B380019801CF9010F18B17145F4D3062010BD86
:103B480000231370002010BD134C94F900000121CC
:103B580019800028F4D01FFA8EFEA44609E002F866
:103B6800010B1988013189B219801CF9010F00284D
:103B7800E6D08E45F3D8E1E7084948680C6809891A
:103B8800C2F80600C2F80240518100200C2290E7DA
:103B98000020A7E7B08E00088C8E0008808E0008F1
:103BA80030B58FB01C46A1F10803BDF948C01546D1
:103BB800202B12D8DFE803F02B111111111111116C
:103BC80060111111111111113E1111111111111161
:103BD8005811111111111111140007200FB030BD27
:103BE800E82805F1020300F0178167D8682800F07B
:103BF800E380A82840F01A811FFA8CFC1022BCF13F
:103C0800110F2A8000F27A81122308206DE0BCF19E
:103C1800000F40F3EE80482800F0ED80882840F03F
:103C2800B680AF48FEF7A8FB287000200123238048
:103C38000FB030BDBCF1030F3DDD982800F01881AE
:103C480000F2DD80182800F0C180582840F0188163
:103C5800A348FEF79FFB00EB4000400028600020CF
:103C6800042323800FB030BDA02878D0E02859D095
:103C7800002323800520B1E7BCF1010F1BDDB0F55F
:103C8800116F00F05E8133D8B0F5016F00F0A380AA
:103C980000F2DE80B0F5BA6F00F04E81B0F5FA6F31
:103CA80000F05681B0F5B26F40F03D818D4803F0C9
:103CB8008BFB288031E008200FB030BDB0F5947F31
:103CC80067D0B0F5D47F40F0B1808548FEF758FB47
:103CD80000EB40004300C5F802308148FEF754FB72
:103CE8000623E8802B800020082323800FB030BDF6
:103CF800B0F5216F76D000F29E80B0F5196F00F014
:103D08001481B0F51D6F00F02F81B0F5156F40F0EC
:103D18000A817348FEF770FB288000200223238065
:103D28000FB030BD704B1A680123238002F12401C3
:103D380092F924207AB11FFA8CFC08E005F8012BCF
:103D4800238801339BB2238011F9012F1AB16345EF
:103D5800F4D3062042E700232B7000203EE7634A95
:103D680001231168238091F90020002AF3D01FFA5B
:103D78008CFC09E005F8012B238801339BB22380D2
:103D880011F9012F002AE6D09C45F3D8E1E7052078
:103D98004CE71FFA8CFC0C22BCF10D0F2A8071D95C
:103DA800534A506815689168D268DA6058601D6097
:103DB800996000200E2398E71FFA8CFC3C22BCF186
:103DC8003D0F2A8061D83E2308208EE74448FEF73D
:103DD800CDFA286043E74248FEF7F0FAC0F30F43F4
:103DE8002B809AE73E48FEF711FBC0F30F432B8068
:103DF80093E70846F2E63A48FEF770FA14E741F608
:103E0800583398423CD13B4B186803F00DFD8DEDBB
:103E1800010A019B2B6022E71FFA8CFC0E22BCF1E1
:103E28000F0F2A804FD8102308205EE72B88023313
:103E380005209BB259E7B0F5296F00F08E806AD84B
:103E4800B0F5256F6FD12648FEF7EAFA288064E7B7
:103E5800B0F5096F00F09280B0F50D6F00F0898021
:103E6800B0F5056F5FD11E48FEF7B2FA288054E717
:103E78001B48FEF793FA00EB400040002860EEE68E
:103E88000520EDE60E2308202FE7174A126802F1F5
:103E98003001D2F800C055689068D2F80CE0C3F839
:103EA8000CE010328A42C3F800C05D60986003F1EC
:103EB8001003EED11068516892689A6018605960D2
:103EC80000203E2311E70C4A126810685168956873
:103ED8009D601860596092899A810020102304E738
:103EE8002407002054010020540200205C02002016
:103EF800600200205001002058020020234A126866
:103F0800506815689168D268DA6058601D609960D9
:103F180000201223E9E6B0F5656F3FF4FEAEB0F578
:103F2800696F3FF4FAAE0520F8E61948FEF764FA1F
:103F3800C0F30F432B80F0E6164803F0E9FB288016
:103F4800EBE61348FEF74EFAC0F30F432B80E4E686
:103F58000F48FEF733FA2880DFE60D48FEF760FACF
:103F6800C0F30F432B80D8E60948FEF74FFA2880A4
:103F7800D3E60748FEF736FA2880CEE60448FEF76F
:103F880027FAC0F30F432B80C7E600BF500200207A
:103F9800240700207801002030B4026802F10801EB
:103FA80051E8003F43F0010341E80034002CF7D109
:103FB800C168194D43686C5C234402F1240199607F
:103FC8004023136202F1080151E8003F43F0400327
:103FD80041E80034002CF7D14023136252E8003F37
:103FE80043F0400342E800310029F7D102F108010B
:103FF80051E8003F43F0800341E80034002CF7D13A
:1040080001698368695C0B4402F1280040219860CB
:1040180030BC1162704700BF6C9300080369806868
:1040280010B40B4CE35CC458E40700EB030C0CD44D
:10403800CCF80C10DCF804106FF30F010A43CCF82D
:104048000420C25842F00102C2505DF8044B704788
:104058006C93000810B4C3680C4C4068E35CC45807
:1040680000EB030C24F00104C450CCF80C10DCF86D
:1040780004105DF8044B6FF30F011143CCF80410E2
:10408800C25842F00102C250704700BF6C9300084A
:1040980002681023136252E8003F43F0100342E81D
:1040A80000310029F7D17047034AD2F8883043F429
:1040B8007003C2F88830704700ED00E038B50F4B48
:1040C8001B680BB9012038BD0D494FF47A720546BB
:1040D800B2FBF3F30868B0FBF3F000F05FFF0446AF
:1040E8000028EFD10F2DEDD8024629464FF0FF30BA
:1040F80000F0FAFE034B20461D6038BD3C0300204B
:1041080038030020400300200A4A136843F48073F0
:1041180010B50320136000F0D5FE0420FFF7CEFF92
:1041280010B10124204610BD0446FFF721F82046AF
:1041380010BD00BF00200240034A04491368096803
:104148000B441360704700BF301900203C03002067
:10415800014B1868704700BF3019002030B583B094
:1041680000230193002800F0B180C56D0446002D9E
:1041780000F0AF80226893689D0005D5936823F00E
:10418800204323F03F0393609368D80019D46B4B06
:104198006B481B6891689B09A0FB030321F0104141
:1041A8009B0921F03F0101335B0041F08051916090
:1041B8000193019B2BB1019B013B0193019B002BB8
:1041C800F9D19368D90076D4E36D43F01003E36521
:1041D800236E012003432366936813F0040FE36DF5
:1041E80070D1DB066ED4E36D23F4817343F00203D0
:1041F800E3659368DD0709D44FF0A0439B6813F08B
:10420800010F504B9B6801D1D9077FD5E568E36B57
:1042180094F824102B43A5682B43657F012943EAB2
:10422800453343EA01435AD0E16A21B1256B01F4D1
:10423800787129430B43D568434929401943D16014
:104248001369616B23F040630B43136193681B0789
:1042580022D4D16894F83830257F21F480415B005E
:1042680021F0020143EA85330B432169D3601369C6
:10427800002941D043F480331361D2F8C0306FF382
:104288000D030B43C2F8C03094F84030012B45D0E1
:10429800136923F0010313616369012B24D0136BA5
:1042A80023F00F031363E36D23F0030343F00103CB
:1042B800E36503B030BD936813F0040F4FF00000BE
:1042C800E36D8ED0E36D43F01003E365012003B086
:1042D80030BDFEF76DFF256684F858504AE7A16A9D
:1042E800013943EA41439FE7116B236A21F00F012B
:1042F800013B0B431363D6E723F480331361D2F8F1
:10430800C0306FF30D03C2F8C030BDE70F496568D0
:104318008B6823F47C132B438B6077E71169636CFC
:10432800A56C6FF38A012B430B43E16C0B43216DA2
:104338000B4343F001031361AEE700BF38030020CD
:10434800632D3E05000100500740F0FF00030050B8
:104358002DE9F04190F8582082B00346012A4FF029
:104368000000019000F028811A68012083F85800A5
:104378009468670709D5DA6D42F02002DA650022F1
:1043880083F8582002B0BDE8F08148684FEA901ED3
:1043980000F01F0C02F1300408680EF00C0EC0F398
:1043A800846054F80E501F2600FA0CF006FA0CFC34
:1043B80025EA0C0C40EA0C0044F80E0094680868E2
:1043C80014F0040F94684ED126074CD48D68C0F3BE
:1043D80004560724C00DB440B5F1004F00F00400A6
:1043E8006FEA040400F0378102F11407B5403E5823
:1043F80034402C433C50506920F0004050610F6914
:104408000868D468042F054600F0FA80C4F3C10494
:10441800650002F16004B04E54F827C000F0F8407F
:104428000CEA060606434869A840304340F00040BD
:1044380044F827000D698E6954F8250020F0807033
:10444800304344F825000E690D7F54F82600A5F185
:104458000105B5FA85F56D0920F0007040EA456060
:1044680044F8260008689468E50711D4CE689B4C88
:10447800D2F8B05006F01807FC40C0F31207044009
:1044880025EA07052C43C2F8B040954CA64245D012
:104498009449084201D1002071E7934C934DA168DB
:1044A800A84201F0E07616D0914DA84213D0914D64
:1044B800A84200F08580904DA842ECD14902EAD488
:1044C8008E498A42E7D0A26822F0E072324342F471
:1044D8008002A260DFE70C02DDD4B2F1A04FDAD18E
:1044E800814987488A6822F0E072324342F4000228
:1044F8008A60026883499209A1FB0212920901327B
:1045080002EB420292000192019A002AC3D0019A5A
:10451800013A0192019A002AF9D1BCE7002F5ED036
:1045280090FAA0F4002C00F0EF80B4FA84F401347F
:1045380004F01F04092C40F2E78090FAA0F4002C44
:1045480000F05281B4FA84F40134A40604F0F8446B
:1045580090FAA0F5002D00F04581B5FA85F50135F2
:1045680005F01F05012606FA05F52C4390FAA0F080
:10457800002800F03581B0FA80F0013000F01F000B
:1045880000EB40001E38000540F000700443E50DC4
:10459800886805F0040502F11406C4F3045400FA0F
:1045A80004F74FF0070C70590CFA04F420EA0400E1
:1045B8003843705108686BE7022002B0BDE8F0810B
:1045C800C8013FF568AF4D498A423FF464AFA2681D
:1045D80022F0E072324342F08072A2605BE7800E04
:1045E800013000F01F050124800600F0F840AC40BF
:1045F800092D44EA000405EB4500C3D80005C5E7CA
:10460800146E146EC0F31206C4F384646EBBC0F358
:104618008460844200F0B780546E566E02F16004E4
:10462800C6F3846602F1640E864200F09080A668A4
:10463800A66804F1080CC6F38466864200F0B980C7
:10464800E668E66804F10C07C6F38464A04200F04B
:104658009480284607E702F1140635582C40345058
:10466800506940F000405061C9E690FAA0F626B1C2
:10467800B6FA86F6B44200F08680546E566E02F1A1
:104688006004C6F3846602F1640E95FAA5F704F196
:10469800080CE0461FB1B7FA87F7B74259D0A668A9
:1046A800A668C6F3846695FAA5FE04F10C07B84619
:1046B800BEF1000F03D0BEFA8EFEB6457BD0E66889
:1046C800E468C4F3846495FAA5F6002E3FF4CBAEF3
:1046D800B6FA86F0BAE700BF00F0FF03FFFF070055
:1046E80000007F400000088000030050000021C344
:1046F8001000C090000052C7000084CB0001005099
:1047080038030020632D3E0590FAA0F4002C73D0E6
:10471800B4FA84F40134A40604F0F84490FAA0F53D
:10472800002D67D0B5FA85F5013505F01F0501267E
:1047380006FA05F52C4390FAA0F0002857D0B0FAF5
:1047480080F0013000F01F0000EB400056E704F154
:104758000808DEF8000020F00040CEF800000D68E0
:10476800A068A668C5F31207C446C6F3846628463F
:10477800002F98D1C5F384605FE7386820F00040C7
:10478800386008686FE6106E144620F0004044F860
:10479800600F0D68506E566EC5F3120702F1640E75
:1047A800C6F384662846002F7FF46FAFC5F3846094
:1047B8003AE704F10C08DCF8000020F00040CCF8DF
:1047C80000000D68E068E468C5F312064746C4F3C4
:1047D80084642846002E7FF476AFC5F3846035E7FD
:1047E8000748D3E60225C0E64FF08064B0E64FF4F0
:1047F8004010CBE602259DE74FF080648EE700BFAE
:10480800000050FE2DE9F04390F8583083B00022A4
:10481800012B019200F0A9818446012380F85830C9
:10482800DCF81440DCF80030D1E90020002C72D00C
:104838000C6A012C6FD0DCF8686000F01F00C2F32E
:1048480084658540002E40F01681886A013C002866
:1048580000F01082CE6A00F07C00204330432843E9
:10486800CCE919049868070710D491F8260091F844
:1048780025404005002C40F0F380DC6891F8245076
:1048880024F4401440EA05502043D860986810F09A
:10489800040057D0986800209C68E50713D4CE68B8
:1048A800B44CD3F8B05006F01807FC40C2F3120716
:1048B800144025EA070E44EA0E04C3F8B040AE4C93
:1048C800A64200F0F680AD490A421ED0AC4DAD4C70
:1048D800A968A24201F0E07600F09C80AA4CA242AE
:1048E80000F09880A94CA24200F05E81A84CA24238
:1048F8000BD14A0209D4A74A934206D0AB6823F0E9
:10490800E073334343F48003AB6000238CF85830E2
:1049180003B0BDE8F0830928A4D1886A540C04F4D4
:10492800785420B1CD6A00F07C0028430443D86C49
:10493800994D28402043D8649868CCF8644007070C
:10494800A4D492E79C682607A6D48C6A91F825001F
:10495800002C40F0A5800128D86800F08D8120F057
:104968000070D860002091F83040012C00F0778169
:104978001C6924F002041C618D68C2F304560724E4
:10498800D20DB440B5F1004F02F004026FEA0404FE
:1049980000F05B8103F11407B540BE5834402C4346
:1049A800BC505A6922F000425A610E690A68DC68F4
:1049B800042E154600F00781C4F3C104650003F115
:1049C8006004764F54F826E002F0F8420EEA070732
:1049D80017434A69AA403A4342F0004244F8262065
:1049E8000E698D6954F8262022F080722A4344F813
:1049F80026200E690D7F54F82620A5F10105B5FA89
:104A080085F56D0922F0007242EA456244F82620D5
:104A18000A6841E70C023FF578AFB3F1A04F7FF485
:104A280074AF574A5E49936823F0E073334343F405
:104A3800000393600B685B4A9B09A2FB03239B0955
:104A480003EB43039B0018330193019B002B3FF4B6
:104A58005CAF019B013B0193019B002BF9D154E70B
:104A6800DC6824F440142043D860986810F00400EF
:104A78003FF468AF0EE7DCF86440013E2C43CCF805
:104A88006860CCF86440002E7FF4ECAED86C424DE0
:104A980028402043D864986807073FF5F7AEE4E656
:104AA800CC6A002C3FF457AF012800F02981D86860
:104AB80055E747BB940E013404F01F050122A406F4
:104AC800AA4004F0F844092D44EA020405EB450223
:104AD80049D91E3A120542F000721443E50D8A685E
:104AE80005F0040503F11406C4F3045402FA04F7AC
:104AF8004FF0070E72590EFA04F422EA04023A4300
:104B080072510A68DFE692FAA2F43CB1B4FA84F46E
:104B1800013404F01F04092C00F2CF8092FAA2F4A9
:104B2800002C00F04A81B4FA84F40134A40604F09D
:104B3800F84492FAA2F5002D00F03D81B5FA85F50A
:104B4800013505F01F05012606FA05F52C4392FAF2
:104B5800A2F2002A00F02C81B2FA82F2013202F0AD
:104B68001F0202EB42021205B7E7022003B0BDE8BC
:104B7800F08300BFFFFF070000007F4000000880AF
:104B880000030050000021C31000C090000052C76D
:104B9800000084CB000100500040100400F0FF0327
:104BA80038030020632D3E05C9013FF5AEAE844AA7
:104BB80093423FF4AAAEAB6823F0E073334343F06B
:104BC8008073AB60A1E61C6E1C6EC2F31206C4F3C0
:104BD8008464002E54D092FAA2F626B1B6FA86F66C
:104BE800B44200F0B1805C6E5E6E03F16004C6F3FF
:104BF800846603F1640895FAA5F704F1080EF146F6
:104C080027B1B7FA87F7B74200F0B680A668A6685A
:104C1800C6F3846695FAA5F804F10C07B946B8F10D
:104C2800000F03D0B8FA88F8B04578D0E668E46891
:104C3800C4F3846495FAA5F6002E3FF42DAEB6FAB7
:104C480086F2A24263D02A4626E603F11406B55836
:104C58002C40B4505A6942F000425A61A5E6D1E9A5
:104C68000D461D69344325F4FF752C4344F00204B6
:104C78001C6181E62046F2E540F00070D86071E6DC
:104C8800C2F3846294425FD05C6E5E6E03F160048E
:104C9800C6F3846603F1640896426BD0A668A668DA
:104CA80004F1080EC6F38466964236D0E668E668D4
:104CB80004F10C07C6F38464C3E792FAA2F4002C4B
:104CC80071D0B4FA84F40134A40604F0F84492FADA
:104CD800A2F5002D65D0B5FA85F5013505F01F055B
:104CE800012606FA05F52C4392FAA2F2002A5DD0B5
:104CF800B2FA82F2013202F01F0202EB4202E8E647
:104D0800DCF85C4044F02004CCF85C402BE63A68C0
:104D180022F000423A600A68BEE504F10C09DEF8A8
:104D2800002022F00042CEF800200D68E268E46816
:104D3800C5F312064F46C4F384642A46002E7FF456
:104D480079AFC5F384627CE71A6E1C4622F00042F4
:104D580044F8602F0D685A6E5E6EC5F31207C6F3ED
:104D6800846603F164082A46002F7FF444AFC5F334
:104D7800846291E704F10809D8F8002022F0004283
:104D8800C8F800200D68A268A668C5F31207CE46C9
:104D9800C6F384662A46002F7FF43CAFC5F38462CD
:104DA80082E702259FE74FF0806490E7054A94E682
:104DB8004FF4401291E60225C8E64FF08064B8E649
:104DC80000010050000050FE90F85820012A46D0FB
:104DD800F0B404689CB0034600220120B4F1A04F4F
:104DE800189283F85800199208D0D96D83F8582082
:104DF80041F02001D9651CB0F0BC7047224A906888
:104E080040070BD5A268DA6D42F020020120DA656E
:104E1800002283F858201CB0F0BC7047A0684507F2
:104E2800F1D40D68EDB1194E4F68B06893F838C0E9
:104E380020F46040384340EA4C30B060A068926883
:104E4800C0070AD4D70708D4B268896822F4716207
:104E58000D4322F00F021543B5600020D8E7022069
:104E680070470A48816821F460418160A1689268AE
:104E7800CD07F2D4D407F0D4826822F4716222F00C
:104E88000F028260E9E700BF0001005000030050F4
:104E9800B0B110B590F82130044603F0FF0253B1C9
:104EA80000200123606284F82130C4E90100C4E9CC
:104EB8000300606110BD80F82020FEF715FAEFE7C7
:104EC800012070470749CA6803024FF6FF0003F440
:104ED800E0630240134343F0BF6343F40033CB6005
:104EE800704700BF00ED00E01A4BDB68C3F30223F4
:104EF80000B5C3F1070EBEF1040F03F1040C28BF7F
:104F08004FF0040EBCF1060F1BD9A3F1030C4FF0B0
:104F1800FF3303FA0CF322EA03024FF0FF3303FADC
:104F28000EF321EA030303FA0CF313431B010028D1
:104F3800DBB209DB00F1604000F5614080F8003326
:104F480000BD00229446E8E7034A00F00F0002443F
:104F5800137600BD00ED00E0FCEC00E0002807DB64
:104F6800044A4109012300F01F00834042F8213020
:104F7800704700BF00E100E0BFF34F8F0549064BC3
:104F8800CA6802F4E0621343CB60BFF34F8F00BFDF
:104F9800FDE700BF00ED00E00400FA050138B0F1BC
:104FA800807F01D30120704710B44FF0E023074CF5
:104FB80058614FF0F00C84F823C0002207211046F6
:104FC8009A615DF8044B1961704700BF00ED00E07D
:104FD800704700BF08B5FFF7FBFF08BD002879D070
:104FE800F0B43D4A0468944203465ED93B493C4AC2
:104FF8003C4D2144A2FB012109098900022298683D
:1050080083F82520DA68C3E910511D6902432A4351
:105018005D692A439D692A43DD692A43256825F489
:10502800FF4C1D6A2CF0700C2A4342EA0C022260E5
:105038002B4DE2B2083AA5FB0252274D1209AC42A9
:105048008CBF294E294E2A4DDD6488BF063202F0F6
:105058001F0201248D1904FA02F2B0F5804F1A6577
:105068009D644FEA910129D05D68204F05F07F00CB
:10507800013D032D46F82100C7F8842025D81D4A94
:105088001D4D02449200013884400021C3E91525D2
:10509800DC651160194A546400200122D86383F842
:1050A800240083F82520F0BC704715490C4A154D9B
:1050B8002144A2FB0121090989009FE700205860CB
:1050C80046F821000949C1F884200022C3E91522C5
:1050D800DA65E1E70120704707040240F8FBFDBFED
:1050E800CDCCCCCC0004024020080240000802408D
:1050F800800802403F820010400902400009024037
:10510800F8FFFDBF000002400B68002B00F09481FF
:105118002DE9F04FB0F1904F85B04FF0000200F04C
:10512800D680DFF8308300914FF0010B0BFA02F5BF
:1051380015EA030A00F08280009E776807F0030EE4
:10514800032154000EF1FF3901FA04FCB9F1010FF3
:1051580031466FEA0C0CB66878D9BEF1030F01D15D
:10516800012E05D0C568A64005EA0C052E43C66089
:1051780005680EFA04F405EA0C052C4317F4403FC1
:1051880004605BD0B04D2C6E44F001042C662C6E8C
:1051980004F001040394039C22F0030404F1804406
:1051A80002F003060F2104F58034B60001FA06FC6C
:1051B800A649A568884225EA0C0500F08280A44922
:1051C800884278D0DFF890C2604500F02F81DFF880
:1051D8008CC2604500F03181DFF884C260450CBFA5
:1051E8004FF0050C4FF0060C0CFA06F63543A56097
:1051F800D8F808406FEA0A05FE0254BF2C404AEA74
:105208000404C8F80840D8F80C40B90254BF2C4030
:105218004AEA0404C8F80C40D8F80440BE0354BF56
:105228002C404AEA0404C8F80440D8F80040F903BE
:1052380054BF2C404AEA0404C8F80040013233FA4B
:1052480002F47FF473AF05B0BDE8F08FD0F8089092
:10525800C96809EA0C09A14041EA0909C0F808909F
:10526800D0F8049029EA0509C7F30015954045EAE6
:1052780009054560C568A64005EA0C052E43BEF140
:10528800020FC6607FF474AF4FEAD20900EB8909B8
:1052980002F00706D9F82010019100990D69B600AF
:1052A8000F21B54001FA06F6019921EA06063543B1
:1052B800C9F820505CE74FF0020C0CFA06F63543AB
:1052C80095E74FF0010C0CFA06F635438FE7DFF847
:1052D800848151E0032C01D1012E06D0C56806FA5D
:1052E8000EF60CEA05052E43C660056804FA0EF4AE
:1052F80005EA0C052C4317F4403F046037D0524DA3
:105308002C6E44F001042C662C6E04F00104039406
:10531800039C22F0030404F1804404F5803402F075
:1053280003050F26AD0006FA05F5A66826EA050569
:10533800A560FE02D8F808406FEA090573D42C402E
:10534800C8F80840BE02D8F80C4069D42C40C8F808
:105358000C40BE03D8F804405FD42C40C8F8044081
:10536800FF03D8F8004055D42C40C8F8004001325B
:1053780033FA02F43FF467AF012404FA02F513EAA2
:105388000509F4D04F6802FA04FE07F00304032667
:1053980004F1FF3A06FA0EFCBAF1010F8E686FEAC3
:1053A8000C0C97D806FA0EF6D0F808B00096CE681E
:1053B8000CEA0B0B06FA0EFA4AEA0B0AC0F808A028
:1053C800D0F804A0009E2AEA050AC7F30015954004
:1053D80045EA0A054560C5680CEA05052E43022C16
:1053E800C66082D1D6080D69B60002F0070A06F138
:1053F80090464FEA8A0A05FA0AF5D6F820B00095D1
:105408000F2505FA0AFA009D2BEA0A0B45EA0B0557
:1054180035626AE744EA0904A7E744EA09049DE714
:1054280049EA040493E749EA040489E74FF0030CC6
:105438000CFA06F63543DAE670474FF0040C0CFA1E
:1054480006F63543D3E600BF0010024000040048CA
:105458000008004800040140000C00480010004803
:1054680000140048354A136860B903F4C063B3F503
:10547800806FD2F880301CD023F48073C2F880305B
:1054880000207047B0F5007F06D023F4C06343F4D2
:10549800806313600020704703F4C063B3F5806F26
:1054A800D2F880302AD043F48073C2F880300020CC
:1054B800704723F48073C2F880301368204821496C
:1054C80023F4C06343F4007313600368322000FBC5
:1054D80003F35069A1FB03139B0C400503F101037F
:1054E80006D55169490503F1FF3301D5002BF8D1E1
:1054F800124B5B695B05CDD50320704743F480737D
:10550800C2F8803013680E480E4923F4C06343F490
:10551800007313600368322000FB03F35069A1FB9A
:1055280003139B0C400503F10103E1D551694905BB
:1055380003F1FF33DCD5002BF8D1D9E70070004028
:105548003803002083DE1B43024A936843F48043F8
:105558009360704700700040002800F039822DE900
:10556800F0410368D90782B004462DD5A5498A6859
:10557800C96802F00C020C2A00F00281082A00F027
:1055880004816368B3F5803F00F02981B3F5A02F4B
:1055980000F092819B4D2A6822F480322A602A68A2
:1055A80022F480222A60002B40F01E81FEF7D0FDF5
:1055B800064605E0FEF7CCFD801B642800F2398121
:1055C8002B689903F6D423689A0728D58D4A9368DF
:1055D800D26803F00C030C2B00F0E280042B00F0DF
:1055E800E480E368874D002B00F014812B6843F4B6
:1055F80080732B60FEF7ACFD064605E0FEF7A8FDBC
:10560800801B022800F215812B685F05F6D56B68B0
:10561800226923F0FE4343EA02636B6023681A079A
:1056280019D56369774D002B00F09680D5F8943032
:1056380043F00103C5F89430FEF78AFD064605E0FD
:10564800FEF786FD801B022800F2F380D5F894301F
:105658009B07F5D523685D0741D56A4B9A6DD00045
:1056680000F1EB809A6D42F080529A659B6D03F0D1
:1056780080530193019B0125634E3368D90540F19E
:105688000A81A368012B00F0DA80052B00F05E8107
:105698005C4ED6F8902022F00102C6F89020D6F889
:1056A800902022F00402C6F89020002B40F0CE8013
:1056B800FEF74EFD41F28838074605E0FEF748FD43
:1056C800C01B404500F2B580D6F890309907F5D454
:1056D80025B14C4A936D23F08053936523689A064D
:1056E80018D5A369474D002B00F0C180D5F8983034
:1056F80043F00103C5F89830FEF72AFD064605E099
:10570800FEF726FD801B022800F29380D5F898301A
:105718009B07F5D5E369EBB13A4DAA6802F00C0294
:105728000C2A00F02181022B2B6823F080732B6058
:1057380000F0CF80FEF70CFD044604E0FEF708FDFC
:10574800001B022875D82B689B01F7D4EA682F4BF9
:105758001340EB6000206DE0D5F8943023F001038E
:10576800C5F89430FEF7F4FC064604E0FEF7F0FCBA
:10577800801B02285DD8D5F894309F07F6D469E7D6
:1057880001F0030103297FF4FCAE1E4A126892035C
:105798007FF51AAF6268002A7FF416AF012049E04E
:1057A80002F00302022A7FF41CAF164B1B685B054C
:1057B80002D5E368002BF1D0124A206953681449D6
:1057C80023F0FE4343EA006353600868FEF776FC63
:1057D8000028E3D123681A077FF53DAF21E7094A7E
:1057E800136843F480331360FEF7B2FC054E054698
:1057F80004E0FEF7ADFC401B64281AD833689F0309
:10580800F7D5E0E60010024000700040FCFFEEFE15
:10581800400300202B6823F480732B60FEF798FC6C
:1058280006462B685905D5D5FEF792FC801B022841
:10583800F7D9032002B0BDE8F08100251CE7654ACE
:10584800D2F8903043F00103C2F89030FEF780FCA4
:10585800604F064641F2883804E0FEF779FC801B69
:105868004045E6D8D7F890309B07F6D530E7D5F80D
:10587800983023F00103C5F89830FEF769FC064616
:1058880004E0FEF765FC801B0228D2D8D5F89830D2
:105898009F07F6D43EE7336843F480733360FEF71E
:1058A80057FC07463368DA053FF5EBAEFEF750FCC8
:1058B800C01B0228F6D9BCE703F18043A3F53C33AB
:1058C8001A6842F480221A601A6842F480321A6018
:1058D8008AE7FEF73DFC064604E0FEF739FC801B2C
:1058E8000228A6D82B689901F7D4E9683A4B226AAE
:1058F800606A0B401343D4E90A1243EA012343EADE
:10590800C263D4E90C120138490843EA001301398B
:10591800520843EA4153013A43EA4263EB602B6879
:1059280043F080732B60EB6843F08073EB60FEF705
:105938000FFC284D044605E0FEF70AFC001B022870
:105948003FF677AF2B689A01F6D503E7214BD3F8DA
:10595800902042F00402C3F89020D3F8902042F03F
:105968000102C3F8902071E7012B3FF417AFEB68F1
:10597800226A03F0030191427FF410AF616A03F0D9
:10598800F0020139B2EB011F7FF408AFA16A03F4FA
:10599800FE42B2EB012F7FF401AFE16A03F07842D7
:1059A800B2EBC16F7FF4FAAE226B520803F4C00168
:1059B800013AB1EB425F7FF4F1AE626B520803F03B
:1059C800C063013AB3EB426F14BF0120002031E7F6
:1059D80001207047001002400C809F01184B9A6804
:1059E80002F00C02042A26D09A6802F00C02082A57
:1059F80023D09A6802F00C020C2A01D000207047CC
:105A0800D968DA68D86801F003010329C2F30312E0
:105A1800C0F306200CBF0B4B0B4B0132B3FBF2F368
:105A280003FB00F0064BDB68C3F3416301335B0003
:105A3800B0FBF3F07047044870470248704700BF56
:105A48000010024000366E010024F400002800F027
:105A5800EE80784A2DE9F843136803F00F038B4270
:105A68000D4604460CD2136823F00F030B43136052
:105A7800136803F00F038B4202D00120BDE8F883BE
:105A88002368DF0769D56768032F00F0A0806A4B99
:105A9800022F1B6800F097805B05EED5FFF79EFF8D
:105AA800664B984240F2C080634A936823F0F00343
:105AB80043F0800393604FF080095F4EB36823F092
:105AC80003033B43B360FEF743FB41F288380746C4
:105AD80004E0FEF73DFBC01B404571D8B36862681F
:105AE80003F00C03B3EB820FF3D123689F0736D47E
:105AF800B9F1000F03D0B36823F0F003B3604D4E43
:105B0800336803F00F03AB4246D823685A0706D51B
:105B18004949E0688A6822F4E06202438A601B0708
:105B280007D5454A2169936823F4605343EAC103C2
:105B38009360FFF753FF404A414C92684149C2F3D2
:105B480003120346A25C404802F01F02D3400B60D8
:105B58000068BDE8F843FEF7B1BA9E07CFD55807ED
:105B680004D535498A6842F4E0628A60190706D587
:105B7800314A936823F47C5343F4E06393602E4ADC
:105B8800A16893682B4E23F0F0030B4393603368AE
:105B980003F00F03AB42B8D9336823F00F032B434C
:105BA8003360FEF7D5FA41F288380746336803F0C8
:105BB8000F03AB42A9D0FEF7CBFAC01B4045F5D97D
:105BC8000320BDE8F8839A033FF568AF55E71A4A02
:105BD800116888017FF551AFD068D168D268174E37
:105BE80000F003000328C1F303110CBF174818483D
:105BF8000131B0FBF1F11048C2F3062201FB02F2B9
:105C0800C168C1F3416101314900B2FBF1F2B2420E
:105C18000AD9826812F0F00F3FF446AF990703D50E
:105C2800A368002B3FF440AF4FF0000945E701207F
:105C3800704700BF002002400010024000B4C404B6
:105C48007C930008380300204003002000366E01D2
:105C58000024F400014B1868704700BF3803002087
:105C6800054B064A9B680649C3F302230868D35CC0
:105C780003F01F03D84070470010024074930008D7
:105C880038030020054B064A9B680649C3F3C22324
:105C98000868D35C03F01F03D84070470010024027
:105CA8007493000838030020024A136843F4002361
:105CB80013607047001002402DE9F0410368044664
:105CC80013F4002082B042D0A14B9A6DD50040F168
:105CD800F88000279F4D2B6843F480732B60FEF7F4
:105CE80037FA064605E0FEF733FA831B022B00F26B
:105CF800F3802B68D805F6D5954D226CD5F89030F1
:105D080013F4407316D0934214D0D5F89010D5F8F8
:105D1800903043F48033C5F89030D5F8903023F4B0
:105D28008033C5F8903021F44073C907C5F8903026
:105D380000F1FD808649D1F8903023F44073134375
:105D4800C1F8903023680020002F40F0CA80DE0799
:105D580008D57F496568D1F8882022F003022A43D4
:105D6800C1F888209D0708D57949A568D1F8882009
:105D780022F00C022A43C1F88820590708D5744933
:105D8800E568D1F8882022F030022A43C1F888203B
:105D98001A0708D56E492569D1F8882022F0C00273
:105DA8002A43C1F888209F0608D569496569D1F852
:105DB800882022F440622A43C1F888205E0608D56C
:105DC8006349A569D1F8882022F440522A43C1F8D2
:105DD80088201D0608D55E49E569D1F8882022F497
:105DE80040422A43C1F88820D90508D55849256A70
:105DF800D1F8882022F440322A43C1F888209A0535
:105E080008D55349656AD1F8882022F440222A43EC
:105E1800C1F888205F050BD54D49A56AD1F88820BF
:105E280022F440122A43B5F5801FC1F888205ED0BD
:105E38001E050BD54649E56AD1F8882022F44002B0
:105E48002A43B5F5800FC1F8882055D0DD040BD55D
:105E58003F49256BD1F8882022F040722A43B5F1DA
:105E6800807FC1F888204CD099040BD53849656BE0
:105E7800D1F8882022F040622A43B5F1006FC1F8BA
:105E8800882043D05A040BD53149A56BD1F8882016
:105E980022F040622A43B5F1006FC1F888203AD059
:105EA8001B040BD52A4AE16BD2F8883023F0405303
:105EB8000B43B1F1805FC2F8883031D002B0BDE841
:105EC800F0819A6D42F080529A659B6D03F0805381
:105ED8000193019B0127FDE623680320002F3FF46F
:105EE80036AF1B498A6D22F080528A652FE7CA684F
:105EF80042F48012CA609BE7CA6842F48012CA6002
:105F0800A4E7CA6842F48012CA60ADE7CA6842F4DE
:105F18008012CA60B6E7CA6842F48012CA60BFE756
:105F2800D36843F48033D36002B0BDE8F081FEF754
:105F38000FF941F28838064604E0FEF709F9801B9C
:105F48004045C9D8D5F890309B07F6D5226CF1E6C4
:105F58000010024000700040036A026A22F0010249
:105F680070B40262446882690D6822F4803222F0BB
:105F780073022A438D6823F002032B43144DA84271
:105F88000FD005F50065A8420BD005F54065A8427D
:105F980007D005F58065A84203D005F58065A842BD
:105FA8000FD1056A25F004050562CD6823F00803C2
:105FB8002B43D1E9056524F4407446EA050C4CEA04
:105FC800040449684460826170BC4163036270479D
:105FD800002C0140036A026A22F4807270B40262E3
:105FE8004468C2690D6822F4803222F073022A43A1
:105FF8008D6823F4007343EA0523154DA8420FD09A
:1060080005F50065A8420BD0124DA84211D005F540
:106018008065A8420DD005F58065A84211D108E039
:10602800056A25F480650562CD6823F4006343EAB8
:106038000523D1E9056524F4405446EA050C44EAF1
:106048000C1449684460C26170BCC1630362704744
:10605800002C014000400140036A026A22F4805289
:1060680070B402624468C2690D6822F0807222F43A
:10607800E64242EA05228D6823F4005343EA0533D9
:10608800154DA8420FD005F50065A8420BD0134D59
:10609800A84211D005F58065A8420DD005F58065A8
:1060A800A84211D108E0056A25F480450562CD684B
:1060B80023F4004343EA0533D1E9056524F4404459
:1060C80046EA050C44EA8C1449684460C26170BC15
:1060D80001640362704700BF002C0140004001408A
:1060E800002875D070B590F83D30044603F0FF02E3
:1060F800002B68D02268374EA169E56860680223E2
:1061080084F83D30B24213684DD0B2F1804F1CD0B4
:10611800A6F59436B24218D006F58066B24214D07D
:1061280006F59636B2423ED02B4EB2423FD006F527
:106138008066B2423BD006F58066B24237D023F083
:106148008003D562194390620CE0A66823F07003BF
:1061580033432669D56223F44073334323F0800325
:10616800194390621068012340F0040010605361E5
:10617800116084F8483084F83E3084F83F3084F861
:10618800403084F8413084F8423084F8433084F851
:10619800443084F8453084F8463084F8473084F831
:1061A8003D30002070BDA66823F070033343266994
:1061B800D56223F44073334323F08003906219437C
:1061C80063691363CEE780F83C20FDF7A5F891E7F3
:1061D80001207047002C014000400140704700BF7B
:1061E800002875D070B590F83D30044603F0FF02E2
:1061F800002B68D02268374EA169E56860680223E1
:1062080084F83D30B24213684DD0B2F1804F1CD0B3
:10621800A6F59436B24218D006F58066B24214D07C
:1062280006F59636B2423ED02B4EB2423FD006F526
:106238008066B2423BD006F58066B24237D023F082
:106248008003D562194390620CE0A66823F07003BE
:1062580033432669D56223F44073334323F0800324
:10626800194390621068012340F0040010605361E4
:10627800116084F8483084F83E3084F83F3084F860
:10628800403084F8413084F8423084F8433084F850
:10629800443084F8453084F8463084F8473084F830
:1062A8003D30002070BDA66823F070033343266993
:1062B800D56223F44073334323F08003906219437B
:1062C80063691363CEE780F83C20FFF787FF91E707
:1062D80001207047002C01400040014090F83C30FC
:1062E800012B5DD0024630B400680124022382F8F5
:1062F8003C4082F83D3083684C680D6823F44013B5
:1063080023F07003234323F4803323F007032B4344
:10631800602C83607CD02DD8402C66D05ED9502C60
:1063280036D18B680D69016A046A24F0010404629D
:106338004C4CA0420FD004F50064A0420BD004F5E9
:106348004064A04207D004F58064A04203D004F55D
:106358008064A04203D1046A24F00404046221F09A
:106368000A011943836923F0F00343EA05138361A3
:10637800016222E0702C15D06F2C09D93A4B9C424F
:106388001BD064D8B4F1101F17D0103B9C4214D016
:106398000120002382F83D0082F83C3030BC704771
:1063A80002207047D1E9025384682B430D6924F415
:1063B8007F4143EA05230B438360C36823F040030E
:1063C800C360C3680021012423F48043C36082F8BA
:1063D8003D4082F83C10084630BC7047202CECD079
:1063E8003CD834F01003D3D1E7E7052DD0D0B5F170
:1063F800011FCDD0046A036A096923F0010303620F
:10640800836923F0F00343EA011383610462D4E74C
:106418008D680C69036A016A21F010010162114953
:1064280088420FD001F5006188420BD0816923F0C2
:10643800A00321F4704143EA051341EA0431816164
:106448000362BAE7016A21F040010162EEE7074BF7
:106458009C42B2D030339C429AD1AEE7302C97D1CF
:10646800ABE700BF002C01403000100040001000D6
:10647800036A026A22F0100270B4026244688269F8
:106488000D6822F0807222F4E64242EA05228D6805
:1064980023F0200343EA0513154DA8420FD005F554
:1064A8000065A8420BD0134DA84211D005F58065B0
:1064B800A8420DD005F58065A84211D108E0056A0B
:1064C80025F040050562CD6823F0800343EA0513F3
:1064D800D1E9056524F4406446EA050C44EA8C04D5
:1064E80049684460826170BC81630362704700BF81
:1064F800002C01400040014090F83C30012B00F096
:10650800DC80012370B504460D4680F83C30142A1F
:106518000CD8DFE802F04F0B0B0B630B0B0B740B63
:106528000B0B840B0B0B950B0B0B1000002384F843
:106538003C30012070BD03682E681A6A196A21F47C
:10654800801119625868196D21F0807121F4E041B9
:1065580041EA0621AE6822F4001242EA0652584E79
:10656800B3420FD006F50066B3420BD006F540667D
:10657800B34207D006F58066B34203D006F58066BD
:10658800B34204D16E6920F4802040EA8620586026
:1065980019656968D9641A621A6D296942F400623A
:1065A8001A651A6D22F480621A651A6D42EA012290
:1065B8001A650EE00068FFF7CFFC83692A6943F08B
:1065C80008038361836923F00403836183691343A8
:1065D8008361002384F83C30002070BD0068FFF719
:1065E80047FF83692A6943F400638361836923F45D
:1065F80080638361836943EA02238361E9E7006872
:10660800FFF7E8FCC3692A6943F00803C361C3695B
:1066180023F00403C361C3691343C361D9E7006866
:10662800FFF71AFDC3692A6943F40063C361C369AC
:1066380023F48063C361C36943EA0223C361C8E7E3
:1066480003682E681A6A196A21F480311962586839
:10665800196D21F4803121F070013143AE6822F4C4
:10666800003242EA0642164EB3420FD006F50066E3
:10667800B3420BD006F54066B34207D006F58066F4
:10668800B34203D006F58066B34204D16E6920F4A4
:10669800803040EA062058601965696899641A6272
:1066A8001A6D296942F008021A651A6D22F004026F
:1066B8001A651A6D0A431A658BE70220704700BFF6
:1066C800002C014090F83C30012B46D070B40246B3
:1066D800234E0068022382F83D30B04243680D68BB
:1066E800846824D006F50066B0422BD023F00073EE
:1066F80023F070032B43B0F1804F43600AD0194B4D
:10670800984207D003F58063984203D003F59C3381
:10671800984204D18B6824F080041C4384600020D4
:10672800012382F83D3082F83C0070BC70474E6807
:1067380023F47003334323F0007323F070032B43D7
:106748004360E7E74E6823F47003334323F0007394
:1067580023F070031D434560DCE70220704700BF4B
:10676800002C01400004004090F83C30012B45D03B
:1067780010B4D1E9024323F4407302462343486826
:106788000C6823F48063034323F4006308692343FC
:1067980023F480534C69034323F40053086B2343C9
:1067A80023F480438C69034323F47023C86943EAC4
:1067B800044323F08053124C03431068A0420BD0CB
:1067C80004F50064A04207D00021436482F83C101D
:1067D80008465DF8044B70478C6A23F4700343EA5B
:1067E80004530C6A23F0807323434C6AC96A23F06C
:1067F8000073234323F000530B43E5E7022070475F
:10680800002C0140034690F83C00012845D0106850
:1068180001380F28F0B415D8214C224D54F82060C7
:1068280055F820C0204C214D54F8204055F82070D0
:1068380001290DD002291CD0002283F83C20012018
:10684800F0BC704700270129BC463C463E46F1D1C2
:1068580090681D685168B8402F6E01FA0CF181EA02
:10686800070232407A4080EA020121404A402A6603
:106878000DE018685168456E926801FA0CF169409C
:1068880031406940BA404A4022404A4042660022AC
:1068980083F83C200020F0BC70470220704700BFFE
:1068A8004C940008CC9300080C9400088C930008C2
:1068B8002DE9F8430446D0F8880020286CD10F460B
:1068C80009B1154612B90120BDE8F88398464FF082
:1068D80000092123C4F89090C4F88830FDF738FCEB
:1068E800A368A4F85450B3F5805F0646A4F8565040
:1068F80055D0B4F85620236892B242B3B8F1FF3F9E
:106908003DD0B8F1000F57D0DA69150609D4FDF764
:106918001FFC801B804554D323681A68DA69150662
:10692800F5D5002F32D017F8012B9A62D4F88820B9
:1069380002F02102212AC6D1B4F85620013A92B2B7
:10694800A4F85620B4F8562092B2002AD6D1B8F14D
:10695800FF3F2AD0B8F1000F39D0DB69590609D4B6
:10696800FDF7F6FB831B98452BD323681A68DB6970
:106978005906F5D52023C4F888300020A4E7DA6941
:106988001006CED4DA691006F9D5CAE739F8022B11
:10699800C2F308029A62C9E70220BDE8F8832369B6
:1069A800002BA6D1B9461F46A3E7DA695206E1D4FF
:1069B800DA695206DED4F8E7DA691206B1D4FDF7CF
:1069C800C7FB2023C4F888300320BDE8F883DB69BF
:1069D8005B06F4D5CEE700BF70B50446036882684D
:1069E800006961691D6802430A43E0698E490243F0
:1069F80029400A431A605A68E168656A22F44052DD
:106A08000A438A495A608B429968A26921F06E410B
:106A180021F4306100F0B080266A32430A439A605C
:106A2800DA6A22F00F022A43DA62814A934235D0A9
:106A3800804A93420DD0804A934255D07F4A934270
:106A480040D0012000234FF00112C4E91D33A26693
:106A580070BD7B4BD3F8883003F00C030C2BF0D8B7
:106A680001A252F823F000BF756B00084B6A0008BA
:106A78004B6A00084B6A0008E36A00084B6A000882
:106A88004B6A00084B6A0008376B00084B6A00081D
:106A98004B6A00084B6A0008056B0008684BD3F87E
:106AA800883003F00303022B41D0032B26D0012B9F
:106AB80013D0B0F5004F00F0AB80FFF7E3F8A0B3B8
:106AC800656A20E05E4BD3F8883003F0C003802B62
:106AD8002DD000F28D80002B48D0B0F5004F00F08B
:106AE8009D80FEF77BFFEAE7554BD3F8883003F02B
:106AF8003003202B1BD0EED9302BA2D1B0F5004F9C
:106B080019D04FF4004063684E4A32F81510B0FBB4
:106B1800F1F04FF6EF7200EB5300B0FBF3F0A0F189
:106B2800100393428DD82368D86000208AE7B0F517
:106B3800004F4548E7D16268424B33F81510B0FB67
:106B4800F1F0530803EB40034FF6EF71B3FBF2F398
:106B5800A3F110028A423FF674AF23F00F022168B6
:106B680092B2C3F342031343CB60DEE7B0F5004FA4
:106B780048D0FFF775F8A2E711439960DA6A3049FF
:106B880022F00F022A43DA62D1F8883003F4406316
:106B9800B3F5006F45D02ED8002B3CD0FEF71EFF72
:106BA8000028C2D0656A6668264B06EB460133F8B2
:106BB8001520B0FBF2F399423FF643AFB3EB063F23
:106BC8003FF63FAF00231946F9F7DEFF4FF4807513
:106BD8000346002170083246E3FB05010023F9F75C
:106BE800D3FF1A4BA0F540729A423FF62AAF9AE7B4
:106BF800C02B83D025E7B3F5406F7FF422AF4FF465
:106C08000040D0E7FFF72CF800288ED0656A92E79D
:106C1800FFF738F8F8E7FFF723F8C1E7FEF7DEFEDD
:106C2800F2E70948BFE700BFF369FFCF00800040E3
:106C3800003801400044004000480040004C00403B
:106C4800001002408C9400080024F400FFFC0F00A0
:106C5800836A1A0710B406D50168846B4A6822F45F
:106C6800004222434A60DC0706D50168C46A4A68C4
:106C780022F4003222434A60990706D50168046B62
:106C88004A6822F4803222434A605A0706D50168CE
:106C9800446B4A6822F4802222434A60DC0606D507
:106CA8000168C46B8A6822F4805222438A6099067C
:106CB80006D50168046C8A6822F4005222438A606F
:106CC8005A0609D50168446C4A6822F480122243A6
:106CD800B4F5801F4A600BD01B0606D50268C16C4C
:106CE800536823F400230B4353605DF8044B70474B
:106CF8004A68846C22F4C00222434A60ECE700BF71
:106D080038B500230446C0F89030FDF721FA216811
:106D18000B681B0705460FD40B685A0731D40023AC
:106D28002022C4F888201846C4F88C20E36623671C
:106D3800002384F8843038BDCB699802ECD40BE08A
:106D48001A68520705D5DA6910074BD4DA691205B3
:106D580076D4DB699802DFD4FDF7FAF92368421B81
:106D6800B2F1007F1946EBD353E8002F22F08002DE
:106D780043E800210029F7D12023C4F888300320F4
:106D8800D6E7CB695B02CAD40DE01A68500707D56D
:106D9800DA69110700F18280DA69120500F1AC8026
:106DA800DB695B02BBD4FDF7D3F9431BB3F1007F6A
:106DB8002368EAD353E8002F22F4907243E80021B5
:106DC8000029F7D103F1080252E8002F22F001024E
:106DD80003F1080040E800210029F3D12023C4F87A
:106DE8008C30CCE708221A6253E8002F22F4907204
:106DF80043E800210029F7D1564803F1080252E878
:106E0800002F024003F1080545E800210029F4D1CC
:106E1800E26E012A0BD0002220200821C4F88C0041
:106E28006267E26684F88420C4F890109CE753E80F
:106E3800002F22F0100243E800210029F7D1EAE7E9
:106E48004FF400621A6253E8002F22F4907243E86C
:106E580000210029F7D13F4803F1080252E8002F2A
:106E6800024003F1080545E800210029F4D1E26E4B
:106E7800012A0AD000222021C4F88C106267E26639
:106E880084F88420C4F890106EE753E8002F22F0AD
:106E9800100243E800210029F7D1EBE708221A6223
:106EA80053E8002F22F4907243E800210029F7D11B
:106EB800284803F1080252E8002F024003F10805B0
:106EC80045E800210029F4D1E26E012A0BD0002206
:106ED80020200821C4F88C006267E26684F88420C8
:106EE800C4F8901066E753E8002F22F0100243E838
:106EF80000210029F7D1EAE74FF400621A6253E84B
:106F0800002F22F4907243E800210029F7D111489C
:106F180003F1080252E8002F024003F1080545E892
:106F280000210029F4D1E26E012A0AD00022202192
:106F3800C4F88C106267E26684F88420C4F8901064
:106F480038E753E8002F22F0100243E80021002917
:106F5800F7D1EBE7FEFFFFEF80B3D0F8883010B52C
:106F6800044633B32268A16A2423C4F8883013681E
:106F780023F001031360C1B92046FFF72DFD012856
:106F880011D023685A6822F490425A609A6822F015
:106F98002A029A601A6842F0010220461A60BDE887
:106FA8001040FFF7ADBE012010BD2046FFF750FE90
:106FB800E2E780F88430FCF72FFAD3E70120704726
:106FC80090F88430012B17D00268242310B4C0F83D
:106FD800883011681468002324F0010421F000515E
:106FE80014604366116080F884302022C0F888203D
:106FF8005DF8044B184670470220704790F88420CB
:10700800012A37D003460268242030B5C3F8880027
:107018001468106820F001001060906820F060404B
:107028000143586E916010B391689068124DC1F396
:10703800426C4FEA507E114911F80E0011F80C10FD
:1070480015F80EE015F80C50C000C900B0FBFEF0B2
:10705800B1FBF5F1A3F868100021A3F86A00202518
:10706800146083F884100846C3F8885030BD0121A5
:107078000846EFE702207047A4940008AC94000883
:1070880090F88420012A37D003460268242030B5BE
:10709800C3F888001468106820F001001060906838
:1070A80020F060600143586E916010B39168906859
:1070B800124DC1F3426C4FEA507E114911F80E008F
:1070C80011F80C1015F80EE015F80C50C000C900A6
:1070D800B0FBFEF0B1FBF5F1A3F868100021A3F8AE
:1070E8006A002025146083F884100846C3F8885085
:1070F80030BD01210846EFE702207047A49400083C
:10710800AC94000810B50446406B01F005FBE06B39
:1071180000F010FB012384F8383010BD70B5044628
:107128000025002382B0406B238565622562E561F6
:107138002564E5600E4601F0EFFA94F83830022B2A
:1071480008BFE36B304608BF1D6100F03DF90190B0
:1071580028B107EE900AFBEEEF7AC4ED147A02B07C
:1071680070BD00BF00000000D0ED086A90ED0C7AF9
:10717800D0ED097AE6EE877A10B5044617EE900A44
:10718800F9F7AAF99FED081B41EC100B01F09CFBE5
:1071980051EC100BF9F7A8FC00EE100A606201F040
:1071A80047FB208510BD00BF00000060FB2119408F
:1071B80010B50446406B01F0D9FA23681B7D90FB9B
:1071C800F3F000B210BD00BF0368406B1B7D03FBEA
:1071D80001F101F0EBBA00BF406B01F0CDBA00BF7E
:1071E80010B52DED028B90F83830012B0446406B1A
:1071F80030D0636CDFED228AB3F90C3008EE103A18
:1072080001F092FA07EE900AF8EEE77A9FED1D7A00
:10721800E06B67EEA87AB8EEC88A27EE877AB0EEF8
:10722800670AA8EE680AC4ED127A84ED137A00F0B2
:1072380089FAF0EE407AA8EE280ABDEC028B9FEDA1
:10724800127AC4ED107A20EE077A84ED080A84EDEC
:10725800077A10BD01F068FA07EE900A9FED0B7AE5
:107268009FED0B0AF8EEE77ABDEC028B67EE877AA2
:1072780027EE800AC4ED077A84ED080A10BD00BF26
:107288007CD9203FEBC9184183F9223ECDCCCC3DB7
:10729800DB0FC94010B5D0ED077A90ED067A2DEDD9
:1072A800048BF0EEE77AB4EEE77AF1EE10FA86B0E6
:1072B80004467ED8D0ED048A9FED3F7A68EE878A2F
:1072C80068EEA78AD4ED027A9FED3C7AC4ED038A72
:1072D800F4EEE87AF1EE10FA44BFF0EE678AC4EDF6
:1072E800037A94ED099AD4ED147A29EE079AF4EE0C
:1072F800E87AF1EE10FA48BFC4ED037AB0EE490A15
:1073080048BFF0EE678AFBF799F8DFED2D7AD4EDE8
:10731800039AB0EE408A39EE270AFBF78FF8DFEDC3
:10732800297A69EE809A39EE270A94ED039AFBF7D9
:1073380085F8D4ED147AB7EE006AC6EE275AF7EE50
:10734800000A68EE257A65EEA96A67EEA87A29EE42
:10735800007AF4EEC67AF1EE10FADCBF77EE867AA0
:10736800B6EE000AF4EEE06AD4BF27EE800AB0EE6B
:10737800460AF1EE10FA27EE257A05DC76EEA06AC9
:10738800F6EE000A66EEA00AB7EE001AB4EEC17A6D
:10739800F1EE10FA05DC37EE017AB6EE001A27EEA8
:1073A800011A606806B0BDEC048BBDE8104000F01F
:1073B80067BAD0ED058A85E7DB0FC940E02E654244
:1073C800000070430000F042C388408803FB00F0CF
:1073D800000C7047F8B5C37F90F822209A42044603
:1073E80002D00133C377F8BD058B0023C377002D86
:1073F8002FD06169A28BAA421AD394F824604B1942
:10740800002E7AD0A26803EB460C043A52F8040F17
:10741800008823F8020B258B0235ADB29C452583E5
:10742800F4D194F82630A28BFD2B6BD9AA42DAD27C
:1074380094F82630FE2B4AD094F82A304B53228BEE
:10744800206802320923456892B2A84700232383A3
:10745800F8BD0146092251F8140B0368984790B308
:107468003A4B61691B680B6094F8290094F82A204C
:1074780084F8205004238242238301D11D46B9E7B2
:1074880094F8273094F8232094F8251094F8215084
:1074980084F8242084F828301A44638B84F82A005E
:1074A80084F82610A383D4E90110920084F82250AE
:1074B80001F0FCF994F8232094F82730D4E903105C
:1074C8001A4401F0F3F9258B002D92D1F8BD94F8F8
:1074D800243094F8280018448342ADDAA768266956
:1074E80057F8232012684A515A1CF35C2B449DB26A
:1074F800D3B283422583F3DB9EE794F82630FD2B35
:107508003FF671AF94F82000984205D0013084F816
:107518002000AA4290D3F8BD94F82870374400237D
:10752800BE4284F82030F4DAD4F808E0D4F810C069
:107538005EF826301B684B511CF80630701C2B4433
:10754800C6B29DB2BE422583F2DB6FE73419002034
:10755800038B9BB170B590F826204169FE2A04463A
:107568000DD094F82A20CA52228B206802320923AF
:10757800456892B2A8470023238370BD704790F8EE
:10758800242090F828C094446245EADA86680569A0
:1075980056F822000068C850A85C01320344D2B2F1
:1075A8009BB262452383F3DBDBE700BF2DE9F84399
:1075B8000F880446002F46D00368DB89BB423FD3BF
:1075C8008B7880F8213091F8038080F823800B793C
:1075D80080F825304B79827F80F8273043449342E6
:1075E80057DC8E1D002B57D04FF00008454611E0A0
:1075F800E3685855E26894F8233094F82710525DF0
:1076080005F1010C5FFA8CF50B4442449D421FFAC8
:1076180082F811DA36F8029B6168484601EB850169
:10762800F9F7DAFF94F82330AB424FF00200DFD8C5
:107638004846F9F7C5FFDBE708F10602974210D282
:107648000920BDE8F883038B80F82970ABB90023C3
:10765800238384F82A30E37784F822300020BDE8B9
:10766800F883023FA7EB08076783337884F829304B
:10767800002BF3D1238B002BE9D0616994F82A20E1
:10768800CA52228B20680232456892B20923A84761
:10769800DDE70A20BDE8F88306229846CEE700BF5A
:1076A80003784BB9B0F90E30002BCCBF002301236F
:1076B8005B429BB2438070478388438000220281EB
:1076C800704700BF02780346DAB94FF6FF7081426F
:1076D8005A8804D0891A02EB212292B25A80B3F94F
:1076E8000E005989002807DD8A420DD899899142F0
:1076F80007D81889188170478A4205D39989914219
:10770800F7D200201881704708201881704700BF01
:1077180003785BB942880169B0F90E30808A521A41
:1077280002FB03F300EB234000B27047C08800B2AD
:10773800704700BF0023016842688160C26003612E
:107748008362704790ED037AD0ED027AB5EE407A05
:10775800F1EE10FA60EE277A4FF000031FD10361B3
:1077680090ED070AB4EEE70AF1EE10FA08DC90EDA6
:10777800080AF4EEC07AF1EE10FAB8BFB0EE670A64
:1077880090F82C30012B05BF77EEC07A90ED097A7E
:10779800DFED147A67EE877AC0ED0A7A704727EE34
:1077A800007A90ED0C6AD0ED045AC7EE066A90EDA7
:1077B800056A36EEA57AB4EEC67AF1EE10FA80EDD7
:1077C800047A04DD80ED046A77EE867AC8E790EDE6
:1077D800066AB4EEC67AF1EE10FAF3D4B0EE476A50
:1077E800F2E700BF00000000826800B55189B2F8D6
:1077F80014E01389B2F812C011FB0EF213FB0C232C
:10780800002BB0F90020BCBF03F57F43FF33D2EB58
:10781800234348BF0F3302EB2312028000BD00BF91
:1078280000230380704700BF10B5B0F9003007EEA1
:10783800903A2DED028B0446C068B8EEE78AFFF750
:10784800C3FDD4ED017A68EE277ABDEC028B00EE19
:10785800100AB8EE400A27EE800A10BDD0F888302A
:10786800DA6A52085A63DA6A52089A63DA6A52087C
:10787800DA631A6A42F4AA6242F005021A62704791
:1078880010B4D0F88840E16AE26AE36A80ED250A1C
:10789800013906EE901A013A07EE102AF8EE666AE8
:1078A800013B07EE903AB8EE477A66EE806AF8EE4A
:1078B800677A27EE207AFCEEE66A67EE817A16EEA2
:1078C800903ABCEEC77A99B2FCEEE77A17EE103A16
:1078D8009AB217EE903A9BB2C0ED260A80ED271AAD
:1078E800A0F8A010A0F8A220A0F8A4306163A263B9
:1078F800E36320695DF8044B00F00100704700BFA6
:10790800D0F888306FF001021A61DA6842F001029B
:10791800DA605A6C42F480625A645A6C42F400424B
:107928005A647047D0F888305A6C22F480625A64DE
:107938005A6C22F400425A64DA6822F00102DA60D2
:10794800704700BF10B4836823F0204323F03F033F
:1079580083B083608368DA0018D4314B82681B686F
:10796800304C9B0922F01042A4FB034322F03F0253
:107978009B095B0042F0805282600193019B2BB10E
:10798800019B013B0193019B002BF9D1836823F0F4
:10799800404323F03F0343F0004383608368002B98
:1079A800FCDB0368DB0708D41F4A8368134043F0F5
:1079B800010383600368DC07F7D583681A4A13401C
:1079C80043F0080383608368134043F02003836017
:1079D80083689B06FCD491F87A30D1F89C10124A3F
:1079E8000E3311F8233043F08003C36483681340D7
:1079F80043F008038360C36823F0004323F40013B3
:107A080043F40013C360036B23F00F03036383681D
:107A1800134043F00403836003B05DF8044B7047E0
:107A280038030020632D3E05C0FFFF7FD0F89C304F
:107A380090F87A2070B41C6803EB82031D6FD3F8AA
:107A48008830D5F88050D3F88060636823F00073DD
:107A580023F070036360052A00F29D80DFE802F0DE
:107A6800371D1D030337D0F888304E4A5B1B9342FD
:107A780058DBB3F5004F80F287800FFA83FCD0F80B
:107A88008C20484DA1F800C0921BAA425BDA4D80B9
:107A98001FFA8CF348F2010230E0D0F88840414BDD
:107AA800641B9C4239DBB4F5004F62DA0FFA84FCA0
:107AB800A3B2D0F89020A1F800C0B21A121BB2F5F8
:107AC800004F39DB47F6FF724A80154616E0D0F8BA
:107AD8008C40344B641B9C421ADBB4F5004F3DDAF2
:107AE80025B2A2B2D0F890304D80F31A1B1BB3F523
:107AF800004F19DB47F6FF730B809C4613445B422B
:107B0800A0F86450A0F862C070BCA0F86630704756
:107B18001C4648F201021D46E4E71C46A44648F20A
:107B28000103C6E79446AAE71E4CA34226DA0C8056
:107B380048F20103A446E1E71A4DAA4227DA4D802C
:107B480048F20102DAE7B2F5004F0CDB47F6FF73A3
:107B58001A464B8015461FFA8CF3CFE747F6FF729B
:107B680014461546BEE715B24D801FFA8CF392B243
:107B7800C4E747F6FF731C469C469AE70FFA83FC56
:107B8800A1F800C09BB2B9E747F6FF7C77E715B2CA
:107B98004D8092B2B2E7B1F900C0B1F902500B883A
:107BA8004A88ABE70180FFFF10B4D0F89C3090F80A
:107BB800994080F87A40B0F894201B68B0F850409B
:107BC8005C63013AB0F85240B0F854009C6392B23A
:107BD800D8631A64044958685DF8044B08400038B3
:107BE80018BF0120704700BF7000000230B4D0F801
:107BF8009C3090F899401A6803EB84031C6FD3F803
:107C08008830D4F88040D3F88050536823F000734C
:107C180023F07003536090F898300F2B0DD8D0F8EC
:107C28008830D0F88C201C4490F898302A440133CE
:107C3800C0E92242DBB280F89830002330BC0B60E8
:107C4800704700BF90F8993010B42233D0F89C40A8
:107C5800226854F82330D3F88040536823F0007327
:107C680023F07003536090F898300F2B0AD890F8DF
:107C78009830D0F8902001332244DBB2C0F890202D
:107C880080F8983000235DF8044B0B60704700BF04
:107C9800D0F89C30B0F894201B68F0B49C6900219F
:107CA80024F0080480F87C109C619C6924F400642A
:107CB8009C61DC6924F00804DC61DC69510824F467
:107CC8000064053ADC6159639963D9631A649A6957
:107CD80042F008029A619A6942F400629A61DA698C
:107CE80042F00802DA61DA6942F40062DA615A6C39
:107CF80042F480625A645A6C42F400425A6490F822
:107D08007B20022A04D00123F0BC80F8843070471D
:107D18001F6AC56BB0F84860016CB0F84A40436C04
:107D2800B0F84C2040F2555C17EA0C0F07D0AE6152
:107D38008C619A610123F0BC80F884307047AE6290
:107D48008C629A620123F0BC80F88430704700BFCF
:107D580010B4D0F89C402268536823F0007323F0D5
:107D68007003536090F87A20D0F88C300C48223297
:107D780054F82240D4F8804047F6FF721B1B934208
:107D8800A8BF13468342B8BF03461BB2002263F361
:107D98000F0263F31F425DF8044B0A60704700BF8F
:107DA8000180FFFFD0F89C30B0F894201B689969D7
:107DB80021F00801F0B49961D969053A012421F448
:107DC8000061D9615C631A649A6942F008029A6199
:107DD800DA6942F40062DA615A6C42F480625A64E9
:107DE8005A6C42F400425A6490F87B20022A13D15C
:107DF8001F6AC56B016C436CB0F84860B0F84A4024
:107E0800B0F84C2040F2555C17EA0C0F15BFAE6174
:107E1800AE628C618C629A6203220123F0BC80F806
:107E28007A2080F884307047D0F89C301B68012293
:107E380080F87C209A6922F008029A619A6922F4F3
:107E480000629A61DA6922F00802DA61596399637B
:107E5800D9639A6942F008029A619A6942F4006209
:107E68009A61DA6942F00802DA615A6C42F4004217
:107E78005A6490F87B30022B00D07047D0E90F216C
:107E880010B4436CB0F848409461B0F84A40B0F878
:107E98004C208C615DF8044B9A617047D0F89C3097
:107EA8001A68536C10B490F88340002123F40043FF
:107EB80080F8841080F87C1053641CB990F87B30EB
:107EC800022B02D05DF8044B7047D0E90F21B0F8BF
:107ED8004840436C9462B0F84A40B0F84C208C6239
:107EE8005DF8044B9A6270474FEA904C10B40CF05E
:107EF8003C0C01F1080483B054F80C306FF30F13F5
:107F0800134344F80C304A6800F003031343184A3B
:107F18004B601368174A0C68A2FB032300F010009B
:107F28000122824032EA04044FEAD34310D00868A1
:107F3800DB0002430A600093009B2BB1009B013BCE
:107F48000093009B002BF9D103B05DF8044B7047F8
:107F580003EB43030193019B002BF5D0019B013BED
:107F68000193019B002BF9D103B05DF8044B7047D6
:107F78003803002083DE1B43D0F89C301B689A69C5
:107F8800002122F008029A6159639A6942F00802B6
:107F98009A615A6C42F400425A6490F87B30022B82
:107FA80000D07047D0E90F2110B4436CB0F84840B6
:107FB8009461B0F84A40B0F84C208C625DF8044BEC
:107FC8009A6270472DE9F04FD0F89C502F6FD5F882
:107FD80088607A682C68D5F80CB08046D5E906C068
:107FE80087B04FF0040E22F004020090286A019036
:107FF800D5E90113686A0290D5E904A97A60C7F83F
:1080080000E07A68202022F020027A6038607268E6
:1080180022F004027260C6F800E0726822F02002C2
:10802800726030608B4A8C48944202690CBF42F4FB
:10803800006242F40052026181B1D1E90020D2F815
:1080480000E089694EF0010EC2F800E0026842F0D3
:10805800010202600A6842F001020A60B3B195F8B1
:10806800A520012A0AD0BCF1000F07D0B5F8A0203E
:10807800A86A03936146FFF737FF039B1A6842F02B
:1080880001021A601A6842F000421A60BBF1000F40
:1080980017D095F8A630012B07D0009B2BB1B5F867
:1080A800A020E86A1946FFF71FFFDBF8003043F00D
:1080B8000103CBF80030DBF8003043F00043CBF885
:1080C8000030BAF1000F17D095F8A730012B07D070
:1080D800019B2BB1B5F8A020286B1946FFF704FFC8
:1080E800DAF8003043F00103CAF80030DAF800305B
:1080F80043F00043CAF80030B9F1000F17D095F8E3
:10810800A830012B07D0029B2BB1B5F8A220686BD1
:108118001946FFF7E9FED9F8003043F00103C9F822
:108128000030D9F8003043F00043C9F80030BB688C
:10813800DA076BD5B368DB0763D54FF47A73059319
:10814800236823F001032360636823F0007323F09E
:10815800700343F020036360A36943F00803A3613D
:10816800A36943F40063A361E36943F00803E3618F
:10817800E36943F40063E361636943F00103636106
:1081880095F8A930022B49D098F878302BB995F892
:10819800A430012B46D0032B54D0636823F000731E
:1081A80023F070036FF0800243F070036360226174
:1081B8002369059AC3F3002362B16FF480714BB150
:1081C8002161059B013B05932369059AC3F30023AD
:1081D800002AF4D1E36843F08003E360236A43F4A0
:1081E800AA636FF0010143F0050323622161E3688C
:1081F800802243F00103E360A8F8962007B0BDE8A9
:10820800F08F41463046FFF79DFB96E738464146DA
:10821800FFF798FBB368DB078FD4F2E795F8AA302D
:10822800012B04D0B8F89430013B6362B5E795F8A8
:10823800A420032AF6D12363636943F00103636131
:108248002263EFE701222263626942F00102626160
:108258002363A2E7002C0140002004E02DE9F0434D
:10826800D0F89C200368156883B00026C0E9226610
:1082780000934369019380F898602B6AC0F8906076
:1082880023F4AA6323F0050304462B6272B63D4B20
:1082980003603D4B436104278023A0F8963080F8A3
:1082A800997080F87A7062B6FFF7F2FCD4F89C30C7
:1082B80004F1560804F1980993F8A42041464B4666
:1082C8002846FAF779FE2046FFF7E8FD84F898601B
:1082D80072B62E4B84F8996084F87A60236062B68F
:1082E8002046FFF7D5FCD4F89C204B4692F8A420F2
:1082F80041462846FAF760FE2046FFF7CFFDD4F83E
:108308008830FB40C4F88830D4F88C30FB40C4F87F
:108318008C30D4F89030FB40C4F89030012384F8B6
:108328007F3072B6009B2360019B636162B6AB69C4
:1083380023F00803AB61AB6923F40063AB61EB691D
:1083480023F00803EB61B4F894305B086B63AB630C
:10835800EB63AB6943F00803AB61AB6943F40063BB
:10836800AB61EB6943F00803EB612B6A43F4AA6342
:1083780043F005032B6284F87A7084F8836003B0B5
:10838800BDE8F083F57B0008B17B00084D7C000850
:1083980030B5B0F85830B0F894E0D0F89C10AEEB97
:1083A8000302B1F8684092B2A24217D904220EF132
:1083B800FF3380F87A209BB20A68B0F85050B0F8C2
:1083C8005240B0F8541055639463D16313645068F5
:1083D800104B1840003818BF012030BDB0F85AC003
:1083E800A3EB0C0C1FFA8CFCBCEB420F04D9B1F8C0
:1083F8006A209B1A9BB2DFE723449BB29E45DBD8D9
:10840800DB434FF4807203EB4E03A0F896209BB237
:10841800D2E700BF7000000290F87E1010B4002967
:108428003DD1D0F89C301B689A6922F4803222F042
:10843800730242F060029A611A6A42F001021A62FB
:108448001A6A22F004021A62596390F87B20012A02
:1084580035D0022A0FD19A6922F0807222F4E642BE
:1084680042F400529A611A6A42F010021A621A6AB9
:1084780022F040021A62DA6922F4803222F0730292
:1084880042F07002DA611A6AD0F88C1022F4807215
:108498001A621A6A22F480621A62C0F8881072B6E8
:1084A8000F4A104B104C11490460C0E901320161B8
:1084B80062B601235DF8044B80F87E3070479A69F4
:1084C80022F0807222F4E64242F480529A611A6ADB
:1084D80022F010021A621A6A42F040021A62CAE7CF
:1084E800AD7D0008A57E0008597D0008817F000841
:1084F80090F87E30002B3FD0D0F89C30B0F8941024
:108508001B6810B49A69414C224042F060029A619B
:108518001A6A42F001021A6290F87B20012A4FEA97
:1085280051012AD0022A4CD059639A6922F08072EC
:1085380022F4E64242F4C0429A611A6A42F01002FA
:108548001A629963DA69224042F06002DA611A6AB3
:1085580042F480721A62D96372B62D4A2D4B2E4CA2
:108568002E490460C0E90132016162B600235DF85A
:10857800044B80F87E30704770471A6A42F0040254
:108588001A6259639A6922F0807222F4E64242F430
:10859800C0429A611A6A42F010021A621A6A42F0DC
:1085A80040021A629963DA69224042F06002DA6195
:1085B8001A6A42F480721A621A6A42F480621A6273
:1085C800C9E71A6A22F004021A6259639A6922F00A
:1085D800807222F4E64242F4C0429A611A6A42F07A
:1085E80010021A621A6A22F040021A629963DA6962
:1085F800224042F06002DA611A6A42F480721A621A
:108608001A6A22F480621A62A5E700BF8CFFFEFF97
:10861800997C0008A57E0008357A0008317E00089C
:10862800D0F89C20B0F894C012680346D06920F0B6
:1086380080700CFB01F120F4E640090C40F4E040A6
:1086480010B4A3F85010D061B3F87400B3F87640B2
:10865800ACEB00001064D46351635168B3F8560062
:1086680021F0007121F070014FF0030C41F070010E
:108678005160012883F87AC0526807D0064B5DF82C
:10868800044B1A40101E18BF0120704700225DF8E5
:10869800044BA3F856207047700000024389028AF1
:1086A80013445B08C38070474FF6FF72914201D1B3
:1086B80000207047C2880346891A408902EB2122AC
:1086C800998992B28842DA8012D0B3F810C09445E2
:1086D80018D810B49C7B34B1824216D800205DF8BB
:1086E800044B188170478A4211D201229A73F5E728
:1086F80082420ED8188A904294BF00200120800040
:108708001881704704201881704700229A7302204C
:10871800E5E70220F4E700BF00230122C0E90133A6
:10872800C0E9033342617047D0E90221012910B43E
:108738000346446909D9006901390244D96092FBAA
:10874800F4F09A605DF8044B704705D092FBF4F0A2
:108758005DF8044B9A607047406804FB00F2002102
:108768005DF8044BD9609A60704700BF8268406921
:1087780092FBF0F0704700BF0023C0E90333704755
:108788000028B8BF404201234FF0004102E0013306
:10879800202B07D021FA03F29042F8D3013B0120A5
:1087A800984070474FF00040704700BF2DE9F047F0
:1087B80004460E46154662B90846FFF7E1FF00FB7E
:1087C80006F660612846C4E90350A6600120BDE8AA
:1087D800F0878268436992FBF3F8A1EB08094846E1
:1087E800FFF7CEFF07464046FFF7CAFF82463046EE
:1087F800FFF7C6FF574528BF5746B84228BF384637
:1088080008FB00F3A3602368084A606105FB03F3D3
:10881800A2FB03239B095D1C00FB09F0666090FB2B
:10882800F5F0C4E903500120BDE8F087D34D62108C
:10883800DFED047A20EE270ABDEEC00A10EE103AEA
:1088480018B270473DF8224602440346934200D1CD
:10885800704703F8011BF9E7014B1868704700BF20
:108868004403002070B50D4B0D4D5B1B9C1000267A
:10887800A64209D100F034FA0A4D0B4B5B1B9C1041
:108888000026A64205D170BD55F8043B984701362D
:10889800EEE755F8043B98470136F2E7D094000814
:1088A800D0940008D0940008D49400080A44914257
:1088B80000F1FF3300D1704710B511F8014B03F8F0
:1088C800014F9142F9D110BDF8B52DED028B57EC4F
:1088D800106B55EC114B00F02DF830463946224606
:1088E8002B46B0EE408AF0EE608AF8F7E7F830B928
:1088F8000022002320462946F8F7AEF830B9B0EE3A
:10890800480AF0EE680ABDEC028BF8BDFFF7A4FF39
:10891800002200232121016010461946F7F75EFF67
:1089280041EC180BB0EE480AF0EE680ABDEC028B79
:10893800F8BD00BF53EC112B2DE9F04123F000479F
:1089480052EA070451EC100B53D0C14C21F00048F7
:10895800A0458C464DD85442BE4E144347EAD474C1
:10896800B442154645D8B8459E46024601F0004433
:1089780049DCC0F2BC80854200F2B98000F0058174
:10898800314250D1B8F1000F3FD10028034640F3DF
:108998005481B1495B00002B01F1FF31FADCAD4B8A
:1089A8000EEA0303002B40F0C680002F40F0F4804D
:1089B800002D2B4600F3A480A848401A1F2800F376
:1089C800758101F21E4322FA03F308FA00F8A24E59
:1089D80043EA080382404FF0150E06F21E4007FADC
:1089E8000EFC25FA00F005FA0EF5571B40EA0C0EAE
:1089F8002EE0F7F7C9FD02460B46F7F7EFFE41EC0C
:108A0800100BBDE8F08131420DD194494FEAC823DB
:108A18005B00002B01F1FF31C1DD5B00002B01F190
:108A2800FF31F5DCBBE78B4B4FEA28500EEA030316
:108A3800A0F2FF31002B5DD03F15CCF31303CEF32A
:108A4800130EA7F2FF3643F480134EF4801E571B13
:108A5800881B411E60B926E001381CD4A2EB050C26
:108A68004FEADC73013903EB40034FEA4C0219D398
:108A7800AA42A3EB0E00EFD30028A2EB050C0ADBF9
:108A880050EA0C03ECD1764BE40F03EBC40393EDEF
:108A9800000BBDE8F081D00F013900EB43034FEA2A
:108AA8004202E5D2571BA3EB0E00AA4238BF00F1E1
:108AB800FF300028BCBF1746184650EA070305D107
:108AC800E1E7FB0F03EB40007F00013EB0F5801F9C
:108AD800F7DB624B9E4242DBA0F5801006F2FF36C0
:108AE800204340EA06533A4643EC102B89E741EC11
:108AF800100B86E7002F4FD1002D2B4640F3B48092
:108B0800554E5B00002B06F1FF36FADC53488142D4
:108B18004ADBA0EB060ECCF31303BEF11F0F43F4A0
:108B280080137FF75AAF4F48801B891B05FA00FE58
:108B3800013900259CE74948401A4FEA275C1F285D
:108B4800ACF2FF3652DD474BCEF3130E5B1A891B8E
:108B580002FA03F34EF4801E0139002288E7A3EBE2
:108B6800060CBCF1140F51DC06F21E4327FA0CF771
:108B780000FA03F340FA0CFC4CEA040443EA070049
:108B88002346024643EC102B3BE7354B03EB1473AB
:108B980093ED000B35E73049304EFB025B00002BAC
:108BA80006F1FF36FADCB1E7A0EB010CBCF11F0FB0
:108BB8000FDCA0EB060E01F21E4322FA03F308FABB
:108BC8000CF8BEF11F0F43EA080302FA0CF2AADC04
:108BD80003E7A0EB060C2348BCF11F0FA0EB010331
:108BE800E64602FA03F31DDC0022F6E601F21E4314
:108BF80022FA03F308FA00F843EA08038240CEF3A6
:108C0800130E891B4EF4801E013931E7BCF11F0F8A
:108C18000FDC06F21E4327FA0CF700FA03F343EAC7
:108C28000700ADE7801B891B05FA00FE27D000224C
:108C38007EE70C4B9B1B1841A2E7064B0EEA030389
:108C48004BB33F150449A7F2FF36C30A4205D6E7DE
:108C5800FFFFEF7F0000F07FEDFBFFFF02FCFFFF4F
:108C6800B8940008E2FBFFFFCCF313034FEAD52EBC
:108C7800194E43F4801300F113016D05F8E6A3EBD8
:108C88000E0000281EDB3FF4FEAEB0F5801F0F4635
:108C9800FFF617AF65E7002F7FF47DAF002D0E4973
:108CA8002B46D8BF15203FF72BAF8AE60B4B0A4E51
:108CB8005B1A02FA03F34FEAD52E01F212413A4643
:108CC8006D05D5E6002B3FF4DEAEB3F5801F1846E0
:108CD8000F46FFF6F6AE44E7EDFBFFFFE2FBFFFFB2
:108CE800F8B500BFF8BC08BC9E467047F8B500BF91
:088CF800F8BC08BC9E46704761
:108D000000070E090B0C050201060F080A0D0403EB
:108D100000020406080A0C0E070503010F0D0B09DB
:108D2000070503010F0D0B0900020406080A0C0ECB
:108D30000E0C0A0806040200090B0D0F01030507BB
:108D4000090B0D0F010305070E0C0A0806040200AB
:108D50000B090F0D030107050C0E080A040600029B
:108D60000C0E080A040600020B090F0D030107058B
:108D7000050701030D0F090B020006040A080E0C7B
:108D8000020006040A080E0C050701030D0F090B6B
:108D900001030507090B0D0F060402000E0C0A085B
:108DA000060402000E0C0A0801030507090B0D0F4B
:108DB0000F0D0B0907050301080A0C0E000204063B
:108DC000080A0C0E000204060F0D0B09070503012B
:108DD0000A080E0C020006040D0F090B050701031B
:108DE0000D0F090B050701030A080E0C020006040B
:108DF000040600020C0E080A030107050B090F0DFB
:108E0000030107050B090F0D040600020C0E080AEA
:108E1000010000000000000002000000000000004F
:108E20000400000001000001803E0000F401000683
:108E3000000400000000803F9A99C54166663640F4
:108E400000000000D1221B3ED1221B3E00D036453F
:108E5000000000000000000049454B5F41495235C9
:108E60003642325F440000000000000000000000B5
:108E7000B80B000092249D4100D036454501020008
:108E80000002040601020A00000000005354204DB5
:108E9000432053444B095665722E362E342E320031
:108EA00053544556414C2D49504D31354200000038
:108EB0004E55434C454F2D4734333152420000004C
:108EC0000000000055F7C83B23F3483C4EB5963CE4
:108ED0000BF1C83C9528FB3C10B0163DBCC92F3D9A
:108EE00050E1483DCBF6613D390B7B3D410E8A3D5B
:108EF0005395963D581BA33DCB9FAF3D2522BC3DCE
:108F000072A3C83D2122D53D3C9FE13DB919EE3DFC
:108F10001D92FA3DF183033EC7BD093E0AF60F3E9E
:108F2000412D163EA2621C3EB396223E32C9283E17
:108F30001EFA2E3E3529353EB8563B3E6682413EEE
:108F40003FAC473EFED34D3EE8F9533EB81D5A3E76
:108F5000703F603E0F5F663E527C6C3E7D97723E76
:108F600008B0783E7AC67E3E266D823EE275853E2A
:108F70004E7D883E6B838B3E16888E3E728B913E73
:108F80007E8D943EF88D973E228D9A3EB98A9D3E05
:108F9000BE86A03E5281A33E317AA63E9F71A93E75
:108FA0005A67AC3E605BAF3ED34DB23E703EB53EBD
:108FB0005A2DB83E6D1ABB3ECD05BE3E56EFC03EA3
:108FC000E9D6C33EC7BCC63E8CA0C93E7B82CC3E20
:108FD0007462CF3E5340D23E5C1CD53E2BF6D73E4A
:108FE00003CEDA3EA1A3DD3E2577E03E9148E33E85
:108FF000C217E63EB8E4E83E75AFEB3EF777EE3ECB
:109000001D3EF13E0802F43E76C3F63EAA82F93ECA
:10901000603FFC3E98F9FE3EBAD8003F6A33023FFB
:10902000DA8C033FFCE4043FDE3B063F8291073FBE
:10903000C5E5083FB9380A3F5D8A0B3FA1DA0C3F0E
:1090400095290E3F29770F3F4CC3103F1F0E123F4B
:109050008257133F739F143F04E6153F132B173FAE
:10906000B16E183FDEB0193F99F11A3FC2301C3F74
:109070007A6E1D3F9FAA1E3F43E51F3F641E213F9E
:10908000F355223FF08B233F59C0243F30F3253F57
:109090007424273F1554283F1382293F6DAE2A3F81
:1090A00023D92B3F36022D3FA6292E3F614F2F3F5C
:1090B0006973303FBC95313F6BB6323F56D5333F75
:1090C0007CF2343FED0D363F9A27373F923F383FD1
:1090D000B455393F126A3A3FAA7C3B3F6D8D3C3F05
:1090E0005A9C3D3F71A93E3FC4B43F3F2FBE403F15
:1090F000C5C5413F86CB423F5FCF433F52D1443F3E
:109100005FD1453F85CF463FC5CB473F1EC6483F51
:109110007FBE493FFAB44A3F6DA94B3FFA9B4C3F93
:109120008F8C4D3F1C7B4E3FB2674F3F5052503F9C
:10913000E73A513F8621523F0C06533F9BE8533F8D
:1091400010C9543F7EA7553FE483563F315E573FD9
:109150007636583F910C593FA4E0593F9EB25A3F92
:1091600080825B3F37505C3FD61B5D3F5CE55D3FD7
:10917000B8AC5E3FEB715F3F0535603FF5F5603F92
:10918000ABB4613F3771623F992B633FD2E3633FDA
:10919000D099643FA54D653F3FFF653F9FAE663F59
:1091A000C45B673FC006683F71AF683FE755693FE2
:1091B00022FA693F139C6A3FC93B6B3F34D96B3F2E
:1091C00064746C3F4A0D6D3FE4A36D3F32386E3FCF
:1091D00036CA6E3FEF596F3F5CE76F3F7E72703F5C
:1091E00044FB703FBF81713FEE05723FC287723F03
:1091F0003A07733F6684733F26FF733F9A77743F45
:10920000B3ED743F7061753FD0D2753FD541763F65
:109210007DAE763FB918773FAA80773F1DE6773F4E
:109220004549783F00AA783F4F08793F4164793F2C
:10923000C7BD793FE0147A3F9C697A3FEDBB7A3F26
:10924000D00B7B3F47597B3F61A47B3FFFEC7B3FCB
:109250002F337C3FF3767C3F5AB87C3F44F77C3F0A
:10926000B1337D3FC26D7D3F55A57D3F8CDA7D3F9B
:10927000350D7E3F813D7E3F516B7E3FB3967E3FF5
:1092800098BF7E3F10E67E3F1C0A7F3FAA2B7F3FA0
:10929000BA4A7F3F5E677F3F95817F3F4E997F3F10
:1092A0008AAE7F3F59C17F3FABD17F3F8FDF7F3F8A
:1092B000F7EA7F3FF1F37F3F6EFA7F3F6DFE7F3F1E
:1092C000002C014000000000000000000000000031
:1092D000000000000000000000000000000000008E
:1092E000000000000000000000000000000000007E
:1092F0000000000000000000000E0000000200005E
:10930000000200000002000000020000000E000049
:10931000000C0000000C0000000C0000000E00001B
:10932000000E0000000C0000E4012900FE01FF0017
:1093300000000050000000500000005000000050ED
:1093400000000050000000500001005000010050DB
:1093500000010050000100500001005000010050C9
:109360000000165D0100000000010100081C3044EF
:10937000586C00000000000001020304000000001F
:1093800000000000010203040607080909000000AC
:109390000A000000000000000B00000000000000B8
:1093A00000000000000000000C00000000000000B1
:1093B00000000000000000000000000000000000AD
:1093C00000000000000000000D0000000000000090
:1093D000010000000000000002000000000000008A
:1093E000000000000000000003000000000000007A
:1093F000000000000000000000000000000000006D
:109400000000000000000000040000000002000056
:109410000004000000000000000800000000000040
:10942000000000000000000000100000000000002C
:10943000000000000000000000000000000000002C
:1094400000000000000000000020000001000000FB
:109450000200000000000000040000000000000006
:1094600000000000000000000800000000000000F4
:1094700000000000000000000000000000000000EC
:1094800000000000000000001000000001000200C9
:109490000400060008000A000C0010002000400034
:1094A0008000000108040204080101010101010318
:1094B00007010000000000000000000000000000A4
:0894C000000000000000008024
:0894C800F876FF7F01000000AF
:0494D000FD01000892
:0494D400D9010008B2
:1094D800040000201801002070000020789A33430F
:1094E80000000000FD5A123F0000A041000020418A
:1094F8000000000000000000000000000000000064
:1095080000007A466F1283385800002000000000DF
:109518000000000000000000000000000000000043
:109528000000000000000000F4010000000000003E
:109538000000000000000000000000000000000023
:109548000000000000000000000000000000000013
:109558000000000000000000000000000000000003
:1095680000000000000000000000000000000000F3
:1095780000000000000000000000000000000000E3
:1095880000000000000000000000000000000000D3
:1095980000000000000000000000000000000000C3
:1095A80000000000000000000000000000000000B3
:1095B80000000000000000000000000000000000A3
:1095C8000000000000000000002C01400000000026
:1095D8000000000000000000000000000000000083
:1095E8000000000000000000000000000000000073
:1095F8000000000000000000000000000100000062
:109608000000000000000000000000000000000052
:109618000000000000000000000000000000000042
:10962800400200200000A0010000000000007AEFC6
:109638007AEF010027060000000000500400000037
:109648000200000000000000000000000000000010
:1096580000001AB1B59D8300A61F00001900000084
:109668000000005004000000080000000000000096
:10967800357A0008A57E0008997C000865820008F4
:10968800317E00089983000800000000218400084A
:10969800F984000829860008000000000000000086
:1096A80000000000000000000000000000000000B2
:1096B8000000000000000000000000000000C68F4D
:1096C8000000000000000000000000000000000092
:1096D8000000000000000000000000000000000082
:1096E800812972002A002A00000000000000000002
:1096F8000000000000000000000000000000000062
:1097080000000000C014000000000000C092000823
:1097180000000000F115883A000000000000000079
:10972800708E0008348E0008248E0008A08E000871
:1097380008A5BB3B92241D3A00A0D73D00000000BD
:10974800AC020020D0070020A80700209C070020BA
:1097580090070020000000000000000000000A0040
:10976800000000000000000000000000AC02002023
:109778000000000000000000000000005110000878
:10978800B11000085D120008000000000000000091
:10979800200300200818002000000000000000003E
:1097A800000000008C1800200000000000100020BD
:1097B80000000000F8070020000000000000000082
:1097C8000000000000000000A13F000899400008C8
:1097D8005D4000082540000800000000000000006F
:1097E800000000000000000000030320000000004B
:1097F8000044004000040240000402400100000050
:1098080002000000020000000024F4000100000033
:109818001000000048030020000000003819002054
:10982800A0190020081A0020000000000000000015
:109838000000000000000000000000000000000020
:109848000000000000000000000000000000000010
:109858000000000000000000000000000000000000
:0498680000000000FC
:0400000508000EBD24
:00000001FF
