k,t_s,scenario,controller,omega_ref_rad_s,omega_m_rad_s,speed_error_rad_s,load_torque_nm,i_s_alpha_a,i_s_beta_a,i_abs_a,torque_nm,vector_id,feedback_used,feedback_requested,accepted,pwm_enabled,fallback,fault_latched,confidence,predicted_risk,loss_w,tj_c,switch_events,vdc_v
0,0.0,load_step,foc_svm_key_baseline,0.0,0.0,0.0,0.0,0.3627085216030743,0.0,0.3627085216030743,0.0,4,1,1,1,1,0,0,0.8935973471085157,0.028124999999999997,0.0,25.0,1,540.0
1,0.0001,load_step,foc_svm_key_baseline,0.9239978392911157,0.0,0.9239978392911157,0.0,0.6865366990919267,0.0,0.6865366990919267,0.0,4,1,1,1,1,0,0,0.919086534013519,0.021093749999999998,0.015823606818430164,25.00000015823607,0,540.0
2,0.0002,load_step,foc_svm_key_baseline,1.8479956785822313,0.0,1.8479956785822313,0.0,0.9831278885397993,0.0,0.9831278885397993,0.0,4,1,1,1,1,0,0,0.9386052230201811,0.015836647405994834,0.05669980855499973,25.0000007252331,0,540.0
3,0.00030000000000000003,load_step,foc_svm_key_baseline,2.771993517873347,0.0,2.771993517873347,0.0,1.254811535275088,0.0,1.254811535275088,0.0,4,1,1,1,1,0,0,0.9534472040977185,0.011908398936873382,0.11628921101913225,25.000001888120376,0,540.0
4,0.0004,load_step,foc_svm_key_baseline,3.6959913571644627,0.0,3.6959913571644627,0.0,1.5037178381545335,0.0,1.5037178381545335,0.0,4,1,1,1,1,0,0,0.9646678797902402,0.03796392413173092,0.18947122199850783,25.00000378282001,0,540.0
5,0.0005,load_step,foc_svm_key_baseline,4.619989196455578,0.0,4.619989196455578,0.0,1.7317947918955492,0.0,1.7317947918955492,0.0,4,1,1,1,1,0,0,0.9731093313675299,0.17002449370071845,0.27213688676808506,25.000006504163657,0,540.0
6,0.0006000000000000001,load_step,foc_svm_key_baseline,5.543987035746694,0.0,5.543987035746694,0.0,1.9408237717110035,0.0,1.9408237717110035,0.0,4,1,1,1,1,0,0,0.9794321777886172,0.29145262949870965,0.3610086648602091,25.000010114206944,0,540.0
7,0.0007,load_step,foc_svm_key_baseline,6.467984875037811,0.0,6.467984875037811,0.0,2.13243378492905,0.0,2.13243378492905,0.0,4,1,1,1,1,0,0,0.9800119375092563,0.40411788092843737,0.45349094368021303,25.000014649048953,0,540.0
8,0.0008,load_step,foc_svm_key_baseline,7.391982714328925,0.0,7.391982714328925,0.0,2.3081145036160002,0.0,2.3081145036160002,0.0,4,1,1,1,1,0,0,0.9799680720303674,0.5075836091769148,0.5475461527752191,25.00002012441282,0,540.0
9,0.0009000000000000001,load_step,foc_svm_key_baseline,8.315980553620042,0.0,8.315980553620042,0.0,2.4692281824678375,0.0,2.4692281824678375,0.0,4,1,1,1,1,0,0,0.9799237084986457,0.602491329002601,0.6415921922781037,25.00002654020058,0,540.0
10,0.001,load_step,foc_svm_key_baseline,9.239978392911157,0.0,9.239978392911157,0.0,2.2543120357146367,0.0,2.2543120357146367,0.0,0,1,1,1,1,0,0,0.9798795147763687,0.4820700360778267,0.769403729452715,25.00003423406094,1,540.0
11,0.0011,load_step,foc_svm_key_baseline,10.163976232202273,0.0,10.163976232202273,0.0,2.0577652500114776,0.0,2.0577652500114776,0.0,0,1,1,1,1,0,0,0.9798360077456402,0.36659493309293123,0.6124072675482811,25.000040357905387,0,540.0
12,0.0012000000000000001,load_step,foc_svm_key_baseline,11.087974071493388,0.0,11.087974071493388,0.0,1.8780166287729054,0.0,1.8780166287729054,0.0,0,1,1,1,1,0,0,0.9798070244627637,0.26098845401469317,0.510520979651211,25.00004546284613,0,540.0
13,0.0013000000000000002,load_step,foc_svm_key_baseline,12.011971910784503,0.0,12.011971910784503,0.0,1.7136293660178217,0.0,1.7136293660178217,0.0,0,1,1,1,1,0,0,0.9797897018162307,0.16440650112251953,0.4254516751307535,25.000049717059795,0,540.0
14,0.0014,load_step,foc_svm_key_baseline,12.935969750075621,0.0,12.935969750075621,0.0,1.563289551413862,0.0,1.563289551413862,0.0,0,1,1,1,1,0,0,0.9797816651264962,0.07607717568307526,0.3544347780101092,25.00005326107613,0,540.0
15,0.0015,load_step,foc_svm_key_baseline,13.859967589366736,0.0,13.859967589366736,0.0,1.7885041801335004,0.0,1.7885041801335004,0.0,4,1,1,1,1,0,0,0.9797809496816984,0.2027974543223683,0.31733883077157166,25.000056434109364,1,540.0
16,0.0016,load_step,foc_svm_key_baseline,14.78396542865785,0.0,14.78396542865785,0.0,1.6322059720394353,0.0,1.6322059720394353,0.0,0,1,1,1,1,0,0,0.9797859345404419,0.1168130333785431,0.41159205931488424,25.000060549653732,1,540.0
17,0.0017000000000000001,load_step,foc_svm_key_baseline,15.707963267948966,0.0,15.707963267948966,0.0,1.48926309735345,0.0,1.48926309735345,0.0,0,1,1,1,1,0,0,0.9797818427088394,0.03282915121288698,0.3218802720554793,25.000063768052787,0,540.0
18,0.0018000000000000002,load_step,foc_svm_key_baseline,16.631961107240084,0.0,16.631961107240084,0.0,1.3585332290523897,0.0,1.3585332290523897,0.0,0,1,1,1,1,0,0,0.9797841793395282,0.005,0.2681658173547876,25.00006644928584,0,540.0
19,0.0019,load_step,foc_svm_key_baseline,17.5559589465312,0.0,17.5559589465312,0.0,1.23897174782122,0.0,1.23897174782122,0.0,0,1,1,1,1,0,0,0.9797914832152058,0.005,0.22333016458535965,25.00006868214449,0,540.0
20,0.002,load_step,foc_svm_key_baseline,18.479956785822313,0.0,18.479956785822313,0.0,1.1296233847294321,0.0,1.1296233847294321,0.0,0,1,1,1,1,0,0,0.9798025548686826,0.005,0.18591274733860816,25.000070540814082,0,540.0
21,0.0021000000000000003,load_step,foc_svm_key_baseline,19.40395462511343,0.0,19.40395462511343,0.0,1.0296145787421227,0.0,1.0296145787421227,0.0,0,1,1,1,1,0,0,0.9798164136457876,0.005,0.1546927012214613,25.000072087270823,0,540.0
22,0.0022,load_step,foc_svm_key_baseline,20.327952464404547,0.0,20.327952464404547,0.0,0.938146487923135,0.0,0.938146487923135,0.0,0,1,1,1,1,0,0,0.9798322615362409,0.005,0.12864956992641913,25.00007337328594,0,540.0
23,0.0023,load_step,foc_svm_key_baseline,21.25195030369566,0.0,21.25195030369566,0.0,0.8544885984174079,0.0,0.8544885984174079,0.0,0,1,1,1,1,0,0,0.9798494527247998,0.005,0.10693044909734706,25.000074442101276,0,540.0
24,0.0024000000000000002,load_step,foc_svm_key_baseline,22.175948142986776,0.0,22.175948142986776,0.0,1.1406814016852176,0.0,1.1406814016852176,0.0,4,1,1,1,1,0,0,0.97986746797636,0.005,0.1009895806579003,25.000075451500802,1,540.0
25,0.0025,load_step,foc_svm_key_baseline,23.09994598227789,0.0,23.09994598227789,0.0,1.040145481846542,0.0,1.040145481846542,0.0,0,1,1,1,1,0,0,0.9798858931050568,0.005,0.17408762190230376,25.00007719187401,1,540.0
26,0.0026000000000000003,load_step,foc_svm_key_baseline,24.023943821569006,0.0,24.023943821569006,0.0,0.9481951444365061,0.0,0.9481951444365061,0.0,0,1,1,1,1,0,0,0.9798909554020973,0.005,0.13141327324003604,25.00007850549213,0,540.0
27,0.0027,load_step,foc_svm_key_baseline,24.947941660860124,0.0,24.947941660860124,0.0,0.8640960380416436,0.0,0.8640960380416436,0.0,0,1,1,1,1,0,0,0.979898998436034,0.005,0.10934086750161955,25.000079598377436,0,540.0
28,0.0028,load_step,foc_svm_key_baseline,25.871939500151242,0.0,25.871939500151242,0.0,0.7871766232021181,0.0,0.7871766232021181,0.0,0,1,1,1,1,0,0,0.9799092556390724,0.005,0.09092835610427992,25.000080507130342,0,540.0
29,0.0029000000000000002,load_step,foc_svm_key_baseline,26.795937339442354,0.0,26.795937339442354,0.0,0.7168227998589096,0.0,0.7168227998589096,0.0,0,1,1,1,1,0,0,0.9799211027586013,0.005,0.07557283055577096,25.000081262321935,0,540.0
30,0.003,load_step,foc_svm_key_baseline,27.719935178733472,0.0,27.719935178733472,0.0,0.6524729943365202,0.0,0.6524729943365202,0.0,0,1,1,1,1,0,0,0.9799340341648243,0.005,0.06277039315023207,25.000081889484118,0,540.0
31,0.0031000000000000003,load_step,foc_svm_key_baseline,28.643933018024583,0.0,28.643933018024583,0.0,0.5936136665553278,0.0,0.5936136665553278,0.0,0,1,1,1,1,0,0,0.9799476429162436,0.005,0.052099921602016486,25.000082409937406,0,540.0
32,0.0032,load_step,foc_svm_key_baseline,29.5679308573157,0.0,29.5679308573157,0.0,0.5397752015296889,0.0,0.5397752015296889,0.0,0,1,1,1,1,0,0,0.9799616040006172,0.005,0.043209493968161726,25.000082841482946,0,540.0
33,0.0033,load_step,foc_svm_key_baseline,30.49192869660682,0.0,30.49192869660682,0.0,0.4905281522823297,0.0,0.4905281522823297,0.0,0,1,1,1,1,0,0,0.9799756602583812,0.005,0.035805038100816595,25.000083198981052,0,540.0
34,0.0034000000000000002,load_step,foc_svm_key_baseline,31.41592653589793,0.0,31.41592653589793,0.0,0.4454798041170036,0.0,0.4454798041170036,0.0,0,1,1,1,1,0,0,0.9799896105711967,0.005,0.029640841237146522,25.000083494834804,0,540.0
35,0.0035,load_step,foc_svm_key_baseline,32.33992437518905,0.0,32.33992437518905,0.0,0.4042710327623961,0.0,0.4042710327623961,0.0,0,1,1,1,1,0,0,0.9800032999623529,0.005,0.024511615013368755,25.000083739394324,0,540.0
36,0.0036000000000000003,load_step,foc_svm_key_baseline,33.26392221448017,0.0,33.26392221448017,0.0,0.36657343125129804,0.0,0.36657343125129804,0.0,0,1,1,1,1,0,0,0.9800166113100391,0.005,0.020245861095445253,25.000083941294672,0,540.0
37,0.0037,load_step,foc_svm_key_baseline,34.18792005377128,0.0,34.18792005377128,0.0,0.3320866825490828,0.0,0.3320866825490828,0.0,0,1,1,1,1,0,0,0.980029458420474,0.005,0.016700324352030966,25.000084107738306,0,540.0
38,0.0038,load_step,foc_svm_key_baseline,35.1119178930624,0.0,35.1119178930624,0.0,0.6632446785146453,0.0,0.6632446785146453,0.0,4,1,1,1,1,0,0,0.9800417802468391,0.005,0.018543423096329472,25.00008429261182,1,540.0
39,0.0039000000000000003,load_step,foc_svm_key_baseline,36.03591573235351,0.0,36.03591573235351,0.0,0.6038277545870808,0.0,0.6038277545870808,0.0,0,1,1,1,1,0,0,0.9800535360729703,0.005,0.06336871297925437,25.000084925737,1,540.0
40,0.004,load_step,foc_svm_key_baseline,36.95991357164463,0.0,36.95991357164463,0.0,0.5494791966789144,0.0,0.5494791966789144,0.0,0,1,1,1,1,0,0,0.9800512538185824,0.005,0.044760587162937196,25.0000853727767,0,540.0
41,0.0041,load_step,foc_svm_key_baseline,37.883911410935745,0.0,37.883911410935745,0.0,0.4997654947717244,0.0,0.4997654947717244,0.0,0,1,1,1,1,0,0,0.9800515239892492,0.005,0.03715007308854231,25.00008574370828,0,540.0
42,0.004200000000000001,load_step,foc_svm_key_baseline,38.80790925022686,0.0,38.80790925022686,0.0,0.4542902186559164,0.0,0.4542902186559164,0.0,0,1,1,1,1,0,0,0.98005377506613,0.005,0.030808973450575153,25.00008605122639,0,540.0
43,0.0043,load_step,foc_svm_key_baseline,39.731907089517975,0.0,39.731907089517975,0.0,0.41269084634920766,0.0,0.41269084634920766,0.0,0,1,1,1,1,0,0,0.9800575374046188,0.005,0.025527619258499553,25.000086305928907,0,540.0
44,0.0044,load_step,foc_svm_key_baseline,40.65590492880909,0.0,40.65590492880909,0.0,0.37463586379291924,0.0,0.37463586379291924,0.0,0,1,1,1,1,0,0,0.980062426566885,0.005,0.021130814891870346,25.000086516661682,0,540.0
45,0.0045000000000000005,load_step,foc_svm_key_baseline,41.579902768100204,0.0,41.579902768100204,0.0,0.3398221126226228,0.0,0.3398221126226228,0.0,0,1,1,1,1,0,0,0.9800681292751273,0.005,0.017472182311266772,25.00008669080673,0,540.0
46,0.0046,load_step,foc_svm_key_baseline,42.50390060739132,0.0,42.50390060739132,0.0,0.30797236479437107,0.0,0.30797236479437107,0.0,0,1,1,1,1,0,0,0.980074391581431,0.005,0.01442943222482593,25.000086834523113,0,540.0
47,0.0047,load_step,foc_svm_key_baseline,43.427898446682434,0.0,43.427898446682434,0.0,0.27883310466266314,0.0,0.27883310466266314,0.0,0,1,1,1,1,0,0,0.9800810089118986,0.005,0.011900410359597737,25.00008695294832,0,540.0
48,0.0048000000000000004,load_step,foc_svm_key_baseline,44.35189628597355,0.0,44.35189628597355,0.0,0.25217250076597547,0.0,0.25217250076597547,0.0,0,1,1,1,1,0,0,0.9800878176950665,0.005,0.0097997918571356,25.000087050366552,0,540.0
49,0.0049,load_step,foc_svm_key_baseline,45.27589412526467,0.0,45.27589412526467,0.0,0.22777855109344283,0.0,0.22777855109344283,0.0,0,1,1,1,1,0,0,0.980094688328976,0.005,0.008056317610088223,25.000087130349392,0,540.0
50,0.005,load_step,foc_svm_key_baseline,46.19989196455578,0.0,46.19989196455578,0.0,0.20545738699414764,0.0,0.20545738699414764,0.0,0,1,1,1,1,0,0,0.980101519278872,0.005,0.006610483748021917,25.000087195873363,0,540.0
51,0.0051,load_step,foc_svm_key_baseline,47.1238898038469,0.0,47.1238898038469,0.0,0.18503172215970976,0.0,0.18503172215970976,0.0,0,1,1,1,1,0,0,0.9801082321293711,0.005,0.005412610024014139,25.000087249418158,0,540.0
52,0.005200000000000001,load_step,foc_svm_key_baseline,48.04788764313801,0.0,48.04788764313801,0.0,0.1663394342714712,0.0,0.1663394342714712,0.0,0,1,1,1,1,0,0,0.9801147674419566,0.005,0.0044212250151328064,25.000087293048747,0,540.0
53,0.0053,load_step,foc_svm_key_baseline,48.97188548242914,0.0,48.97188548242914,0.0,0.14923226796497366,0.0,0.14923226796497366,0.0,0,1,1,1,1,0,0,0.9801210812915683,0.005,0.0036017162197771535,25.000087328483954,0,540.0
54,0.0054,load_step,foc_svm_key_baseline,49.89588332172025,0.0,49.89588332172025,0.0,0.13357464873496094,0.0,0.13357464873496094,0.0,0,1,1,1,1,0,0,0.9801271423754627,0.005,0.00292520163916869,25.00008735715378,0,540.0
55,0.0055000000000000005,load_step,foc_svm_key_baseline,50.81988116101136,0.0,50.81988116101136,0.0,0.11924259829174405,0.0,0.11924259829174405,0.0,0,1,1,1,1,0,0,0.9801329296039804,0.005,0.0023675865417972313,25.000087380247265,0,540.0
56,0.0056,load_step,foc_svm_key_baseline,51.743879000302485,0.0,51.743879000302485,0.0,0.10612274269139517,0.0,0.10612274269139517,0.0,0,1,1,1,1,0,0,0.9801384300968027,0.005,0.001908775056432404,25.00008739875248,0,540.0
57,0.0057,load_step,foc_svm_key_baseline,52.667876839593596,0.0,52.667876839593596,0.0,0.0941114053044523,0.0,0.0941114053044523,0.0,0,1,1,1,1,0,0,0.9801436375201016,0.005,0.0015320112121426919,25.000087413489933,0,540.0
58,0.0058000000000000005,load_step,foc_svm_key_baseline,53.59187467888471,0.0,53.59187467888471,0.0,0.08311377736657337,0.0,0.08311377736657337,0.0,0,1,1,1,1,0,0,0.9801485507099977,0.005,0.0012233282021232575,25.000087425140457,0,540.0
59,0.0059,load_step,foc_svm_key_baseline,54.51587251817583,0.0,54.51587251817583,0.0,0.07304315947523941,0.0,0.07304315947523941,0.0,0,1,1,1,1,0,0,0.980153172536229,0.005,0.0009710881254036159,25.000087434268504,0,540.0
60,0.006,load_step,foc_svm_key_baseline,55.439870357466944,0.0,55.439870357466944,0.0,0.06382026796423179,0.0,0.06382026796423179,0.0,0,1,1,1,1,0,0,0.9801575089671156,0.005,0.0007655973682270915,25.000087441341584,0,540.0
61,0.0061,load_step,foc_svm_key_baseline,56.363868196758055,0.0,56.363868196758055,0.0,0.4180811222096864,0.0,0.4180811222096864,0.0,4,1,1,1,1,0,0,0.980161568302989,0.005,0.0015977723873760053,25.000087456736367,1,540.0
62,0.006200000000000001,load_step,foc_svm_key_baseline,57.28786603604917,0.0,57.28786603604917,0.0,0.37979089640839336,0.0,0.37979089640839336,0.0,0,1,1,1,1,0,0,0.9801653605504071,0.005,0.027721212279606722,25.000087733365444,1,540.0
63,0.0063,load_step,foc_svm_key_baseline,58.21186387534029,0.0,58.21186387534029,0.0,0.34476190524645467,0.0,0.34476190524645467,0.0,0,1,1,1,1,0,0,0.9801554477939985,0.005,0.01797410451149056,25.0000879125216,0,540.0
64,0.0064,load_step,foc_svm_key_baseline,59.1358617146314,0.0,59.1358617146314,0.0,0.3127152097848774,0.0,0.3127152097848774,0.0,0,1,1,1,1,0,0,0.9801484458588582,0.005,0.014867693129089834,25.00008806061245,0,540.0
65,0.006500000000000001,load_step,foc_svm_key_baseline,60.059859553922514,0.0,60.059859553922514,0.0,0.28339572982264544,0.0,0.28339572982264544,0.0,0,1,1,1,1,0,0,0.9801437966740748,0.005,0.012283585538671869,25.000088182861234,0,540.0
66,0.0066,load_step,foc_svm_key_baseline,60.98385739321364,0.0,60.98385739321364,0.0,0.25657020316525936,0.0,0.25657020316525936,0.0,0,1,1,1,1,0,0,0.9801410362840082,0.005,0.010135210733742721,25.000088283625455,0,540.0
67,0.0067,load_step,foc_svm_key_baseline,61.90785523250475,0.0,61.90785523250475,0.0,0.23202531944505175,0.0,0.23202531944505175,0.0,0,1,1,1,1,0,0,0.9801397798349425,0.005,0.008350253860507998,25.000088366539437,0,540.0
68,0.0068000000000000005,load_step,foc_svm_key_baseline,62.83185307179586,0.0,62.83185307179586,0.0,0.20956601356315854,0.0,0.20956601356315854,0.0,0,1,1,1,1,0,0,0.9801397088923995,0.005,0.0068683157049261355,25.000088434633483,0,540.0
69,0.006900000000000001,load_step,foc_svm_key_baseline,63.75585091108699,0.0,63.75585091108699,0.0,0.18901390510011012,0.0,0.18901390510011012,0.0,0,1,1,1,1,0,0,0.9801405607321529,0.005,0.0056389558909650484,25.000088490433477,0,540.0
70,0.007,load_step,foc_svm_key_baseline,64.6798487503781,0.0,64.6798487503781,0.0,0.1702058712097403,0.0,0.1702058712097403,0.0,0,1,1,1,1,0,0,0.9801421193023512,0.005,0.004620056924265212,25.00008853604411,0,540.0
71,0.0071,load_step,foc_svm_key_baseline,65.60384658966922,0.0,65.60384658966922,0.0,0.15299274157909182,0.0,0.15299274157909182,0.0,0,1,1,1,1,0,0,0.9801442076002371,0.005,0.0037764565120574148,25.000088573218434,0,540.0
72,0.007200000000000001,load_step,foc_svm_key_baseline,66.52784442896034,0.0,66.52784442896034,0.0,0.1372381050135119,0.0,0.1372381050135119,0.0,0,1,1,1,1,0,0,0.9801466812460264,0.005,0.003078804200592762,25.00008860341599,0,540.0
73,0.0073,load_step,foc_svm_key_baseline,67.45184226825144,0.0,67.45184226825144,0.0,0.12281721809921109,0.0,0.12281721809921109,0.0,0,1,1,1,1,0,0,0.980149423069634,0.005,0.0025026055716344804,25.000088627851355,0,540.0
74,0.0074,load_step,foc_svm_key_baseline,68.37584010754256,0.0,68.37584010754256,0.0,0.10961600721219505,0.0,0.10961600721219505,0.0,0,1,1,1,1,0,0,0.9801523385540396,0.005,0.002027423260664813,25.000088647534735,0,540.0
75,0.007500000000000001,load_step,foc_svm_key_baseline,69.29983794683368,0.0,69.29983794683368,0.0,0.09753015588928296,0.0,0.09753015588928296,0.0,0,1,1,1,1,0,0,0.9801553520029089,0.005,0.0016362090944709961,25.000088663305842,0,540.0
76,0.0076,load_step,foc_svm_key_baseline,70.2238357861248,0.0,70.2238357861248,0.0,0.08646427025986914,0.0,0.08646427025986914,0.0,0,1,1,1,1,0,0,0.9801584033203034,0.005,0.0013147458561777545,25.000088675862212,0,540.0
77,0.0077,load_step,foc_svm_key_baseline,71.14783362541591,0.0,71.14783362541591,0.0,0.07633111586157725,0.0,0.07633111586157725,0.0,0,1,1,1,1,0,0,0.9801614453074481,0.005,0.0010511807066274999,25.000088685782845,0,540.0
78,0.0078000000000000005,load_step,foc_svm_key_baseline,72.07183146470702,0.0,72.07183146470702,0.0,0.06705091973406337,0.0,0.06705091973406337,0.0,0,1,1,1,1,0,0,0.9801644413960737,0.005,0.0008356352351969768,25.00008869354796,0,540.0
79,0.0079,load_step,foc_svm_key_baseline,72.99582930399814,0.0,72.99582930399814,0.0,0.058550732207480416,0.0,0.058550732207480416,0.0,0,1,1,1,1,0,0,0.9801673637501727,0.005,0.0006598795751171731,25.000088699555462,0,540.0
80,0.008,load_step,foc_svm_key_baseline,73.91982714328925,0.0,73.91982714328925,0.0,0.05076384327967152,0.0,0.05076384327967152,0.0,0,1,1,1,1,0,0,0.9801701916784699,0.005,0.00051706007709669,25.000088704134733,0,540.0
81,0.0081,load_step,foc_svm_key_baseline,74.84382498258037,0.0,74.84382498258037,0.0,0.04362924891291873,0.0,0.04362924891291873,0.0,0,1,1,1,1,0,0,0.9801729103087747,0.005,0.00040147175657929247,25.00008870755809,0,540.0
82,0.0082,load_step,foc_svm_key_baseline,75.76782282187149,0.0,75.76782282187149,0.0,0.0370911629804184,0.0,0.0370911629804184,0.0,0,1,1,1,1,0,0,0.9801755094828984,0.005,0.0003083681695132856,25.000088710050388,0,540.0
83,0.0083,load_step,foc_svm_key_baseline,76.69182066116261,0.0,76.69182066116261,0.0,0.031098570957893607,0.0,0.031098570957893607,0.0,0,1,1,1,1,0,0,0.9801779828371916,0.005,0.0002338025752579134,25.000088711797012,0,540.0
84,0.008400000000000001,load_step,foc_svm_key_baseline,77.61581850045371,0.0,77.61581850045371,0.0,0.025604821789712906,0.0,0.025604821789712906,0.0,0,1,1,1,1,0,0,0.9801803270391614,0.005,0.00017449525181382705,25.000088712950554,0,540.0
85,0.0085,load_step,foc_svm_key_baseline,78.53981633974483,0.0,78.53981633974483,0.0,0.020567254664297388,0.0,0.020567254664297388,0.0,0,1,1,1,1,0,0,0.9801825411552025,0.005,0.00012772267023822268,25.000088713636362,0,540.0
86,0.0086,load_step,foc_svm_key_baseline,79.46381417903595,0.0,79.46381417903595,0.0,0.015946857712898915,0.0,0.015946857712898915,0.0,0,1,1,1,1,0,0,0.9801846261283559,0.005,9.122493889277867e-05,25.000088713957187,0,540.0
87,0.008700000000000001,load_step,foc_svm_key_baseline,80.38781201832707,0.0,80.38781201832707,0.0,0.011707955901203375,0.0,0.011707955901203375,0.0,0,1,1,1,1,0,0,0.9801865843482894,0.005,6.312851665941495e-05,25.000088713997044,0,540.0
88,0.0088,load_step,foc_svm_key_baseline,81.31180985761819,0.0,81.31180985761819,0.0,0.00781792561679298,0.0,0.00781792561679298,0.0,0,1,1,1,1,0,0,0.9801883760666253,0.005,4.1881686327528326e-05,25.000088713824436,0,540.0
89,0.0089,load_step,foc_svm_key_baseline,82.23580769690929,0.0,82.23580769690929,0.0,0.004246933669064356,0.0,0.004246933669064356,0.0,0,1,1,1,1,0,0,0.9801897427707186,0.005,2.6200690800553492e-05,25.000088713495018,0,540.0
90,0.009000000000000001,load_step,foc_svm_key_baseline,83.15980553620041,0.0,83.15980553620041,0.0,0.0009676986135024929,0.0,0.0009676986135024929,0.0,0,1,1,1,1,0,0,0.9801907611983465,0.005,1.502477879419999e-05,25.00008871305384,0,540.0
91,0.0091,load_step,foc_svm_key_baseline,84.08380337549153,0.0,84.08380337549153,0.0,-0.0020447275091684558,0.0,0.0020447275091684558,0.0,0,1,1,1,1,0,0,0.980191495466473,0.005,7.478694346950378e-06,25.00008871253721,0,540.0
92,0.0092,load_step,foc_svm_key_baseline,85.00780121478265,0.0,85.00780121478265,0.0,0.011844565930712512,0.0,0.011844565930712512,0.0,0,1,1,1,1,0,0,0.980191999059204,0.005,2.8413849700391587e-06,25.000088711974207,0,540.0
93,0.009300000000000001,load_step,foc_svm_key_baseline,85.93179905407376,0.0,85.93179905407376,0.0,0.007896161759593168,0.0,0.007896161759593168,0.0,0,1,1,1,1,0,0,0.9801072395087971,0.005,4.2226008961178234e-05,25.000088711805056,0,540.0
94,0.0094,load_step,foc_svm_key_baseline,86.85579689336487,0.0,86.85579689336487,0.0,0.004271813275912397,0.0,0.004271813275912397,0.0,0,1,1,1,1,0,0,0.9801207865243369,0.005,2.626571702489138e-05,25.0000887114763,0,540.0
95,0.0095,load_step,foc_svm_key_baseline,87.77979473265599,0.0,87.77979473265599,0.0,0.3636523314717802,0.0,0.3636523314717802,0.0,4,1,1,1,1,0,0,0.9801321561952357,0.005,0.00017268083504130537,25.0000887126117,1,540.0
96,0.009600000000000001,load_step,foc_svm_key_baseline,88.7037925719471,0.0,88.7037925719471,0.0,0.14868959015578379,0.3141147938773593,0.3475294202701562,0.27577191884289587,2,1,1,1,1,0,0,0.9801416871406935,0.005,0.027003435046473998,25.00008898205463,2,540.0
97,0.0097,load_step,foc_svm_key_baseline,89.62779041123822,0.01650327258280329,89.61128713865541,0.0,-0.04397220621884214,0.5945582220439215,0.5961820479683881,0.5228480804419703,2,1,1,1,1,0,0,0.9801373546689538,0.005,0.014779292035700982,25.000089129254338,0,540.0
98,0.0098,load_step,foc_svm_key_baseline,90.55178825052934,0.047791283185763304,90.50399696734358,0.0,-0.3934247580756428,0.5372891893547036,0.6659299612303929,0.4773380171572871,3,1,1,1,1,0,0,0.9800746866985257,0.005,0.0511251807680847,25.000089639911952,1,540.0
99,0.0099,load_step,foc_svm_key_baseline,91.47578608982046,0.07635338931316527,91.39943270050729,0.0,-0.35074804721442093,0.48489039413788354,0.5984504047554163,0.4298919130994036,7,1,1,1,1,0,0,0.9799573540555392,0.005,0.06208251800968484,25.000090260139533,1,540.0
100,0.01,load_step,foc_svm_key_baseline,92.39978392911156,0.10207394013125562,92.2977099889803,0.0,-0.3117179608065647,0.43694730009536004,0.5367411202339799,0.38653460785148197,7,1,1,1,1,0,0,0.9798685973180425,0.005,0.04253094052388848,25.000090684847205,0,540.0
101,0.010100000000000001,load_step,foc_svm_key_baseline,93.32378176840268,0.1251978437084616,93.19858392469422,0.0,-0.27602235679719,0.3930807243551563,0.48031322833277207,0.3469142454741964,7,1,1,1,1,0,0,0.9798055943432691,0.005,0.03417846275962112,25.000091026027267,0,540.0
102,0.0102,load_step,foc_svm_key_baseline,94.2477796076938,0.14594893285799296,94.10183067483581,0.0,-0.24337587647395845,0.35294369633682365,0.42872027014519326,0.31070924183102194,7,1,1,1,1,0,0,0.9797634072051832,0.005,0.02734016146001626,25.000091298822042,0,540.0
103,0.0103,load_step,foc_svm_key_baseline,94.2477796076938,0.16453177834042002,94.08324782935338,0.0,-0.21351763518652445,0.3162187307496682,0.3815548010608396,0.2776256796604595,7,1,1,1,1,0,0,0.9797379324463551,0.005,0.021756068036620498,25.000091515774063,0,540.0
104,0.010400000000000001,load_step,foc_svm_key_baseline,94.2477796076938,0.1811333460378523,94.06664626165595,0.0,-0.18620911402571796,0.28261532987184224,0.33844535574419254,0.24739492826243986,7,1,1,1,1,0,0,0.9797257673622912,0.005,0.017209745292446305,25.00009168726141,0,540.0
105,0.0105,load_step,foc_svm_key_baseline,94.2477796076938,0.19592451155349833,94.0518550961403,0.0,-0.16123223467134243,0.25186769609584425,0.29905379087004297,0.21977146826868246,7,1,1,1,1,0,0,0.979724097235109,0.005,0.01352108703203999,25.00009182186103,0,540.0
106,0.0106,load_step,foc_svm_key_baseline,94.2477796076938,0.20906144452058842,94.03871816317321,0.0,-0.13838760124134078,0.22373263725876963,0.26307303387480924,0.19453090371198525,7,1,1,1,1,0,0,0.9797306002477036,0.005,0.01054030131384796,25.000091926651898,0,540.0
107,0.010700000000000001,load_step,foc_svm_key_baseline,94.2477796076938,0.22068687383937358,94.02709273385443,0.0,-0.11749289444307748,0.19798764869238433,0.23022530112772388,0.17146814518631132,7,1,1,1,1,0,0,0.9797433673257261,0.005,0.008142883387321503,25.000092007467888,0,540.0
108,0.0108,load_step,foc_svm_key_baseline,94.2477796076938,0.23093124409009225,94.01684836360371,0.0,-0.09838140465566982,0.17442915723624683,0.20026090900665056,0.15039574931736607,7,1,1,1,1,0,0,0.9797608345866863,0.005,0.006225416087864478,25.000092069108664,0,540.0
109,0.0109,load_step,foc_svm_key_baseline,94.2477796076938,0.23991377248449897,94.0078658352093,0.0,-0.08090069177502578,0.15287091366389338,0.17295790867754868,0.13114240105849007,7,1,1,1,1,0,0,0.9797817264377988,0.005,0.004702062006850285,25.00009211551549,0,540.0
110,0.011000000000000001,load_step,foc_svm_key_baseline,94.2477796076938,0.247743414910823,94.00003619278297,0.0,-0.06491136074320057,0.1331425210845085,0.1481229748360217,0.11355152650322389,7,1,1,1,1,0,0,0.9798050076685542,0.005,0.0035016339588943234,25.000092149917727,0,540.0
111,0.0111,load_step,foc_svm_key_baseline,94.2477796076938,0.254519748889771,93.99325985880402,0.0,0.3124225789309594,0.11508808790714352,0.3329461455010314,0.06656770298506008,4,1,1,1,1,0,0,0.9798298431399711,0.005,0.006700483447551847,25.00009221630823,2,540.0
112,0.0112,load_step,foc_svm_key_baseline,94.2477796076938,0.2584838660692622,93.98929574162455,0.0,0.10140161314464124,0.41989279515303723,0.4319632467812117,0.33288752517425607,2,1,1,1,1,0,0,0.9798555638878211,0.005,0.023438561004930178,25.000092450079062,2,540.0
113,0.011300000000000001,load_step,foc_svm_key_baseline,94.2477796076938,0.27838530074938317,93.96939430694442,0.0,0.09369949009658991,0.3777045284441747,0.3891533184383725,0.29865400523567115,0,1,1,1,1,0,0,0.9798863409223318,0.005,0.028820449514239257,25.000092737667224,1,540.0
114,0.0114,load_step,foc_svm_key_baseline,94.2477796076938,0.2962365383551236,93.95154306933868,0.0,0.08665059149641541,0.33910396643421387,0.3499997500829038,0.2673817822925165,0,1,1,1,1,0,0,0.9798464368232492,0.005,0.018431682318681097,25.000092921365795,0,540.0
115,0.0115,load_step,foc_svm_key_baseline,94.2477796076938,0.3122149520256715,93.93556465566813,0.0,0.08019895234265256,0.3037853902720463,0.31419330880780794,0.2388151938150149,0,1,1,1,1,0,0,0.9798214492652146,0.005,0.01493727513530623,25.00009307011907,0,540.0
116,0.011600000000000001,load_step,foc_svm_key_baseline,94.2477796076938,0.3264826014244796,93.92129700626933,0.0,0.07429336634257476,0.2714691360201808,0.2814515874783005,0.2127206527381142,0,1,1,1,1,0,0,0.9798083677082545,0.005,0.012063478558660103,25.000093190133388,0,540.0
117,0.0117,load_step,foc_svm_key_baseline,94.2477796076938,0.33918755499816006,93.90859205269564,0.0,0.06888698771823878,0.24189937317083843,0.2515168459911529,0.18888473946951934,0,1,1,1,1,0,0,0.979804700331637,0.005,0.009704818456395977,25.000093286560304,0,540.0
118,0.0118,load_step,foc_svm_key_baseline,94.2477796076938,0.3504650979520699,93.89731450974173,0.0,0.06393696523324198,0.2148420727489291,0.22415408036949258,0.16711245927757568,0,1,1,1,1,0,0,0.9798083902627481,0.005,0.007773383946065063,25.00009336367223,0,540.0
119,0.0119,load_step,foc_svm_key_baseline,94.2477796076938,0.3604388358483466,93.88734077184546,0.0,0.24075836682313095,0.5041979426681368,0.5587308444914447,0.38014139899010263,6,1,1,1,1,0,0,0.9798177449443575,0.005,0.012622922970273124,25.00009348927904,2,540.0
120,0.012,load_step,foc_svm_key_baseline,94.2477796076938,0.3831602942231896,93.86461931347061,0.0,0.03997682606515751,0.7691979868007498,0.7702361258215369,0.6225605721634686,2,1,1,1,1,0,0,0.9798313766012053,0.005,0.046005385277853646,25.00009394870963,1,540.0
121,0.012100000000000001,load_step,foc_svm_key_baseline,94.2477796076938,0.42038732042490445,93.82739228726889,0.0,-0.32522558471368074,0.6978026874136171,0.7698702952537017,0.6168875581948582,3,1,1,1,1,0,0,0.9797869785300142,0.005,0.0825433718576205,25.000094773517024,1,540.0
122,0.0122,load_step,foc_svm_key_baseline,94.2477796076938,0.457271991031138,93.79050761666267,0.0,-0.2886267507784643,0.6324836833789079,0.6952273088749351,0.557154402379973,7,1,1,1,1,0,0,0.9796866840425268,0.005,0.08186435740889304,25.000095591528773,1,540.0
123,0.0123,load_step,foc_svm_key_baseline,94.2477796076938,0.49057916155476733,93.75720044613904,0.0,-0.2551479542151061,0.5727234833883852,0.6269869751156557,0.5025447960031013,7,1,1,1,1,0,0,0.9796028409304793,0.005,0.057890355242292024,25.000096169795047,0,540.0
124,0.012400000000000001,load_step,foc_svm_key_baseline,94.2477796076938,0.5206157201414064,93.7271638875524,0.0,-0.22452252674980244,0.5180487033101796,0.5646103293595276,0.4526197666895991,7,1,1,1,1,0,0,0.979547157257772,0.005,0.04708600487746153,25.000096640013965,0,540.0
125,0.0125,load_step,foc_svm_key_baseline,94.2477796076938,0.5476622615304741,93.70011734616332,0.0,-0.19650669559449296,0.4680262119441279,0.5076055717584633,0.4069779599850219,7,1,1,1,1,0,0,0.9795140693407717,0.005,0.038186972001400345,25.00009702123942,0,540.0
126,0.0126,load_step,foc_svm_key_baseline,94.2477796076938,0.5719753402791494,93.67580426741465,0.0,-0.1708776000895076,0.42225971835191634,0.4555243395857014,0.36525241157680727,7,1,1,1,1,0,0,0.9794989643445396,0.005,0.03087034931890151,25.000097329296104,0,540.0
127,0.012700000000000001,load_step,foc_svm_key_baseline,94.2477796076938,0.5937895306503028,93.6539900770435,0.0,-0.14743148306105527,0.3803866468318914,0.40795838425701253,0.3271075977448607,7,1,1,1,1,0,0,0.9794980270993536,0.005,0.024866937196713734,25.000097577316613,0,540.0
128,0.0128,load_step,foc_svm_key_baseline,94.2477796076938,0.6133193098295646,93.63446029786424,0.0,-0.12598204103298435,0.34207527557382766,0.3645366494904822,0.2922367397129816,7,1,1,1,1,0,0,0.9795081109979321,0.005,0.01995239347419224,25.00009777619003,0,540.0
129,0.0129,load_step,foc_svm_key_baseline,94.2477796076938,0.6307607796795266,93.61701882801428,0.0,-0.10635891894641226,0.30702211697862514,0.3249227599807161,0.26035933978807896,7,1,1,1,1,0,0,0.9795266292026726,0.005,0.01593983478762897,25.000097934936537,0,540.0
130,0.013000000000000001,load_step,foc_svm_key_baseline,94.2477796076938,0.6462932409145715,93.60148636677923,0.0,-0.08840633639905322,0.2749495194269438,0.28881294733548546,0.2312189291661706,7,1,1,1,1,0,0,0.9795514629908232,0.005,0.012673651921343577,25.000098061020157,0,540.0
131,0.0131,load_step,foc_svm_key_baseline,94.2477796076938,0.6600806323746399,93.58769897531916,0.0,-0.07198183363609727,0.24560347193942902,0.2559344638815114,0.2045810090805675,7,1,1,1,1,0,0,0.9795808845655718,0.005,0.010024340506047762,25.000098160609824,0,540.0
132,0.0132,load_step,foc_svm_key_baseline,94.2477796076938,0.6722728469786522,93.57550676071514,0.0,-0.056955126621767015,0.21875159469920827,0.22604456780013138,0.18023116859133584,7,1,1,1,1,0,0,0.9796134920798003,0.005,0.007884180855112737,25.00009823879723,0,540.0
133,0.013300000000000001,load_step,foc_svm_key_baseline,94.2477796076938,0.6830069349379689,93.56477267275584,0.0,-0.043207061508766194,0.1941812998141229,0.19893020726306146,0.1579733637856336,7,1,1,1,1,0,0,0.9796481549705709,0.005,0.006163627896695792,25.000098299778582,0,540.0
134,0.0134,load_step,foc_svm_key_baseline,94.2477796076938,0.6924082038980081,93.55537140379579,0.0,-0.03062865971361551,0.1716981079905109,0.1744085866102171,0.13762834449248482,7,1,1,1,1,0,0,0.9796839679975907,0.005,0.004788294889903787,25.000098347006197,0,540.0
135,0.0135,load_step,foc_svm_key_baseline,94.2477796076938,0.7005912248437832,93.54718838285002,0.0,-0.019120245609783145,0.151124107980618,0.15232885414495811,0.11903221582735364,7,1,1,1,1,0,0,0.9797202126270396,0.005,0.0036964336306768444,25.00009838331489,0,540.0
136,0.013600000000000001,load_step,foc_svm_key_baseline,94.2477796076938,0.7076607518453456,93.54011885584846,0.0,0.17276361122471326,0.44641134063708465,0.4786756212852323,0.29539909905976647,6,1,1,1,1,0,0,0.979756324610611,0.005,0.005011237638986023,25.000098432771377,1,540.0
137,0.0137,load_step,foc_svm_key_baseline,94.2477796076938,0.725284221293757,93.52249538640004,0.0,-0.20391534383308266,0.40272297393866247,0.45140587190306347,0.35591009744747065,3,1,1,1,1,0,0,0.9797918667841427,0.005,0.0416816941676971,25.0000988489321,2,540.0
138,0.013800000000000002,load_step,foc_svm_key_baseline,94.2477796076938,0.7465275520391857,93.50125205565462,0.0,-0.17781193540452644,0.36275140557120417,0.4039872109562229,0.3185008587516651,7,1,1,1,1,0,0,0.9797753800541461,0.005,0.030790755996451168,25.000099156180667,1,540.0
139,0.013900000000000001,load_step,foc_svm_key_baseline,94.2477796076938,0.7655305351520632,93.48224907254173,0.0,-0.15393119553292048,0.32618021140479025,0.3606776168135027,0.2843081867078994,7,1,1,1,1,0,0,0.9797462927886317,0.005,0.019558222620140914,25.000099351101852,0,540.0
140,0.014,load_step,foc_svm_key_baseline,94.2477796076938,0.7824858347179486,93.46529377297585,0.0,-0.13208358878106766,0.2927195795866628,0.3211398864960234,0.25305603609001603,7,1,1,1,1,0,0,0.9797313312515538,0.005,0.015596156651754857,25.000099506401078,0,540.0
141,0.014100000000000001,load_step,foc_svm_key_baseline,94.2477796076938,0.7975695803913955,93.4502100273024,0.0,-0.11209577920862346,0.2621043726983452,0.28506870383116684,0.22449204700539205,7,1,1,1,1,0,0,0.9797275365687955,0.005,0.012371988318200348,25.000099629457583,0,540.0
142,0.0142,load_step,foc_svm_key_baseline,94.2477796076938,0.8109427860895132,93.43683682160429,0.0,-0.09380923919609781,0.23409203145332289,0.252188922335011,0.19838551247213776,7,1,1,1,1,0,0,0.9797324660903679,0.005,0.009757608003991105,25.000099726369466,0,540.0
143,0.0143,load_step,foc_svm_key_baseline,94.2477796076938,0.8227526469483825,93.42502696074541,0.0,-0.07707897885164446,0.20846065574932987,0.22225439022942353,0.17452552059133553,7,1,1,1,1,0,0,0.979744109580842,0.005,0.007646463264513934,25.000099802169256,0,540.0
144,0.014400000000000001,load_step,foc_svm_key_baseline,94.2477796076938,0.8331337250001278,93.41464588269368,0.0,-0.06177238536590004,0.18500724819394715,0.19504745442607044,0.15271925624758953,7,1,1,1,1,0,0,0.9797608185797779,0.005,0.005949985726326056,25.000099861003765,0,540.0
145,0.0145,load_step,foc_svm_key_baseline,94.2477796076938,0.8422090331259969,93.4055705745678,0.0,-0.04776816264763462,0.16354610645029752,0.17037935995238074,0.13279044859073927,7,1,1,1,1,0,0,0.9797812468854273,0.005,0.004594605774585134,25.00009990628408,0,540.0
146,0.0146,load_step,foc_svm_key_baseline,94.2477796076938,0.8500910260173788,93.39768858167642,0.0,-0.03495536244779391,0.14390735187981574,0.1480918744864746,0.1145779517505643,7,1,1,1,1,0,0,0.9798043004328519,0.005,0.0035192587055142,25.000099940810625,0,540.0
147,0.014700000000000001,load_step,foc_svm_key_baseline,94.2477796076938,0.8568825061250898,93.39089710156871,0.0,0.15812176183030993,0.44005037687593823,0.4675968624284989,0.2723086071030839,6,1,1,1,1,0,0,0.9798290951044419,0.005,0.00478410800940534,25.000099987985433,1,540.0
148,0.0148,load_step,foc_svm_key_baseline,94.2477796076938,0.8731126851165283,93.37466692257728,0.0,-0.21746560372513124,0.3971450777637774,0.45278637523177817,0.35314778524328067,3,1,1,1,1,0,0,0.9798549212344833,0.005,0.04011950082479264,25.000100388513854,2,540.0
149,0.0149,load_step,foc_svm_key_baseline,94.2477796076938,0.8941793504113126,93.3536002572825,0.0,-0.19036292896438423,0.35789048961085507,0.4053685326684803,0.3159503368937034,7,1,1,1,1,0,0,0.9798348847273345,0.005,0.030992274368889797,25.00010069776734,1,540.0
150,0.015000000000000001,load_step,foc_svm_key_baseline,94.2477796076938,0.9130183560114763,93.33476125168232,0.0,-0.1655670669997876,0.32197598609027744,0.3620510865799448,0.2819535042001744,7,1,1,1,1,0,0,0.9797976107709387,0.005,0.019717299234834368,25.000100894269014,0,540.0
151,0.0151,load_step,foc_svm_key_baseline,94.2477796076938,0.9298214104576231,93.31795819723618,0.0,-0.142881427372373,0.2891168036412453,0.32249593553360806,0.2508824382986204,7,1,1,1,1,0,0,0.97977563785355,0.005,0.015736936047854692,25.000101050965746,0,540.0
152,0.0152,load_step,foc_svm_key_baseline,94.2477796076938,0.9447637595277631,93.30301584816604,0.0,-0.12212620932887436,0.25905242975299597,0.2863965299475029,0.22248588703114153,7,1,1,1,1,0,0,0.9797658345553546,0.005,0.01249540865569713,25.000101175246158,0,540.0
153,0.015300000000000001,load_step,foc_svm_key_baseline,94.2477796076938,0.95800559962156,93.28977400807224,0.0,-0.10313696145669755,0.23154454230135488,0.2534760499298982,0.19653416895945514,7,1,1,1,1,0,0,0.9797656113680594,0.005,0.009864626310978066,25.00010127321792,0,540.0
154,0.0154,load_step,foc_svm_key_baseline,94.2477796076938,0.9696933697930086,93.2780862379008,0.0,-0.08576326597269851,0.20637512321708557,0.22348608295187214,0.17281732152014645,7,1,1,1,1,0,0,0.9797728330230943,0.005,0.0077380379148693995,25.000101349923142,0,540.0
155,0.0155,load_step,foc_svm_key_baseline,94.2477796076938,0.9799609328621965,93.2678186748316,0.0,-0.06986753669856736,0.1833447318649677,0.19620592087641636,0.15114340828532546,7,1,1,1,1,0,0,0.9797857445777683,0.005,0.0060270629702376755,25.000101409518106,0,540.0
156,0.015600000000000001,load_step,foc_svm_key_baseline,94.2477796076938,0.9889306551361603,93.25884895255764,0.0,-0.05532392074956026,0.16227092471758592,0.17144267034727398,0.13133697161001523,7,1,1,1,1,0,0,0.9798029091218229,0.005,0.0046581095650600314,25.000101455423138,0,540.0
157,0.015700000000000002,load_step,foc_svm_key_baseline,94.2477796076938,0.9967143934471405,93.25106521424667,0.0,0.13933696593896203,0.45710160289447427,0.4778667862969481,0.2694225168564775,6,1,1,1,1,0,0,0.9798231552992454,0.005,0.006009373800110076,25.000101514840505,1,540.0
158,0.0158,load_step,foc_svm_key_baseline,94.2477796076938,1.0127611140124808,93.23501849368132,0.0,-0.05344695133497094,0.7271109475607684,0.7290726347009064,0.5228739555141292,2,1,1,1,1,0,0,0.9798455331192493,0.005,0.03477010674162684,25.000101861864806,1,540.0
159,0.0159,load_step,foc_svm_key_baseline,94.2477796076938,1.0439741292442166,93.20380547844958,0.0,-0.403001907673371,0.6603008594688522,0.7735682016497841,0.600959618851014,3,1,1,1,1,0,0,0.9798275787825149,0.005,0.07469930970592699,25.000102608178825,1,540.0
160,0.016,load_step,foc_svm_key_baseline,94.2477796076938,1.0798576985087895,93.16792190918501,0.0,-0.360402844242044,0.5991816095788788,0.6992201451583693,0.5423882711122908,7,1,1,1,1,0,0,0.9797468183714828,0.005,0.08284799027076153,25.000103435974673,1,540.0
161,0.0161,load_step,foc_svm_key_baseline,94.2477796076938,1.1122333717560122,93.1355462359378,0.0,-0.3214273070220252,0.5432688947587945,0.6312341924451442,0.48885293983965666,7,1,1,1,1,0,0,0.9796581702278881,0.005,0.058763388608314523,25.000104022918986,0,540.0
162,0.0162,load_step,foc_svm_key_baseline,94.2477796076938,1.1414027934675761,93.10637681422622,0.0,-0.28576655305785964,0.49211881577339245,0.5690724485377734,0.4399212354085699,7,1,1,1,1,0,0,0.979598108187649,0.005,0.047910202930158255,25.00010450132753,0,540.0
163,0.016300000000000002,load_step,foc_svm_key_baseline,94.2477796076938,1.1676417090594242,93.08013789863438,0.0,-0.2531382394431031,0.4453252511114499,0.5122436408056519,0.3951978971720825,7,1,1,1,1,0,0,0.9795610265443905,0.005,0.038956855905646404,25.000104890199413,0,540.0
164,0.0164,load_step,foc_svm_key_baseline,94.2477796076938,1.1912021888151667,93.05657741887863,0.0,-0.22328414973322477,0.4025166534285275,0.46029932414613695,0.3543216012467131,7,1,1,1,1,0,0,0.9795422751602915,0.005,0.03158246696040171,25.000105205324815,0,540.0
165,0.0165,load_step,foc_svm_key_baseline,94.2477796076938,1.2123146606140234,93.03546494707977,0.0,-0.1959681188492926,0.3633531157437188,0.4128304619647135,0.31696204402551487,7,1,1,1,1,0,0,0.9795380056788986,0.005,0.02551943738085826,25.00010545981782,0,540.0
166,0.0166,load_step,foc_svm_key_baseline,94.2477796076938,1.2311897679685784,93.01658983972523,0.0,-0.17097413870526496,0.32752368499315004,0.3694643695101049,0.28281727725772104,7,1,1,1,1,0,0,0.9795450419056567,0.005,0.020544677448261845,25.00010566456153,0,540.0
167,0.0167,load_step,foc_svm_key_baseline,94.2477796076938,1.2480200684405,92.9997595392533,0.0,-0.14810462845209096,0.29474390234946896,0.3298620150019174,0.25161127273854267,7,1,1,1,1,0,0,0.9795607705718373,0.005,0.016472271844135127,25.00010582857982,0,540.0
168,0.016800000000000002,load_step,foc_svm_key_baseline,94.2477796076938,1.2629815861872604,92.98479802150653,0.0,-0.1271788547261644,0.2647535513863775,0.293715685759474,0.22309169663479292,7,1,1,1,1,0,0,0.979583049298518,0.005,0.013147348047409323,25.000105959347778,0,540.0
169,0.016900000000000002,load_step,foc_svm_key_baseline,94.2477796076938,1.2762352311964922,92.9715443764973,0.0,-0.10803148863622702,0.23731459670915728,0.26074704283690203,0.19702787525916948,7,1,1,1,1,0,0,0.9796101290792726,0.005,0.010440950887849649,25.00010606305089,0,540.0
170,0.017,load_step,foc_svm_key_baseline,94.2477796076938,1.2879280966752629,92.95985151101854,0.0,-0.09051128743753341,0.21220929709461472,0.23070561095688646,0.17320893572109805,7,1,1,1,1,0,0,0.979640589020601,0.005,0.008245758586817465,25.00010614480139,0,540.0
171,0.0171,load_step,foc_svm_key_baseline,94.2477796076938,1.298194645068927,92.94958496262487,0.0,-0.07447988993904317,0.18923847849508846,0.20336778444106637,0.15144210634442962,7,1,1,1,1,0,0,0.9796732814318243,0.005,0.006472502529690421,25.00010620881878,0,540.0
172,0.0172,load_step,foc_svm_key_baseline,94.2477796076938,1.307157792279189,92.94062181541462,0.0,0.12154354512050254,0.48233474734630843,0.49741294902534133,0.24817419267484747,6,1,1,1,1,0,0,0.9797072856525206,0.005,0.007947255843737257,25.000106287583282,1,540.0
173,0.0173,load_step,foc_svm_key_baseline,94.2477796076938,1.3219090780511342,92.92587052964267,0.0,-0.25134682285032434,0.4366435092562431,0.5038182008746401,0.3861648118911867,3,1,1,1,1,0,0,0.9797418692548051,0.005,0.044523379107418555,25.000106732108488,2,540.0
174,0.017400000000000002,load_step,foc_svm_key_baseline,94.2477796076938,1.344917130005618,92.90286247768819,0.0,-0.2217737326045735,0.39484257466422856,0.4528622828640532,0.34604045321117893,7,1,1,1,1,0,0,0.9797446517934056,0.005,0.03774979573682877,25.0001071088949,1,540.0
175,0.0175,load_step,foc_svm_key_baseline,94.2477796076938,1.3655222153191653,92.88225739237464,0.0,-0.19471341103765466,0.3566016993432977,0.4062980241306206,0.30936858778396226,7,1,1,1,1,0,0,0.9797124153757769,0.005,0.02475136977155234,25.000107355694535,0,540.0
176,0.0176,load_step,foc_svm_key_baseline,94.2477796076938,1.383931129344138,92.86384847834967,0.0,-0.16995215909125352,0.3216170667342972,0.3637599125722241,0.2758527937163357,7,1,1,1,1,0,0,0.9796954856505888,0.005,0.019944493286573075,25.000107554423764,0,540.0
177,0.0177,load_step,foc_svm_key_baseline,94.2477796076938,1.4003329124965402,92.84744669519726,0.0,-0.14729449286531784,0.2896107565264854,0.3249154627349926,0.24522209337619477,7,1,1,1,1,0,0,0.9796906650035723,0.005,0.016007764481437543,25.000107713784377,0,540.0
178,0.0178,load_step,foc_svm_key_baseline,94.2477796076938,1.4149003743044732,92.83287923338932,0.0,-0.12656158358707031,0.2603285427469248,0.28946292441140786,0.2172287686892095,7,1,1,1,1,0,0,0.9796953132481203,0.005,0.012791976302765119,25.000107840986047,0,540.0
179,0.0179,load_step,foc_svm_key_baseline,94.2477796076938,1.4277914865982857,92.81998812109552,0.0,-0.10758983244204275,0.2335378781772228,0.2571293693618568,0.19164636434960858,7,1,1,1,1,0,0,0.9797072571460159,0.005,0.010172879369989774,25.0001079419959,0,540.0
180,0.018000000000000002,load_step,foc_svm_key_baseline,94.2477796076938,1.4391506570979895,92.80862895059582,0.0,-0.09022956840154966,0.20902604947927222,0.22766919944261474,0.16826786268093635,7,1,1,1,1,0,0,0.9797247141512933,0.005,0.008047057648908968,25.000108021746865,0,540.0
181,0.0181,load_step,foc_svm_key_baseline,94.2477796076938,1.4491098936793383,92.79866971401447,0.0,-0.07434385825850434,0.1865984886960254,0.20086315053887138,0.14690401531717595,7,1,1,1,1,0,0,0.9797462281654302,0.005,0.00632848154488461,25.000108084311535,0,540.0
182,0.0182,load_step,foc_svm_key_baseline,94.2477796076938,1.4577898687117112,92.78998973898209,0.0,0.12154684174371302,0.4801920218536478,0.49533626213892856,0.22406202021661212,6,1,1,1,1,0,0,0.9797706154365853,0.005,0.007816639944896769,25.00010816175737,1,540.0
183,0.0183,load_step,foc_svm_key_baseline,94.2477796076938,1.4710866143037724,92.77669299339003,0.0,-0.2514644880221817,0.43495592000577354,0.5024152078553423,0.3824402232026807,3,1,1,1,1,0,0,0.9797969190248915,0.005,0.044260637847879966,25.000108603642673,2,540.0
184,0.0184,load_step,foc_svm_key_baseline,94.2477796076938,1.4938603107598403,92.75391929693396,0.0,-0.22200126062018968,0.39357184625450653,0.4518665266216721,0.34260854707143273,7,1,1,1,1,0,0,0.9797974465538405,0.005,0.03762231567934068,25.000108979141807,1,540.0
185,0.018500000000000003,load_step,foc_svm_key_baseline,94.2477796076938,1.5142485738517841,92.73353103384201,0.0,-0.1950400569505233,0.3557132049078536,0.405675372633193,0.3062041037320674,7,1,1,1,1,0,0,0.9797582947260057,0.005,0.02469297796294356,25.00010922534506,0,540.0
186,0.018600000000000002,load_step,foc_svm_key_baseline,94.2477796076938,1.5324566858998647,92.71532292179394,0.0,-0.17036824483512059,0.3210790240984148,0.36347913085098854,0.2729326956256147,7,1,1,1,1,0,0,0.9797354110280413,0.005,0.019928477460553363,25.000109423901666,0,540.0
187,0.0187,load_step,foc_svm_key_baseline,94.2477796076938,1.5486723075171127,92.69910730017669,0.0,-0.14779130244495794,0.28939399530023957,0.3249479244343809,0.24252537348641448,7,1,1,1,1,0,0,0.979725459935221,0.005,0.016023292823117586,25.000109583405102,0,540.0
188,0.0188,load_step,foc_svm_key_baseline,94.2477796076938,1.5630669899200667,92.68471261777374,0.0,-0.12713126852677195,0.2604062903831415,0.2897823243545665,0.21473626883695113,7,1,1,1,1,0,0,0.9797256835473203,0.005,0.012830319016209644,25.000109710977735,0,540.0
189,0.0189,load_step,foc_svm_key_baseline,94.2477796076938,1.5757975574113139,92.67198205028248,0.0,-0.10822532648242789,0.23388556346544256,0.2577114240575603,0.18934061289919138,7,1,1,1,1,0,0,0.9797338081016067,0.005,0.010227036878006161,25.000109812516698,0,540.0
190,0.019,load_step,foc_svm_key_baseline,94.2477796076938,1.5870073711997017,92.6607722364941,0.0,-0.09092451053643695,0.20962112206763675,0.2284913158813387,0.16613292578731714,7,1,1,1,1,0,0,0.9797479651639438,0.005,0.008111451948817796,25.000109892899133,0,540.0
191,0.019100000000000002,load_step,foc_svm_key_baseline,94.2477796076938,1.596827484757643,92.65095212293616,0.0,-0.07509252329414767,0.1874202533447079,0.2019040326949331,0.14492536127020766,7,1,1,1,1,0,0,0.9797666252157257,0.005,0.006398700199029721,25.000109956153516,0,540.0
192,0.019200000000000002,load_step,foc_svm_key_baseline,94.2477796076938,1.605377700033753,92.64240190766004,0.0,0.12074960584339388,0.48122148622660027,0.49613968407845893,0.2025329483321005,6,1,1,1,1,0,0,0.9797885417100602,0.005,0.007910215235912245,25.000110034522628,1,540.0
193,0.0193,load_step,foc_svm_key_baseline,94.2477796076938,1.6173747222028592,92.63040488549095,0.0,-0.2523056593765704,0.4361756549028067,0.5038921984743744,0.38075394588383626,3,1,1,1,1,0,0,0.9798127039691639,0.005,0.04442403265679183,25.00011047802939,2,540.0
194,0.0194,load_step,foc_svm_key_baseline,94.2477796076938,1.6400362657012464,92.60774334199256,0.0,-0.22288188781464507,0.39496611305408014,0.45351357904352596,0.34103248140035614,7,1,1,1,1,0,0,0.9798161512859395,0.005,0.03788539818276798,25.000110856146854,1,540.0
195,0.0195,load_step,foc_svm_key_baseline,94.2477796076938,1.6603189799493785,92.58746062774442,0.0,-0.1959553843769677,0.3572680403046566,0.407478791214285,0.3047284012270606,7,1,1,1,1,0,0,0.9797746641051507,0.005,0.024923559427029778,25.00011110464341,0,540.0
196,0.0196,load_step,foc_svm_key_baseline,94.2477796076938,1.678427557388365,92.56935205030544,0.0,-0.17131407261338022,0.32278154868513204,0.3654263806116832,0.27154843799607387,7,1,1,1,1,0,0,0.9797497666015029,0.005,0.02015096968186625,25.000111305412407,0,540.0
197,0.019700000000000002,load_step,foc_svm_key_baseline,94.2477796076938,1.6945491244636868,92.55323048323011,0.0,-0.14876392570483077,0.2912323304706428,0.32702748493433104,0.24122448534171792,7,1,1,1,1,0,0,0.9797380774804205,0.005,0.016235455634026653,25.000111467024926,0,540.0
198,0.0198,load_step,foc_svm_key_baseline,94.2477796076938,1.7088547487078136,92.538924858986,0.0,-0.12812742306555672,0.26236948149212996,0.2919835292612741,0.2135114384458639,7,1,1,1,1,0,0,0.9797367997240862,0.005,0.013030582082077557,25.000111596587633,0,540.0
199,0.0199,load_step,foc_svm_key_baseline,94.2477796076938,1.7215008164767964,92.52627879121701,0.0,-0.10924214014317649,0.23596350878885025,0.2600242732188809,0.18818522027883275,7,1,1,1,1,0,0,0.9797436261185933,0.005,0.010414364165019856,25.000111699987297,0,540.0
200,0.02,load_step,foc_svm_key_baseline,94.2477796076938,1.7326302924635273,92.51514931523027,0.0,-0.09195945971886976,0.2118045071361073,0.23090623957562462,0.1650409774620858,7,1,1,1,1,0,0,0.9797566596076103,0.005,0.008285230572730643,25.000111782094937,0,540.0
201,0.0201,load_step,foc_svm_key_baseline,94.2477796076938,1.7423738711475802,92.50540573654622,0.0,-0.07614339407001024,0.18970049025555172,0.20441157614894892,0.14389143109765462,7,1,1,1,1,0,0,0.9797743461672039,0.005,0.006558649480464189,25.000111846936218,0,540.0
202,0.020200000000000003,load_step,foc_svm_key_baseline,94.2477796076938,1.7508510294637534,92.49692857823004,0.0,0.1196847524849966,0.4835906575653559,0.49818105550280434,0.18200051467535636,6,1,1,1,1,0,0,0.9797954182557638,0.005,0.008098108508562428,25.000111927171655,1,540.0
203,0.020300000000000002,load_step,foc_svm_key_baseline,94.2477796076938,1.7616081334080744,92.48617147428573,0.0,-0.25338280017305576,0.4386264619322825,0.5065530737551306,0.37978316624011194,3,1,1,1,1,0,0,0.9798188471944396,0.005,0.044771780673040384,25.00011237414328,2,540.0
204,0.0204,load_step,foc_svm_key_baseline,94.2477796076938,1.7842004999993633,92.46357910769444,0.0,-0.22396960965634014,0.39749203004275574,0.4562480684859109,0.3401003711178302,7,1,1,1,1,0,0,0.9798263423240793,0.005,0.0383109229558348,25.00011275650335,1,540.0
205,0.0205,load_step,foc_svm_key_baseline,94.2477796076938,1.804416356781501,92.4433632509123,0.0,-0.1970514002742283,0.3598635794701011,0.41028167175620694,0.30383108171453116,7,1,1,1,1,0,0,0.9797836078831595,0.005,0.025275088188454857,25.00011300850252,0,540.0
206,0.0206,load_step,foc_svm_key_baseline,94.2477796076938,1.8224601639072904,92.4253194437865,0.0,-0.17241644032905776,0.32544158402001,0.3682928909240535,0.270682470562426,7,1,1,1,1,0,0,0.9797576400027663,0.005,0.02047387978455105,25.00011321248793,0,540.0
207,0.0207,load_step,foc_svm_key_baseline,94.2477796076938,1.838518841877099,92.4092607658167,0.0,-0.14987100524951485,0.2939520760771164,0.3299532409971857,0.24038682410043719,7,1,1,1,1,0,0,0.9797450317973782,0.005,0.016531001951952565,25.0001133770432,0,540.0
208,0.020800000000000003,load_step,foc_svm_key_baseline,94.2477796076938,1.8527632758010724,92.39501633189273,0.0,-0.12923783896446958,0.2651444709624702,0.29496442073947554,0.21269938797146695,7,1,1,1,1,0,0,0.9797429643966657,0.005,0.013300106632242547,25.00011350928842,0,540.0
209,0.020900000000000002,load_step,foc_svm_key_baseline,94.2477796076938,1.865349690599915,92.38242991709389,0.0,-0.11035474796628927,0.23878957561458097,0.2630563282281856,0.18739639756720283,7,1,1,1,1,0,0,0.9797491119174754,0.005,0.010659256712254038,25.000113615124256,0,540.0
210,0.021,load_step,foc_svm_key_baseline,94.2477796076938,1.876420908240095,92.37135869945371,0.0,-0.09307331641834259,0.21467776612282624,0.2339854386422279,0.16427327778480105,7,1,1,1,1,0,0,0.9797615613456173,0.005,0.008506897836085216,25.0001136994358,0,540.0
211,0.0211,load_step,foc_svm_key_baseline,94.2477796076938,1.8861074971388374,92.36167211055496,0.0,-0.07725773171625758,0.19261731991650985,0.20753358533442323,0.14314299737589453,7,1,1,1,1,0,0,0.9797787450090575,0.005,0.0067584913500327365,25.000113766262718,0,540.0
212,0.0212,load_step,foc_svm_key_baseline,94.2477796076938,1.8945288229985984,92.3532507846952,0.0,0.11857054993492304,0.4865476834637741,0.5007870042201924,0.1618149649347267,6,1,1,1,1,0,0,0.9797993836853746,0.005,0.008328020350592488,25.00011384878448,1,540.0
213,0.0213,load_step,foc_svm_key_baseline,94.2477796076938,1.904066905564826,92.34371270212897,0.0,-0.254496382943119,0.4416205409400574,0.5097029636085312,0.3789842008582149,3,1,1,1,1,0,0,0.9798224386893633,0.005,0.04520542399359136,25.000114300079726,2,540.0
214,0.021400000000000002,load_step,foc_svm_key_baseline,94.2477796076938,1.9266005136358322,92.32117909405797,0.0,-0.22508205413335536,0.4005203853484039,0.4594328135565903,0.33931316905783665,7,1,1,1,1,0,0,0.9798341940628112,0.005,0.03880591827581062,25.000114687376907,1,540.0
215,0.021500000000000002,load_step,foc_svm_key_baseline,94.2477796076938,1.946758320375476,92.30102128731832,0.0,-0.19816143711798292,0.3629242003447569,0.4134996134902009,0.3030539392931589,7,1,1,1,1,0,0,0.9797905159133913,0.005,0.025679092495331308,25.00011494340325,0,540.0
216,0.0216,load_step,foc_svm_key_baseline,94.2477796076938,1.964744683927041,92.28303492376676,0.0,-0.17352305743761917,0.32853252550417095,0.3715425571541543,0.2699139565005665,7,1,1,1,1,0,0,0.9797637426627197,0.005,0.020840902690282524,25.00011515104599,0,540.0
217,0.0217,load_step,foc_svm_key_baseline,94.2477796076938,1.980746439090947,92.26703316860285,0.0,-0.15097341284799623,0.29707146247533356,0.3332332894598093,0.2396257451482,7,1,1,1,1,0,0,0.9797504470518316,0.005,0.016863724576746543,25.00011531891556,0,540.0
218,0.0218,load_step,foc_svm_key_baseline,94.2477796076938,1.9949343995285775,92.25284520816523,0.0,-0.1303354387941781,0.26829049825176565,0.29827356245207454,0.21194475833124118,7,1,1,1,1,0,0,0.9797477928319754,0.005,0.013601059162013332,25.00011545415736,0,540.0
219,0.0219,load_step,foc_svm_key_baseline,94.2477796076938,2.007464731132122,92.24031487656168,0.0,-0.11144710612713672,0.24196051292868512,0.26639321928462384,0.1866474117378891,7,1,1,1,1,0,0,0.9797534392904266,0.005,0.010930818310285133,25.00011556269585,0,540.0
220,0.022000000000000002,load_step,foc_svm_key_baseline,94.2477796076938,2.0184802076337194,92.22929940006009,0.0,-0.27551440026556856,0.5319867503315066,0.5990977276554907,0.43014817028077745,2,1,1,1,1,0,0,0.979765460752854,0.005,0.01638949163881613,25.000115725820347,2,540.0
221,0.0221,load_step,foc_svm_key_baseline,94.2477796076938,2.0440668776566686,92.20371273003713,0.0,-0.6071258871651217,0.48348961470441615,0.7761211570322387,0.6344932977187335,3,1,1,1,1,0,0,0.9797822787332874,0.005,0.052143004830569224,25.00011624647889,1,540.0
222,0.0222,load_step,foc_svm_key_baseline,94.2477796076938,2.0818803952305442,92.16589921246326,0.0,-0.5481103798948306,0.4391294071598028,0.7023244441004282,0.5729122510245002,7,1,1,1,1,0,0,0.9797329249959007,0.005,0.0835611196961774,25.00011708131511,1,540.0
223,0.0223,load_step,foc_svm_key_baseline,94.2477796076938,2.1160057563237418,92.13177385137006,0.0,-0.4941108694834788,0.39855707082017067,0.6348175249963363,0.5166583994888576,7,1,1,1,1,0,0,0.9796382349481128,0.005,0.059452465755825426,25.000117675059226,0,540.0
224,0.0224,load_step,foc_svm_key_baseline,94.2477796076938,2.146762044541917,92.10101756315188,0.0,-0.4447008293721914,0.36144877240974926,0.5730654785631653,0.46527196404768467,7,1,1,1,1,0,0,0.979573794072762,0.005,0.04860233665078804,25.000118160298094,0,540.0
225,0.022500000000000003,load_step,foc_svm_key_baseline,94.2477796076938,2.1744408039936816,92.07333880370012,0.0,-0.3994900691666338,0.3275082640658963,0.5165791114574986,0.4183328371727475,7,1,1,1,1,0,0,0.9795336735773706,0.005,0.03963426053947353,25.000118555852964,0,540.0
226,0.022600000000000002,load_step,foc_svm_key_baseline,94.2477796076938,2.1993084155067093,92.0484711921871,0.0,-0.35812162696288674,0.2964645502492341,0.46491109822526894,0.3754571571599964,7,1,1,1,1,0,0,0.9795129558378652,0.005,0.032231760391646255,25.000118877380196,0,540.0
227,0.0227,load_step,foc_svm_key_baseline,94.2477796076938,2.22160826765326,92.02617134004053,0.0,-0.3202689295260057,0.2680697491928669,0.41765246036873793,0.3362941793900376,7,1,1,1,1,0,0,0.9795075715410109,0.005,0.02613078509444977,25.00011913789553,0,540.0
228,0.0228,load_step,foc_svm_key_baseline,94.2477796076938,2.241562740372861,92.00621686732094,0.0,-0.2856331968922392,0.2420971331355744,0.3744293592112466,0.30052341847992675,7,1,1,1,1,0,0,0.9795141624464866,0.005,0.02111108979014204,25.000119348212177,0,540.0
229,0.0229,load_step,foc_svm_key_baseline,94.2477796076938,2.259375017417748,91.98840459027605,0.0,-0.25394107007088296,0.21833933278075499,0.3349001811105667,0.2678520376233903,7,1,1,1,1,0,0,0.9795299657508948,0.005,0.016989028004063215,25.000119517306803,0,540.0
230,0.023,load_step,foc_svm_key_baseline,94.2477796076938,2.275230742426938,91.97254886526686,0.0,-0.22494244242880373,0.19660669254271823,0.29875289782431,0.23801246355636319,7,1,1,1,1,0,0,0.9795527166757821,0.005,0.01361152478779632,25.00011965262527,0,540.0
231,0.023100000000000002,load_step,foc_svm_key_baseline,94.2477796076938,2.2892995321432505,91.95848007555055,0.0,-0.19840847706971368,0.17672576418698568,0.2657026900514881,0.21076020751503657,7,1,1,1,1,0,0,0.9795805664357604,0.005,0.010851037786337333,25.000119760337963,0,540.0
232,0.023200000000000002,load_step,foc_svm_key_baseline,94.2477796076938,2.30173635911166,91.94604324858214,0.0,-0.1741297940890981,0.15853792744449957,0.2354898291389866,0.18587187429877727,7,1,1,1,1,0,0,0.979612013189714,0.005,0.00860134467189394,25.00011984555301,0,540.0
233,0.0233,load_step,foc_svm_key_baseline,94.2477796076938,2.3126828151259287,91.93509679256788,0.0,-0.1519148130101015,0.14189812708426244,0.2078778220058975,0.1631433431309722,7,1,1,1,1,0,0,0.9796458439529026,0.005,0.006774021774059395,25.000119912494256,0,540.0
234,0.0234,load_step,foc_svm_key_baseline,94.2477796076938,2.322268265713753,91.92551134198004,0.0,-0.13158823699979452,0.12667371676835915,0.18265183994864265,0.14238810544481076,7,1,1,1,1,0,0,0.9796810857627323,0.005,0.005295500816278224,25.000119964649848,0,540.0
235,0.0235,load_step,foc_svm_key_baseline,94.2477796076938,2.330610905059795,91.917168702634,0.0,-0.11298966664166363,0.11274340079109428,0.15961747770759815,0.12343574602356477,7,1,1,1,1,0,0,0.9797169646560488,0.005,0.0041046091444602575,25.000120004896175,0,540.0
236,0.0236,load_step,foc_svm_key_baseline,94.2477796076938,2.337818719953143,91.90996088774065,0.0,0.08538192869133623,0.41411105940104054,0.4228215264923305,0.08310399993539103,6,1,1,1,1,0,0,0.9797528712391775,0.005,0.00544198917996613,25.000120058516035,1,540.0
237,0.023700000000000002,load_step,foc_svm_key_baseline,94.2477796076938,2.342612371283717,91.90516723641008,0.0,-0.2853607975998296,0.37598732759561443,0.4720140414429456,0.3452865729079121,3,1,1,1,1,0,0,0.9797883318203343,0.005,0.03429260626796099,25.00012040064171,2,540.0
238,0.0238,load_step,foc_svm_key_baseline,94.2477796076938,2.3630956871705484,91.88468392052326,0.0,-0.6165310945281551,0.3411107471792509,0.7046042381090762,0.580786760641697,3,1,1,1,1,0,0,0.9798243807524738,0.005,0.02714115334631833,25.00012067125057,0,540.0
239,0.0239,load_step,foc_svm_key_baseline,94.2477796076938,2.3976706836343102,91.85010892405948,0.0,-0.5529517086633008,0.31642333097682945,0.6370865847748923,0.5234431285396675,7,1,1,1,1,0,0,0.9797910792679869,0.005,0.06978151837379457,25.00012136826128,1,540.0
240,0.024,load_step,foc_svm_key_baseline,94.2477796076938,2.4288113559361877,91.81896825175761,0.0,-0.49477573878345393,0.293856366138825,0.5754603336538738,0.4709747243277562,7,1,1,1,1,0,0,0.979701788880758,0.005,0.048924662938612924,25.000121856698787,0,540.0
241,0.0241,load_step,foc_svm_key_baseline,94.2477796076938,2.456809720686609,91.7909698870072,0.0,-0.4457077214580802,0.26601490422158824,0.5190561648178108,0.42387498390313294,7,1,1,1,1,0,0,0.9796341154576892,0.005,0.03995408272761525,25.000122255427236,0,540.0
242,0.024200000000000003,load_step,foc_svm_key_baseline,94.2477796076938,2.4819873011982065,91.7657923064956,0.0,-0.4008117353336644,0.24055308688678584,0.46745677318009304,0.38086286078694676,7,1,1,1,1,0,0,0.9795969667579156,0.005,0.03252900828221585,25.000122579902282,0,540.0
243,0.024300000000000002,load_step,foc_svm_key_baseline,94.2477796076938,2.504588933237856,91.74319067445595,0.0,-0.35973308900279616,0.21726684549058906,0.4202532301754802,0.3415847431468797,7,1,1,1,1,0,0,0.9795776577672028,0.005,0.026404689450238585,25.000122843131976,0,540.0
244,0.0244,load_step,foc_svm_key_baseline,94.2477796076938,2.524838272243251,91.72294133545054,0.0,-0.322147273994171,0.19596954861288496,0.37707151858157273,0.3057175881172356,7,1,1,1,1,0,0,0.9795724475613811,0.005,0.021361371992011345,25.000123055926743,0,540.0
245,0.0245,load_step,foc_svm_key_baseline,94.2477796076938,2.542939624317002,91.7048399833768,0.0,-0.28775739071285406,0.176490522695713,0.3375695787704753,0.27296627963870546,7,1,1,1,1,0,0,0.9795782490240516,0.005,0.017215789389036583,25.000123227264265,0,540.0
246,0.0246,load_step,foc_svm_key_baseline,94.2477796076938,2.5590796189628335,91.68869998873097,0.0,-0.25629179488220405,0.1586736964231479,0.3014346132422869,0.24306121497062322,7,1,1,1,1,0,0,0.97959252252063,0.005,0.013815156716842641,25.000123364594316,0,540.0
247,0.0247,load_step,foc_svm_key_baseline,94.2477796076938,2.573428737260693,91.6743508704331,0.0,-0.22750194543301305,0.14237635878772642,0.2683806302948427,0.21575609996367656,7,1,1,1,1,0,0,0.9796131863227373,0.005,0.011032148806639148,25.000123474093375,0,540.0
248,0.024800000000000003,load_step,foc_svm_key_baseline,94.2477796076938,2.586142707984928,91.66163689970887,0.0,-0.20116043645932627,0.1274680215554636,0.23814621079448392,0.19082593494987682,7,1,1,1,1,0,0,0.9796385411720365,0.005,0.008760701758698005,25.00012356087723,0,540.0
249,0.024900000000000002,load_step,foc_svm_key_baseline,94.2477796076938,2.5973637830829577,91.65041582461085,0.0,-0.17705919738285117,0.1138293775586947,0.21049248578811386,0.16806517470923785,7,1,1,1,1,0,0,0.9796672067818634,0.005,0.006912503152888562,25.000123629178525,0,540.0
250,0.025,load_step,foc_svm_key_baseline,94.2477796076938,2.6072219029411388,91.64055770475267,0.0,-0.15500784685323232,0.10135134691501158,0.1852013177803067,0.1472860474268653,7,1,1,1,1,0,0,0.9796980684185667,0.005,0.005414058294904319,25.000123682494912,0,540.0
251,0.0251,load_step,foc_svm_key_baseline,94.2477796076938,2.6158357609609104,91.6319438467329,0.0,-0.31618644797422873,0.40404899777069714,0.5130589269100232,0.350221306179792,2,1,1,1,1,0,0,0.9797302319934079,0.005,0.009498410029535088,25.000123776654462,2,540.0
252,0.0252,load_step,foc_svm_key_baseline,94.2477796076938,2.6365933985072467,91.61118620918656,0.0,-0.4638056079021722,0.05302841839397576,0.46682722187000836,0.37833878997741954,1,1,1,1,1,0,0,0.979762986339207,0.005,0.04674106868152289,25.00012424323997,2,540.0
253,0.0253,load_step,foc_svm_key_baseline,94.2477796076938,2.6590321016604124,91.58874750603339,0.0,-0.41349039389312187,0.05294670626142158,0.4168664768793748,0.3380736286898581,0,1,1,1,1,0,0,0.979737454245252,0.005,0.03267069203545184,25.0001245691186,1,540.0
254,0.025400000000000002,load_step,foc_svm_key_baseline,94.2477796076938,2.6790594557365317,91.56872015195727,0.0,-0.3674579816259893,0.0528821920008777,0.3712437130665832,0.30126542211279733,0,1,1,1,1,0,0,0.9797089296075916,0.005,0.02079828350750112,25.000124776270976,0,540.0
255,0.025500000000000002,load_step,foc_svm_key_baseline,94.2477796076938,2.6968825237231178,91.55089708397068,0.0,-0.3253433501861915,0.05283241320785733,0.3296051568099938,0.26761806285571477,0,1,1,1,1,0,0,0.9796951838316093,0.005,0.016499942977824505,25.000124940438564,0,540.0
256,0.0256,load_step,foc_svm_key_baseline,94.2477796076938,2.6917452605564605,91.55603434713734,0.35,-0.2868125876048506,0.05279515118508845,0.2916312541502479,0.23686078223574972,0,1,1,1,1,0,0,0.9796930979121445,0.005,0.013012737424179998,25.000125069733002,0,540.0
257,0.0257,load_step,foc_svm_key_baseline,94.2477796076938,2.684767755859276,91.56301185183453,0.35,-0.25157129485563057,0.05277147599543324,0.25704658152575227,0.20875525949280735,0,1,1,1,1,0,0,0.9797436970796443,0.005,0.010195047297650566,25.000125170849678,0,540.0
258,0.0258,load_step,foc_svm_key_baseline,94.2477796076938,2.6761088426054203,91.57167076508838,0.35,-0.2193390889890853,0.05275917551683299,0.2255951385996114,0.18307428626660735,0,1,1,1,1,0,0,0.9797801072250104,0.005,0.007929852255382017,25.00012524931373,0,540.0
259,0.025900000000000003,load_step,foc_svm_key_baseline,94.2477796076938,2.6659137445265153,91.58186586316728,0.35,-0.18985948258458785,0.05275630017711781,0.19705291252774107,0.15961010236091094,0,1,1,1,1,0,0,0.9798045513058583,0.005,0.006119040568805686,25.00012530966914,0,540.0
260,0.026000000000000002,load_step,foc_svm_key_baseline,94.2477796076938,2.6543152410119357,91.59346436668187,0.35,-0.1628978473529532,0.05276113870586778,0.17122922189207618,0.13817273350158962,0,1,1,1,1,0,0,0.9798191628569952,0.005,0.0046811912277788794,25.000125355645654,0,540.0
261,0.0261,load_step,foc_svm_key_baseline,94.2477796076938,2.641434732444219,91.60634487524958,0.35,-0.13823955128219104,0.05277219529332537,0.14796985549353758,0.11858847086486596,0,1,1,1,1,0,0,0.9798258320083624,0.005,0.003548792065449066,25.00012539029787,0,540.0
262,0.0262,load_step,foc_svm_key_baseline,94.2477796076938,2.6273832144616347,91.62039639323217,0.35,-0.2970425153371765,0.3669029621119431,0.47207207026507586,0.30263298633916347,2,1,1,1,1,0,0,0.979826179920754,0.005,0.004773805508567074,25.00012543719999,1,540.0
263,0.0263,load_step,foc_svm_key_baseline,94.2477796076938,2.6243467212921594,91.62343288640164,0.35,-0.44666156246653504,0.019136564379048662,0.44707131364166036,0.3558095283430269,1,1,1,1,1,0,0,0.9798215739821649,0.005,0.040722785760619606,25.0001258435916,2,540.0
264,0.0264,load_step,foc_svm_key_baseline,94.2477796076938,2.624492754133258,91.62328685356054,0.35,-0.39818875943933185,0.022033741990126178,0.3987979111403689,0.31752309060013656,0,1,1,1,1,0,0,0.9798565845746526,0.005,0.030231963732451617,25.00012614507228,1,540.0
265,0.026500000000000003,load_step,foc_svm_key_baseline,94.2477796076938,2.622347565246343,91.62543204244746,0.35,-0.3538538806898139,0.024696053249201863,0.3547146232189032,0.2825384173942722,0,1,1,1,1,0,0,0.979891192778958,0.005,0.019034523864887933,25.00012633457655,0,540.0
266,0.026600000000000002,load_step,foc_svm_key_baseline,94.2477796076938,2.6181089212010913,91.62967068649272,0.35,-0.31330412250891243,0.027142291791003262,0.3144776258889455,0.2505722391953254,0,1,1,1,1,0,0,0.9799198100273901,0.005,0.015063017009494044,25.00012648436449,0,540.0
267,0.0267,load_step,foc_svm_key_baseline,94.2477796076938,2.611957621413478,91.63582198628032,0.35,-0.2762167555327208,0.02938972241380268,0.2777759021596064,0.22136556147257588,0,1,1,1,1,0,0,0.9799391506697486,0.005,0.011844932747946802,25.00012660197059,0,540.0
268,0.0268,load_step,foc_svm_key_baseline,94.2477796076938,2.6040589521605,91.6437206555333,0.35,-0.24229656164832822,0.03145421247060995,0.2443296774212015,0.19468158767893068,0,1,1,1,1,0,0,0.97994921074428,0.005,0.009248280325854041,25.000126693609378,0,540.0
269,0.0269,load_step,foc_svm_key_baseline,94.2477796076938,2.594564016186423,91.65321559150738,0.35,-0.2112734892614317,0.033350350654833764,0.2138895349321716,0.17030381959731536,0,1,1,1,1,0,0,0.97995121604441,0.005,0.007163382846869345,25.000126764398583,0,540.0
270,0.027,load_step,foc_svm_key_baseline,94.2477796076938,2.583610948524154,91.66416865916965,0.35,-0.1829005083341449,0.03509155459995752,0.18623644421307664,0.14803431992383256,0,1,1,1,1,0,0,0.9799466223883643,0.005,0.005499169507878795,25.000126818545183,0,540.0
271,0.027100000000000003,load_step,foc_svm_key_baseline,94.2477796076938,2.5713260282493677,91.67645357944443,0.35,-0.156951648182519,0.036690168524647605,0.16118308947770005,0.12769212325743418,0,1,1,1,1,0,0,0.979936804326926,0.005,0.004180078601576697,25.00012685950051,0,540.0
272,0.027200000000000002,load_step,foc_svm_key_baseline,94.2477796076938,2.557824695056606,91.68995491263719,0.35,-0.3145744632717528,0.35227234587190337,0.47228476432000777,0.292330138643117,2,1,1,1,1,0,0,0.979922968677104,0.005,0.005432383212027759,25.000126912978615,1,540.0
273,0.0273,load_step,foc_svm_key_baseline,94.2477796076938,2.554176983371421,91.69360262432238,0.35,-0.46311429905275625,0.005832795024656841,0.4631510288069383,0.36476596400047945,1,1,1,1,1,0,0,0.9799061408416846,0.005,0.040759032210949,25.00012731972285,2,540.0
274,0.0274,load_step,foc_svm_key_baseline,94.2477796076938,2.554864395665163,91.69291521202864,0.35,-0.41365542966650926,0.00994327234397766,0.413774918473185,0.32579492877399274,0,1,1,1,1,0,0,0.9799267892620211,0.005,0.03224920256082165,25.000127641366078,1,540.0
275,0.0275,load_step,foc_svm_key_baseline,94.2477796076938,2.5532195756391003,91.6945600320547,0.35,-0.3684187275298152,0.01371491677614537,0.36867391789610615,0.2901861137571057,0,1,1,1,1,0,0,0.9799500593640128,0.005,0.020520756620152767,25.0001278457227,0,540.0
276,0.027600000000000003,load_step,foc_svm_key_baseline,94.2477796076938,2.5494439109182285,91.69833569677557,0.35,-0.32704416537830444,0.017175343860913853,0.3274948526995995,0.2576509189189543,0,1,1,1,1,0,0,0.9799703926536113,0.005,0.01629730429168447,25.00012800784344,0,540.0
277,0.027700000000000002,load_step,foc_svm_key_baseline,94.2477796076938,2.54372150269757,91.70405810499624,0.35,-0.28920240853381235,0.020349890313579765,0.28991749022356833,0.22792548867070533,0,1,1,1,1,0,0,0.9799834020702736,0.005,0.01286721657122488,25.00012813566222,0,540.0
278,0.027800000000000002,load_step,foc_svm_key_baseline,94.2477796076938,2.5362206478747176,91.71155895981909,0.35,-0.25459219910631725,0.023261809479185398,0.25565269336746016,0.20076859335300778,0,1,1,1,1,0,0,0.979988292967571,0.005,0.010092082641039614,25.00012823572881,0,540.0
279,0.0279,load_step,foc_svm_key_baseline,94.2477796076938,2.527095194288408,91.7206844134054,0.35,-0.22293796301463834,0.02593244865571875,0.22444114428151923,0.17595969179620266,0,1,1,1,1,0,0,0.9799859295523345,0.005,0.00785684518328186,25.000128313442357,0,540.0
280,0.028,load_step,foc_svm_key_baseline,94.2477796076938,2.5164857799089813,91.73129382778482,0.35,-0.19398762086347376,0.02838141019142562,0.19605280281782456,0.15329715948640082,0,1,1,1,1,0,0,0.9799775809346427,0.005,0.006065923591925324,25.00012837324617,0,540.0
281,0.0281,load_step,foc_svm_key_baseline,94.2477796076938,2.50452096590014,91.74325864179366,0.35,-0.16751058532527938,0.030626698029071166,0.17028737718392875,0.1325966681992144,0,1,1,1,1,0,0,0.9799645054135712,0.005,0.004639975488595578,25.000128418790105,0,540.0
282,0.028200000000000003,load_step,foc_svm_key_baseline,94.2477796076938,2.4913182726245906,91.7564613350692,0.35,-0.32465018995156325,0.34679964504729394,0.4750449869649349,0.27744253269195557,2,1,1,1,1,0,0,0.9799478274422694,0.005,0.005932968701371232,25.000128477263665,1,540.0
283,0.028300000000000002,load_step,foc_svm_key_baseline,94.2477796076938,2.486784738021829,91.76099486967198,0.35,-0.4727479211693741,0.0008996996468905772,0.47274877729024256,0.36954218258715266,1,1,1,1,1,0,0,0.9799285094119657,0.005,0.041179557503627444,25.000128888202724,2,540.0
284,0.0284,load_step,foc_svm_key_baseline,94.2477796076938,2.487763155794749,91.76001645189905,0.35,-0.42288541812859015,0.005503302988067131,0.42292122577327684,0.3302463207756083,0,1,1,1,1,0,0,0.9799430376081031,0.005,0.03351455471105039,25.000129222489015,1,540.0
285,0.0285,load_step,foc_svm_key_baseline,94.2477796076938,2.486389879993428,91.76138972770038,0.35,-0.3772793644481413,0.009725555386666685,0.3774046969315201,0.294341038557402,0,1,1,1,1,0,0,0.9799633071013318,0.005,0.02147999809463449,25.000129436427514,0,540.0
286,0.0286,load_step,foc_svm_key_baseline,94.2477796076938,2.482867996874781,91.76491161081901,0.35,-0.33556679219935787,0.013597648198869546,0.335842177314743,0.2615352701456129,0,1,1,1,1,0,0,0.9799818200574855,0.005,0.017115325928360382,25.000129606717863,0,540.0
287,0.0287,load_step,foc_svm_key_baseline,94.2477796076938,2.477383158574735,91.77039644911906,0.35,-0.29741567778992356,0.01714819279421973,0.29790962708738933,0.2315629091590611,0,1,1,1,1,0,0,0.979993738182314,0.005,0.01356385053999072,25.000129741492323,0,540.0
288,0.028800000000000003,load_step,foc_svm_key_baseline,94.2477796076938,2.4701050781163874,91.77767452957741,0.35,-0.26252230470285415,0.020403441501231495,0.26331399676354533,0.20418067106955787,0,1,1,1,1,0,0,0.9799978598009229,0.005,0.010684200016702543,25.00012984746938,0,540.0
289,0.028900000000000002,load_step,foc_svm_key_baseline,94.2477796076938,2.4611888963837734,91.78659071131003,0.35,-0.23060885086884367,0.023387488241136352,0.2317917528845189,0.17916613846772594,0,1,1,1,1,0,0,0.9799948794254588,0.005,0.008358815578473722,25.000129930191886,0,540.0
290,0.029,load_step,foc_svm_key_baseline,94.2477796076938,2.450776432011644,91.79700317568215,0.35,-0.20142118155870067,0.02612245094544386,0.20310803731979732,0.15631597350951415,0,1,1,1,1,0,0,0.9799859989372739,0.005,0.006490001799457312,25.000129994225702,0,540.0
291,0.0291,load_step,foc_svm_key_baseline,94.2477796076938,2.4389973242050096,91.8087822834888,0.35,-0.17472683030563171,0.028628637603390013,0.17705666923242191,0.13544428325288027,0,1,1,1,1,0,0,0.9799724469125729,0.005,0.004996626872764972,25.000130043325342,0,540.0
292,0.0292,load_step,foc_svm_key_baseline,94.2477796076938,2.4259700776462174,91.82180953004759,0.35,-0.33166741265441146,0.34503949144704565,0.4785974543130245,0.2604227959160156,2,1,1,1,1,0,0,0.979955333154155,0.005,0.00633173881289355,25.000130105775774,1,540.0
293,0.029300000000000003,load_step,foc_svm_key_baseline,94.2477796076938,2.420423036071706,91.82735657162209,0.35,-0.47958284437605236,-0.000643606134601773,0.4795832762395717,0.3722946297171855,1,1,1,1,1,0,0,0.9799356121432583,0.005,0.04172458605307087,25.00013052215426,2,540.0
294,0.029400000000000003,load_step,foc_svm_key_baseline,94.2477796076938,2.4215712697291005,91.8262083379647,0.35,-0.4295542230498485,0.004157813997703913,0.4295743450873184,0.3328410166073994,0,1,1,1,1,0,0,0.9799456204820234,0.005,0.03445144566908377,25.00013086579857,1,540.0
295,0.029500000000000002,load_step,foc_svm_key_baseline,94.2477796076938,2.4203583563090367,91.82742125138476,0.35,-0.3837959722681043,0.008560570061787719,0.383891432164098,0.29679152513741547,0,1,1,1,1,0,0,0.9799651141378395,0.005,0.02220784696423607,25.0001310870046,0,540.0
296,0.0296,load_step,foc_svm_key_baseline,94.2477796076938,2.416988193203897,91.83079141448991,0.35,-0.34194392786188776,0.012597277385023363,0.3421758921945424,0.2638539448627726,0,1,1,1,1,0,0,0.979983388352214,0.005,0.017750136630898253,25.000131263632053,0,540.0
297,0.0297,load_step,foc_svm_key_baseline,94.2477796076938,2.4116471751219595,91.83613243257184,0.35,-0.3036649725810395,0.016297854280774165,0.30410201516399205,0.23376112239412553,0,1,1,1,1,0,0,0.979995403018734,0.005,0.014116787264080322,25.000131403924833,0,540.0
298,0.0298,load_step,foc_svm_key_baseline,94.2477796076938,2.4045056949445507,91.84327391274925,0.35,-0.2686543900739634,0.019689752652386386,0.26937495738380257,0.20626881516422074,0,1,1,1,1,0,0,0.9799997245620039,0.005,0.011164950112391108,25.000131514698307,0,540.0
299,0.029900000000000003,load_step,foc_svm_key_baseline,94.2477796076938,2.395719516028885,91.85206009166491,0.35,-0.23663344424237553,0.02279816747905492,0.23772913867343332,0.18115372885043785,0,1,1,1,1,0,0,0.9799969513493275,0.005,0.008775800880429528,25.00013160157955,0,540.0
300,0.030000000000000002,load_step,foc_svm_key_baseline,94.2477796076938,2.385431026957143,91.86234858073666,0.35,-0.20734716479600826,0.02564622734824878,0.20892720197748563,0.15821172272339637,0,1,1,1,1,0,0,0.9799882534330262,0.005,0.006850558019486699,25.000131669207786,0,540.0
301,0.030100000000000002,load_step,foc_svm_key_baseline,94.2477796076938,2.373770388790167,91.87400921890364,0.35,-0.18056232146025653,0.028255167943568332,0.18275969590321675,0.13725616855114006,0,1,1,1,1,0,0,0.9799748506464756,0.005,0.005307156052299619,25.00013172140155,0,540.0
302,0.0302,load_step,foc_svm_key_baseline,94.2477796076938,2.3608565840234146,91.88692302367039,0.35,-0.33741983158163336,0.34475928405302975,0.4824013958161144,0.2424074051886912,2,1,1,1,1,0,0,0.9799578525622937,0.005,0.006684337818375066,25.000131787366787,1,540.0
303,0.0303,load_step,foc_svm_key_baseline,94.2477796076938,2.3542364336095574,91.89354317408424,0.35,-0.48525897272171753,-0.0008392612587547206,0.4852596984774205,0.3740293882434669,1,1,1,1,1,0,0,0.9799382166081574,0.005,0.04231300751812138,25.00013220961828,2,540.0
304,0.0304,load_step,foc_svm_key_baseline,94.2477796076938,2.3554935672231543,91.89228604047065,0.35,-0.43516114735854294,0.004038881177919212,0.43517989008176017,0.3344963459630941,0,1,1,1,1,0,0,0.9799439483547553,0.005,0.03525143862447216,25.000132561251267,1,540.0
305,0.030500000000000003,load_step,foc_svm_key_baseline,94.2477796076938,2.3543847920394514,91.89339481565435,0.35,-0.38933931283572176,0.0085113869567973,0.38943233587790366,0.29837406572781655,0,1,1,1,1,0,0,0.9799634007792064,0.005,0.02283967818003858,25.000132788764308,0,540.0
306,0.030600000000000002,load_step,foc_svm_key_baseline,94.2477796076938,2.351114403204561,91.89666520448924,0.35,-0.34742881946648135,0.012611412873197055,0.34765763666361643,0.26536980951434996,0,1,1,1,1,0,0,0.9799819056062292,0.005,0.018309277314434592,25.000132970971823,0,540.0
307,0.0307,load_step,foc_svm_key_baseline,94.2477796076938,2.3458691615775487,91.90191044611625,0.35,-0.30909610633602996,0.01636937718611954,0.3095292546134465,0.235215939017274,0,1,1,1,1,0,0,0.9799943283444223,0.005,0.014610770335389489,25.00013311619305,0,540.0
308,0.0308,load_step,foc_svm_key_baseline,94.2477796076938,2.3388197971431155,91.90895981055068,0.35,-0.2740360516892381,0.019813193386808717,0.27475137899127977,0.2076677656129549,0,1,1,1,1,0,0,0.9799990901753686,0.005,0.011600450961252437,25.00013323131012,0,540.0
309,0.0309,load_step,foc_svm_key_baseline,94.2477796076938,2.33012238364219,91.91765722405161,0.35,-0.24196954899900242,0.022968482607225137,0.24305722337766272,0.18250158438550718,0,1,1,1,1,0,0,0.9799967268813058,0.005,0.00915874530420972,25.000133322009365,0,540.0
310,0.031,load_step,foc_svm_key_baseline,94.2477796076938,2.319919595445307,91.92786001224849,0.35,-0.21264128951469166,0.025858766852105385,0.2142078285907928,0.15951287643161924,0,1,1,1,1,0,0,0.9799883898869822,0.005,0.0071862153042775035,25.000133392982704,0,540.0
311,0.031100000000000003,load_step,foc_svm_key_baseline,94.2477796076938,2.3083418567482985,91.9394377509455,0.35,-0.3671719945216757,0.342620438858246,0.5021992021941518,0.24435816642320216,2,1,1,1,1,0,0,0.9799752964532193,0.005,0.00865532968851796,25.000133478646713,1,540.0
312,0.031200000000000002,load_step,foc_svm_key_baseline,94.2477796076938,2.3018424823107266,91.94593712538307,0.35,-0.5128824675167893,-0.0027424125677316296,0.5128897993846262,0.39307212144035836,1,1,1,1,1,0,0,0.9799585593236912,0.005,0.045256559425216905,25.00013393032245,2,540.0
313,0.0313,load_step,foc_svm_key_baseline,94.2477796076938,2.304243233219854,91.94353637447395,0.35,-0.460837996862696,0.0023514194234737057,0.46084399586598424,0.351947961480492,0,1,1,1,1,0,0,0.9799612893714749,0.005,0.03902038429681517,25.00013431963342,1,540.0
314,0.031400000000000004,load_step,foc_svm_key_baseline,94.2477796076938,2.304182768747281,91.94359683894652,0.35,-0.41323524775814324,0.007021548777082604,0.4132948973033214,0.31437086000497255,0,1,1,1,1,0,0,0.9799753315013778,0.005,0.025655521116030085,25.000134575293167,0,540.0
315,0.0315,load_step,foc_svm_key_baseline,94.2477796076938,2.301873547874828,91.94590605981897,0.35,-0.36969543561122953,0.011302569498277893,0.36986817001337136,0.2800364557403512,0,1,1,1,1,0,0,0.9799918187882918,0.005,0.02065875688363172,25.00013478098357,0,540.0
316,0.0316,load_step,foc_svm_key_baseline,94.2477796076938,2.297509799089178,91.95026980860462,0.35,-0.3298720696644357,0.015226219722958735,0.33022328826379,0.24866647847588463,0,1,1,1,1,0,0,0.9800046749313818,0.005,0.016568970572776794,25.000134945774736,0,540.0
317,0.0317,load_step,foc_svm_key_baseline,94.2477796076938,2.2912690831740163,91.95651052451979,0.35,-0.29344820071928984,0.018821625730648755,0.2940511861913385,0.22000651412793987,0,1,1,1,1,0,0,0.9800106360432816,0.005,0.013230291340958312,25.00013507717801,0,540.0
318,0.0318,load_step,foc_svm_key_baseline,94.2477796076938,2.283313722134784,91.96446588555902,0.35,-0.2601339032763232,0.022115523585778597,0.261072296533448,0.1938239612250729,0,1,1,1,1,0,0,0.9800094645109684,0.005,0.010512958133848185,25.000135181407078,0,540.0
319,0.031900000000000005,load_step,foc_svm_key_baseline,94.2477796076938,2.2737921057217125,91.97398750197209,0.35,-0.22966397214842774,0.025132460708749506,0.2310350204715091,0.1699061623728237,0,1,1,1,1,0,0,0.9800020787652338,0.005,0.008309001105615783,25.00013526359588,0,540.0
320,0.032,load_step,foc_svm_key_baseline,94.2477796076938,2.2628398860319967,91.9849397216618,0.35,-0.20179581529840598,0.027894979404794386,0.20371470479065149,0.14805869568775631,0,1,1,1,1,0,0,0.97998964975751,0.005,0.006528632750187716,25.00013532798045,0,540.0
321,0.032100000000000004,load_step,foc_svm_key_baseline,94.2477796076938,2.2505810697729065,91.9971985379209,0.35,-0.35766178700265844,0.34453857801971965,0.4966173432591591,0.2132979011051554,2,1,1,1,1,0,0,0.9799733060227666,0.005,0.008011917299623457,25.000135407197433,1,540.0
322,0.0322,load_step,foc_svm_key_baseline,94.2477796076938,2.2422273651493327,92.00555224254447,0.35,-0.5045933323431187,-0.0009334715427518504,0.5045941957793947,0.3834930272438514,1,1,1,1,1,0,0,0.979954045569554,0.005,0.04447754241266735,25.000135851070144,2,540.0
323,0.0323,load_step,foc_svm_key_baseline,94.2477796076938,2.2440594458240635,92.00372016186974,0.35,-0.45366635003239375,0.0040592859546127475,0.45368451037496943,0.3432423304435157,0,1,1,1,1,0,0,0.979950673062187,0.005,0.03795487439607692,25.000136229713213,1,540.0
324,0.0324,load_step,foc_svm_key_baseline,94.2477796076938,2.243482626268027,92.00429698142577,0.35,-0.40708550667679083,0.008636207144308078,0.40717710375233396,0.30646348096685194,0,1,1,1,1,0,0,0.9799676829820682,0.005,0.024921696261105315,25.00013647802198,0,540.0
325,0.0325,load_step,foc_svm_key_baseline,94.2477796076938,2.240704860512936,92.00707474718087,0.35,-0.3644801614380301,0.012831180116180372,0.3647059462979269,0.2728586356143057,0,1,1,1,1,0,0,0.9799854471867439,0.005,0.02010305720733448,25.0001366781427,0,540.0
326,0.032600000000000004,load_step,foc_svm_key_baseline,94.2477796076938,2.235916262508579,92.01186334518522,0.35,-0.32551127370262967,0.016675302777642714,0.3259381153382254,0.24215547886058603,0,1,1,1,1,0,0,0.9799983046823183,0.005,0.016155785727699264,25.00013683878937,0,540.0
327,0.0327,load_step,foc_svm_key_baseline,94.2477796076938,2.2292906351695874,92.01848897252421,0.35,-0.28986870984419816,0.020197120394975183,0.29057149312860864,0.21410503623612287,0,1,1,1,1,0,0,0.9800038557220502,0.005,0.012930383240132794,25.000136967180943,0,540.0
328,0.0328,load_step,foc_svm_key_baseline,94.2477796076938,2.220986868448902,92.0267927392449,0.35,-0.2572687793818818,0.023422841457038646,0.25833283636921756,0.18847967504148325,0,1,1,1,1,0,0,0.9800022711122299,0.005,0.010302372822005744,25.000137069291558,0,540.0
329,0.0329,load_step,foc_svm_key_baseline,94.2477796076938,2.2111502176587337,92.03662939003507,0.35,-0.22745198101882913,0.02637653408016022,0.2289762547066216,0.1650712762926541,0,1,1,1,1,0,0,0.979994588332815,0.005,0.008168162356413685,25.000137150059388,0,540.0
330,0.033,load_step,foc_svm_key_baseline,94.2477796076938,2.199913472295352,92.04786613539845,0.35,-0.20018094070124465,0.029080304910485195,0.20228216222327172,0.1436895631980312,0,1,1,1,1,0,0,0.9799819996954369,0.005,0.006441587375175082,25.000137213560926,0,540.0
331,0.033100000000000004,load_step,foc_svm_key_baseline,94.2477796076938,2.187398024743582,92.06038158295021,0.35,-0.3565927861568378,0.34566925613051747,0.496634321984417,0.18940048639036094,2,1,1,1,1,0,0,0.9799656240253624,0.005,0.007952465107020834,25.00013729217082,1,540.0
332,0.0332,load_step,foc_svm_key_baseline,94.2477796076938,2.1776190595901643,92.07016054810363,0.35,-0.5040233292414291,0.00014629925023394342,0.5040233504740477,0.37983525155690334,1,1,1,1,1,0,0,0.9799464404359516,0.005,0.04452685610057744,25.0001377365241,2,540.0
333,0.0333,load_step,foc_svm_key_baseline,94.2477796076938,2.1792372085736624,92.06854239912013,0.35,-0.4535533264803867,0.005091444010132998,0.45358190303795476,0.33994154423445455,0,1,1,1,1,0,0,0.9799386780713486,0.005,0.03794290632526275,25.00013811503492,1,540.0
334,0.0334,load_step,foc_svm_key_baseline,94.2477796076938,2.178467837412724,92.06931177028108,0.35,-0.4073902040952487,0.009624257002502797,0.4075038707983258,0.30348880656780375,0,1,1,1,1,0,0,0.9799578852287272,0.005,0.024963230635910695,25.00013836374646,0,540.0
335,0.0335,load_step,foc_svm_key_baseline,94.2477796076938,2.175517050655722,92.07226255703807,0.35,-0.3651666631827677,0.013778283568824412,0.36542650834078777,0.2701819199689557,0,1,1,1,1,0,0,0.979977024041455,0.005,0.020182535418799476,25.000138564649387,0,540.0
336,0.033600000000000005,load_step,foc_svm_key_baseline,94.2477796076938,2.1705732759626386,92.07720633173116,0.35,-0.3265467206918305,0.01758431301440881,0.3270198294580576,0.23975105441417727,0,1,1,1,1,0,0,0.9799906981880113,0.005,0.016261727868546225,25.0001387263429,0,540.0
337,0.0337,load_step,foc_svm_key_baseline,94.2477796076938,2.163808778830016,92.08397082886378,0.35,-0.29122304036690194,0.021070612651765026,0.2919842974511864,0.21194950243308588,0,1,1,1,1,0,0,0.9799968392796976,0.005,0.013053636149333876,25.000138855954418,0,540.0
338,0.033800000000000004,load_step,foc_svm_key_baseline,94.2477796076938,2.155381047576944,92.09239856011686,0.35,-0.25891449103404834,0.02426314054249865,0.260048867823733,0.18655169871662716,0,1,1,1,1,0,0,0.9799957590068031,0.005,0.010435691399450067,25.000138959385627,0,540.0
339,0.0339,load_step,foc_svm_key_baseline,94.2477796076938,2.145434059710216,92.10234554798359,0.35,-0.22936391288737495,0.02718573911315271,0.23096941127806453,0.1633514093746859,0,1,1,1,1,0,0,0.9799885413714129,0.005,0.00830586255783915,25.000139041517855,0,540.0
340,0.034,load_step,foc_svm_key_baseline,94.2477796076938,2.1340994398302686,92.11368016786354,0.35,-0.20233607407575974,0.029860311563367842,0.20452756557259644,0.14216007626818877,0,1,1,1,1,0,0,0.979976394159002,0.005,0.006579258901042618,25.0001391063835,0,540.0
341,0.0341,load_step,foc_svm_key_baseline,94.2477796076938,2.121497518366497,92.1262820893273,0.35,-0.35897006219455585,0.34642177663985785,0.4988662675329721,0.1684381952153465,2,1,1,1,1,0,0,0.9799604412121392,0.005,0.008125044616043336,25.00013918670657,1,540.0
342,0.0342,load_step,foc_svm_key_baseline,94.2477796076938,2.1104691507670608,92.13731045692674,0.35,-0.506603482144569,0.0008728804274000938,0.5066042341327628,0.3785338125608878,1,1,1,1,1,0,0,0.9799416629437875,0.005,0.0449038939390181,25.000139634817597,2,540.0
343,0.034300000000000004,load_step,foc_svm_key_baseline,94.2477796076938,2.1120145757579976,92.1357650319358,0.35,-0.4563195834130976,0.005793266477193323,0.4563563565271976,0.33878782073464914,0,1,1,1,1,0,0,0.9799296309863532,0.005,0.03835851791530299,25.000140017471878,1,540.0
344,0.0344,load_step,foc_svm_key_baseline,94.2477796076938,2.1111813260662826,92.13659828162751,0.35,-0.41032640777175977,0.010302962888613914,0.41045573690613785,0.30246989356741794,0,1,1,1,1,0,0,0.9799502509560382,0.005,0.025319954990326493,25.00014026973798,0,540.0
345,0.0345,load_step,foc_svm_key_baseline,94.2477796076938,2.1081747332750878,92.13960487441871,0.35,-0.36825802864657436,0.01443532761592029,0.3685408448815954,0.2692861034355651,0,1,1,1,1,0,0,0.9799704196536332,0.005,0.02052089603602891,25.000140474011808,0,540.0
346,0.0346,load_step,foc_svm_key_baseline,94.2477796076938,2.103182523410558,92.14459708428325,0.35,-0.32977971881845985,0.0182209832454257,0.3302827079554916,0.2389677029109561,0,1,1,1,1,0,0,0.9799848778888991,0.005,0.016579934698711073,25.00014063887466,0,540.0
347,0.0347,load_step,foc_svm_key_baseline,94.2477796076938,2.0963763251760694,92.15140328251773,0.35,-0.2945852912475668,0.021688048803740114,0.2953825744358106,0.211268968214384,0,1,1,1,1,0,0,0.9799916774194458,0.005,0.013350601493448641,25.000140771443085,0,540.0
348,0.034800000000000005,load_step,foc_svm_key_baseline,94.2477796076938,2.087913049014408,92.1598665586794,0.35,-0.625103188006505,0.024862350507287342,0.6255974201742228,0.45438245571886027,3,1,1,1,1,0,0,0.9799911764520493,0.005,0.019161079236913493,25.000140962115402,2,540.0
349,0.0349,load_step,foc_svm_key_baseline,94.2477796076938,2.093999287136055,92.15378032055774,0.35,-0.7464629474677437,-0.2863471802759476,0.7995008690390633,0.6493558191176771,1,1,1,1,1,0,0,0.9799844767731534,0.005,0.0564017759923434,25.000141525193413,1,540.0
350,0.035,load_step,foc_svm_key_baseline,94.2477796076938,2.1117530279580263,92.13602657973577,0.35,-0.6763109272786201,-0.25721811060516986,0.723572820647487,0.5864538451538764,0,1,1,1,1,0,0,0.9799818578207838,0.005,0.08829517297909603,25.000142407201643,1,540.0
351,0.0351,load_step,foc_svm_key_baseline,94.2477796076938,2.1257411040535628,92.12203850364024,0.35,-0.6121479064687604,-0.23056052972750565,0.6541278294510288,0.5290022619468883,0,1,1,1,1,0,0,0.9799327247510695,0.005,0.06307466768535236,25.00014303699894,0,540.0
352,0.0352,load_step,foc_svm_key_baseline,94.2477796076938,2.1362899774908786,92.11148963020293,0.35,-0.5534628738640812,-0.20616548725280967,0.5906143927132798,0.4765307159819799,0,1,1,1,1,0,0,0.9799069500620913,0.005,0.05157714559301685,25.000143551816816,0,540.0
353,0.035300000000000005,load_step,foc_svm_key_baseline,94.2477796076938,2.143697937457672,92.10408167023613,0.35,-0.4997883710304584,-0.18384179023975822,0.5325281397783956,0.42860941362895294,0,1,1,1,1,0,0,0.979899424233055,0.005,0.04207422842275709,25.00014397160209,0,540.0
354,0.0354,load_step,foc_svm_key_baseline,94.2477796076938,2.1482375296881613,92.09954207800564,0.35,-0.4506967884665157,-0.16341447551111102,0.47940784926886904,0.38484562287651225,0,1,1,1,1,0,0,0.979905774483338,0.005,0.03423027165307341,25.000144312944993,0,540.0
355,0.035500000000000004,load_step,foc_svm_key_baseline,94.2477796076938,2.150157776353537,92.09762183134026,0.35,-0.40579697541363735,-0.14472341663209115,0.43083181472184945,0.3448804776481005,0,1,1,1,1,0,0,0.979922037228378,0.005,0.027765268318015887,25.00014458963559,0,540.0
356,0.0356,load_step,foc_svm_key_baseline,94.2477796076938,2.149686204539591,92.09809340315421,0.35,-0.3647311369547834,-0.12762205314521718,0.3864145322232713,0.3083860582328054,0,1,1,1,1,0,0,0.9799440148938265,0.005,0.022445696700937264,25.000144813128625,0,540.0
357,0.0357,load_step,foc_svm_key_baseline,94.2477796076938,2.1470306998500335,92.10074890784377,0.35,-0.32717199424604754,-0.11197623088304813,0.34580368722977706,0.2750627237625084,0,1,1,1,1,0,0,0.9799661972973663,0.005,0.018076867601295784,25.00014499293188,0,540.0
358,0.0358,load_step,foc_svm_key_baseline,94.2477796076938,2.142381200232375,92.10539840746142,0.35,-0.29282018572442764,-0.09766314327408919,0.3086774217882862,0.2446366748256419,0,1,1,1,1,0,0,0.9799828426721767,0.005,0.014496525987426106,25.00014513693052,0,540.0
359,0.0359,load_step,foc_svm_key_baseline,94.2477796076938,2.1359112438109213,92.11186836388288,0.35,-0.2614018889746361,-0.08457036453302767,0.2747418681540132,0.21685772625750932,0,1,1,1,1,0,0,0.979991572717312,0.005,0.01156950189283975,25.00014525165796,0,540.0
360,0.036000000000000004,load_step,foc_svm_key_baseline,94.2477796076938,2.1277793833158882,92.12000022437792,0.35,-0.23266664462884673,-0.07259496649873214,0.24372894100577816,0.19149727191126023,0,1,1,1,1,0,0,0.9799926757011582,0.005,0.009183238922002972,25.000145342522003,0,540.0
361,0.0361,load_step,foc_svm_key_baseline,94.2477796076938,2.118130478607763,92.12964912908603,0.35,-0.2063853652272792,-0.061642711664394334,0.2153943891593676,0.1683464248129088,0,1,1,1,1,0,0,0.9799872914630277,0.005,0.007244056770179474,25.00014541399362,0,540.0
362,0.0362,load_step,foc_svm_key_baseline,94.2477796076938,2.1070968778019443,92.14068272989185,0.35,-0.182348513394927,-0.051627315644465634,0.18951612083934485,0.14721431755584716,0,1,1,1,1,0,0,0.9799766884823248,0.005,0.005674027623352095,25.000145469764472,0,540.0
363,0.0363,load_step,foc_svm_key_baseline,94.2477796076938,2.09479949659158,92.15298011110222,0.35,-0.16036443500033248,-0.04246977295196705,0.1658928377826104,0.12792654911039478,0,1,1,1,1,0,0,0.9799620426831674,0.005,0.004408365935368289,25.000145512878333,0,540.0
364,0.0364,load_step,foc_svm_key_baseline,94.2477796076938,2.081348804538476,92.16643080315532,0.35,-0.5029663557683103,-0.03409774052540832,0.504120829706324,0.35673340965853984,3,1,1,1,1,0,0,0.9799443771282541,0.005,0.008149469749501526,25.000145593402944,2,540.0
365,0.036500000000000005,load_step,foc_svm_key_baseline,94.2477796076938,2.0815918453230013,92.1661877623708,0.35,-0.6353796787359822,-0.3405597678313459,0.7208940918165304,0.5834285277896776,1,1,1,1,1,0,0,0.9799245550771889,0.005,0.03812959473760199,25.00014597372827,1,540.0
366,0.0366,load_step,foc_svm_key_baseline,94.2477796076938,2.0954011918933935,92.15237841580041,0.35,-0.5753397311470093,-0.30709383822187347,0.6521674874678706,0.5267214658957311,0,1,1,1,1,0,0,0.9799472157072568,0.005,0.07283195644049928,25.000146701074677,1,540.0
367,0.0367,load_step,foc_svm_key_baseline,94.2477796076938,2.105815904611312,92.1419637030825,0.35,-0.5204272569396156,-0.2764733299183879,0.589306399016551,0.47494159043763307,0,1,1,1,1,0,0,0.9799200078251907,0.005,0.051273906720768196,25.000147212835735,0,540.0
368,0.0368,load_step,foc_svm_key_baseline,94.2477796076938,2.113131106440766,92.13464850125304,0.35,-0.4702044832893011,-0.2484572861127781,0.5318113191047041,0.427662688470482,0,1,1,1,1,0,0,0.9799110651518641,0.005,0.041891391865183696,25.000147630768236,0,540.0
369,0.0369,load_step,foc_svm_key_baseline,94.2477796076938,2.117616391417794,92.130163216276,0.35,-0.42427096387815266,-0.22282522095670051,0.47922534353318497,0.3844953827993366,0,1,1,1,1,0,0,0.9799160247501452,0.005,0.034139538149865666,25.000147971179413,0,540.0
370,0.037000000000000005,load_step,foc_svm_key_baseline,94.2477796076938,2.1195180310075505,92.12826157668626,0.35,-0.382260404630219,-0.19937536631250247,0.4311305528958755,0.34508394862924685,0,1,1,1,1,0,0,0.9799309326495214,0.005,0.027743683562670665,25.000148247629774,0,540.0
371,0.0371,load_step,foc_svm_key_baseline,94.2477796076938,2.1190609897877355,92.12871861790606,0.35,-0.34383775797510374,-0.17792307115138078,0.38714470557826997,0.3091034058790917,0,1,1,1,1,0,0,0.9799516153473214,0.005,0.022474718495573427,25.00014847138864,0,540.0
372,0.037200000000000004,load_step,foc_svm_key_baseline,94.2477796076938,2.116450766969818,92.13132884072398,0.35,-0.30869656316008703,-0.15829933989017883,0.34691821675506745,0.2762568630795168,0,1,1,1,1,0,0,0.9799726529220382,0.005,0.018141590296946467,25.000148651814737,0,540.0
373,0.0373,load_step,foc_svm_key_baseline,94.2477796076938,2.111875078827216,92.13590452886659,0.35,-0.27655651197329045,-0.1403494972570377,0.310131400691926,0.24627309093849048,0,1,1,1,1,0,0,0.9799884270202034,0.005,0.014585036117511004,25.000148796674086,0,540.0
374,0.0374,load_step,foc_svm_key_baseline,94.2477796076938,2.105505395786864,92.14227421190694,0.35,-0.24716122093839446,-0.12393196844138307,0.2764919563703686,0.21890430561137253,0,1,1,1,1,0,0,0.9799965606020397,0.005,0.011672343202224395,25.00014891240554,0,540.0
375,0.0375,load_step,foc_svm_key_baseline,94.2477796076938,2.097498346744877,92.15028126094893,0.35,-0.2202761926052479,-0.10891716433072358,0.24573267937844595,0.19392414347998863,0,1,1,1,1,0,0,0.979997289739973,0.005,0.00929296858450451,25.000149004342475,0,540.0
376,0.0376,load_step,foc_svm_key_baseline,94.2477796076938,2.0879970020771563,92.15978260561664,0.35,-0.19568695000008893,-0.09518646257872339,0.21760938642114686,0.17112581084757444,0,1,1,1,1,0,0,0.9799917064123634,0.005,0.0073548775888683075,25.000149076897888,0,540.0
377,0.037700000000000004,load_step,foc_svm_key_baseline,94.2477796076938,2.0771320458219176,92.17064756187189,0.35,-0.17319732962304216,-0.08263127609769425,0.19189904319221107,0.15032039341119108,0,1,1,1,1,0,0,0.9799810410409768,0.005,0.005781483516951748,25.000149133718878,0,540.0
378,0.0378,load_step,foc_svm_key_baseline,94.2477796076938,2.065022846604359,92.18275676108944,0.35,-0.5153364412008502,-0.0711522013341657,0.5202252237101301,0.35447882545299725,3,1,1,1,1,0,0,0.9799664393109391,0.005,0.009991844960726958,25.000149232643103,2,540.0
379,0.0379,load_step,foc_svm_key_baseline,94.2477796076938,2.0651322185780217,92.18264738911577,0.35,-0.6473259313349445,-0.3747730332548986,0.7479877591469868,0.5969132921130778,1,1,1,1,1,0,0,0.9799489000102088,0.005,0.04040076802334209,25.000149635655898,1,540.0
380,0.038,load_step,foc_svm_key_baseline,94.2477796076938,2.079749810917919,92.16802979677588,0.35,-0.40970908373957576,-0.6456106193715617,0.764640180178922,0.5998257307055774,5,1,1,1,1,0,0,0.9799673663215057,0.005,0.07812752491967362,25.000150415933575,1,540.0
381,0.0381,load_step,foc_svm_key_baseline,94.2477796076938,2.0945405719098633,92.15323903578394,0.35,-0.3735326320834966,-0.5795490986240633,0.6894953117659243,0.5409295104134683,7,1,1,1,1,0,0,0.9799211439510679,0.005,0.08081596919362814,25.000151223090494,1,540.0
382,0.038200000000000005,load_step,foc_svm_key_baseline,94.2477796076938,2.1058056158264193,92.14197399186739,0.35,-0.3404555064161595,-0.5191159558948095,0.6207989429063692,0.48709807752716805,7,1,1,1,1,0,0,0.9798932630057988,0.005,0.056927469896617636,25.00015179135704,0,540.0
383,0.0383,load_step,foc_svm_key_baseline,94.2477796076938,2.1138483102843026,92.1339312974095,0.35,-0.3102125433871108,-0.463831910160269,0.5580070456164724,0.4378974058962244,7,1,1,1,1,0,0,0.9798843725379185,0.005,0.04614906997827101,25.0001522518358,0,540.0
384,0.038400000000000004,load_step,foc_svm_key_baseline,94.2477796076938,2.118946025765964,92.12883358192784,0.35,-0.2825611787284274,-0.41325853609472024,0.5006230491892573,0.39293062706999904,7,1,1,1,1,0,0,0.9798899927052943,0.005,0.03728708562094808,25.000152623691644,0,540.0
385,0.0385,load_step,foc_svm_key_baseline,94.2477796076938,2.1213523612793903,92.12642724641441,0.35,-0.25727953764100375,-0.3669947724736055,0.44819406902782877,0.3518348520545458,7,1,1,1,1,0,0,0.9799061201721128,0.005,0.030015263634200266,25.00015292282679,0,540.0
386,0.0386,load_step,foc_svm_key_baseline,94.2477796076938,2.1212991796483793,92.12648042804543,0.35,-0.23416468369357205,-0.324673730536971,0.40030754475790775,0.3142782650358851,7,1,1,1,1,0,0,0.9799286730936969,0.005,0.024061751953786573,25.000153162424823,0,540.0
387,0.038700000000000005,load_step,foc_svm_key_baseline,94.2477796076938,2.1189984687234475,92.12878113897035,0.35,-0.2130310135630153,-0.28595977628043795,0.3565882869501517,0.2799574656437954,7,1,1,1,1,0,0,0.9799524573546428,0.005,0.01920012205816051,25.00015335340496,0,540.0
388,0.0388,load_step,foc_svm_key_baseline,94.2477796076938,2.114644043400389,92.13313556429341,0.35,-0.19370878587384166,-0.25054586294366216,0.3166959474999675,0.24859503840428038,7,1,1,1,1,0,0,0.9799714991992271,0.005,0.015241865085273285,25.000153504801258,0,540.0
389,0.038900000000000004,load_step,foc_svm_key_baseline,94.2477796076938,2.1084131020545707,92.13936650563923,0.35,-0.17604277327073126,-0.21815109205813696,0.28032295123126794,0.2199373299029143,7,1,1,1,1,0,0,0.9799826597120722,0.005,0.012030120399894813,25.000153624079097,0,540.0
390,0.039,load_step,foc_svm_key_baseline,94.2477796076938,2.100467649832391,92.1473119578614,0.35,-0.15989102768098531,-0.18851848331789114,0.24719295961932172,0.19375241587882572,7,1,1,1,1,0,0,0.9799858612793914,0.005,0.00943443479858071,25.000153717399286,0,540.0
391,0.0391,load_step,foc_svm_key_baseline,94.2477796076938,2.090955800176315,92.15682380751748,0.35,-0.14512374949441412,-0.1614129352662743,0.21705998788029063,0.16982824200991148,7,1,1,1,1,0,0,0.9799821606568395,0.005,0.0073463835344488035,25.00015378983834,0,540.0
392,0.0392,load_step,foc_svm_key_baseline,94.2477796076938,2.080012964987216,92.16776664270658,0.35,-0.1316222521081028,-0.13661936036597744,0.18970837323855208,0.1479709235508419,7,1,1,1,1,0,0,0.9799728408741889,0.005,0.005675911948920618,25.000153845572193,0,540.0
393,0.0393,load_step,foc_svm_key_baseline,94.2477796076938,2.0677629429389452,92.18001666475486,0.35,-0.11927801395440614,-0.11394097945236313,0.16495390693000073,0.12800319026098977,7,1,1,1,1,0,0,0.9799591220320469,0.005,0.004348279592662904,25.000153888029352,0,540.0
394,0.039400000000000004,load_step,foc_svm_key_baseline,94.2477796076938,2.05431891464768,92.19346069304612,0.35,-0.47070033235757464,-0.09319776187524437,0.4798381244754172,0.29265301960320866,3,1,1,1,1,0,0,0.9799420778855069,0.005,0.005647251716825067,25.00015394347595,1,540.0
395,0.0395,load_step,foc_svm_key_baseline,94.2477796076938,2.0507292104546457,92.19705039723915,0.35,-0.6070197907834898,-0.3955527990786509,0.7245240115149996,0.5420800105108954,1,1,1,1,1,0,0,0.9799226206822327,0.005,0.03498516419319806,25.000154292301303,1,540.0
396,0.0396,load_step,foc_svm_key_baseline,94.2477796076938,2.0620664708928507,92.18571313680096,0.35,-0.5547180789055802,-0.3511206199148115,0.6565042549702622,0.48808413814050317,0,1,1,1,1,0,0,0.9799407530402487,0.005,0.07374188685924986,25.000155028691555,1,540.0
397,0.0397,load_step,foc_svm_key_baseline,94.2477796076938,2.0701715356205987,92.1776080720732,0.35,-0.5068900716802356,-0.31046297813159796,0.5944113100861519,0.43868871131743725,0,1,1,1,1,0,0,0.9799239892452438,0.005,0.052157653574864224,25.000155549234567,0,540.0
398,0.0398,load_step,foc_svm_key_baseline,94.2477796076938,2.0753199616660427,92.17245964602776,0.35,-0.46315318119021404,-0.2732595549563294,0.5377561283905061,0.3935033803328949,0,1,1,1,1,0,0,0.9799228678778359,0.005,0.04281084533931049,25.000155976306026,0,540.0
399,0.039900000000000005,load_step,foc_svm_key_baseline,94.2477796076938,2.077763924829265,92.17001568286453,0.35,-0.42315748836584943,-0.23921727274902965,0.486093780603679,0.3521709011464262,0,1,1,1,1,0,0,0.979933178420076,0.005,0.03508924118263491,25.000156326158596,0,540.0
400,0.04,load_step,foc_svm_key_baseline,94.2477796076938,2.0777342026516505,92.17004540504215,0.35,-0.38241853207729687,-0.21528097293438672,0.438850579336214,0.317045373573297,0,1,1,1,1,0,0,0.9799243473321064,0.005,0.028719075770469265,25.00015661230718,0,540.0
401,0.040100000000000004,load_step,foc_svm_key_baseline,94.2477796076938,2.0756024335040797,92.17217717418973,0.35,-0.345158834015485,-0.1933847071692366,0.3956415873816358,0.28498207899379135,0,1,1,1,1,0,0,0.9799476847038332,0.005,0.023442662864016382,25.000156845689727,0,540.0
402,0.0402,load_step,foc_svm_key_baseline,94.2477796076938,2.071552034915215,92.17622757277859,0.35,-0.31108085152318604,-0.1733559328708319,0.3561229782615928,0.255715780021757,0,1,1,1,1,0,0,0.9799668610601973,0.005,0.019085493159488827,25.000157035499022,0,540.0
403,0.0403,load_step,foc_svm_key_baseline,94.2477796076938,2.065750537476647,92.18202907021715,0.35,-0.2799124671207462,-0.1550367178076228,0.3199802698889156,0.22900418573966175,0,1,1,1,1,0,0,0.9799790467965371,0.005,0.01549251298521225,25.000157189377248,0,540.0
404,0.040400000000000005,load_step,foc_svm_key_baseline,94.2477796076938,2.05835095927014,92.18942864842366,0.35,-0.2514048194713475,-0.13828249758411473,0.28692583081960665,0.20462596733646926,0,1,1,1,1,0,0,0.9799839407230916,0.005,0.01253441010544162,25.00015731367342,0,540.0
405,0.0405,load_step,foc_svm_key_baseline,94.2477796076938,2.049493061437263,92.19828654625654,0.35,-0.5880388403776462,-0.12296093979992442,0.6007570811144614,0.3443897121065631,3,1,1,1,1,0,0,0.9799823668370728,0.005,0.01831043438337681,25.000157495729006,2,540.0
406,0.040600000000000004,load_step,foc_svm_key_baseline,94.2477796076938,2.0489998544957815,92.19877975319802,0.35,-0.35228361004533215,-0.42306569942696176,0.5505345837803435,0.44139708796638677,5,1,1,1,1,0,0,0.9799754445819487,0.005,0.06118592426219661,25.000158106538276,2,540.0
407,0.0407,load_step,foc_svm_key_baseline,94.2477796076938,2.054311987064967,92.19346762062884,0.35,-0.32196753978391784,-0.3765717008963596,0.4954486275997604,0.395805055703973,7,1,1,1,1,0,0,0.9799869346928461,0.005,0.04435965932394067,25.000158549080826,1,540.0
408,0.0408,load_step,foc_svm_key_baseline,94.2477796076938,2.0568953055754986,92.1908843021183,0.35,-0.2942473167446141,-0.3340371349143204,0.44515423272521304,0.3541294587650212,7,1,1,1,1,0,0,0.9799881508649103,0.005,0.029633566949104743,25.0001588443595,0,540.0
409,0.0409,load_step,foc_svm_key_baseline,94.2477796076938,2.056984394527086,92.19079521316671,0.35,-0.2689005887337441,-0.2951253246361211,0.3992574155390606,0.3160354559899432,7,1,1,1,1,0,0,0.979998337114938,0.005,0.02395037780981729,25.000159082804316,0,540.0
410,0.041,load_step,foc_svm_key_baseline,94.2477796076938,2.054793782188508,92.19298582550529,0.35,-0.2457240076958596,-0.25952824425648585,0.35740061209372465,0.2812168131307293,7,1,1,1,1,0,0,0.9800119585383309,0.005,0.019293520935000516,25.000159274678975,0,540.0
411,0.041100000000000005,load_step,foc_svm_key_baseline,94.2477796076938,2.050519654088281,92.19725995360552,0.35,-0.22453161406967717,-0.22696407530434093,0.31926029692946317,0.24939346001210633,7,1,1,1,1,0,0,0.9800225148979823,0.005,0.015487048786260211,25.00015942848763,0,540.0
412,0.0412,load_step,foc_svm_key_baseline,94.2477796076938,2.0443414201846264,92.20343818750918,0.35,-0.20515335698657283,-0.19717497235831635,0.284545022109618,0.22030925639471854,7,1,1,1,1,0,0,0.9800263907064715,0.005,0.012384446836703348,25.000159551269242,0,540.0
413,0.0413,load_step,foc_svm_key_baseline,94.2477796076938,2.0364231482155257,92.21135645947828,0.35,-0.18743373914810507,-0.16992502006674698,0.2529939110249973,0.19372994863405027,7,1,1,1,1,0,0,0.980023274759787,0.005,0.009863769313491503,25.00015964884326,0,540.0
414,0.0414,load_step,foc_svm_key_baseline,94.2477796076938,2.0269148746571077,92.22086473303669,0.35,-0.17123057609262468,-0.14499836495112683,0.2243756582776133,0.16944130079093128,7,1,1,1,1,0,0,0.9800140818652252,0.005,0.007823573888828001,25.000159726014672,0,540.0
415,0.0415,load_step,foc_svm_key_baseline,94.2477796076938,2.0159538037396443,92.23182580395415,0.35,-0.5191223819768287,-0.12219750692219208,0.5333106769672773,0.28900928678406373,3,1,1,1,1,0,0,0.9799999827748722,0.005,0.00938876235036365,25.000159818837457,1,540.0
416,0.041600000000000005,load_step,foc_svm_key_baseline,94.2477796076938,2.012148991935504,92.2356306157583,0.35,-0.2895030697896792,-0.4226695370121912,0.5123100281428696,0.4135186737283678,5,1,1,1,1,0,0,0.9799821018399846,0.005,0.050050614061468796,25.000160318278137,2,540.0
417,0.0417,load_step,foc_svm_key_baseline,94.2477796076938,2.015795602221638,92.23198400547216,0.35,-0.2647985919836196,-0.3765148411342588,0.46030611543934935,0.3702951917380524,7,1,1,1,1,0,0,0.9799892690450348,0.005,0.03891719043587763,25.00016070638125,1,540.0
418,0.041800000000000004,load_step,foc_svm_key_baseline,94.2477796076938,2.0168552697458746,92.23092433794793,0.35,-0.24221013040693698,-0.3342928329862758,0.41281647914991904,0.33079343395900235,7,1,1,1,1,0,0,0.9799961163352279,0.005,0.025578724772994804,25.000160961097123,0,540.0
419,0.0419,load_step,foc_svm_key_baseline,94.2477796076938,2.0155509158315845,92.23222869186222,0.35,-0.2215562477963059,-0.2956689845905977,0.36946896944995694,0.29469455275278655,7,1,1,1,1,0,0,0.9800088969190992,0.005,0.020597567639042448,25.000161165999724,0,540.0
420,0.042,load_step,foc_svm_key_baseline,94.2477796076938,2.012086363582303,92.2356932441115,0.35,-0.2026710257775907,-0.260337239409089,0.32992578394676303,0.2617069956924767,7,1,1,1,1,0,0,0.9800211366432853,0.005,0.016523062584086888,25.000161330155912,0,540.0
421,0.042100000000000005,load_step,foc_svm_key_baseline,94.2477796076938,2.0066479728015185,92.24113163489228,0.35,-0.18540274555274386,-0.22801758499379485,0.29388126365064166,0.2315641701944484,7,1,1,1,1,0,0,0.9800276211585064,0.005,0.01319922409150958,25.00016146107262,0,540.0
422,0.0422,load_step,foc_svm_key_baseline,94.2477796076938,1.999406135029261,92.24837347266454,0.35,-0.1696126793233691,-0.19845383334388247,0.2610601175134446,0.2040223080122517,7,1,1,1,1,0,0,0.9800269985755447,0.005,0.010496205448130812,25.000161564958265,0,540.0
423,0.042300000000000004,load_step,foc_svm_key_baseline,94.2477796076938,1.9905166406667676,92.25726296702703,0.35,-0.1551739833999927,-0.17141159106461365,0.23121612979098916,0.17885851242929238,7,1,1,1,1,0,0,0.9800198881368024,0.005,0.008305975216920754,25.000161646940917,0,540.0
424,0.0424,load_step,foc_svm_key_baseline,94.2477796076938,1.9801219291324665,92.26765767856133,0.35,-0.5046792062472995,-0.146676402989277,0.5255616694663691,0.2789567230675697,3,1,1,1,1,0,0,0.9800074226112189,0.005,0.009839891836873636,25.00016174426219,1,540.0
425,0.0425,load_step,foc_svm_key_baseline,94.2477796076938,1.975718285523285,92.27206132217052,0.35,-0.2765351004038117,-0.44537985460508656,0.5242469615013464,0.4233311967653235,5,1,1,1,1,0,0,0.9799907639701599,0.005,0.048852467002237,25.000162231708565,2,540.0
426,0.0426,load_step,foc_svm_key_baseline,94.2477796076938,1.979954914671099,92.2678246930227,0.35,-0.2531799126391787,-0.3976086958640053,0.47137325251933554,0.37927765283152565,7,1,1,1,1,0,0,0.9799951192091287,0.005,0.04060179731563514,25.000162636644994,1,540.0
427,0.0427,load_step,foc_svm_key_baseline,94.2477796076938,1.9815548815647281,92.26622472612907,0.35,-0.23182541430088827,-0.3539084563095613,0.4230770830040256,0.33902011750051503,7,1,1,1,1,0,0,0.9799990971569514,0.005,0.02684109593636933,25.00016290397171,0,540.0
428,0.042800000000000005,load_step,foc_svm_key_baseline,94.2477796076938,1.9807455568167252,92.26703405087707,0.35,-0.21229994113542938,-0.31393281442101784,0.37897899279037617,0.3022331468780484,7,1,1,1,1,0,0,0.9800103292139493,0.005,0.021648890438371635,25.000163119374587,0,540.0
429,0.0429,load_step,foc_svm_key_baseline,94.2477796076938,1.977734817732158,92.27004478996164,0.35,-0.1944465172389129,-0.2773649252839434,0.33873403998433693,0.26861917716913386,7,1,1,1,1,0,0,0.9800226014904517,0.005,0.017396602331574192,25.00016329225315,0,540.0
430,0.043000000000000003,load_step,foc_svm_key_baseline,94.2477796076938,1.9727127182607302,92.27506688943308,0.35,-0.17812160679507338,-0.24391490773466543,0.3020294505879668,0.23790613727724436,7,1,1,1,1,0,0,0.9800300077178464,0.005,0.01392291794424041,25.000163430393712,0,540.0
431,0.0431,load_step,foc_svm_key_baseline,94.2477796076938,1.9658530159491738,92.28192659174462,0.35,-0.163193970390019,-0.21331754645703327,0.2685826643663119,0.20984526594348665,7,1,1,1,1,0,0,0.9800304415556503,0.005,0.011093523022072027,25.000163540239406,0,540.0
432,0.0432,load_step,foc_svm_key_baseline,94.2477796076938,1.9573145681453779,92.29046503954842,0.35,-0.14954361740049663,-0.185330190517804,0.23813981822154742,0.18420911583073515,7,1,1,1,1,0,0,0.9800242569616727,0.005,0.008796639585474234,25.000163627115533,0,540.0
433,0.043300000000000005,load_step,foc_svm_key_baseline,94.2477796076938,1.9472426086518142,92.30053699904198,0.35,-0.13706084659963821,-0.15973083144263292,0.21047473526284424,0.1607897284948756,7,1,1,1,1,0,0,0.980012525903524,0.005,0.006939295914000623,25.000163695417644,0,540.0
434,0.0434,load_step,foc_svm_key_baseline,94.2477796076938,1.9357699150640026,92.3120096926298,0.35,-0.4883538893329366,-0.13631634540587126,0.5070223537985469,0.24169362875950468,3,1,1,1,1,0,0,0.9799964127795312,0.005,0.0084564650449605,25.000163778890993,1,540.0
435,0.043500000000000004,load_step,foc_svm_key_baseline,94.2477796076938,1.9291397094543143,92.31863989823948,0.35,-0.26184384521928555,-0.4362286857029285,0.5087805671498524,0.4089181058137061,5,1,1,1,1,0,0,0.9799769871634693,0.005,0.04606068326692991,25.000164238405965,2,540.0
436,0.0436,load_step,foc_svm_key_baseline,94.2477796076938,1.9325173814387286,92.31526222625507,0.35,-0.23998260087692416,-0.38956478994288257,0.4575504062798932,0.3661431480917882,7,1,1,1,1,0,0,0.9799764129471903,0.005,0.03851296494016725,25.000164622440693,1,540.0
437,0.0437,load_step,foc_svm_key_baseline,94.2477796076938,1.9333349727744662,92.31444463491934,0.35,-0.21999383961681634,-0.3468778557232384,0.4107572717073933,0.32705581798651195,7,1,1,1,1,0,0,0.9799860496073247,0.005,0.02533747399420089,25.00016487471795,0,540.0
438,0.0438,load_step,foc_svm_key_baseline,94.2477796076938,1.931813362247173,92.31596624544663,0.35,-0.2017167922944705,-0.3078295628577135,0.36803356377203095,0.2913398906491266,7,1,1,1,1,0,0,0.9800007284657284,0.005,0.020449316773942208,25.00016507811195,0,540.0
439,0.0439,load_step,foc_svm_key_baseline,94.2477796076938,1.928154487537605,92.31962512015619,0.35,-0.18500445522654127,-0.272110384025552,0.3290451481912515,0.2587062381585453,7,1,1,1,1,0,0,0.9800139658361975,0.005,0.016444884897585235,25.00016524146028,0,540.0
440,0.044000000000000004,load_step,foc_svm_key_baseline,94.2477796076938,1.9225429682632644,92.32523663943054,0.35,-0.1697224196189966,-0.23943713075172007,0.2934890786791615,0.22889050838558792,7,1,1,1,1,0,0,0.980020971909122,0.005,0.013172596245797719,25.000165372084634,0,540.0
441,0.0441,load_step,foc_svm_key_baseline,94.2477796076938,1.9151475899894712,92.33263201770433,0.35,-0.1557477991134854,-0.20955070920719163,0.2610917016259452,0.20165100282125498,7,1,1,1,1,0,0,0.9800207233775378,0.005,0.010506231969861815,25.000165476044472,0,540.0
442,0.0442,load_step,foc_svm_key_baseline,94.2477796076938,1.9061226611273443,92.34165694656646,0.35,-0.14296824747192513,-0.18221406777477056,0.23160718097723634,0.17676673624203468,7,1,1,1,1,0,0,0.9800139525179686,0.005,0.008340744467022897,25.000165558348744,0,540.0
443,0.0443,load_step,foc_svm_key_baseline,94.2477796076938,1.8956092536102953,92.35217035408351,0.35,-0.4939895806295186,-0.1572103198986464,0.5184021512813796,0.2375635039490856,3,1,1,1,1,0,0,0.9800018256070296,0.005,0.00990255177966376,25.00016565627054,1,540.0
444,0.0444,load_step,foc_svm_key_baseline,94.2477796076938,1.8887349707407803,92.35904463695302,0.35,-0.2672306929513813,-0.45566882742378484,0.5282483540353368,0.422828622038802,5,1,1,1,1,0,0,0.9799855129637912,0.005,0.047826949749513854,25.000166133435663,2,540.0
445,0.044500000000000005,load_step,foc_svm_key_baseline,94.2477796076938,1.89294820689267,92.35483140080113,0.35,-0.06378758229174547,-0.7217904694596816,0.7246035726226125,0.59012566272398,5,1,1,1,1,0,0,0.9799825600822079,0.005,0.033774645710054826,25.000166470074564,0,540.0
446,0.0446,load_step,foc_svm_key_baseline,94.2477796076938,1.9071728300144801,92.34060677767933,0.35,-0.0588663886068019,-0.6514289924444191,0.6540833157211381,0.5319285373779502,7,1,1,1,1,0,0,0.9799884320884255,0.005,0.07320001264017684,25.00016720096489,1,540.0
447,0.044700000000000004,load_step,foc_svm_key_baseline,94.2477796076938,1.9179136161398966,92.3298659915539,0.35,-0.054373504511555454,-0.5870698314325417,0.5895824496803658,0.4787845701870549,7,1,1,1,1,0,0,0.9799532947336689,0.005,0.05130056754070981,25.00016771285589,0,540.0
448,0.0448,load_step,foc_svm_key_baseline,94.2477796076938,1.9254732337279876,92.32230637396582,0.35,-0.05027135524534125,-0.5282015827580868,0.5305884668802662,0.4302567938455769,7,1,1,1,1,0,0,0.9799380185295364,0.005,0.041683696326429216,25.000168128574767,0,540.0
449,0.0449,load_step,foc_svm_key_baseline,94.2477796076938,1.9301281781470143,92.31765142954679,0.35,-0.046525570272261015,-0.4743564112041086,0.4766325980664777,0.38594598990597995,7,1,1,1,1,0,0,0.9799379772190222,0.005,0.03376144821082753,25.00016846506839,0,540.0
450,0.045000000000000005,load_step,foc_svm_key_baseline,94.2477796076938,1.932131032724984,92.31564857496882,0.35,-0.043104727393636875,-0.42510633743399256,0.42728610514528004,0.3454874295249115,7,1,1,1,1,0,0,0.9799490021266877,0.005,0.027246520086369106,25.00016873641049,0,540.0
451,0.0451,load_step,foc_svm_key_baseline,94.2477796076938,1.931712534579951,92.31606707311386,0.35,-0.03998011418562124,-0.3800598419694716,0.3821568958008674,0.30854789590194975,7,1,1,1,1,0,0,0.9799667376346559,0.005,0.021899412596720725,25.000168954279708,0,540.0
452,0.045200000000000004,load_step,foc_svm_key_baseline,94.2477796076938,1.929083462102658,92.31869614559115,0.35,-0.03712550617749642,-0.33885875868967,0.3408864349745225,0.2748229638961845,7,1,1,1,1,0,0,0.9799855172357489,0.005,0.017520551185205346,25.00016912835886,0,540.0
453,0.0453,load_step,foc_svm_key_baseline,94.2477796076938,1.9244363594957539,92.32334324819804,0.35,-0.0345169610749384,-0.3011754331389753,0.3031469315831816,0.24403451449419683,7,1,1,1,1,0,0,0.9799993391690855,0.005,0.013943699394596068,25.00016926666833,0,540.0
454,0.0454,load_step,foc_svm_key_baseline,94.2477796076938,1.9179471124365337,92.32983249525726,0.35,-0.032132628258601796,-0.2667101230460006,0.26863878263202856,0.2159284637808842,7,1,1,1,1,0,0,0.9800056194807135,0.005,0.011030453016667002,25.000169375844415,0,540.0
455,0.0455,load_step,foc_svm_key_baseline,94.2477796076938,1.9097763877113312,92.33800321998247,0.35,-0.02995257274383315,-0.2351886203886044,0.23708826156996826,0.19027268785594564,7,1,1,1,1,0,0,0.9800045588462024,0.005,0.008665638226134632,25.000169461371623,0,540.0
456,0.0456,load_step,foc_svm_key_baseline,94.2477796076938,1.90007094855817,92.34770865913563,0.35,-0.027958612765766395,-0.20636007610664087,0.20824544422033509,0.16685512676418032,7,1,1,1,1,0,0,0.979997252605899,0.005,0.006753465731916541,25.00016952777654,0,540.0
457,0.045700000000000005,load_step,foc_svm_key_baseline,94.2477796076938,1.8889648564401125,92.35881475125369,0.35,-0.026134170150305714,-0.17999501017918107,0.18188237555862477,0.14548205198463113,7,1,1,1,1,0,0,0.9799849383396808,0.005,0.005214317158995502,25.000169578789524,0,540.0
458,0.0458,load_step,foc_svm_key_baseline,94.2477796076938,1.876580569046035,92.37119903864776,0.35,-0.38717265424433656,-0.15588349125948422,0.41737552281111345,0.16805100311552879,3,1,1,1,1,0,0,0.9799687670318629,0.005,0.0065582524215742925,25.000169643241524,1,540.0
459,0.0459,load_step,foc_svm_key_baseline,94.2477796076938,1.865547847654007,92.38223176003979,0.35,-0.169573075235133,-0.4551612716662537,0.4857229777038979,0.3811625614322097,5,1,1,1,1,0,0,0.9799497404556171,0.005,0.03347394066139615,25.000169976849975,2,540.0
460,0.046,load_step,foc_svm_key_baseline,94.2477796076938,1.8672694049163323,92.38051020277747,0.35,-0.15585953850769704,-0.40792172287750134,0.43668332661000614,0.34135626484494275,7,1,1,1,1,0,0,0.9799374691516533,0.005,0.035436599246746914,25.00017033008279,1,540.0
461,0.0461,load_step,foc_svm_key_baseline,94.2477796076938,1.8666086650902454,92.38117094260356,0.35,-0.1433216145507078,-0.3647110011443183,0.3918611993462897,0.3049952660224187,7,1,1,1,1,0,0,0.9799572868292966,0.005,0.023095563597228263,25.00017055990289,0,540.0
462,0.046200000000000005,load_step,foc_svm_key_baseline,94.2477796076938,1.8637719913338289,92.38400761635997,0.35,-0.13185784788810656,-0.32518609893324285,0.3509023952456065,0.27178302938866233,7,1,1,1,1,0,0,0.9799771749076605,0.005,0.018624072251296392,25.000170745006546,0,540.0
463,0.0463,load_step,foc_svm_key_baseline,94.2477796076938,1.8589479850987911,92.388831622595,0.35,-0.12137550403337719,-0.2890332149340294,0.3134839905233714,0.2414485202597227,7,1,1,1,1,0,0,0.9799915528728234,0.005,0.014959323663994759,25.000170893461483,0,540.0
464,0.046400000000000004,load_step,foc_svm_key_baseline,94.2477796076938,1.8523090135684577,92.39547059412534,0.35,-0.11178982739910229,-0.25596526527797314,0.27931198065737217,0.21374401264690795,7,1,1,1,1,0,0,0.979998264622599,0.005,0.011963049936854332,25.00017101195269,0,540.0
465,0.0465,load_step,foc_svm_key_baseline,94.2477796076938,1.8440126057887611,92.40376700190504,0.35,-0.10302336101222026,-0.22571960721416995,0.248119233424524,0.1884430856268106,7,1,1,1,1,0,0,0.9799976427529413,0.005,0.009520112298665737,25.000171106013735,0,540.0
466,0.0466,load_step,foc_svm_key_baseline,94.2477796076938,1.8342027287868923,92.41357687890691,0.35,-0.09500532311939122,-0.1980559570398687,0.2196637738453891,0.16533879199543572,7,1,1,1,1,0,0,0.979990803006865,0.005,0.0075346785236871374,25.000171180219812,0,540.0
467,0.046700000000000005,load_step,foc_svm_key_baseline,94.2477796076938,1.823010953996991,92.42476865369682,0.35,-0.08767103611744771,-0.17275448565219978,0.1937274448467819,0.14424198434944535,7,1,1,1,1,0,0,0.9799789766840615,0.005,0.005927028232693936,25.000171238348894,0,540.0
468,0.0468,load_step,foc_svm_key_baseline,94.2477796076938,1.8105575234223577,92.43722208427144,0.35,-0.44366992517988507,-0.14961407652221562,0.4682172299293568,0.14700454952014777,3,1,1,1,1,0,0,0.9799633036321825,0.005,0.007409037117432361,25.000171311297677,1,540.0
469,0.046900000000000004,load_step,foc_svm_key_baseline,94.2477796076938,1.7982703723900357,92.44950923530376,0.35,-0.22146077930161376,-0.44977853245596655,0.5013437992307485,0.3766121772902692,5,1,1,1,1,0,0,0.9799447751292463,0.005,0.04045244609338107,25.000171714680064,2,540.0
470,0.047,load_step,foc_svm_key_baseline,94.2477796076938,1.7997247858482899,92.44805482184552,0.35,-0.022176802358677375,-0.717464286125156,0.7178069464890512,0.5832579788148685,5,1,1,1,1,0,0,0.9799275656122031,0.005,0.03052600050709432,25.000172018795304,0,540.0
471,0.0471,load_step,foc_svm_key_baseline,94.2477796076938,1.8135455823268019,92.434234025367,0.35,-0.021058389848427905,-0.6485353469883848,0.6488771471367697,0.526302611964395,7,1,1,1,1,0,0,0.979948815919563,0.005,0.07210634533750934,25.000172738711967,1,540.0
472,0.0472,load_step,foc_svm_key_baseline,94.2477796076938,1.8239568845312342,92.42382272316257,0.35,-0.02004318532718254,-0.585486727406581,0.585829699867912,0.4742969950601672,7,1,1,1,1,0,0,0.9799213390825493,0.005,0.05063533899608405,25.000173243913764,0,540.0
473,0.0473,load_step,foc_svm_key_baseline,94.2477796076938,1.8312551668562482,92.41652444083755,0.35,-0.019121124551243766,-0.5278173694864301,0.5281636043269915,0.42681274828019244,7,1,1,1,1,0,0,0.9799122319891105,0.005,0.04128805221678533,25.000173655639326,0,540.0
474,0.047400000000000005,load_step,foc_svm_key_baseline,94.2477796076938,1.8357112449902835,92.41206836270352,0.35,-0.01828302490122022,-0.4750689010684194,0.4754205819712629,0.3834585345370383,7,1,1,1,1,0,0,0.9799171076230487,0.005,0.03357326768873705,25.0001739902143,0,540.0
475,0.0475,load_step,foc_svm_key_baseline,94.2477796076938,1.8375724946693848,92.41020711302441,0.35,-0.017520524778920618,-0.4268219994481053,0.42718144622795495,0.3438768567906604,7,1,1,1,1,0,0,0.9799319855075048,0.005,0.027215374387685225,25.00017426120811,0,540.0
476,0.0476,load_step,foc_svm_key_baseline,94.2477796076938,1.837064878599207,92.4107147290946,0.35,-0.01682602404080941,-0.38269306488490473,0.38306278466593935,0.3077411327636155,7,1,1,1,1,0,0,0.9799526459161659,0.005,0.02198452394644287,25.00017447989161,0,540.0
477,0.0477,load_step,foc_svm_key_baseline,94.2477796076938,1.8343947981607787,92.41338480953303,0.35,-0.016192626220668607,-0.3423311774986615,0.3427139276883015,0.2747530228331331,7,1,1,1,1,0,0,0.97997357718697,0.005,0.017689096188188775,25.00017465561937,0,540.0
478,0.0478,load_step,foc_svm_key_baseline,94.2477796076938,1.8297507850645855,92.41802882262921,0.35,-0.015614083076691281,-0.3054153134055046,0.30581418092186047,0.24463998904836246,7,1,1,1,1,0,0,0.9799891183204248,0.005,0.01416939971622686,25.000174796148997,0,540.0
479,0.047900000000000005,load_step,foc_svm_key_baseline,94.2477796076938,1.8233050467967056,92.4244745608971,0.35,-0.015084741825917482,-0.27165179800358147,0.27207030119903425,0.2171530651845684,7,1,1,1,1,0,0,0.9799969507633667,0.005,0.011292405576641261,25.000174907907745,0,540.0
480,0.048,load_step,foc_svm_key_baseline,94.2477796076938,1.8152148784975066,92.4325647291963,0.35,-0.014599495293373262,-0.240771976202538,0.24121419897530236,0.1920648195232043,7,1,1,1,1,0,0,0.9799973569865054,0.005,0.00894734500220668,25.000174996215144,0,540.0
481,0.048100000000000004,load_step,foc_svm_key_baseline,94.2477796076938,1.8056239528166436,92.44215565487715,0.35,-0.014153735097617328,-0.2125300811131702,0.2130008535081121,0.16916749365816547,7,1,1,1,1,0,0,0.9799914505939407,0.005,0.007042029852589874,25.000175065468802,0,540.0
482,0.0482,load_step,foc_svm_key_baseline,94.2477796076938,1.7946634982878231,92.45311610940598,0.35,-0.01374330791296828,-0.18670128428921617,0.18720643169408838,0.14827130209174189,7,1,1,1,1,0,0,0.9799804719390859,0.005,0.0054997774659995965,25.000175119299474,0,540.0
483,0.0483,load_step,foc_svm_key_baseline,94.2477796076938,1.78245337585419,92.46532623183961,0.35,-0.013364474786825698,-0.16307991205437575,0.16362660817235877,0.12920287871410138,7,1,1,1,1,0,0,0.9799655713924726,0.005,0.004256840966363778,25.000175160700422,0,540.0
484,0.048400000000000006,load_step,foc_svm_key_baseline,94.2477796076938,1.7691030623422452,92.47867654535156,0.35,-0.013013873444337297,-0.1414778137658113,0.14207509524888173,0.11180385747083782,7,1,1,1,1,0,0,0.9799477498656493,0.005,0.003260262243225215,25.000175192135305,0,540.0
485,0.0485,load_step,foc_svm_key_baseline,94.2477796076938,1.7547125489217847,92.49306705877201,0.35,-0.37539700508223395,-0.12172286907111683,0.394638275233935,0.07603149840723508,3,1,1,1,1,0,0,0.9799278517639199,0.005,0.004493424054451358,25.000175235901597,1,540.0
486,0.048600000000000004,load_step,foc_svm_key_baseline,94.2477796076938,1.738182382958563,92.50959722473523,0.35,-0.15902394216679738,-0.4249854225739246,0.4537634004441149,0.33047770830760964,5,1,1,1,1,0,0,0.9799065760406915,0.005,0.030659422287368326,25.000175541327582,2,540.0
487,0.0487,load_step,foc_svm_key_baseline,94.2477796076938,1.7368805455984022,92.5108990620954,0.35,-0.14642905440993573,-0.3813930136309849,0.4085365330321299,0.2957494560198859,7,1,1,1,1,0,0,0.9798781529426426,0.005,0.031518650251680685,25.00017585534381,1,540.0
488,0.0488,load_step,foc_svm_key_baseline,94.2477796076938,1.7335005335169162,92.51427907417688,0.35,-0.31626656182345214,-0.6556337722262991,0.7279286925319775,0.5027558842818639,1,1,1,1,1,0,0,0.9799087145058055,0.005,0.0319948570410591,25.00017617412001,2,540.0
489,0.0489,load_step,foc_svm_key_baseline,94.2477796076938,1.742508857208673,92.50527075048512,0.35,-0.10910468970637785,-0.9068178917208268,0.9133578280503925,0.721433762583374,5,1,1,1,1,0,0,0.9799314142105701,0.005,0.07465896518102076,25.000176919535168,1,540.0
490,0.049,load_step,foc_svm_key_baseline,94.2477796076938,1.7646030301807132,92.48317657751309,0.35,0.26192227105005944,-0.8227922897679915,0.8634757832004759,0.689411337309503,4,1,1,1,1,0,0,0.9799245502093293,0.005,0.11360592919743596,25.000178054414995,1,540.0
491,0.049100000000000005,load_step,foc_svm_key_baseline,94.2477796076938,1.784779158179018,92.46300044951478,0.35,0.2306364763616397,-0.7459314615285115,0.7807732894551238,0.6231288200909264,0,1,1,1,1,0,0,0.9798651359184417,0.005,0.10164954320885067,25.000179069723398,1,540.0
492,0.0492,load_step,foc_svm_key_baseline,94.2477796076938,1.800987130376328,92.44679247731747,0.35,0.20200469925087217,-0.6756315331538563,0.7051835697967344,0.5625214476445105,0,1,1,1,1,0,0,0.9798229157948095,0.005,0.07314082192299916,25.00017979993782,0,540.0
493,0.049300000000000004,load_step,foc_svm_key_baseline,94.2477796076938,1.8135668745597804,92.43421273313402,0.35,0.17580157324882636,-0.6113329348699371,0.6361085995437047,0.5071047831582545,0,1,1,1,1,0,0,0.979803982853119,0.005,0.059677886811234426,25.00018039551802,0,540.0
494,0.0494,load_step,foc_svm_key_baseline,94.2477796076938,1.822829301801695,92.42495030589211,0.35,0.15182098306919273,-0.552523773053878,0.5730027318344908,0.4564357184582769,0,1,1,1,1,0,0,0.9798032256771811,0.005,0.0485734387495124,25.00018088004977,0,540.0
495,0.0495,load_step,foc_svm_key_baseline,94.2477796076938,1.829058781956672,92.41872082573713,0.35,0.1298743984356343,-0.49873577696032767,0.5153685424909437,0.4101089481577384,0,1,1,1,1,0,0,0.979816327741781,0.005,0.03942877794565271,25.00018127313168,0,540.0
496,0.049600000000000005,load_step,foc_svm_key_baseline,94.2477796076938,1.8325154079677433,92.41526419972605,0.35,0.10978935581723531,-0.44954058854261364,0.4627531127912625,0.36775374540456396,0,1,1,1,1,0,0,0.9798395208405842,0.005,0.03191145023457178,25.000181591037695,0,540.0
497,0.0497,load_step,foc_svm_key_baseline,94.2477796076938,1.8334370670466607,92.41434254064714,0.35,0.09140807433692202,-0.4045463665792091,0.41474473928722,0.3290310131161605,0,1,1,1,1,0,0,0.9798691799910612,0.005,0.025744335232846433,25.00018184727044,0,540.0
498,0.049800000000000004,load_step,foc_svm_key_baseline,94.2477796076938,1.8320413352293787,92.41573827246442,0.35,0.07458619348806204,-0.36339467868943515,0.3709700698962606,0.29363058694345623,0,1,1,1,1,0,0,0.979900971471491,0.005,0.02069652389576574,25.000182053023362,0,540.0
499,0.0499,load_step,foc_svm_key_baseline,94.2477796076938,1.8285272103847736,92.41925239730902,0.35,0.059191621514057255,-0.32575765700727605,0.3310916778723584,0.26126876832372825,0,1,1,1,1,0,0,0.9799291168209883,0.005,0.016575692711889713,25.000182217566604,0,540.0
500,0.05,load_step,foc_svm_key_baseline,94.2477796076938,1.8230766974584227,92.42470291023538,0.35,0.045103484393015474,-0.2913353952923626,0.2948061004364532,0.23168606789161672,0,1,1,1,1,0,0,0.9799491563938523,0.005,0.013221729612350604,25.000182348569115,0,540.0
501,0.050100000000000006,load_step,foc_svm_key_baseline,94.2477796076938,1.8158562585514588,92.43192334914234,0.35,0.03221116634061851,-0.25985356710554525,0.26184238689429007,0.2046451412453053,0,1,1,1,1,0,0,0.9799602028920679,0.005,0.010501406701074386,25.000182452367525,0,540.0
502,0.0502,load_step,foc_svm_key_baseline,94.2477796076938,1.807018139356169,92.44076146833763,0.35,0.020413433612921316,-0.2310612463751869,0.23196122056999952,0.17992890063093855,0,1,1,1,1,0,0,0.9799631643022515,0.005,0.00830392840336148,25.00018253419046,0,540.0
503,0.050300000000000004,load_step,foc_svm_key_baseline,94.2477796076938,1.7967015824854757,92.45107802520832,0.35,0.009617634169060302,-0.2047289132407996,0.20495469451507745,0.15733878753068622,0,1,1,1,1,0,0,0.9799593984312258,0.005,0.006537211651228363,25.000182598345685,0,540.0
504,0.0504,load_step,foc_svm_key_baseline,94.2477796076938,1.785033937334095,92.46274567035971,0.35,-0.18161529434934293,-0.4947614233709271,0.5270417262396064,0.3356437839212537,1,1,1,1,1,0,0,0.9799502569283215,0.005,0.00804732790146056,25.000182677601643,1,540.0
505,0.0505,load_step,foc_svm_key_baseline,94.2477796076938,1.7840376585201527,92.46374194917365,0.35,0.19565867520711233,-0.44627880379309126,0.4872854275461095,0.3822178912010735,4,1,1,1,1,0,0,0.97993695073845,0.005,0.0489025529783672,25.00018316540932,2,540.0
506,0.0506,load_step,foc_svm_key_baseline,94.2477796076938,1.785828633390523,92.46195097430328,0.35,0.17009578828200303,-0.40193153278325683,0.43644190247589,0.3422125574987176,0,1,1,1,1,0,0,0.9799565124090606,0.005,0.03536054178272473,25.000183517793637,1,540.0
507,0.0507,load_step,foc_svm_key_baseline,94.2477796076938,1.7852253946778878,92.4625542130159,0.35,0.1467067820555441,-0.36137253927365204,0.39001665610865915,0.30565064998490893,0,1,1,1,1,0,0,0.9799731315936384,0.005,0.022848407845321887,25.000183745054265,0,540.0
508,0.050800000000000005,load_step,foc_svm_key_baseline,94.2477796076938,1.782434194453435,92.46534541324037,0.35,0.12530705193953798,-0.3242784632066158,0.34764691709466167,0.2722371314524472,0,1,1,1,1,0,0,0.9799905097802148,0.005,0.01825511341019073,25.000183926380434,0,540.0
509,0.0509,load_step,foc_svm_key_baseline,94.2477796076938,1.777643612758773,92.47013599493502,0.35,0.10572769941449461,-0.29035352493228944,0.30900407095067106,0.24170222459719748,0,1,1,1,1,0,0,0.9800029253632161,0.005,0.014514260571278467,25.000184070296864,0,540.0
510,0.051000000000000004,load_step,foc_svm_key_baseline,94.2477796076938,1.7710260706153096,92.4767535370785,0.35,0.08781418875399237,-0.2593271769342945,0.273791739180043,0.2137992512758485,0,1,1,1,1,0,0,0.9800080224553351,0.005,0.011477916603467113,25.000184183848894,0,540.0
511,0.0511,load_step,foc_svm_key_baseline,94.2477796076938,1.762739213610098,92.4850403940837,0.35,0.07142511989323452,-0.23095195476730415,0.24174439634167702,0.18830265648038652,0,1,1,1,1,0,0,0.980006019495181,0.005,0.009023046089466089,25.000184272851463,0,540.0
