k,t_s,scenario,controller,omega_ref_rad_s,omega_m_rad_s,speed_error_rad_s,load_torque_nm,i_s_alpha_a,i_s_beta_a,i_abs_a,torque_nm,vector_id,feedback_used,feedback_requested,accepted,pwm_enabled,fallback,fault_latched,confidence,predicted_risk,loss_w,tj_c,switch_events,vdc_v
0,0.0,load_step,dtc_hysteresis_baseline,0.0,0.0,0.0,0.0,-0.18135426080153716,-0.3141147938773592,0.36270852160307426,0.0,1,1,1,1,1,0,0,0.8935973471085157,0.0,0.0,25.0,1,540.0
1,0.0001,load_step,dtc_hysteresis_baseline,0.9239978392911157,0.0,0.9239978392911157,0.0,0.019440172057110967,0.033671365710796985,0.03888034411422194,-3.049318610115481e-20,6,1,1,1,1,0,0,0.919086534013519,0.0,0.031229907551456635,25.000000312299075,3,540.0
2,0.0002,load_step,dtc_hysteresis_baseline,1.8479956785822313,-1.824831782209831e-21,1.8479956785822313,0.0,0.19497275482202703,0.33770271744342073,0.38994550964405417,0.0,6,1,1,1,1,0,0,0.9386052230201811,0.0,0.00018134989372064355,25.000000314110494,0,540.0
3,0.00030000000000000003,load_step,dtc_hysteresis_baseline,2.771993517873347,-1.8246915779167058e-21,2.771993517873347,0.0,-0.006986400700818995,-0.012100800975853218,0.01397280140163791,5.336307567702092e-20,1,1,1,1,1,0,0,0.9535817637290527,0.0,0.03484638864095825,25.000000662572287,3,540.0
4,0.0004,load_step,dtc_hysteresis_baseline,3.6959913571644627,1.3689042344715388e-21,3.6959913571644627,0.0,-0.18358408289410558,-0.31797695903352713,0.36716816578821104,0.0,1,1,1,1,1,0,0,0.9648970039893109,0.0,2.3451553855829715e-05,25.000000662802385,0,540.0
5,0.0005,load_step,dtc_hysteresis_baseline,4.619989196455578,1.3687990597083515e-21,4.619989196455578,0.0,0.017401075270033938,0.03013954647402923,0.03480215054006799,-4.472333961502706e-19,6,1,1,1,1,0,0,0.9735500148737484,0.0,0.03180986763706189,25.000000980896644,3,540.0
6,0.0006000000000000001,load_step,dtc_hysteresis_baseline,5.543987035746694,-2.5395505579384976e-20,5.543987035746694,0.0,0.1931080698568864,0.3344729883436873,0.38621613971377283,-2.6020852139652106e-18,6,1,1,1,1,0,0,0.9800155376673387,0.0,0.00014531368909003866,25.00000098234324,0,540.0
7,0.0007,load_step,dtc_hysteresis_baseline,6.467984875037811,-1.811125331569271e-19,6.467984875037811,0.0,0.35401692963174464,0.6131753088617178,0.7080338592634894,1.0408340855860843e-17,6,1,1,0,1,1,0,0.9801698260980334,0.0,0.017937555202368033,25.000001161712245,0,540.0
8,0.0008,load_step,dtc_hysteresis_baseline,7.391982714328925,4.41777296958161e-19,7.391982714328925,0.0,-0.04266950590402327,0.5543238355950901,0.5559636691753752,0.004558819156866813,3,1,1,1,1,0,0,0.9801598288530186,0.0,0.0803498139062376,25.00000196520264,2,540.0
9,0.0009000000000000001,load_step,dtc_hysteresis_baseline,8.315980553620042,0.0002728176078157522,8.315707736012227,0.0,-0.2162207401847031,0.18638154868306916,0.2854636407242088,0.006053141424223707,1,1,1,1,1,0,0,0.9801394033342654,0.0,0.045063286561907334,25.000002415822404,1,540.0
10,0.001,load_step,dtc_hysteresis_baseline,9.239978392911157,0.0006350403565464474,9.239343352554611,0.0,-0.37515822328431847,-0.15050811546019663,0.40422318750564823,0.00923870909618239,1,1,1,1,1,0,0,0.980127654266042,0.0,0.00980672355305155,25.000002513873536,0,540.0
11,0.0011,load_step,dtc_hysteresis_baseline,10.163976232202273,0.0011878721313586674,10.162788360070914,0.0,0.02749541026350991,-0.13767318901119283,0.14039196756962397,-7.345586946000873e-05,4,1,1,1,1,0,0,0.9801276155499066,0.0,0.031087776227324233,25.00000282473454,2,540.0
12,0.0012000000000000001,load_step,dtc_hysteresis_baseline,11.087974071493388,0.0011833849783789954,11.086790686515009,0.0,0.38369870844470366,-0.11872305325667594,0.4016464393427648,-0.0074304838890185895,4,1,1,1,1,0,0,0.9801230914848558,0.0,0.0023645101184859834,25.00000284836081,0,540.0
13,0.0013000000000000002,load_step,dtc_hysteresis_baseline,12.011971910784503,0.0007386247756919494,12.01123328600881,0.0,0.16167429690002869,0.20551740471756585,0.2614880148686788,-0.0022878421472161807,2,1,1,1,1,0,0,0.9801292067076162,0.0,0.030767610881675025,25.000003156017932,2,540.0
14,0.0014,load_step,dtc_hysteresis_baseline,12.935969750075621,0.0006016545842742935,12.935368095491347,0.0,-0.218796630570492,0.1811056261319223,0.2840267828315421,0.0059131798337957,3,1,1,1,1,0,0,0.980124605877057,0.0,0.011936436790086597,25.00000327536126,1,540.0
15,0.0015,load_step,dtc_hysteresis_baseline,13.859967589366736,0.0009554762178286714,13.859012113148907,0.0,-0.3775192095134887,-0.155342504987686,0.40823038520857147,0.009134631932910487,1,1,1,1,1,0,0,0.9801260136176937,0.0,0.013730469293683191,25.000003412644116,1,540.0
16,0.0016,load_step,dtc_hysteresis_baseline,14.78396542865785,0.0015020549877129113,14.782463373670138,0.0,0.025330949836760645,-0.14210380550103954,0.1443438552814416,7.084820352561095e-05,4,1,1,1,1,0,0,0.980126278587779,0.0,0.031593109186789155,25.000003728552457,2,540.0
17,0.0017000000000000001,load_step,dtc_hysteresis_baseline,15.707963267948966,0.001506179417004124,15.70645708853196,0.0,0.3817139660555358,-0.12278442631196973,0.4009757688771309,-0.007042724391715573,4,1,1,1,1,0,0,0.9801218126686871,0.0,0.0024998305358136,25.000003753525906,0,540.0
18,0.0018000000000000002,load_step,dtc_hysteresis_baseline,16.631961107240084,0.0010845994618260057,16.630876507778257,0.0,0.15985390290326837,0.20179369729520227,0.2574373060406655,-0.002240027703929169,2,1,1,1,1,0,0,0.9801279735674354,0.0,0.030683469814146526,25.00000406033558,2,540.0
19,0.0019,load_step,dtc_hysteresis_baseline,17.5559589465312,0.0009504640924127843,17.555008482438787,0.0,-0.2204667307353644,0.17769070591841518,0.28315996597493154,0.0056456819812204006,3,1,1,1,1,0,0,0.9801235943976025,0.0,0.011625556234120114,25.000004176564072,1,540.0
20,0.002,load_step,dtc_hysteresis_baseline,18.479956785822313,0.0012882508064360264,18.478668535015878,0.0,-0.37905186732536444,-0.1584750453986063,0.41084627068641627,0.008906461884377026,1,1,1,1,1,0,0,0.9801253038488371,0.0,0.013658787468257865,25.000004313124105,1,540.0
21,0.0021000000000000003,load_step,dtc_hysteresis_baseline,19.40395462511343,0.0018211494187230248,19.402133475694704,0.0,0.02392398144956081,-0.14497811300234484,0.1469387972528685,0.00022289618538327572,4,1,1,1,1,0,0,0.9801257164375601,0.0,0.03192557789545966,25.00000463235113,2,540.0
22,0.0022,load_step,dtc_hysteresis_baseline,20.327952464404547,0.0018343484787833539,20.326118115925762,0.0,0.3804219379809002,-0.12542258181250213,0.40056419576100116,-0.006541987399737454,4,1,1,1,1,0,0,0.9801212482943362,0.0,0.002590875169160275,25.000004658229,0,540.0
23,0.0023,load_step,dtc_hysteresis_baseline,21.25195030369566,0.0014427093743004204,21.250507594321363,0.0,0.15866698616990305,0.19937149981853622,0.25480229088478146,-0.0021821834808238207,2,1,1,1,1,0,0,0.9801273979691677,0.0,0.030631767348070948,25.000004964515618,2,540.0
24,0.0024000000000000002,load_step,dtc_hysteresis_baseline,22.175948142986776,0.0013120081158644271,22.174636134870912,0.0,-0.22155752380192556,0.17546599810266866,0.2826235178526489,0.005296956018722161,3,1,1,1,1,0,0,0.980123134980391,0.0,0.011425084926603398,25.00000507873337,1,540.0
25,0.0025,load_step,dtc_hysteresis_baseline,23.09994598227789,0.001628897923454164,23.098317084354438,0.0,-0.38005475477641826,-0.16051915128727112,0.41256274014766436,0.008599234431228613,1,1,1,1,1,0,0,0.9801250108903526,0.0,0.013614450796825994,25.00000521484402,1,540.0
26,0.0026000000000000003,load_step,dtc_hysteresis_baseline,24.023943821569006,0.002143384668308849,24.021800436900698,0.0,0.023001483662956755,-0.14685705835609816,0.14864744814393446,0.00037962864547206785,4,1,1,1,1,0,0,0.9801254987841413,0.0,0.032145128075097285,25.000005536260534,2,540.0
27,0.0027,load_step,dtc_hysteresis_baseline,24.947941660860124,0.0021659384553643296,24.94577572240476,0.0,0.37957295526926643,-0.12715048666513315,0.4003034781650351,-0.005969763512355487,4,1,1,1,1,0,0,0.9801210124741503,0.0,0.0026518528061195584,25.000005562742153,0,540.0
28,0.0028,load_step,dtc_hysteresis_baseline,25.871939500151242,0.0018085179947753833,25.870130982156468,0.0,0.15788523280527803,0.19778172140365272,0.25307183972020464,-0.0021180896204839364,2,1,1,1,1,0,0,0.9801271343554876,0.0,0.03059892654837608,25.000005868694334,2,540.0
29,0.0029000000000000002,load_step,dtc_hysteresis_baseline,26.795937339442354,0.0016816242586036546,26.79425571518375,0.0,-0.2222777952637441,0.17400253497327242,0.2822840775609489,0.004896663451077057,3,1,1,1,1,0,0,0.9801229360391623,0.0,0.01129398961147169,25.000005981595105,1,540.0
30,0.003,load_step,dtc_hysteresis_baseline,27.719935178733472,0.0019745305917874345,27.717960648141684,0.0,-0.38071879931817076,-0.1618670990732999,0.41370008691886334,0.008241793018968237,1,1,1,1,1,0,0,0.9801249058140167,0.0,0.013586372276033975,25.000006117418952,1,540.0
31,0.0031000000000000003,load_step,dtc_hysteresis_baseline,28.643933018024583,0.0024676000860233195,28.64146541793856,0.0,0.02238885965859704,-0.14809936507501636,0.14978211833338229,0.0005391302317554936,4,1,1,1,1,0,0,0.9801254344828604,0.0,0.03229148213417539,25.00000644029299,2,540.0
32,0.0032,load_step,dtc_hysteresis_baseline,29.5679308573157,0.0024996741633007487,29.565431183152402,0.0,0.37900735498757077,-0.12829618141725593,0.4001330844868041,-0.005352546821578402,4,1,1,1,1,0,0,0.9801209296488013,0.0,0.0026928756923074136,25.00000646717881,0,540.0
33,0.0033,load_step,dtc_hysteresis_baseline,30.49192869660682,0.002179164727462423,30.489749531879358,0.0,0.15736263640667827,0.19672438003500564,0.2519195924040402,-0.002050129217041034,2,1,1,1,1,0,0,0.9801270218580896,0.0,0.030577369444514772,25.00000677290939,2,540.0
34,0.0034000000000000002,load_step,dtc_hysteresis_baseline,31.41592653589793,0.002056309530931455,31.413870226367,0.0,-0.22276106313796484,0.17302599311491237,0.2820646832621164,0.004463802623504549,3,1,1,1,1,0,0,0.9801228618852713,0.0,0.011206756009691973,25.0000068849318,1,540.0
35,0.0035,load_step,dtc_hysteresis_baseline,32.33992437518905,0.0023232829879074384,32.33760109220114,0.0,-0.38116609877529417,-0.1627697482446569,0.41446542171718775,0.007852610202545515,1,1,1,1,1,0,0,0.9801248853631525,0.0,0.013568181777053035,25.00000702056772,1,540.0
36,0.0036000000000000003,load_step,dtc_hysteresis_baseline,33.26392221448017,0.0027930354617879145,33.26112917901838,0.0,0.021974455027410536,-0.14893443570313314,0.1505468126928046,0.0007002024578172836,4,1,1,1,1,0,0,0.9801254376567521,0.0,0.032390611701560816,25.000007344427033,2,540.0
37,0.0037,load_step,dtc_hysteresis_baseline,34.18792005377128,0.0028347237287971315,34.18508533004248,0.0,0.3786230329231263,-0.1290694469840813,0.40001790360518036,-0.00470725471857792,4,1,1,1,1,0,0,0.9801209183756043,0.0,0.002720833285571895,25.000007371586403,0,540.0
38,0.0038,load_step,dtc_hysteresis_baseline,35.1119178930624,0.0025528053594802494,35.10936508770292,0.0,0.15700582609088254,0.1960076381121526,0.251137061432169,-0.001979804311581874,2,1,1,1,1,0,0,0.9801269836484284,0.0,0.03056270590697984,25.00000767716432,2,540.0
39,0.0039000000000000003,load_step,dtc_hysteresis_baseline,36.03591573235351,0.002434129973633638,36.03348160237987,0.0,-0.22309271200476083,0.17236094349546116,0.2819195860387935,0.004010541549507389,3,1,1,1,1,0,0,0.9801228477763605,0.0,0.011147367711094858,25.000007788586814,1,540.0
40,0.004,load_step,dtc_hysteresis_baseline,36.95991357164463,0.0026739494828123605,36.957239622161815,0.0,-0.38147473453328773,-0.16338752274905705,0.41499211519897095,0.007443516095234748,1,1,1,1,1,0,0,0.9801249022230262,0.0,0.013556103471536796,25.000007924095925,1,540.0
41,0.0041,load_step,dtc_hysteresis_baseline,37.883911410935745,0.003119193219580444,37.88079221771616,0.0,0.021686866929977764,-0.14950897256063808,0.15107366770346245,0.0008620958508566418,4,1,1,1,1,0,0,0.9801254691838126,0.0,0.03245936035032976,25.0000082486367,2,540.0
42,0.004200000000000001,load_step,dtc_hysteresis_baseline,38.80790925022686,0.0031705447626705747,38.80473870546419,0.0,0.3783546935692421,-0.12960443773410862,0.39993697556771307,-0.0040446889473794,4,1,1,1,1,0,0,0.9801209399733943,0.0,0.0027403062912788718,25.000008275984772,0,540.0
43,0.0043,load_step,dtc_hysteresis_baseline,39.731907089517975,0.002928251124615751,39.72897883839336,0.0,0.15675509129880982,0.1955088159434368,0.2505910129268463,-0.0019080613936535082,2,1,1,1,1,0,0,0.9801269819257666,0.0,0.030552317463303422,25.000008581452775,2,540.0
44,0.0044,load_step,dtc_hysteresis_baseline,40.65590492880909,0.0028138402701871007,40.65309108853891,0.0,-0.2233273451969809,0.17189519963570546,0.2818209764558531,0.003544673077765663,3,1,1,1,1,0,0,0.980122861910886,0.0,0.011105706664971893,25.00000869245263,1,540.0
45,0.0045000000000000005,load_step,dtc_hysteresis_baseline,41.579902768100204,0.0030257512102695506,41.57687701688994,0.0,-0.38169463954569877,-0.16382301337529534,0.41536583582341374,0.007022086427782383,1,1,1,1,1,0,0,0.9801249342940316,0.0,0.013547846528908489,25.000008827873145,1,540.0
46,0.0046,load_step,dtc_hysteresis_baseline,42.50390060739132,0.0034457479144325027,42.50045485947689,0.0,0.02148043332926633,-0.14991679151075288,0.1514478570099016,0.0010243420727643108,4,1,1,1,1,0,0,0.9801255109430786,0.0,0.032508596981467255,25.00000915290026,2,540.0
47,0.0047,load_step,dtc_hysteresis_baseline,43.427898446682434,0.0035067838177688195,43.424391662864664,0.0,0.3781605805145921,-0.12998694516541318,0.3998775194588581,-0.00337174581572829,4,1,1,1,1,0,0,0.9801209755625993,0.0,0.002754296897093842,25.00000918038221,0,540.0
48,0.0048000000000000004,load_step,dtc_hysteresis_baseline,44.35189628597355,0.0033047359007851457,44.34859155007277,0.0,0.15657224718057852,0.19514946004102957,0.25019628362843754,-0.0018354967039998665,2,1,1,1,1,0,0,0.9801269974719442,0.0,0.030544608465297374,25.000009485767094,2,540.0
49,0.0049,load_step,dtc_hysteresis_baseline,45.27589412526467,0.0031946386759870216,45.272699486588685,0.0,-0.22349988150421413,0.1715570184151955,0.28175167719094324,0.0030711875691693097,3,1,1,1,1,0,0,0.9801228881618285,0.0,0.011075354374740392,25.0000095964574,1,540.0
50,0.005,load_step,dtc_hysteresis_baseline,46.19989196455578,0.0033781851300299704,46.19651377942575,0.0,-0.3818577459047437,-0.1641418268380542,0.41564152514538966,0.006593172082309695,1,1,1,1,1,0,0,0.9801249710211944,0.0,0.013541997819350945,25.0000097318134,1,540.0
51,0.0051,load_step,dtc_hysteresis_baseline,47.1238898038469,0.0037724868405447374,47.120117317006354,0.0,0.021325953373934288,-0.150217887737759,0.1517241249231683,0.0011866487379082811,4,1,1,1,1,0,0,0.9801255543792109,0.0,0.03254531308103486,25.000010057201653,2,540.0
52,0.005200000000000001,load_step,dtc_hysteresis_baseline,48.04788764313801,0.0038432107071326867,48.04404443243088,0.0,0.37801399054530643,-0.1302718329118905,0.39983162393463895,-0.002692827626888237,4,1,1,1,1,0,0,0.9801210156486844,0.0,0.0027647556145163434,25.00001008478216,0,540.0
53,0.0053,load_step,dtc_hysteresis_baseline,48.97188548242914,0.0036817660676315674,48.96820371636151,0.0,0.15643287452649648,0.19487939940017787,0.2498984284528349,-0.0017624857047099426,2,1,1,1,1,0,0,0.9801270201805425,0.0,0.030538591730673362,25.000010390100847,2,540.0
54,0.0054,load_step,dtc_hysteresis_baseline,49.89588332172025,0.003576009139478927,49.89230731258077,0.0,-0.22363265149864245,0.17130052008288751,0.28170096023439645,0.0025932802804763655,3,1,1,1,1,0,0,0.9801229180789623,0.0,0.011052228168698226,25.000010500553863,1,540.0
55,0.0055000000000000005,load_step,dtc_hysteresis_baseline,50.81988116101136,0.0037309264468771194,50.81615023456448,0.0,-0.38198447419713866,-0.1643859186807881,0.41585438411563147,0.0061598787409220465,1,1,1,1,1,0,0,0.980125007238057,0.0,0.013537675616367081,25.000010635860615,1,540.0
56,0.0056,load_step,dtc_hysteresis_baseline,51.743879000302485,0.004099271083845811,51.73977972921864,0.0,0.021204753098254207,-0.15045062823290817,0.15193759603743462,0.0013488335371612597,4,1,1,1,1,0,0,0.9801255953689976,0.0,0.032573997039289426,25.00001096152968,2,540.0
57,0.0057,load_step,dtc_hysteresis_baseline,52.667876839593596,0.00417967561727101,52.66369716397632,0.0,0.3778978469273124,-0.13049418635764606,0.3997943413624591,-0.002010744016015698,4,1,1,1,1,0,0,0.9801210553085479,0.0,0.0027729428434809496,25.00001098918603,0,540.0
58,0.0058000000000000005,load_step,dtc_hysteresis_baseline,53.59187467888471,0.004059023683593371,53.58781565520111,0.0,0.15632135721627402,0.19466654955546817,0.24966263684774598,-0.0016892647141729129,2,1,1,1,1,0,0,0.9801270445621552,0.0,0.03053365016721845,25.00001129444927,2,540.0
59,0.0059,load_step,dtc_hysteresis_baseline,54.51587251817583,0.003957619601310333,54.511914898574524,0.0,-0.223739935622729,0.1710963644137674,0.2816620753812476,0.002112996642684293,3,1,1,1,1,0,0,0.9801229470950056,0.0,0.011033726590043208,25.000011404711238,1,540.0
60,0.006,load_step,dtc_hysteresis_baseline,55.439870357466944,0.004083765533579567,55.435786591933365,0.0,-0.38208788343508604,-0.16458211961265082,0.41602695196837525,0.005724194335202922,1,1,1,1,1,0,0,0.9801250403519386,0.0,0.013534325519198202,25.000011539978463,1,540.0
61,0.0061,load_step,dtc_hysteresis_baseline,56.363868196758055,0.0044260099988284035,56.359442186759225,0.0,0.021104890448651954,-0.15063954883955843,0.15211078224582014,0.0015107829955159984,4,1,1,1,1,0,0,0.9801256318852309,0.0,0.03259752668616977,25.000011865876797,2,540.0
62,0.006200000000000001,load_step,dtc_hysteresis_baseline,57.28786603604917,0.0045160811188516585,57.283349954930316,0.0,0.3778012290312019,-0.13067644277021478,0.39976255621626683,-0.0013272875421046172,4,1,1,1,1,0,0,0.980121091915287,0.0,0.0027796702824263077,25.000011893594394,0,540.0
63,0.0063,load_step,dtc_hysteresis_baseline,58.21186387534029,0.004436304053067457,58.207427571287226,0.0,0.15622770867801483,0.19449039231595588,0.24946665040040342,-0.001615982372150171,2,1,1,1,1,0,0,0.9801270675491444,0.0,0.030529395346040145,25.000012198809056,2,540.0
64,0.0064,load_step,dtc_hysteresis_baseline,59.1358617146314,0.004339256486419226,59.131522458144985,0.0,-0.22383086628659932,0.17092578814846401,0.2816307542808191,0.0016316455903235818,3,1,1,1,1,0,0,0.9801229726745312,0.0,0.011018190123442757,25.000012308909632,1,540.0
65,0.006500000000000001,load_step,dtc_hysteresis_baseline,60.059859553922514,0.00443656716325757,60.055422986759254,0.0,-0.019467803324869238,-0.16474758806687748,0.165893830928547,0.0011276801964388667,5,1,1,1,1,0,0,0.9801250690325468,0.0,0.01751978914097283,25.000012484025465,2,540.0
66,0.0066,load_step,dtc_hysteresis_baseline,60.98385739321364,0.004503711098992489,60.97935368211465,0.0,0.1676570762681419,-0.45770212793194726,0.48744244084426436,0.0012385930419447225,5,1,1,1,1,0,0,0.980125662915653,0.0,0.0033068040095063033,25.00001251701028,0,540.0
67,0.0067,load_step,dtc_hysteresis_baseline,61.90785523250475,0.004577487335394649,61.903277745169355,0.0,0.3306892152411819,-0.09776916917618983,0.34483933580470655,0.000157804254595341,6,1,1,1,1,0,0,0.9801304488633958,0.0,0.04236985567817708,25.00001294062539,2,540.0
68,0.0068000000000000005,load_step,dtc_hysteresis_baseline,62.83185307179586,0.004586579266003102,62.82726649252986,0.0,0.11313427951316096,0.2245830862534419,0.25146953658859544,0.0008419004336771086,2,1,1,1,1,0,0,0.9801225988946415,0.0,0.019183163328146523,25.00001313237075,1,540.0
69,0.006900000000000001,load_step,dtc_hysteresis_baseline,63.75585091108699,0.0046366094949141035,63.75121430159207,0.0,-0.2632494283363921,0.1984446469688353,0.32966731629026086,0.0016934400684131996,3,1,1,1,1,0,0,0.980121221586375,0.0,0.011166609396355213,25.000013243949294,1,540.0
70,0.007,load_step,dtc_hysteresis_baseline,64.6798487503781,0.00473759534950706,64.67511115502859,0.0,-0.05552581559672098,-0.13958241215671013,0.15022105704982494,0.0002895819374067541,5,1,1,1,1,0,0,0.9801235124977924,0.0,0.02240514238522716,25.000013467912424,2,540.0
71,0.0071,load_step,dtc_hysteresis_baseline,65.60384658966922,0.004754561071876401,65.59909202859734,0.0,0.13467218038491718,-0.4346893126262423,0.4550729553391441,-0.00022220981274939395,5,1,1,1,1,0,0,0.9801225533414583,0.0,0.0027126022562207314,25.00001349494866,0,540.0
72,0.007200000000000001,load_step,dtc_hysteresis_baseline,66.52784442896034,0.004740897866317092,66.52310353109402,0.0,0.30051458634601586,-0.07672461280162658,0.3101542887278468,0.0010926077817963956,6,1,1,1,1,0,0,0.9801283964701745,0.0,0.03779114761819258,25.00001387277017,2,540.0
73,0.0073,load_step,dtc_hysteresis_baseline,67.45184226825144,0.004805919549145028,67.4470363487023,0.0,0.08552955020750991,0.2438277378192782,0.25839363322025877,0.002201735404639628,2,1,1,1,1,0,0,0.9801220616166596,0.0,0.01596357183700678,25.000014032313405,1,540.0
74,0.0074,load_step,dtc_hysteresis_baseline,68.37584010754256,0.004937310780732208,68.37090279676183,0.0,-0.28850406507098403,0.21604334738093592,0.36042935994455605,0.001546621267558436,3,1,1,1,1,0,0,0.9801220514795772,0.0,0.011687519613740552,25.00001414909505,1,540.0
75,0.007500000000000001,load_step,dtc_hysteresis_baseline,69.29983794683368,0.0050294873195014566,69.29480845951417,0.0,-0.07863136509016165,-0.12348887757934185,0.14639806850415743,-0.00021393124168766835,5,1,1,1,1,0,0,0.9801239450800481,0.0,0.025824862458681593,25.00001440724935,2,540.0
76,0.0076,load_step,dtc_hysteresis_baseline,70.2238357861248,0.005016298413129154,70.21881948771167,0.0,0.11353190556637317,-0.41997219893909493,0.4350472864681156,-0.0009332421204563653,5,1,1,1,1,0,0,0.980121778733293,0.0,0.0025767104407577795,25.000014432920405,0,540.0
77,0.0077,load_step,dtc_hysteresis_baseline,71.14783362541591,0.004960064137568115,71.14287356127835,0.0,0.2811714947690095,-0.06326618777732475,0.2882013532003534,0.001689038402396573,6,1,1,1,1,0,0,0.9801278811261626,0.0,0.03508406210684204,25.000014783664806,2,540.0
78,0.0078000000000000005,load_step,dtc_hysteresis_baseline,72.07183146470702,0.005060761727755642,72.06677070297926,0.0,0.0678299272673272,0.2561351356957688,0.26496435000011,0.002872258428561718,2,1,1,1,1,0,0,0.9801223669404829,0.0,0.014074513617025355,25.000014924311383,1,540.0
79,0.0079,load_step,dtc_hysteresis_baseline,72.99582930399814,0.0052322601055133046,72.99059704389262,0.0,-0.12334652482295469,-0.08681662389496667,0.15083597505376453,-0.0013199785015089519,1,1,1,1,1,0,0,0.9801231215609795,0.0,0.015943418242768872,25.00001508364607,2,540.0
80,0.008,load_step,dtc_hysteresis_baseline,73.91982714328925,0.005152865416368151,73.91467427787289,0.0,-0.2900837271195441,-0.3864270208120662,0.4831918988903427,-0.004567921862931935,1,1,1,1,1,0,0,0.9801245982586122,0.0,0.0027347029613639206,25.00001511089254,0,540.0
81,0.0081,load_step,dtc_hysteresis_baseline,74.84382498258037,0.0048791071653240875,74.83894587541505,0.0,0.10127280929650889,-0.3466954096447966,0.3611840098503537,0.000201256564981365,4,1,1,1,1,0,0,0.9801301016009506,0.0,0.04176374290140834,25.00001552842923,2,540.0
82,0.0082,load_step,dtc_hysteresis_baseline,75.76782282187149,0.0048907762786492455,75.76293204559285,0.0,0.269949937643297,0.0037622867877111148,0.2699761538275055,0.004881267717305011,6,1,1,1,1,0,0,0.9801224320313121,0.0,0.020814406065486894,25.00001573646977,1,540.0
83,0.0083,load_step,dtc_hysteresis_baseline,76.69182066116261,0.005182514707287858,76.68663814645532,0.0,0.057557174888441184,0.3174497290105628,0.32262541566035735,0.00403957653388121,2,1,1,1,1,0,0,0.9801204840771961,0.0,0.012592026377789596,25.000015862285125,1,540.0
84,0.008400000000000001,load_step,dtc_hysteresis_baseline,77.61581850045371,0.005423860621626536,77.61039463983208,0.0,-0.13275162062021537,-0.030727191603447432,0.1362613411101203,-0.0019467075439125897,1,1,1,1,1,0,0,0.9801221270068584,0.0,0.02164207347144855,25.00001607860011,2,540.0
85,0.0085,load_step,dtc_hysteresis_baseline,78.53981633974483,0.005306945289030926,78.5345093944558,0.0,-0.2945309408280024,-0.3423288374713691,0.4515944065968126,-0.006532586849215009,1,1,1,1,1,0,0,0.9801215905060955,0.0,0.002231322260536193,25.000016100806143,0,540.0
86,0.0086,load_step,dtc_hysteresis_baseline,79.46381417903595,0.0049156019460310195,79.45889857708993,0.0,0.09720041324276542,-0.30635921370773567,0.3214092222668578,0.0009572347304397958,4,1,1,1,1,0,0,0.9801280702318059,0.0,0.03732199364268267,25.00001647391874,2,540.0
87,0.008700000000000001,load_step,dtc_hysteresis_baseline,80.38781201832707,0.00497250895208549,80.38283950937499,0.0,0.2662203074331667,0.04065826872209874,0.26930716088750445,0.006639795978021813,6,1,1,1,1,0,0,0.9801218351137663,0.0,0.01698950439549423,25.000016643703958,1,540.0
88,0.0088,load_step,dtc_hysteresis_baseline,81.31180985761819,0.005369478325219184,81.30644037929297,0.0,0.05414099679652791,0.35119974682517086,0.3553484342222233,0.00453702700200941,2,1,1,1,1,0,0,0.9801214536327819,0.0,0.012536942604317435,25.000016768962425,1,540.0
89,0.0089,load_step,dtc_hysteresis_baseline,82.23580769690929,0.0056405792607886595,82.2301671176485,0.0,-0.13588115499146103,0.00014594290834594483,0.13588123336629657,-0.002333692438338955,1,1,1,1,1,0,0,0.9801229073296226,0.0,0.025230919567125573,25.000017021159827,2,540.0
90,0.009000000000000001,load_step,dtc_hysteresis_baseline,83.15980553620041,0.0055004885844372915,83.15430504761598,0.0,-0.2973983445675539,-0.31408652039010504,0.43254608730433036,-0.007553910708575421,1,1,1,1,1,0,0,0.9801210299493903,0.0,0.00221816485334734,25.000017043228002,0,540.0
91,0.0091,load_step,dtc_hysteresis_baseline,84.08380337549153,0.0050480103481576,84.07875536514337,0.0,0.09457272462494955,-0.2805226944322928,0.29603544101093715,0.00144443383336621,4,1,1,1,1,0,0,0.9801275950579736,0.0,0.03475957852896008,25.000017390710166,2,540.0
92,0.0092,load_step,dtc_hysteresis_baseline,85.00780121478265,0.005134063085117312,85.00266715169752,0.0,0.26381183610971265,0.06429476323532968,0.27153361016836386,0.007564738772824356,6,1,1,1,1,0,0,0.9801221062955529,0.0,0.014747300700979507,25.000017538067237,1,540.0
93,0.009300000000000001,load_step,dtc_hysteresis_baseline,85.93179905407376,0.005586372248221636,85.92621268182555,0.0,0.41464151717930325,0.3728243881001713,0.5576070409625595,0.014278249668423115,6,1,1,1,1,0,0,0.9801226236715492,0.0,0.008866965705996096,25.00001762661997,0,540.0
94,0.0094,load_step,dtc_hysteresis_baseline,86.85579689336487,0.0064404094671335205,86.84935648389774,0.0,0.01289694860056068,0.33404560078216244,0.3342944730101312,0.00567588582133972,3,1,1,1,1,0,0,0.9801237759942338,0.0,0.05317351600430323,25.00001815823762,2,540.0
95,0.0095,load_step,dtc_hysteresis_baseline,87.77979473265599,0.006779581897415329,87.77301515075857,0.0,-0.17360869194125547,-0.015540678936866538,0.17430287037043454,-0.0026516980056227133,1,1,1,1,1,0,0,0.9801140059221698,0.0,0.018160436384819297,25.000018339720928,1,540.0
96,0.009600000000000001,load_step,dtc_hysteresis_baseline,88.7037925719471,0.006620373010300185,88.6971721989368,0.0,0.030798379371415337,-0.32843114060586087,0.32987202714321257,-0.0039383888297830185,5,1,1,1,1,0,0,0.9801142124275799,0.0,0.006115473311540993,25.000018400753397,1,540.0
97,0.0097,load_step,dtc_hysteresis_baseline,89.62779041123822,0.006384175732984418,89.62140623550523,0.0,0.20547553263084253,0.020474699715844133,0.20649311813806875,0.004366197552050243,6,1,1,1,1,0,0,0.9801203718954827,0.0,0.02244215139500727,25.00001862505224,2,540.0
98,0.0098,load_step,dtc_hysteresis_baseline,90.55178825052934,0.006644975604084418,90.54514327492525,0.0,0.36127812288910516,0.33274302254447646,0.4911616853239973,0.012844777918932099,6,1,1,1,1,0,0,0.9801198542583482,0.0,0.0051332336225380195,25.000018676260407,0,540.0
99,0.0099,load_step,dtc_hysteresis_baseline,91.47578608982046,0.007413146920716958,91.46837294289975,0.0,-0.03591887791211395,0.2973831528278181,0.29954449648804893,0.006609127544781453,3,1,1,1,1,0,0,0.9801239471480064,0.0,0.04292399416016115,25.00001910537584,2,540.0
100,0.01,load_step,dtc_hysteresis_baseline,92.39978392911156,0.007808093457077665,92.39197583565449,0.0,-0.2099370449695772,-0.04907664173930067,0.21559703062650457,-0.002859232774838838,1,1,1,1,1,0,0,0.9801166486977925,0.0,0.01502236901162413,25.00001925547216,1,540.0
101,0.010100000000000001,load_step,dtc_hysteresis_baseline,93.32378176840268,0.007636385853952763,93.31614538254873,0.0,0.17892565376200817,-0.04499323815066518,0.18449601907207783,0.000748280497700127,4,1,1,1,1,0,0,0.9801177059451276,0.0,0.011682879399243583,25.000019372172584,2,540.0
102,0.0102,load_step,dtc_hysteresis_baseline,94.2477796076938,0.0076805791781636885,94.24009902851564,0.0,0.5183529896204563,-0.041259022298628135,0.5199924314540584,0.004172313105593585,4,1,1,1,1,0,0,0.9801218085663149,0.0,0.004101484063069096,25.000019413058276,0,540.0
103,0.0103,load_step,dtc_hysteresis_baseline,94.2477796076938,0.00792967663957805,94.23984993105422,0.0,0.2851463564963847,0.27627062819370135,0.3970313647883574,0.011775420861197886,2,1,1,1,1,0,0,0.9801265089713678,0.0,0.047275230934879536,25.000019885681166,2,540.0
104,0.010400000000000001,load_step,dtc_hysteresis_baseline,94.2477796076938,0.008633754732937102,94.23914585296086,0.0,0.07580375400288533,0.5598368339153156,0.5649455635096665,0.020993768803674765,2,1,1,1,1,0,0,0.9801180393129485,0.0,0.018971644208959904,25.000020075265038,0,540.0
105,0.0105,load_step,dtc_hysteresis_baseline,94.2477796076938,0.009889440805597173,94.2378901668882,0.0,-0.2972291117072066,0.5054332343785722,0.5863513445543037,0.020506762802049616,3,1,1,1,1,0,0,0.9801151170134074,0.0,0.04638674985614986,25.0000205389987,1,540.0
106,0.0106,load_step,dtc_hysteresis_baseline,94.2477796076938,0.011115886054115483,94.23666372163969,0.0,-0.08644130092175568,0.1415583973911322,0.16586403581545708,0.005775496787488982,5,1,1,1,1,0,0,0.980106021965746,0.0,0.05793602899492716,25.000021118222065,2,540.0
107,0.010700000000000001,load_step,dtc_hysteresis_baseline,94.2477796076938,0.011460660371874822,94.23631894732192,0.0,0.1065587770038649,-0.19161165214623607,0.21924825699368647,-0.007638123058533433,5,1,1,1,1,0,0,0.9800975414718622,0.0,0.0033072203001168156,25.00002115115348,0,540.0
108,0.0108,load_step,dtc_hysteresis_baseline,94.2477796076938,0.0110026846104246,94.23677692308338,0.0,0.2749635395667737,0.14595260033124233,0.3112990678343578,0.001398195155806724,6,1,1,1,1,0,0,0.9801063818036343,0.0,0.011991097809075379,25.00002127092345,2,540.0
109,0.0109,load_step,dtc_hysteresis_baseline,94.2477796076938,0.011085512738000017,94.2366940949558,0.0,0.06232160359744712,0.44784923317210024,0.4521647022134695,0.015967698849162888,2,1,1,1,1,0,0,0.9801118627894362,0.0,0.016087841536872743,25.00002143166006,1,540.0
110,0.011000000000000001,load_step,dtc_hysteresis_baseline,94.2477796076938,0.01204023071172063,94.23573937698208,0.0,-0.3095693840340176,0.40300459697775115,0.5081790124713935,0.022713454213677608,3,1,1,1,1,0,0,0.9801133601516299,0.0,0.031012744608161953,25.000021741644627,1,540.0
111,0.0111,load_step,dtc_hysteresis_baseline,94.2477796076938,0.013398567775911044,94.23438103991789,0.0,-0.09773734625106106,0.0478711249237511,0.10883121543778322,0.004523258880433705,5,1,1,1,1,0,0,0.980108912426057,0.0,0.0454453004419052,25.00002219595269,2,540.0
112,0.0112,load_step,dtc_hysteresis_baseline,94.2477796076938,0.013668227887319343,94.23411137980648,0.0,0.10038209329396454,-0.27009222006834177,0.288142971449112,-0.011573931180569534,5,1,1,1,1,0,0,0.9801026510479317,0.0,0.0014212123601140198,25.000022210016837,0,540.0
113,0.011300000000000001,load_step,dtc_hysteresis_baseline,94.2477796076938,0.012974548330033267,94.23480505936377,0.0,0.2693093274413939,0.07417445197837466,0.2793373644416875,-0.004533099464260476,6,1,1,1,1,0,0,0.9801128451404012,0.0,0.018131972038741638,25.00002239118849,2,540.0
114,0.0114,load_step,dtc_hysteresis_baseline,94.2477796076938,0.012702273037347375,94.23507733465645,0.0,0.0571451506184745,0.3822002291493397,0.38644868145850353,0.012912741469678813,2,1,1,1,1,0,0,0.9801146169459133,0.0,0.013365142131975972,25.00002252469064,1,540.0
115,0.0115,load_step,dtc_hysteresis_baseline,94.2477796076938,0.013474046168905605,94.23430556152489,0.0,-0.3143089531588611,0.3429604964251272,0.46520105346397145,0.023987350842269564,3,1,1,1,1,0,0,0.9801168287202426,0.0,0.023461730272812585,25.000022759157776,1,540.0
116,0.011600000000000001,load_step,dtc_hysteresis_baseline,94.2477796076938,0.014908508038737545,94.23287109965506,0.0,-0.6461401778440251,0.30706732213509097,0.7153932273564827,0.03603229879955576,3,1,1,1,1,0,0,0.9801144210976923,0.0,0.026028823286549603,25.000023019294282,0,540.0
117,0.0117,load_step,dtc_hysteresis_baseline,94.2477796076938,0.017063676595972247,94.23071593109783,0.0,-0.7645366785731905,-0.03266727288228809,0.7652342671373857,0.03400786500488465,1,1,1,1,1,0,0,0.9801087456470436,0.0,0.07166760772468178,25.000023735816896,1,540.0
118,0.0118,load_step,dtc_hysteresis_baseline,94.2477796076938,0.019097529515128643,94.22868207817868,0.0,-0.3289683793384563,-0.029637605202970062,0.3303007451501398,0.014482506285028961,4,1,1,1,1,0,0,0.9800941380007265,0.0,0.09206346668307402,25.000024656293323,2,540.0
119,0.0119,load_step,dtc_hysteresis_baseline,94.2477796076938,0.019962752170133942,94.22781685552367,0.0,0.06982780776829568,-0.026867054526102583,0.0748181886751786,-0.003137598239689619,4,1,1,1,1,0,0,0.9800801200584656,0.0,0.013114840876014182,25.000024787277358,0,540.0
120,0.012,load_step,dtc_hysteresis_baseline,94.2477796076938,0.019773452227604193,94.22800615546619,0.0,0.4183391325447386,-0.024333528988099925,0.41904623903729177,-0.018309151599127778,4,1,1,1,1,0,0,0.9800850983751418,0.0,0.0006713424055829891,25.000024793825535,0,540.0
121,0.012100000000000001,load_step,dtc_hysteresis_baseline,94.2477796076938,0.018676241607395276,94.2291033660864,0.0,0.012085359014116054,-0.02201684508685658,0.025115679765411823,-0.0007572384249593001,3,1,1,1,1,0,0,0.9800992340340954,0.0,0.038921160207060254,25.000025182871845,3,540.0
122,0.0122,load_step,dtc_hysteresis_baseline,94.2477796076938,0.018629490570959913,94.22915011712284,0.0,-0.35573908733992154,-0.01268552369482457,0.35596519601339155,0.015012190219000207,3,1,1,1,1,0,0,0.980097916183463,0.0,7.434052743616844e-05,25.000025183447363,0,540.0
123,0.0123,load_step,dtc_hysteresis_baseline,94.2477796076938,0.019526447548871905,94.22825316014493,0.0,-0.6800866473620628,-0.01135608379956534,0.6801814526723244,0.028706686496098737,3,1,1,1,1,0,0,0.9801120542455317,0.0,0.015232335811923733,25.00002533560283,0,540.0
124,0.012400000000000001,load_step,dtc_hysteresis_baseline,94.2477796076938,0.021242867948702397,94.2265367397451,0.0,-0.43309003054206735,0.3039743866781492,0.5291194593957831,0.01591320900546711,6,1,1,1,1,0,0,0.9801112911975791,0.0,0.07489951749268148,25.000026084429102,2,540.0
125,0.0125,load_step,dtc_hysteresis_baseline,94.2477796076938,0.022193544633254958,94.22558606306055,0.0,-0.029782632790268743,0.2714147556806398,0.2730439063907147,-0.002713132222750215,4,1,1,1,1,0,0,0.980098123499594,0.0,0.041199433954021536,25.000026496249546,1,540.0
126,0.0126,load_step,dtc_hysteresis_baseline,94.2477796076938,0.02202947500618189,94.22575013268762,0.0,0.15815228992697902,-0.07248433277056364,0.1739716221294181,-0.0070989778322317195,5,1,1,1,1,0,0,0.9800931886281132,0.0,0.012863640410644625,25.00002662470931,1,540.0
127,0.012700000000000001,load_step,dtc_hysteresis_baseline,94.2477796076938,0.021602951792074377,94.22617665590172,0.0,-0.2263019166221201,-0.06605941926136978,0.2357464831975112,0.012321330217477304,3,1,1,1,1,0,0,0.9800988960043847,0.0,0.008546966830947182,25.00002671000148,2,540.0
128,0.0128,load_step,dtc_hysteresis_baseline,94.2477796076938,0.022338648704928698,94.22544095898887,0.0,-0.5616978634887508,-0.06018421716189935,0.5649129400564462,0.028777572575468823,3,1,1,1,1,0,0,0.9801071333035476,0.0,0.006683864553079174,25.00002677666206,0,540.0
129,0.0129,load_step,dtc_hysteresis_baseline,94.2477796076938,0.024059095140387877,94.22372051255341,0.0,-0.3248046492514209,0.25930319858915024,0.41561545805456135,0.008724291076096234,6,1,1,1,1,0,0,0.9801115700066733,0.0,0.05439581047228391,25.000027320441653,2,540.0
130,0.013000000000000001,load_step,dtc_hysteresis_baseline,94.2477796076938,0.024579342422683906,94.22320026527112,0.0,0.06926351122236915,0.23054497624934392,0.2407247807365536,-0.01115897128648306,4,1,1,1,1,0,0,0.9801024362938137,0.0,0.026706875228221173,25.00002758732827,1,540.0
131,0.0131,load_step,dtc_hysteresis_baseline,94.2477796076938,0.023909657376320087,94.22386995031748,0.0,-0.12228794573876102,-0.10987785822786227,0.16440038139173632,0.010379154883258948,1,1,1,1,1,0,0,0.9801013356178012,0.0,0.013814554955999606,25.000027725289904,2,540.0
132,0.0132,load_step,dtc_hysteresis_baseline,94.2477796076938,0.024528949677008197,94.2232506580168,0.0,-0.2893679199296676,-0.40717584682346464,0.49952573839675973,0.029426371610812713,1,1,1,1,1,0,0,0.9801065867824266,0.0,0.0032463006802010332,25.000027757568077,0,540.0
133,0.013300000000000001,load_step,dtc_hysteresis_baseline,94.2477796076938,0.026288054506092583,94.2214915531877,0.0,-0.44238749250255827,-0.05121496077034672,0.4453421894783933,0.022936085301137672,2,1,1,1,1,0,0,0.9801137411815555,0.0,0.04412842732484844,25.000028198667298,2,540.0
134,0.0134,load_step,dtc_hysteresis_baseline,94.2477796076938,0.027658620007650483,94.22012098768614,0.0,-0.21567628614906625,0.2675049243229318,0.34362064103320594,-0.002366807880337482,6,1,1,1,1,0,0,0.9801064667043381,0.0,0.030191543178480124,25.000028500394738,1,540.0
135,0.0135,load_step,dtc_hysteresis_baseline,94.2477796076938,0.02751485589760491,94.2202647517962,0.0,-0.012273512605998524,-0.07606997260757709,0.07705374646444606,0.004430834687928688,5,1,1,1,1,0,0,0.9801027921182757,0.0,0.023989145117682936,25.000028740096187,2,540.0
136,0.013600000000000001,load_step,dtc_hysteresis_baseline,94.2477796076938,0.027777900409550638,94.22000170728425,0.0,0.1739734245668526,-0.376250319982725,0.4145250966378529,0.010229957194795719,5,1,1,1,1,0,0,0.9801044631027475,0.0,0.0007079872116524924,25.00002874698446,0,540.0
137,0.0137,load_step,dtc_hysteresis_baseline,94.2477796076938,0.02838796693339987,94.2193916407604,0.0,0.33620284267090444,-0.6511548825932526,0.7328267411503414,0.016167944815659453,5,1,1,0,1,1,0,0.9801154951068844,0.0,0.020615950880271492,25.00002895295232,0,540.0
138,0.013800000000000002,load_step,dtc_hysteresis_baseline,94.2477796076938,0.029353339039721465,94.21842626865408,0.0,-0.05927593085754578,-0.5888306460295527,0.5918066962130532,0.025921423992115236,3,1,1,1,1,0,0,0.9801123356664644,0.0,0.0852498517103551,25.000029805257817,2,540.0
139,0.013900000000000001,load_step,dtc_hysteresis_baseline,94.2477796076938,0.030902323400398127,94.2168772842934,0.0,-0.2317228361332742,-0.21771284122967033,0.31795338341012175,0.013898874861016892,2,1,1,1,1,0,0,0.9800977602054175,0.0,0.05047200036750589,25.00003030977912,1,540.0
140,0.014,load_step,dtc_hysteresis_baseline,94.2477796076938,0.03173171228502138,94.21604789540878,0.0,-0.026941951254966113,0.12208067089864155,0.12501823444796922,-0.005153572132362168,6,1,1,1,1,0,0,0.9800899534336495,0.0,0.016672972148868332,25.000030476306776,1,540.0
141,0.014100000000000001,load_step,dtc_hysteresis_baseline,94.2477796076938,0.0314208643375058,94.2163587433563,0.0,0.16056506533590803,0.4188029949767013,0.44852769012378635,-0.022423515417510552,6,1,1,1,1,0,0,0.9800939582134119,0.0,0.0018861244841541953,25.000030494964847,0,540.0
142,0.0142,load_step,dtc_hysteresis_baseline,94.2477796076938,0.030076539172672976,94.21770306852113,0.0,-0.03876168147061349,0.06231548525542152,0.0733872444846375,-0.0016830503716192924,1,1,1,1,1,0,0,0.9801048589169036,0.0,0.04325018637947557,25.00003092726341,3,540.0
143,0.0143,load_step,dtc_hysteresis_baseline,94.2477796076938,0.02997350802011457,94.21780609967368,0.0,-0.21295182010087613,-0.26409920222313393,0.3392592906600668,0.017438489251253332,1,1,1,1,1,0,0,0.9801013304957532,0.0,0.0006540766086842083,25.000030933597994,0,540.0
144,0.014400000000000001,load_step,dtc_hysteresis_baseline,94.2477796076938,0.031014792666423638,94.21676481502737,0.0,-0.37247338490171816,-0.5485869716922085,0.6630867876609905,0.034577630446863114,1,1,1,1,1,0,0,0.9801132054137558,0.0,0.013847805197867482,25.000031071869824,0,540.0
145,0.0145,load_step,dtc_hysteresis_baseline,94.2477796076938,0.03308167069986023,94.21469793699394,0.0,-0.5185810153128757,-0.8091409033652991,0.9610594523450385,0.05051286332711164,1,1,1,1,1,0,0,0.9801126816827378,0.0,0.05289492832949702,25.000031600611962,0,540.0
146,0.0146,load_step,dtc_hysteresis_baseline,94.2477796076938,0.03610201673007703,94.21167759096372,0.0,-0.10835926143611006,-0.7336930461051796,0.7416516806709713,0.046301537886682086,4,1,1,1,1,0,0,0.9800994516739668,0.0,0.13834610459379829,25.000032983862337,2,540.0
147,0.014700000000000001,load_step,dtc_hysteresis_baseline,94.2477796076938,0.038870108481291805,94.20890949921251,0.0,0.26725264436585366,-0.6646883052268138,0.7164038798232708,0.04722626048410368,4,1,1,1,1,0,0,0.9800764337334411,0.0,0.06617438416537767,25.000033645386285,0,540.0
148,0.0148,load_step,dtc_hysteresis_baseline,94.2477796076938,0.041693326581193395,94.2060862811126,0.0,0.6028858859222727,-0.6015757472530607,0.8516834923417044,0.05221420643435913,4,1,1,1,1,0,0,0.9800648268859379,0.0,0.06171689516389079,25.000034262330935,0,540.0
149,0.0149,load_step,dtc_hysteresis_baseline,94.2477796076938,0.04481482600663658,94.20296478168716,0.0,0.9102777456296888,-0.5438515739024896,1.0603679119177851,0.060670756192584184,4,1,1,1,1,0,0,0.9800557074953856,0.0,0.08720760739144147,25.000035134178592,0,540.0
150,0.015000000000000001,load_step,dtc_hysteresis_baseline,94.2477796076938,0.04844215868822101,94.19933744900558,0.0,1.01048929700299,-0.1769402936019744,1.025863775974934,0.05307137425665656,6,1,1,1,1,0,0,0.9800428410867554,0.0,0.150203155929623,25.000036635975924,1,540.0
151,0.0151,load_step,dtc_hysteresis_baseline,94.2477796076938,0.05161443587414542,94.19616517181966,0.0,1.098194843097059,0.15179320381914588,1.10863568864197,0.052365164241132876,6,1,1,1,1,0,0,0.9800239229651623,0.0,0.12653355213012468,25.000037901067206,0,540.0
152,0.0152,load_step,dtc_hysteresis_baseline,94.2477796076938,0.05474420695422306,94.19303540073957,0.0,0.8159146344158139,0.45281766182475547,0.9331455007201878,0.04033994341177586,2,1,1,1,1,0,0,0.9800097264439339,0.0,0.16348034346888854,25.000039535617965,1,540.0
153,0.015300000000000001,load_step,dtc_hysteresis_baseline,94.2477796076938,0.05715410121937008,94.19062550647443,0.0,0.5575312109318047,0.7285027966521576,0.9173643637579887,0.035449303813011514,2,1,1,1,1,0,0,0.9799948162842614,0.0,0.10470088406131804,25.000040582363233,0,540.0
154,0.0154,load_step,dtc_hysteresis_baseline,94.2477796076938,0.05927113528536757,94.18850847240843,0.0,0.3251653859863192,0.973802883617031,1.0266569945139792,0.03645468640538605,2,1,1,1,1,0,0,0.9799892752674528,0.0,0.10118820387986353,25.000041593974725,0,540.0
155,0.0155,load_step,dtc_hysteresis_baseline,94.2477796076938,0.06144817273195976,94.18633143496184,0.0,-0.06892113947913646,0.8844056233495917,0.8870870476337046,0.02997127228748506,3,1,1,1,1,0,0,0.9799854695390794,0.0,0.14128156872730369,25.00004300651312,1,540.0
156,0.015600000000000001,load_step,dtc_hysteresis_baseline,94.2477796076938,0.06323704999959048,94.18454255769421,0.0,-0.4214484949438145,0.8026446087610759,0.9065634020098247,0.029771016850980384,3,1,1,1,1,0,0,0.9799782480612306,0.0,0.0946317919425405,25.00004395254433,0,540.0
157,0.015700000000000002,load_step,dtc_hysteresis_baseline,94.2477796076938,0.06501380575508871,94.18276580193871,0.0,-0.5629349239374667,0.4137521852098142,0.6986319484208963,0.02277291909203408,1,1,1,1,1,0,0,0.9799775320504668,0.0,0.11167143323443547,25.000045068965647,1,540.0
158,0.0158,load_step,dtc_hysteresis_baseline,94.2477796076938,0.06637163139929342,94.18140797629451,0.0,-0.6925494284664012,0.057704471884744875,0.6949492909159892,0.02090640964298887,1,1,1,1,1,0,0,0.9799762327999646,0.0,0.05869611829691987,25.00004565562637,0,540.0
159,0.0159,load_step,dtc_hysteresis_baseline,94.2477796076938,0.06761765347822139,94.18016195421558,0.0,-0.2630804126057553,0.05302028573842375,0.2683699949632942,0.008029745100927434,4,1,1,1,1,0,0,0.9799830439281718,0.0,0.07774803909556578,25.00004643280239,2,540.0
160,0.016,load_step,dtc_hysteresis_baseline,94.2477796076938,0.06809298974397976,94.17968661794983,0.0,0.1301381713056637,0.04873717265081711,0.13896494388434022,-0.004069206740972296,4,1,1,1,1,0,0,0.9799890644729173,0.0,0.00866415276728998,25.000046519134365,0,540.0
161,0.0161,load_step,dtc_hysteresis_baseline,94.2477796076938,0.06784424078582499,94.17993536690797,0.0,0.47354896916477723,0.044820492620444165,0.4756653264173903,-0.014902656763289085,4,1,1,1,1,0,0,0.9800103488089196,0.0,0.0023252355588577432,25.000046542076593,0,540.0
162,0.0162,load_step,dtc_hysteresis_baseline,94.2477796076938,0.06694719482554884,94.18083241286826,0.0,0.06263095128686647,0.04123858407086518,0.07498837826802,-0.0016374188780165196,3,1,1,1,1,0,0,0.980033340126166,0.0,0.04742306602834484,25.000047015996973,3,540.0
163,0.016300000000000002,load_step,dtc_hysteresis_baseline,94.2477796076938,0.06684406161810656,94.18093554607569,0.0,-0.30945876586400206,0.03074953413485115,0.3109827352435849,0.010524553260935827,3,1,1,1,1,0,0,0.9800400909787756,0.0,0.0006799910781902096,25.000047022483443,0,540.0
164,0.0164,load_step,dtc_hysteresis_baseline,94.2477796076938,0.06746875641931317,94.18031085127448,0.0,-0.6377067664113487,0.028361085851164404,0.6383371140059738,0.021476440654090607,3,1,1,1,1,0,0,0.9800610788082585,0.0,0.011628036499364116,25.000047138450324,0,540.0
165,0.0165,load_step,dtc_hysteresis_baseline,94.2477796076938,0.06874880709473054,94.17903080059907,0.0,-0.39427698628318086,0.340291844422821,0.5208194325226672,0.01117739060208156,6,1,1,1,1,0,0,0.9800698750800572,0.0,0.06708161005336644,25.000047808952168,2,540.0
166,0.0166,load_step,dtc_hysteresis_baseline,94.2477796076938,0.06941242389722553,94.17836718379658,0.0,0.0057686344307922586,0.3046236461241938,0.3046782613203544,-0.004323050651408941,4,1,1,1,1,0,0,0.9800648965394072,0.0,0.040029702596769065,25.00004820893047,1,540.0
167,0.0167,load_step,dtc_hysteresis_baseline,94.2477796076938,0.06914838255055351,94.17863122514325,0.0,0.1823920681467848,-0.04211791063737783,0.18719183988443389,-0.007690581960808559,5,1,1,1,1,0,0,0.9800654619544059,0.0,0.015506410247591137,25.00004836367318,1,540.0
168,0.016800000000000002,load_step,dtc_hysteresis_baseline,94.2477796076938,0.06868283521707218,94.17909677247673,0.0,-0.20408795092272233,-0.03829235095593771,0.2076492134672516,0.009447369620842408,3,1,1,1,1,0,0,0.9800741167056181,0.0,0.00950209763323432,25.000048458371733,2,540.0
169,0.016900000000000002,load_step,dtc_hysteresis_baseline,94.2477796076938,0.06924292585149441,94.1785366818423,0.0,-0.5413364769660708,-0.034794277903727897,0.5424535215747789,0.024101344240351093,3,1,1,1,1,0,0,0.9800855618422736,0.0,0.005186890048325677,25.000048509917576,0,540.0
170,0.017,load_step,dtc_hysteresis_baseline,94.2477796076938,0.07067992473466474,94.17709968295914,0.0,-0.30613743313061575,0.2825194404615328,0.41657815857591457,0.0065763052571365405,6,1,1,1,1,0,0,0.9800944642359388,0.0,0.05076706395104813,25.000049017264818,2,540.0
171,0.0171,load_step,dtc_hysteresis_baseline,94.2477796076938,0.07106804618459686,94.17671156150921,0.0,-0.09497284900966432,-0.06234105852431164,0.1136056760331285,0.00633525471042455,5,1,1,1,1,0,0,0.980089067324872,0.0,0.03271588815284575,25.00004934409692,2,540.0
172,0.0172,load_step,dtc_hysteresis_baseline,94.2477796076938,0.0714417124050581,94.17633789528874,0.0,0.09837215335376213,-0.3636968455403767,0.3767658105660288,0.006426300397812466,5,1,1,1,1,0,0,0.9800900043616898,0.0,0.0015518764805473057,25.000049359286724,0,540.0
173,0.0173,load_step,dtc_hysteresis_baseline,94.2477796076938,0.07182079844704878,94.17595880924675,0.0,0.2670924710605194,-0.6396762326584237,0.693198435316532,0.00750637529400704,5,1,1,0,1,1,0,0.9801017960299288,0.0,0.0170362080043902,25.000049529319742,0,540.0
174,0.017400000000000002,load_step,dtc_hysteresis_baseline,94.2477796076938,0.07226449127876704,94.17551511641503,0.0,-0.12245080304965755,-0.5783349252121376,0.5911560579809995,0.017215421724487995,3,1,1,1,1,0,0,0.9801022268911105,0.0,0.07735280748335402,25.00005030251762,2,540.0
175,0.0175,load_step,dtc_hysteresis_baseline,94.2477796076938,0.07328917741647961,94.17449043027732,0.0,-0.2894702498782004,-0.2081161106192258,0.35651836006553944,0.010686870190847714,2,1,1,1,1,0,0,0.9800908878573663,0.0,0.05037486343063917,25.000050805930904,1,540.0
176,0.0176,load_step,dtc_hysteresis_baseline,94.2477796076938,0.07392309071205425,94.17385651698174,0.0,-0.07972645393887581,0.13085536465632644,0.15323000331856634,-0.0028822529095147995,6,1,1,1,1,0,0,0.9800846851479217,0.0,0.0203439595616428,25.000051009031793,1,540.0
177,0.0177,load_step,dtc_hysteresis_baseline,94.2477796076938,0.07374492578920584,94.1740346819046,0.0,0.11231885832176468,0.42682611932129516,0.44135706867521807,-0.015682817410249288,6,1,1,1,1,0,0,0.9800882945044431,0.0,0.002832365610970373,25.00005103701539,0,540.0
178,0.0178,load_step,dtc_hysteresis_baseline,94.2477796076938,0.07280073860016754,94.17497886909364,0.0,-0.08285771277958005,0.06965139040203581,0.10824378389542834,-7.80069825076469e-05,1,1,1,1,1,0,0,0.9800991375187842,0.0,0.04218635491325612,25.000051458538692,3,540.0
179,0.0179,load_step,dtc_hysteresis_baseline,94.2477796076938,0.07279047697738751,94.17498913071641,0.0,-0.2532524425517829,-0.2573917550422939,0.3610918376565667,0.014648219500808544,1,1,1,1,1,0,0,0.980097214956505,0.0,0.0014172417764806498,25.000051472368053,0,540.0
180,0.018000000000000002,load_step,dtc_hysteresis_baseline,94.2477796076938,0.07366149125903071,94.17411811643477,0.0,-0.4093032084191425,-0.5424541676064015,0.6795481148349674,0.02819645904370512,1,1,1,1,1,0,0,0.9801084462461831,0.0,0.015685537508594746,25.00005162888028,0,540.0
181,0.0181,load_step,dtc_hysteresis_baseline,94.2477796076938,0.07534321837953915,94.17243638931426,0.0,-0.5522370574159595,-0.8035334598512122,0.9750034813701423,0.04107702084354972,1,1,1,1,1,0,0,0.9801080831099435,0.0,0.055549499956380206,25.000052184031084,0,540.0
182,0.0182,load_step,dtc_hysteresis_baseline,94.2477796076938,0.07779563959746975,94.16998396809633,0.0,-0.1391132805525117,-0.728565832182111,0.7417281689738456,0.038246201574195005,4,1,1,1,1,0,0,0.9800954674665249,0.0,0.14198174085429813,25.0000536035006,2,540.0
183,0.0183,load_step,dtc_hysteresis_baseline,94.2477796076938,0.08007846507135707,94.16770114262245,0.0,0.23915200899490388,-0.6599999954287322,0.701992647662513,0.04039438055571763,4,1,1,1,1,0,0,0.9800733101129566,0.0,0.06619084121972468,25.000054265051656,0,540.0
184,0.0184,load_step,dtc_hysteresis_baseline,94.2477796076938,0.08248967060327322,94.16528993709052,0.0,0.577211310347677,-0.5972887560427357,0.8306182967454792,0.04645583786642634,4,1,1,1,1,0,0,0.9800629323773673,0.0,0.05926756981274954,25.000054857365587,0,540.0
185,0.018500000000000003,load_step,dtc_hysteresis_baseline,94.2477796076938,0.08526343224392813,94.16251617544987,0.0,0.8868213911747521,-0.5399317133907039,1.0382574030413383,0.05586222183860203,4,1,1,1,1,0,0,0.9800552857003508,0.0,0.08295921724631575,25.000055686592045,0,540.0
186,0.018600000000000002,load_step,dtc_hysteresis_baseline,94.2477796076938,0.08859989566037171,94.15917971203343,0.0,0.9890611379787017,-0.173356459887655,1.0041386342754195,0.05152297908121513,6,1,1,1,1,0,0,0.9800437712798145,0.0,0.1443275523104343,25.000057129496323,1,540.0
187,0.0187,load_step,dtc_hysteresis_baseline,94.2477796076938,0.09167642543643541,94.15610318225737,0.0,1.07862113849817,0.1550693101806395,1.0897109944269572,0.05359672265302595,6,1,1,1,1,0,0,0.9800259310008234,0.0,0.12124585750657381,25.000058341574036,0,540.0
188,0.0188,load_step,dtc_hysteresis_baseline,94.2477796076938,0.09487681978246729,94.15290278791133,0.0,0.7980366767038837,0.45581188239217574,0.9190359130602447,0.04366348364014745,2,1,1,1,1,0,0,0.980012335232432,0.0,0.15822532183029225,25.00005992343831,1,540.0
189,0.0189,load_step,dtc_hysteresis_baseline,94.2477796076938,0.09748252427944853,94.15029708341436,0.0,0.5412040196061314,0.7312387225959712,0.9097317518156776,0.0405912480655221,2,1,1,1,1,0,0,0.9799976088304434,0.0,0.10156775164022687,25.000060938716338,0,540.0
190,0.019,load_step,dtc_hysteresis_baseline,94.2477796076938,0.09990417395742397,94.14787543373637,0.0,0.3102565229843169,0.9763022240408382,1.0244145365629116,0.043126495734781056,2,1,1,1,1,0,0,0.9799919012313371,0.0,0.09951627745041669,25.000061933472853,0,540.0
191,0.019100000000000002,load_step,dtc_hysteresis_baseline,94.2477796076938,0.10247735673486674,94.14530225095893,0.0,-0.08253265106927563,0.886688350713538,0.8905211225926183,0.035748738674990774,3,1,1,1,1,0,0,0.979987615427788,0.0,0.14069835417491416,25.000063340043504,1,540.0
192,0.019200000000000002,load_step,dtc_hysteresis_baseline,94.2477796076938,0.10460882790971592,94.14317077978409,0.0,-0.4338731606462247,0.8047290938674868,0.9142400308704116,0.03475429179623489,3,1,1,1,1,0,0,0.9799797140603662,0.0,0.09536282811008219,25.00006429324952,0,540.0
193,0.0193,load_step,dtc_hysteresis_baseline,94.2477796076938,0.10668062372153675,94.14109898397227,0.0,-0.574273833596998,0.41565542229548336,0.7089145689276171,0.02523770432725214,1,1,1,1,1,0,0,0.9799782910490191,0.0,0.11345385643097135,25.000065427359463,1,540.0
194,0.0194,load_step,dtc_hysteresis_baseline,94.2477796076938,0.10818275045761831,94.13959685723619,0.0,-0.7028950606450078,0.05944217806243961,0.7054040252308998,0.021144056384498434,1,1,1,1,1,0,0,0.9799762988724023,0.0,0.060429296535092096,25.000066031216246,0,540.0
195,0.0195,load_step,dtc_hysteresis_baseline,94.2477796076938,0.10943978184426723,94.13833982584953,0.0,-0.2725175288828093,0.054606910271181267,0.277934737299528,0.008467667078248257,4,1,1,1,1,0,0,0.9799825839395465,0.0,0.07979554367452646,25.000066828731473,2,540.0
196,0.0196,load_step,dtc_hysteresis_baseline,94.2477796076938,0.10993811182702798,94.13784149586677,0.0,0.12153187907576353,0.0501859954951679,0.13148624177276885,-0.0034592883300482184,4,1,1,1,1,0,0,0.9799882804351526,0.0,0.009289661175733042,25.00006692118256,0,540.0
197,0.019700000000000002,load_step,dtc_hysteresis_baseline,94.2477796076938,0.10972264776000848,94.13805695993379,0.0,0.46570245240453156,0.04614344450757917,0.4679828967458309,-0.014154536484497965,4,1,1,1,1,0,0,0.980009311347478,0.0,0.0020832844340441933,25.000066941569266,0,540.0
198,0.0198,load_step,dtc_hysteresis_baseline,94.2477796076938,0.10886715467503548,94.13891245301876,0.0,0.05547923661899132,0.04244637996493308,0.06985442625885277,-0.0011442788118523428,3,1,1,1,1,0,0,0.9800327619482418,0.0,0.046231362758357625,25.000067403436617,3,540.0
199,0.0199,load_step,dtc_hysteresis_baseline,94.2477796076938,0.10879031213494839,94.13898929555886,0.0,-0.3159750961363552,0.031851801731562795,0.3175764453669789,0.010758315614201971,3,1,1,1,1,0,0,0.9800399189991452,0.0,0.0005910058063814187,25.00006740889732,0,540.0
200,0.02,load_step,dtc_hysteresis_baseline,94.2477796076938,0.10942577340452492,94.13835383428928,0.0,-0.6436420503216995,0.02936683178475354,0.6443116480022655,0.021523476987822174,3,1,1,1,1,0,0,0.9800611407503049,0.0,0.012123402474573037,25.000067529681953,0,540.0
201,0.0201,load_step,dtc_hysteresis_baseline,94.2477796076938,0.11070541530418009,94.13707419238962,0.0,-0.3996809201105985,0.3412094883825611,0.5255176047124813,0.012833166814638579,6,1,1,1,1,0,0,0.980069675829273,0.0,0.06816534556066947,25.00006821088521,2,540.0
202,0.020200000000000003,load_step,dtc_hysteresis_baseline,94.2477796076938,0.11146489666253995,94.13631471103126,0.0,0.0008506033404276003,0.3054610490985159,0.3054622334142286,-0.0026848353172410776,4,1,1,1,1,0,0,0.9800645084848322,0.0,0.04068320297483717,25.0000686172625,1,540.0
203,0.020300000000000002,load_step,dtc_hysteresis_baseline,94.2477796076938,0.11129566159453215,94.13648394609928,0.0,0.17791853870410448,-0.04135368082087056,0.1826612529575946,-0.007616636655342385,5,1,1,1,1,0,0,0.9800648934368071,0.0,0.015574965573395948,25.000068772554705,1,540.0
204,0.0204,load_step,dtc_hysteresis_baseline,94.2477796076938,0.11083130120554266,94.13694830648826,0.0,-0.20815485606302275,-0.03759502967584166,0.2115226473901675,0.009364988067659154,3,1,1,1,1,0,0,0.9800736376905339,0.0,0.009175052756705774,25.00006886384675,2,540.0
205,0.0205,load_step,dtc_hysteresis_baseline,94.2477796076938,0.11138322348127712,94.13639638421252,0.0,-0.5450315728292975,-0.03415822587149822,0.5461009062210629,0.023887477971328824,3,1,1,1,1,0,0,0.980085320330358,0.0,0.005380544755449994,25.000068917193104,0,540.0
206,0.0206,load_step,dtc_hysteresis_baseline,94.2477796076938,0.1128041860725616,94.13497542162123,0.0,-0.30949255552710697,0.2830995712564807,0.4194413059920334,0.007839843607766656,6,1,1,1,1,0,0,0.9800941293142285,0.0,0.05134247215378896,25.000069430158376,2,540.0
207,0.0207,load_step,dtc_hysteresis_baseline,94.2477796076938,0.11326468614620676,94.13451492154759,0.0,0.08333715139362548,0.25230300181126303,0.2657101532222249,-0.0100949538966878,4,1,1,1,1,0,0,0.9800886704343896,0.0,0.0271380499071669,25.000069701076008,1,540.0
208,0.020800000000000003,load_step,dtc_hysteresis_baseline,94.2477796076938,0.11265186225627222,94.13512774543753,0.0,-0.1093465678117823,-0.0899835122609634,0.1416111025698044,0.007728322640174627,1,1,1,1,1,0,0,0.9800895229509019,0.0,0.016043273696623162,25.00006986104407,2,540.0
209,0.020900000000000002,load_step,dtc_hysteresis_baseline,94.2477796076938,0.11310570018132621,94.13467390751248,0.0,-0.2774617219501826,-0.38898586132233887,0.477802268157281,0.02354163458895019,1,1,1,1,1,0,0,0.9800957233817905,0.0,0.0024079439041892426,25.00006988465777,0,540.0
210,0.021,load_step,dtc_hysteresis_baseline,94.2477796076938,0.11450583380877294,94.13327377388502,0.0,-0.4314280716882368,-0.03458344994206281,0.43281196384865056,0.019668378658966257,2,1,1,1,1,0,0,0.9801055560201114,0.0,0.04095924602655351,25.000070293784333,2,540.0
211,0.0211,load_step,dtc_hysteresis_baseline,94.2477796076938,0.11567406904498301,94.13210553864882,0.0,-0.02422886458620265,-0.03140325940048373,0.03966361783940813,0.002198631759370838,4,1,1,1,1,0,0,0.9801008010597009,0.0,0.03481452068031925,25.000070641460916,2,540.0
212,0.0212,load_step,dtc_hysteresis_baseline,94.2477796076938,0.11579675639244463,94.13198285130136,0.0,0.3444601811001347,-0.021281577434278696,0.345116968434803,-0.013628472574871636,4,1,1,1,1,0,0,0.9800986878919167,0.0,0.00018842704951136985,25.000070642874242,0,540.0
213,0.0213,load_step,dtc_hysteresis_baseline,94.2477796076938,0.11497227835188815,94.13280732934192,0.0,-0.0558186176152659,-0.019229339589048135,0.059038001096837676,0.0029158703892424877,3,1,1,1,1,0,0,0.9801121160013877,0.0,0.028945528636462207,25.000070931858577,3,540.0
214,0.021400000000000002,load_step,dtc_hysteresis_baseline,94.2477796076938,0.11513794198989112,94.13264166570391,0.0,-0.4056856986332917,-0.017353258103787853,0.40605667294405917,0.01719851675878203,3,1,1,1,1,0,0,0.9801117966619537,0.0,0.00042105471355812315,25.000070935596245,0,540.0
215,0.021500000000000002,load_step,dtc_hysteresis_baseline,94.2477796076938,0.11615832244300649,94.13162128525079,0.0,-0.7260887198542989,-0.015637690214166163,0.7262570939101998,0.030116253443285924,3,1,1,1,1,0,0,0.9801225370667748,0.0,0.019855296065840564,25.0000711336763,0,540.0
216,0.0216,load_step,dtc_hysteresis_baseline,94.2477796076938,0.11795167249651721,94.12982793519728,0.0,-0.4754848084416684,-0.3281831957194774,0.57774563002368,0.036317858753219315,5,1,1,1,1,0,0,0.9801182992456995,0.0,0.08406818667005578,25.000071973883944,2,540.0
217,0.0217,load_step,dtc_hysteresis_baseline,94.2477796076938,0.12011601313505837,94.12766359455874,0.0,-0.25023277562593926,-0.6071906189153409,0.6567319770623754,0.045440124696989756,5,1,1,1,1,0,0,0.9801023768795564,0.0,0.04017000187289106,25.000072375104136,0,540.0
218,0.0218,load_step,dtc_hysteresis_baseline,94.2477796076938,0.12282609963553404,94.12495350805827,0.0,-0.04400573731851574,-0.862732316529961,0.8638538967337585,0.05712590616808433,5,1,1,1,1,0,0,0.9800934896813173,0.0,0.05186527807408142,25.000072893274417,0,540.0
219,0.0219,load_step,dtc_hysteresis_baseline,94.2477796076938,0.12623530088506787,94.12154430680873,0.0,0.1448230472569196,-1.0968154778393342,1.106335350354813,0.07086595409666335,5,1,1,1,1,0,0,0.9800822824636859,0.0,0.08972459639955012,25.000073790034428,0,540.0
220,0.022000000000000002,load_step,dtc_hysteresis_baseline,94.2477796076938,0.13046649852677214,94.11731310916703,0.0,0.49076657405682705,-0.9971607965849466,1.11138718926277,0.06841018278887279,4,1,1,1,1,0,0,0.9800645227007391,0.0,0.16284642316600942,25.000075418006727,1,540.0
221,0.0221,load_step,dtc_hysteresis_baseline,94.2477796076938,0.13455040809875277,94.11322919959505,0.0,0.8075855944585832,-0.906019908560751,1.2136995374001982,0.07258193375356002,4,1,1,1,1,0,0,0.9800397847105142,0.0,0.14852958174786043,25.00007690279976,0,540.0
222,0.0222,load_step,dtc_hysteresis_baseline,94.2477796076938,0.13888365782842127,94.10889594986538,0.0,0.9164167931937945,-0.5085503840066293,1.0480664253380547,0.06159862295452017,6,1,1,1,1,0,0,0.9800188365028358,0.0,0.19432898741707624,25.000078845576947,1,540.0
223,0.0223,load_step,dtc_hysteresis_baseline,94.2477796076938,0.1425592902585169,94.10522031743528,0.0,1.012003619780607,-0.15187297204796282,1.0233360768035753,0.05835223380069221,6,1,1,1,1,0,0,0.9799971213951874,0.0,0.13209445515421184,25.00008016599586,0,540.0
224,0.0224,load_step,dtc_hysteresis_baseline,94.2477796076938,0.14604036363277761,94.10173924406102,0.0,1.0996384183994308,0.17470455200758908,1.1134299850965816,0.06150363794831247,6,1,1,1,1,0,0,0.9799854154873231,0.0,0.12592923382626986,25.00008142475376,0,540.0
225,0.022500000000000003,load_step,dtc_hysteresis_baseline,94.2477796076938,0.14970976192840021,94.0980698457654,0.0,0.8172933065331788,0.4737562907085342,0.944676331814154,0.050550898029956264,2,1,1,1,1,0,0,0.9799766248294902,0.0,0.16484646371769296,25.000083072675565,1,540.0
226,0.022600000000000002,load_step,dtc_hysteresis_baseline,94.2477796076938,0.15272342341038378,94.09505618428342,0.0,0.5630151168441854,0.7404231735609238,0.930167994365051,0.046695478864167576,2,1,1,1,1,0,0,0.9799657471897779,0.0,0.10731280959091624,25.000084145249843,0,540.0
227,0.0227,load_step,dtc_hysteresis_baseline,94.2477796076938,0.15550612995348925,94.0922734777403,0.0,0.3302448805861306,0.984679040759473,1.0385829261375057,0.04868817933307458,2,1,1,1,1,0,0,0.9799633456382455,0.0,0.10403461680698455,25.000085185035044,0,540.0
228,0.0228,load_step,dtc_hysteresis_baseline,94.2477796076938,0.15840787370445203,94.08937173398935,0.0,-0.06421066244468282,0.8943262156418547,0.8966283450548873,0.03896813118380361,3,1,1,1,1,0,0,0.9799621412913984,0.0,0.14440749762630956,25.00008662854212,1,540.0
229,0.0229,load_step,dtc_hysteresis_baseline,94.2477796076938,0.1607277087290281,94.08705189896477,0.0,-0.41707437737378206,0.8116909681495598,0.912575073096618,0.03592450262318354,3,1,1,1,1,0,0,0.9799571441981068,0.0,0.09666802425817991,25.00008759464484,0,540.0
230,0.023,load_step,dtc_hysteresis_baseline,94.2477796076938,0.1628652228541871,94.0849143848396,0.0,-0.5588673910179388,0.4219991510103668,0.7002971113725003,0.024172944183603426,1,1,1,1,1,0,0,0.9799586630313045,0.0,0.11305479126637161,25.000088724608787,1,540.0
231,0.023100000000000002,load_step,dtc_hysteresis_baseline,94.2477796076938,0.1642993134309536,94.08348029426284,0.0,-0.6887613420359193,0.06522090037864595,0.691842433021654,0.01797247045033356,1,1,1,1,1,0,0,0.9799595988511584,0.0,0.0589617941141954,25.000089313635232,0,540.0
232,0.023200000000000002,load_step,dtc_hysteresis_baseline,94.2477796076938,0.16536223317204538,94.08241737452175,0.0,-0.25954741151305305,0.059869320484447444,0.26636289974092786,0.007239217952680264,4,1,1,1,1,0,0,0.9799687641982999,0.0,0.07712610404949945,25.000090084300847,2,540.0
233,0.0233,load_step,dtc_hysteresis_baseline,94.2477796076938,0.16578275134636206,94.08199685634744,0.0,0.13343794211356447,0.054976711151218,0.14431951761458822,-0.0029497706171439145,4,1,1,1,1,0,0,0.9799771811138172,0.0,0.008529855164951918,25.000090168998838,0,540.0
234,0.0234,load_step,dtc_hysteresis_baseline,94.2477796076938,0.16559348819730893,94.0821861194965,0.0,0.4766354931606383,0.050502979676744476,0.47930360346727474,-0.012163017388765268,4,1,1,1,1,0,0,0.98000035860563,0.0,0.0025101207293987825,25.00009019349892,0,540.0
235,0.0235,load_step,dtc_hysteresis_baseline,94.2477796076938,0.16485288278908589,94.08292672490471,0.0,0.06552250072271162,0.046411523550296374,0.08029463007709457,-0.0008900288639227132,3,1,1,1,1,0,0,0.9800247035941628,0.0,0.04800809623154079,25.000090672978594,3,540.0
236,0.0236,load_step,dtc_hysteresis_baseline,94.2477796076938,0.16478695410329366,94.08299265359051,0.0,-0.30674548355204023,0.035455969271143334,0.3087878194432728,0.009432806651402224,3,1,1,1,1,0,0,0.9800327547459694,0.0,0.0007803358023192583,25.000090680177465,0,540.0
237,0.023700000000000002,load_step,dtc_hysteresis_baseline,94.2477796076938,0.16533878942314786,94.08244081827065,0.0,-0.6351564828309627,0.032640855706249375,0.6359946408134547,0.018869855171278777,3,1,1,1,1,0,0,0.9800546722581921,0.0,0.011458410757258687,25.00009079415704,0,540.0
238,0.0238,load_step,dtc_hysteresis_baseline,94.2477796076938,0.1664553323191262,94.08132427537467,0.0,-0.39187575664528995,0.34418181253126406,0.5215627754389923,0.012931440206460131,6,1,1,1,1,0,0,0.9800645690497659,0.0,0.06664138151363853,25.00009145996556,2,540.0
239,0.0239,load_step,dtc_hysteresis_baseline,94.2477796076938,0.1672164114009586,94.08056319629284,0.0,0.00803355469817983,0.3081579010124024,0.30826259902469233,-0.0011898045692443483,4,1,1,1,1,0,0,0.9800606132901143,0.0,0.04012180512729927,25.000091860573878,1,540.0
240,0.024,load_step,dtc_hysteresis_baseline,94.2477796076938,0.16713236136881277,94.08064724632499,0.0,0.18453270422158988,-0.038908478966194385,0.18859000149211402,-0.007444828117919043,5,1,1,1,1,0,0,0.9800617216361076,0.0,0.015818758659375085,25.00009201814906,1,540.0
241,0.0241,load_step,dtc_hysteresis_baseline,94.2477796076938,0.16667399266701188,94.08110561502679,0.0,-0.20206063998847437,-0.03537995573780868,0.20513469599402523,0.00809819295857852,3,1,1,1,1,0,0,0.9800708526340787,0.0,0.009611749146216368,25.0000921136531,2,540.0
242,0.024200000000000003,load_step,dtc_hysteresis_baseline,94.2477796076938,0.16714581448840027,94.0806337932054,0.0,-0.5394128804264016,-0.032153714488827916,0.5403703516342625,0.021386272568302365,3,1,1,1,1,0,0,0.9800827535818352,0.0,0.005058508096406274,25.00009216362409,0,540.0
243,0.024300000000000002,load_step,dtc_hysteresis_baseline,94.2477796076938,0.16841281082898527,94.07936679686482,0.0,-0.3043087637141332,0.28491166659842126,0.4168674626750259,0.008197705996309949,6,1,1,1,1,0,0,0.9800922659509351,0.0,0.05042417659547674,25.00009266725143,2,540.0
244,0.0244,load_step,dtc_hysteresis_baseline,94.2477796076938,0.16889045430486818,94.07888915338893,0.0,0.08812318896841971,0.25393949555938866,0.26879539400614844,-0.008452217354477874,4,1,1,1,1,0,0,0.9800874686863015,0.0,0.026836344516742862,25.00009293499709,1,540.0
245,0.0245,load_step,dtc_hysteresis_baseline,94.2477796076938,0.16837166440577206,94.07940794328803,0.0,-0.10492409790549884,-0.08850739591499691,0.1372684430338478,0.0065213710769772264,1,1,1,1,1,0,0,0.9800885820208423,0.0,0.016327715410389923,25.00009309765468,2,540.0
246,0.0246,load_step,dtc_hysteresis_baseline,94.2477796076938,0.16874899259058984,94.0790306151032,0.0,-0.27337157324684036,-0.38765645569151586,0.4743517099144482,0.01983716997885958,1,1,1,1,1,0,0,0.9800949071288729,0.0,0.002261590068621652,25.00009311964993,0,540.0
247,0.0247,load_step,dtc_hysteresis_baseline,94.2477796076938,0.1699231613857738,94.07785644630803,0.0,-0.4276419067173936,-0.03338813474154102,0.4289433155119768,0.01771072003277619,2,1,1,1,1,0,0,0.9801051191352425,0.0,0.04046545269197039,25.00009352368366,2,540.0
248,0.024800000000000003,load_step,dtc_hysteresis_baseline,94.2477796076938,0.17096998486803838,94.07680962282576,0.0,-0.20207523521803497,0.28378440554722495,0.34837908881018675,-0.0008473906593854628,6,1,1,1,1,0,0,0.9801008399058603,0.0,0.028222097741334023,25.000093805281146,1,540.0
249,0.024900000000000002,load_step,dtc_hysteresis_baseline,94.2477796076938,0.17090613783431366,94.07687346985949,0.0,0.0002807651867454256,-0.06120476912998284,0.06120541310492552,0.002084186244994973,5,1,1,1,1,0,0,0.9800990028895199,0.0,0.024506770308921566,25.00009404972348,2,540.0
250,0.025,load_step,dtc_hysteresis_baseline,94.2477796076938,0.17101773275907364,94.07676187493473,0.0,0.1772420281658687,-0.36267807398523655,0.4036708088256956,0.004822873886817783,5,1,1,1,1,0,0,0.9801010670438307,0.0,0.00044550350506864195,25.000094053551518,0,540.0
251,0.0251,load_step,dtc_hysteresis_baseline,94.2477796076938,0.17129321291332472,94.07648639478047,0.0,0.3392978525475829,-0.6387650073498934,0.7232867808539781,0.007497477229986969,5,1,1,0,1,1,0,0.9801133585323193,0.0,0.019558762431210228,25.00009424851212,0,540.0
252,0.0252,load_step,dtc_hysteresis_baseline,94.2477796076938,0.17172873064991676,94.07605087704388,0.0,-0.056340356353955366,-0.5775223207091849,0.5802639629267126,0.01576768688696612,3,1,1,1,1,0,0,0.9801111047503241,0.0,0.08333074228712985,25.00009508119122,2,540.0
253,0.0253,load_step,dtc_hysteresis_baseline,94.2477796076938,0.1726591366881881,94.07512047100562,0.0,-0.22893422047707176,-0.20739414953556085,0.3089064754371832,0.00867178065611196,2,1,1,1,1,0,0,0.9800973248204212,0.0,0.04868754913701732,25.000095567432837,1,540.0
254,0.025400000000000002,load_step,dtc_hysteresis_baseline,94.2477796076938,0.1731648243990145,94.07461478329479,0.0,-0.024288773933509946,0.1314944516409922,0.1337188668496648,-0.003666202538278369,6,1,1,1,1,0,0,0.9800906303670837,0.0,0.015857652153349378,25.00009572537224,1,540.0
255,0.025500000000000002,load_step,dtc_hysteresis_baseline,94.2477796076938,0.17293211998090707,94.07484748771289,0.0,0.16309397953160082,0.42738964444859556,0.45745114967759254,-0.015058148675769921,6,1,1,1,1,0,0,0.9800951859951442,0.0,0.0021547276381535824,25.000095746281346,0,540.0
256,0.0256,load_step,dtc_hysteresis_baseline,94.2477796076938,0.15107232281587743,94.09670728487792,0.35,-0.036346229440124396,0.07014580316639821,0.07900305118394635,-0.001163766437605034,1,1,1,1,1,0,0,0.9801056615159349,0.0,0.044602062863152145,25.000096191663665,3,540.0
257,0.0257,load_step,dtc_hysteresis_baseline,94.2477796076938,0.13004569946437064,94.11773390822943,0.35,-0.21063973491284338,-0.25696115522514346,0.3322621453292463,0.011769705384923588,1,1,1,1,1,0,0,0.9800244054420061,0.0,0.0007553391848637063,25.00009619857578,0,540.0
258,0.0258,load_step,dtc_hysteresis_baseline,94.2477796076938,0.10979468126670794,94.1379849264271,0.35,-0.37025608465853826,-0.5420823137209418,0.6564623394191934,0.023505879670500687,1,1,1,1,1,0,0,0.9799603899999972,0.0,0.013279078045162804,25.000096330725235,0,540.0
259,0.025900000000000003,load_step,dtc_hysteresis_baseline,94.2477796076938,0.09024755765436863,94.15753205003944,0.35,-0.5164510041008545,-0.174986073200131,0.5452905330654315,0.01057926446963222,2,1,1,1,1,0,0,0.9799084816855833,0.0,0.07042775995246414,25.00009703436063,2,540.0
260,0.026000000000000002,load_step,dtc_hysteresis_baseline,94.2477796076938,0.06992835655113944,94.17785125114266,0.35,-0.2834995827069469,0.15391677866009357,0.32258702414714896,-0.006009200289372916,6,1,1,1,1,0,0,0.9798647855680408,0.0,0.04352296103087545,25.00009746894334,1,540.0
261,0.0261,load_step,dtc_hysteresis_baseline,94.2477796076938,0.04861799784565407,94.19916160984815,0.35,0.1111281219849693,0.14098159841341673,0.17951398437756352,-0.008154244221944482,4,1,1,1,1,0,0,0.9798254892012761,0.0,0.01711535682391058,25.000097639447116,1,540.0
262,0.0262,load_step,dtc_hysteresis_baseline,94.2477796076938,0.027180908606862456,94.22059869908693,0.35,-0.08407068655533187,-0.1921756197079837,0.20976021822078758,0.010443215981911584,1,1,1,1,1,0,0,0.979789375776417,0.0,0.008944397953198137,25.000097728240167,2,540.0
263,0.0263,load_step,dtc_hysteresis_baseline,94.2477796076938,0.006858411324767642,94.24092119636903,0.35,-0.2544861035903002,-0.48282999596882875,0.5457911522989651,0.026459637995119942,1,1,1,1,1,0,0,0.979758671195857,0.0,0.005296669250386478,25.00009778055534,0,540.0
264,0.0264,load_step,dtc_hysteresis_baseline,94.2477796076938,-0.012504039078611421,94.26028364677241,0.35,-0.41055592820777387,-0.7490238582594659,0.854162110157342,0.04093509126047233,1,1,1,1,1,0,0,0.9797372457228635,0.0,0.035848789391069544,25.000098138391362,0,540.0
265,0.026500000000000003,load_step,dtc_hysteresis_baseline,94.2477796076938,-0.03099873397507108,94.27877834166887,0.35,-0.009444153240468522,-0.678734436839542,0.678800138319314,0.042713792870011785,4,1,1,1,1,0,0,0.9797210662888026,0.0,0.11199538891796199,25.000099257690994,2,540.0
266,0.026600000000000002,load_step,dtc_hysteresis_baseline,94.2477796076938,-0.04938556342272066,94.29716517111652,0.35,0.3578375483486047,-0.6144480782109906,0.7110514410542458,0.048757682079199366,4,1,1,1,1,0,0,0.9797073772609912,0.0,0.05544220697351497,25.000099811451346,0,540.0
267,0.0267,load_step,dtc_hysteresis_baseline,94.2477796076938,-0.06740929016454135,94.31518889785835,0.35,0.6858539694706409,-0.5556512583037763,0.8826913323995,0.05799768304058913,4,1,1,1,1,0,0,0.9796983705277595,0.0,0.060801877155348856,25.000100418804706,0,540.0
268,0.0268,load_step,dtc_hysteresis_baseline,94.2477796076938,-0.08487867424296791,94.33265828193677,0.35,0.9862816230625003,-0.5018741301936923,1.106629604948501,0.07004964073309367,4,1,1,1,1,0,0,0.9796918123081322,0.0,0.09368175368923122,25.000101354952786,0,540.0
269,0.0269,load_step,dtc_hysteresis_baseline,94.2477796076938,-0.10162547973591626,94.34940508742972,0.35,1.0759615323744434,-0.1457850498336385,1.0857930281156518,0.06551421630758802,6,1,1,1,1,0,0,0.9796861448999978,0.0,0.16292671276843165,25.000102983544213,1,540.0
270,0.027,load_step,dtc_hysteresis_baseline,94.2477796076938,-0.11864241612454518,94.36642202381834,0.35,1.158196737392722,0.18025664719791618,1.1721399836905915,0.06782590524437943,6,1,1,1,1,0,0,0.9796803649798749,0.0,0.14176387795355994,25.000104400496436,0,540.0
271,0.027100000000000003,load_step,dtc_hysteresis_baseline,94.2477796076938,-0.13551970455170398,94.3832993122455,0.35,1.2336235995819789,0.4788213363507097,1.3232902393618258,0.07584003185243264,6,1,1,1,1,0,0,0.9796748211090656,0.0,0.16521585731497682,25.000106051959005,0,540.0
272,0.027200000000000002,load_step,dtc_hysteresis_baseline,94.2477796076938,-0.15191609952430915,94.39969570721811,0.35,0.9401153464876717,0.7522595867237949,1.2040395967406927,0.07121660164221338,2,1,1,1,1,0,0,0.9796690299312555,0.0,0.2293345291605881,25.000108344597283,1,540.0
273,0.0273,load_step,dtc_hysteresis_baseline,94.2477796076938,-0.1685879189262276,94.41636752662002,0.35,0.6756282465144408,0.995507929561701,1.203124916751541,0.0745486052128792,2,1,1,1,1,0,0,0.9796627903695527,0.0,0.17436399018565463,25.000110087514887,0,540.0
274,0.0274,load_step,dtc_hysteresis_baseline,94.2477796076938,-0.18505905725540292,94.4328386649492,0.35,0.4335203975033972,1.2183519206434503,1.2931826389134242,0.08454944095814759,2,1,1,1,1,0,0,0.979658942079543,0.0,0.17410633340854748,25.000111827844304,0,540.0
275,0.0275,load_step,dtc_hysteresis_baseline,94.2477796076938,-0.20093044087289538,94.4487100485667,0.35,0.030522641636501344,1.1084215957656918,1.108841767617108,0.07864438226799514,3,1,1,1,1,0,0,0.9796564184324527,0.0,0.21946934364844473,25.00011402179222,1,540.0
276,0.027600000000000003,load_step,dtc_hysteresis_baseline,94.2477796076938,-0.21715398692894633,94.46493359462275,0.35,-0.33848621146616537,1.0078855699267,1.0632056421121863,0.08047305634717832,3,1,1,1,1,0,0,0.9796545589710464,0.0,0.14790156612343322,25.000115500047738,0,540.0
277,0.027700000000000002,load_step,dtc_hysteresis_baseline,94.2477796076938,-0.2332668514831599,94.48104645917697,0.35,-0.6680844301393732,0.9159394494040027,1.133702730335055,0.08839227726651946,3,1,1,1,1,0,0,0.9796554236024589,0.0,0.13596576784134143,25.000116858935417,0,540.0
278,0.027800000000000002,load_step,dtc_hysteresis_baseline,94.2477796076938,-0.24890456084295942,94.49668416853676,0.35,-0.969960864021565,0.8318474860679683,1.2778084041870517,0.10152909400305167,3,1,1,1,1,0,0,0.9796574162881693,0.0,0.15458392494772935,25.000118403995607,0,540.0
279,0.0279,load_step,dtc_hysteresis_baseline,94.2477796076938,-0.26375491012974617,94.51153451782355,0.35,-1.0651322484336834,0.4408219644553409,1.1527491969199803,0.09426821067150949,1,1,1,1,1,0,0,0.9796595131794933,0.0,0.21447750131830798,25.00012054798126,1,540.0
280,0.028,load_step,dtc_hysteresis_baseline,94.2477796076938,-0.2790386381635851,94.52681824585738,0.35,-1.1482322913531464,0.09003358972426147,1.1517566766399636,0.09488863688888374,1,1,1,1,1,0,0,0.979661064223461,0.0,0.15981937150269931,25.00012214537132,0,540.0
281,0.0281,load_step,dtc_hysteresis_baseline,94.2477796076938,-0.29428406319116607,94.54206367088497,0.35,-1.224451397471921,-0.23116332245547344,1.2460809389520384,0.10213038016357054,1,1,1,1,1,0,0,0.9796635108958723,0.0,0.15953237278410717,25.000123739880745,0,540.0
282,0.028200000000000003,load_step,dtc_hysteresis_baseline,94.2477796076938,-0.30909494258868936,94.55687455028249,0.35,-1.2943769216736458,-0.525300305568443,1.3969080235977038,0.11484929920901171,1,1,1,1,1,0,0,0.9796657461558711,0.0,0.18673128251051438,25.000125606368638,0,540.0
283,0.028300000000000002,load_step,dtc_hysteresis_baseline,94.2477796076938,-0.32314353407555657,94.57092314176936,0.35,-0.9958373578434498,-0.7946923709771706,1.2740596562822089,0.10701880202410344,5,1,1,1,1,0,0,0.9796671919819995,0.0,0.25446810464837416,25.00012815021231,1,540.0
284,0.0284,load_step,dtc_hysteresis_baseline,94.2477796076938,-0.3376596538353458,94.58543926152915,0.35,-0.7267481485257747,-1.0342434963161478,1.2640500310738856,0.10785475109508208,5,1,1,1,1,0,0,0.979667512186848,0.0,0.19522741530532173,25.000130101632127,0,540.0
285,0.0285,load_step,dtc_hysteresis_baseline,94.2477796076938,-0.3521246318329015,94.59990423952671,0.35,-0.4804301695815568,-1.2537087318539362,1.3426089274881827,0.1159785409853796,5,1,1,1,1,0,0,0.9796690907571314,0.0,0.19216798612380845,25.000132022444642,0,540.0
286,0.0286,load_step,dtc_hysteresis_baseline,94.2477796076938,-0.3661023390363124,94.61388194673012,0.35,-0.2549345556792688,-1.4548050927403708,1.4769730821997757,0.13012981090910236,5,1,1,1,1,0,0,0.979670830711659,0.0,0.21680037174836056,25.00013418956821,0,540.0
287,0.0287,load_step,dtc_hysteresis_baseline,94.2477796076938,-0.37923210485178793,94.6270117125456,0.35,0.13287516037611163,-1.3249878724773634,1.331633834977569,0.12268082323894898,4,1,1,1,1,0,0,0.9796721370993887,0.0,0.2832983942681102,25.000137021657558,1,540.0
288,0.028800000000000003,load_step,dtc_hysteresis_baseline,94.2477796076938,-0.3928066385100161,94.64058624620381,0.35,0.47966988028718754,-1.2062659586493147,1.2981374184002537,0.12423095202370987,4,1,1,1,1,0,0,0.9796726204980847,0.0,0.21329180419112387,25.000139153662122,0,540.0
289,0.028900000000000002,load_step,dtc_hysteresis_baseline,94.2477796076938,-0.4062873634358595,94.65406697112967,0.35,0.7972753850593718,-1.0976886147938936,1.3566754713894205,0.13337756083255775,4,1,1,1,1,0,0,0.9796752468625697,0.0,0.20269004772293767,25.00014117963491,0,540.0
290,0.029,load_step,dtc_hysteresis_baseline,94.2477796076938,-0.4192196836957635,94.66699929138956,0.35,1.0881879327971131,-0.9983864082288251,1.4767966675278315,0.1488017075901194,4,1,1,1,1,0,0,0.979678584886074,0.0,0.22137915628813779,25.000143392485274,0,540.0
291,0.0291,load_step,dtc_hysteresis_baseline,94.2477796076938,-0.4312279689471181,94.67900757664091,0.35,1.173335972505736,-0.5934494429483643,1.3148762472992297,0.13775116526713432,6,1,1,1,1,0,0,0.9796817709578545,0.0,0.28323834487927707,25.000146223912772,1,540.0
292,0.0292,load_step,dtc_hysteresis_baseline,94.2477796076938,-0.4438966393537423,94.69167624704754,0.35,1.2472724881422375,-0.2299367835153182,1.2682900236499135,0.1359701374781221,6,1,1,1,1,0,0,0.9796841839198456,0.0,0.20795299598007105,25.000148302467906,0,540.0
293,0.029300000000000003,load_step,dtc_hysteresis_baseline,94.2477796076938,-0.456670920093383,94.70445052778719,0.35,1.3151135062963168,0.10289888613577225,1.319132940689063,0.14199648579948326,6,1,1,1,1,0,0,0.9796884079828948,0.0,0.19346149302659324,25.000150236094154,0,540.0
294,0.029400000000000003,load_step,dtc_hysteresis_baseline,94.2477796076938,-0.4690835790623842,94.71686318675619,0.35,1.377378475515786,0.40768201950732547,1.4364456459761232,0.15449954094125568,6,1,1,1,1,0,0,0.979692794891774,0.0,0.2092700515805812,25.000152327793096,0,540.0
295,0.029500000000000002,load_step,dtc_hysteresis_baseline,94.2477796076938,-0.4807470525213772,94.72852666021518,0.35,1.4345423914003288,0.6868125864940458,1.5904789849888665,0.17232027330907346,6,1,1,1,1,0,0,0.9796964273322178,0.030831310050343008,0.24815171039778527,25.00015480829468,0,540.0
296,0.0296,load_step,dtc_hysteresis_baseline,94.2477796076938,-0.4913431673820823,94.73912277507588,0.35,1.124331093111634,0.9424852458009002,1.4671056013423114,0.16312821307153658,2,1,1,1,1,0,0,0.9796987367911628,0.0,0.32677224696956947,25.000158074985094,1,540.0
297,0.0297,load_step,dtc_hysteresis_baseline,94.2477796076938,-0.5024885570442238,94.75026816473803,0.35,0.8445662439228874,1.1694938744393588,1.4425699507216962,0.1638151961839518,2,1,1,1,1,0,0,0.9796993169849517,0.0,0.2588836120715139,25.00016066276738,0,540.0
298,0.0298,load_step,dtc_hysteresis_baseline,94.2477796076938,-0.5135919786287536,94.76137158632255,0.35,0.5884830882853427,1.3774921325898695,1.497930879762094,0.17288193258652995,2,1,1,1,1,0,0,0.9797018482812139,0.0,0.2502917967534768,25.000163164614264,0,540.0
299,0.029900000000000003,load_step,dtc_hysteresis_baseline,94.2477796076938,-0.5241519580766457,94.77193156577044,0.35,0.35405453123749553,1.5681044049819526,1.6075776920614464,0.18888121659315285,2,1,1,1,1,0,0,0.9797047995259673,0.04144160040404321,0.26987204668610043,25.000165862246966,0,540.0
300,0.030000000000000002,load_step,dtc_hysteresis_baseline,94.2477796076938,-0.5337536663187578,94.78153327401256,0.35,-0.04192737112574005,1.428701343044191,1.4293164212538072,0.173225820941839,3,1,1,1,1,0,0,0.9797072553055022,0.0,0.33360519597206356,25.000169197193177,1,540.0
301,0.030100000000000002,load_step,dtc_hysteresis_baseline,94.2477796076938,-0.5442915170897837,94.79207112478359,0.35,-0.39619882096726833,1.301214489098793,1.3601958139828567,0.16799517161654764,3,1,1,1,1,0,0,0.97970855959535,0.0,0.24572477166538462,25.00017165331291,0,540.0
302,0.0302,load_step,dtc_hysteresis_baseline,94.2477796076938,-0.5551415807819932,94.80292118847579,0.35,-0.7206446911042383,1.1846221875493963,1.3865996170672485,0.17154057957347993,3,1,1,1,1,0,0,0.9797124682601245,0.0,0.22251455022340869,25.000173877314058,0,540.0
303,0.0303,load_step,dtc_hysteresis_baseline,94.2477796076938,-0.5657786397398543,94.81355824743366,0.35,-1.0178153393060048,1.0779902530973138,1.4825690711394894,0.1823900758085049,3,1,1,1,1,0,0,0.9797168171395695,0.0,0.2312193014251071,25.00017618834789,0,540.0
304,0.0304,load_step,dtc_hysteresis_baseline,94.2477796076938,-0.5757656050559878,94.82354521274979,0.35,-1.2900429952321402,0.9804644348271033,1.620346085720067,0.19926060337019003,3,1,1,1,1,0,0,0.9797203961747061,0.048548494089620475,0.2643322148811531,25.00017883049545,0,540.0
305,0.030500000000000003,load_step,dtc_hysteresis_baseline,94.2477796076938,-0.5847422045623928,94.83252181225619,0.35,-1.3581061322177579,0.5771488066297441,1.4756534184426964,0.18275977407954558,1,1,1,1,1,0,0,0.9797224814121243,0.0,0.3387084369030774,25.000182216387614,1,540.0
306,0.030600000000000002,load_step,dtc_hysteresis_baseline,94.2477796076938,-0.594705588688534,94.84248519638234,0.35,-1.416420609096737,0.21511529235612137,1.4326625320986903,0.17700136827932647,1,1,1,1,1,0,0,0.979722584686479,0.0,0.26188356637088117,25.0001848340085,0,540.0
307,0.0307,load_step,dtc_hysteresis_baseline,94.2477796076938,-0.6050128128890451,94.85279242058284,0.35,-1.4699765653465762,-0.1163712381627754,1.4745756568381476,0.18029005137655135,1,1,1,1,1,0,0,0.9797246083775938,0.0,0.24683244853360506,25.00018730110076,0,540.0
308,0.0308,load_step,dtc_hysteresis_baseline,94.2477796076938,-0.6151224374842043,94.862902045178,0.35,-1.5191784374467219,-0.4199240944188953,1.5761470013538055,0.1911114730728926,1,1,1,1,1,0,0,0.9797266429229016,0.02302360795675784,0.2614794608020762,25.000189914646693,0,540.0
309,0.0309,load_step,dtc_hysteresis_baseline,94.2477796076938,-0.6245836890515712,94.87236329674538,0.35,-1.5643961242329778,-0.69793305543667,1.7130224118167072,0.20814554853684997,1,1,1,1,1,0,0,0.9797276979503258,0.1029922409220504,0.29875512865386555,25.000192900931882,0,540.0
310,0.031,load_step,dtc_hysteresis_baseline,94.2477796076938,-0.6330248278529677,94.88080443554676,0.35,-1.2432594249615845,-0.9525834545858444,1.566240478249273,0.19369662675115415,5,1,1,1,1,0,0,0.9797272267256615,0.020630230876623967,0.3771865592457883,25.000196671511468,1,540.0
311,0.031100000000000003,load_step,dtc_hysteresis_baseline,94.2477796076938,-0.6423299982261929,94.89010960591999,0.35,-0.9535022380729182,-1.1786606305813914,1.5160499332451378,0.1903111594010217,5,1,1,1,1,0,0,0.9797248659664021,0.0,0.2950451140203848,25.000199620651465,0,540.0
312,0.031200000000000002,load_step,dtc_hysteresis_baseline,94.2477796076938,-0.6518370533070424,94.89961666100085,0.35,-0.6882796410720373,-1.3858098417894489,1.5473195474480215,0.19628153533900092,5,1,1,1,1,0,0,0.9797255081979921,0.007038420998439543,0.2764330661953525,25.000202383651324,0,540.0
313,0.0313,load_step,dtc_hysteresis_baseline,94.2477796076938,-0.6609860872494372,94.90876569494324,0.35,-0.44549127402936645,-1.5756478744893154,1.6374152495988932,0.21002266706533224,5,1,1,1,1,0,0,0.979727074841502,0.0591961125260555,0.28795198356577856,25.000205261821936,0,540.0
314,0.031400000000000004,load_step,dtc_hysteresis_baseline,94.2477796076938,-0.6693120950747663,94.91709170276857,0.35,-0.22321648338414962,-1.7496532856674727,1.7638345212919972,0.23015367146079926,5,1,1,1,1,0,0,0.9797283410149188,0.1330054136044757,0.32247441475844413,25.00020848519767,0,540.0
315,0.0315,load_step,dtc_hysteresis_baseline,94.2477796076938,-0.6764327449899623,94.92421235268377,0.35,0.16165527436337093,-1.5950634195720328,1.6032341501434915,0.21725501826181107,4,1,1,1,1,0,0,0.9797284878997324,0.04260299844705917,0.39919872108879456,25.00021247579498,1,540.0
316,0.0316,load_step,dtc_hysteresis_baseline,94.2477796076938,-0.684324753783027,94.93210436147683,0.35,0.5057710685191196,-1.453687964718384,1.539159859312232,0.2154626266575641,4,1,1,1,1,0,0,0.9797268711830611,0.0035905835260368058,0.30918413526953364,25.00021556621983,0,540.0
317,0.0317,load_step,dtc_hysteresis_baseline,94.2477796076938,-0.6923234199617254,94.94010302765552,0.35,0.8209337083422296,-1.3243936042296136,1.5581882339489126,0.2231226088015316,4,1,1,1,1,0,0,0.9797292726068437,0.013609870246021116,0.28495424016058346,25.000218414325122,0,540.0
318,0.0318,load_step,dtc_hysteresis_baseline,94.2477796076938,-0.6998630682353136,94.94764267592912,0.35,1.1096185320840852,-1.2061441348860995,1.6389133475765512,0.2386211137586669,4,1,1,1,1,0,0,0.9797331314207534,0.06020900556856745,0.2920318308119056,25.000221333187334,0,540.0
319,0.031900000000000005,load_step,dtc_hysteresis_baseline,94.2477796076938,-0.7064746459405038,94.9542542536343,0.35,1.3740891835071731,-1.0979920918083133,1.7588938904621294,0.26055278482978805,4,1,1,1,1,0,0,0.9797367851309475,0.13018680558140072,0.323075371927754,25.000224562465498,0,540.0
320,0.032,load_step,dtc_hysteresis_baseline,94.2477796076938,-0.7117732385054958,94.9595528461993,0.35,1.4350614283963432,-0.6849563878663995,1.5901467091277894,0.2428173666036188,6,1,1,1,1,0,0,0.9797390380270828,0.03502563673522907,0.39703604297634737,25.000228531328844,1,540.0
321,0.032100000000000004,load_step,dtc_hysteresis_baseline,94.2477796076938,-0.7181327809176622,94.96591238861146,0.35,1.4868937907212183,-0.3140311517005636,1.5196936234398355,0.23658641585653967,6,1,1,1,1,0,0,0.9797389491291891,0.0,0.30414506310316475,25.000231571255934,0,540.0
322,0.0322,load_step,dtc_hysteresis_baseline,94.2477796076938,-0.7248647192341121,94.9726443269279,0.35,1.5345236139077758,0.025589524989304207,1.534736962945038,0.2401296437577065,6,1,1,1,1,0,0,0.9797429737187822,0.0,0.2777674082888014,25.000234347386208,0,540.0
323,0.0323,load_step,dtc_hysteresis_baseline,94.2477796076938,-0.7313840996804367,94.97916370737424,0.35,1.5783071585116177,0.33658366462594813,1.6137974005128555,0.2518105247017236,6,1,1,1,1,0,0,0.979748039695966,0.04542401689983733,0.2832702186355005,25.000237178526078,0,540.0
324,0.0324,load_step,dtc_hysteresis_baseline,94.2477796076938,-0.737203949532028,94.98498355722583,0.35,1.6185703471630632,0.6214002156001566,1.7337555181349764,0.2702026021097593,6,1,1,1,1,0,0,0.9797522502854902,0.11536065663730588,0.3131995739514273,25.000240308940626,0,540.0
325,0.0325,load_step,dtc_hysteresis_baseline,94.2477796076938,-0.7419226982320928,94.98970230592589,0.35,1.2929028348428009,0.8822786077981667,1.5652518270626046,0.243893738029059,2,1,1,1,1,0,0,0.9797543943157064,0.02032939683193702,0.3860562214183362,25.00024416790078,1,540.0
326,0.032600000000000004,load_step,dtc_hysteresis_baseline,94.2477796076938,-0.7482155099352902,94.99599511762909,0.35,0.9990018739924604,1.1140536350151276,1.4963690206399178,0.22985749569150976,2,1,1,1,1,0,0,0.9797536552312849,0.0,0.29463496075741297,25.000247112622603,0,540.0
327,0.0327,load_step,dtc_hysteresis_baseline,94.2477796076938,-0.7553478219134113,95.00312742960722,0.35,0.7299892150773042,1.3264153662078453,1.5140217890907222,0.22613520471705184,2,1,1,1,1,0,0,0.9797564184558443,0.0,0.2692440803659663,25.00024980341599,0,540.0
328,0.0328,load_step,dtc_hysteresis_baseline,94.2477796076938,-0.7627023423887519,95.01048195008255,0.35,0.4837340450146437,1.5210216698989394,1.5960907075126989,0.23105551181206213,2,1,1,1,1,0,0,0.9797594136626026,0.03491398599758855,0.27561213914108373,25.000252557872024,0,540.0
329,0.0329,load_step,dtc_hysteresis_baseline,94.2477796076938,-0.7697618473433611,95.01754145503716,0.35,0.2582878638328397,1.6993887456240278,1.7189050960878958,0.24315918406169884,2,1,1,1,1,0,0,0.9797609203872163,0.10653756397281089,0.3063017837181227,25.000255619206143,0,540.0
330,0.033,load_step,dtc_hysteresis_baseline,94.2477796076938,-0.7760964787157726,95.02387608640957,0.35,-0.1294853426926709,1.5487884155232001,1.5541917545885717,0.21349047865876597,3,1,1,1,1,0,0,0.9797601148863617,0.013721796042114875,0.37961552850076014,25.0002594136573,1,540.0
331,0.033100000000000004,load_step,dtc_hysteresis_baseline,94.2477796076938,-0.7842061150153542,95.03198572270915,0.35,-0.4762559475748559,1.4110619370480555,1.489266771866691,0.19645115450286038,3,1,1,1,1,0,0,0.9797566235964834,0.0,0.2904396396503898,25.00026231632427,0,540.0
332,0.0332,load_step,dtc_hysteresis_baseline,94.2477796076938,-0.7933348281881343,95.04111443588194,0.35,-0.7938476488193418,1.2851047368638198,1.510525827070105,0.18992596517673768,3,1,1,1,1,0,0,0.9797556360599603,0.0,0.266662735050899,25.000264981202847,0,540.0
333,0.0333,load_step,dtc_hysteresis_baseline,94.2477796076938,-0.8028533328959783,95.05063294058978,0.35,-1.084754972200107,1.1699069303623946,1.5954233216995468,0.19223175946583604,3,1,1,1,1,0,0,0.9797544175910603,0.03448048091535072,0.274323420501743,25.00026772267051,0,540.0
334,0.0334,load_step,dtc_hysteresis_baseline,94.2477796076938,-0.8122331185158201,95.06001272620962,0.35,-1.3512591760723807,1.064545120633262,1.720220240197137,0.20189812939644258,3,1,1,1,1,0,0,0.9797517662164565,0.10729364885897741,0.30604183779315774,25.00027078130407,0,540.0
335,0.0335,load_step,dtc_hysteresis_baseline,94.2477796076938,-0.8210337100075703,95.06881331770137,0.35,-1.4140921883278617,0.6540602120642797,1.5580280735902838,0.17856029660472125,1,1,1,1,1,0,0,0.9797472816740813,0.015965004326162213,0.3801870998730758,25.00027458136986,1,540.0
336,0.033600000000000005,load_step,dtc_hysteresis_baseline,94.2477796076938,-0.8312302527308956,95.07900986042469,0.35,-1.4676273549761734,0.28546641247129556,1.4951324776499206,0.16726502189824843,1,1,1,1,1,0,0,0.9797408968796316,0.0,0.29189970498944673,25.00027749853637,0,540.0
337,0.0337,load_step,dtc_hysteresis_baseline,94.2477796076938,-0.8421019655532381,95.08988157324704,0.35,-1.5168150726898684,-0.052023615431464915,1.51770696160416,0.16600550117055923,1,1,1,1,1,0,0,0.9797371377138039,0.0,0.2688063023179842,25.000280184749403,0,540.0
338,0.033800000000000004,load_step,dtc_hysteresis_baseline,94.2477796076938,-0.8530482177445469,95.10082782543834,0.35,-1.5620235666570361,-0.3610709263628375,1.6032123492090764,0.17313852847662653,1,1,1,1,1,0,0,0.9797339623350285,0.03912044441353091,0.2769901176125719,25.00028295278268,0,540.0
339,0.0339,load_step,dtc_hysteresis_baseline,94.2477796076938,-0.8635667606067623,95.11134636830056,0.35,-1.603589711143275,-0.644108971702244,1.7281135174264144,0.1872304034580213,1,1,1,1,1,0,0,0.9797304174339666,0.11200758839603642,0.309101777427803,25.0002860419141,0,540.0
340,0.034,load_step,dtc_hysteresis_baseline,94.2477796076938,-0.8732411822794783,95.12102078997327,0.35,-1.2791131793829624,-0.9033630286505567,1.5659486860059935,0.17413412625431174,5,1,1,1,1,0,0,0.9797260666937327,0.020702602829863692,0.38364984860029666,25.00028987650564,1,540.0
341,0.0341,load_step,dtc_hysteresis_baseline,94.2477796076938,-0.883698593215407,95.13147820090921,0.35,-0.9863003828625103,-1.133654966853498,1.5026516659247213,0.17203108025723085,5,1,1,1,1,0,0,0.979720659263407,0.0,0.29494845278772724,25.00029282405766,0,540.0
342,0.0342,load_step,dtc_hysteresis_baseline,94.2477796076938,-0.8942810552102114,95.14206066290402,0.35,-0.7182812925638787,-1.3446623822493915,1.524481858692928,0.17920419336246812,5,1,1,1,1,0,0,0.9797190378642346,0.0,0.2715881083022515,25.00029553798658,0,540.0
343,0.034300000000000004,load_step,dtc_hysteresis_baseline,94.2477796076938,-0.9044334369350662,95.15221304462887,0.35,-0.4729326738760504,-1.538031715028581,1.6091012617151566,0.1940726237474379,5,1,1,1,1,0,0,0.9797191661090175,0.04266807962010444,0.2795378893416284,25.00029833139522,0,540.0
344,0.0344,load_step,dtc_hysteresis_baseline,94.2477796076938,-0.9136952534838175,95.16147486117762,0.35,-0.248313011599038,-1.7152687037619758,1.7331491793364682,0.2152600118250985,5,1,1,1,1,0,0,0.979719784605341,0.11504570300620387,0.311444134083655,25.000301443847686,0,540.0
345,0.0345,load_step,dtc_hysteresis_baseline,94.2477796076938,-0.9216884220826751,95.16946802977648,0.35,0.1387072633152935,-1.5636356086864507,1.5697757870628102,0.20598358250574114,4,1,1,1,1,0,0,0.9797199838676895,0.023025064467120604,0.38588523182329904,25.00030530069038,1,540.0
346,0.0346,load_step,dtc_hysteresis_baseline,94.2477796076938,-0.9302361144474123,95.17801572214121,0.35,0.4847925708798823,-1.4249649581774395,1.505174065951828,0.20724033387798346,4,1,1,1,1,0,0,0.9797189966029963,0.0,0.2964391831887221,25.000308263046872,0,540.0
347,0.0347,load_step,dtc_hysteresis_baseline,94.2477796076938,-0.9387079411531115,95.18648754884691,0.35,0.8017606226523291,-1.2981438194954629,1.5257776614337095,0.21749543455166914,4,1,1,1,1,0,0,0.9797222064716932,0.0,0.2725314801278132,25.000310986306587,0,540.0
348,0.034800000000000005,load_step,dtc_hysteresis_baseline,94.2477796076938,-0.946565411535082,95.19434501922888,0.35,1.0921004057107377,-1.1821547511952457,1.6094014887302208,0.23519050825514493,4,1,1,1,1,0,0,0.9797271245511099,0.04285976892682386,0.28002890543114,25.0003137845224,0,540.0
349,0.0349,load_step,dtc_hysteresis_baseline,94.2477796076938,-0.9533633356461527,95.20114294333996,0.35,1.358088068564696,-1.0760675350793933,1.7327217151145848,0.25896991707678224,4,1,1,1,1,0,0,0.9797320446917533,0.11479229168604965,0.3115619270181929,25.000316898049775,0,540.0
350,0.035,load_step,dtc_hysteresis_baseline,94.2477796076938,-0.9587376844301029,95.2065172921239,0.35,1.420450836623332,-0.6649169399422432,1.5683733982333672,0.24301576457644108,6,1,1,1,1,0,0,0.979735656839798,0.02218480986748972,0.38568921761414143,25.000320752829296,1,540.0
351,0.0351,load_step,dtc_hysteresis_baseline,94.2477796076938,-0.9650663793176102,95.2128459870114,0.35,1.4735577380071376,-0.29571167295125855,1.502936392785917,0.23822584222189822,6,1,1,1,1,0,0,0.9797368856104989,0.0,0.29588257869277174,25.00032370951673,0,540.0
352,0.0352,load_step,dtc_hysteresis_baseline,94.2477796076938,-0.9716812356919658,95.21946084338576,0.35,1.5223548242421854,0.0423402396681925,1.5229435008524168,0.24294904637449505,6,1,1,1,1,0,0,0.9797420104495144,0.0,0.27168033964265886,25.000326424162065,0,540.0
353,0.035300000000000005,load_step,dtc_hysteresis_baseline,94.2477796076938,-0.9780129287876528,95.22579253648145,0.35,1.5672064426612435,0.35190404232368616,1.6062292765737587,0.2555830451329301,6,1,1,1,1,0,0,0.9797480043651644,0.040924552312691764,0.2789349765218798,25.000329211335668,0,540.0
354,0.0354,load_step,dtc_hysteresis_baseline,94.2477796076938,-0.9835880674028732,95.23136767509668,0.35,1.6084460054655105,0.6354169793760562,1.7294083642035933,0.2747320459802598,6,1,1,1,1,0,0,0.9797529661392759,0.11276529007756297,0.3102682646121425,25.000332311823573,0,540.0
355,0.035500000000000004,load_step,dtc_hysteresis_baseline,94.2477796076938,-0.9880168264024982,95.2357964340963,0.35,1.2836701050898403,0.8951077612732308,1.564936689771486,0.24817086409116731,2,1,1,1,1,0,0,0.9797556599194985,0.020079248137201855,0.3841820458160759,25.00033615142862,1,540.0
356,0.0356,load_step,dtc_hysteresis_baseline,94.2477796076938,-0.9940347703722355,95.24181437806604,0.35,0.9905824203263308,1.125801364890377,1.499560683883319,0.2338886542296589,2,1,1,1,1,0,0,0.9797552478363432,0.0,0.2945121875447198,25.000339094309485,0,540.0
357,0.0357,load_step,dtc_hysteresis_baseline,94.2477796076938,-1.000906955396123,95.24868656308992,0.35,0.722310662790667,1.3371778110823211,1.5197951151494073,0.22993034089859912,2,1,1,1,1,0,0,0.9797582699444118,0.0,0.27038858665099225,25.000341795934723,0,540.0
358,0.0358,load_step,dtc_hysteresis_baseline,94.2477796076938,-1.0080154934061052,95.2557951010999,0.35,0.47672955686883417,1.5308858772948386,1.6033972183127743,0.23462467684976965,2,1,1,1,1,0,0,0.9797614127682345,0.03917791495784628,0.2777124016940437,25.0003445707801,0,540.0
359,0.0359,load_step,dtc_hysteresis_baseline,94.2477796076938,-1.014842557793521,95.26262216548731,0.35,0.25189572415237194,1.7084335265245119,1.7269037525001871,0.24651285585312388,2,1,1,1,1,0,0,0.979762940340774,0.11121886113685064,0.30910673550134127,25.000347659550318,0,540.0
360,0.036000000000000004,load_step,dtc_hysteresis_baseline,94.2477796076938,-1.0209576624180012,95.2687372701118,0.35,-0.135322113211642,1.5570851191770056,1.562954299615486,0.21604814907743425,3,1,1,1,1,0,0,0.9797620357641738,0.01884966443510039,0.3830368342609486,25.00035148760093,1,540.0
361,0.0361,load_step,dtc_hysteresis_baseline,94.2477796076938,-1.028895424678467,95.27667503237227,0.35,-0.48158994862051646,1.418675153385919,1.4981882623511882,0.19834458815744838,3,1,1,1,1,0,0,0.9797583445667933,0.0,0.29371879736216594,25.000354422445653,0,540.0
362,0.0362,load_step,dtc_hysteresis_baseline,94.2477796076938,-1.0378920275490562,95.28567163524286,0.35,-0.7987265105196547,1.292092408303962,1.519034835085633,0.1912594204284666,3,1,1,1,1,0,0,0.9797571961875434,0.0,0.2698630199517152,25.000357118713037,0,540.0
363,0.0363,load_step,dtc_hysteresis_baseline,94.2477796076938,-1.0473119434075295,95.29509155110134,0.35,-1.0892218243813045,1.1763210428349435,1.603164177033914,0.19309651994651775,3,1,1,1,1,0,0,0.9797557981652459,0.03903225899096552,0.2774192670281792,25.000359890524916,0,540.0
364,0.0364,load_step,dtc_hysteresis_baseline,94.2477796076938,-1.056621196284985,95.30440080397878,0.35,-1.3553530725587815,1.07043230000856,1.727080559845471,0.2023743754256287,3,1,1,1,1,0,0,0.9797529318989486,0.11132978697654627,0.30901580603714635,25.000362978283707,0,540.0
365,0.036500000000000005,load_step,dtc_hysteresis_baseline,94.2477796076938,-1.0653745106811348,95.31315411837494,0.35,-1.417848490817612,0.6594622616624934,1.5637086741048638,0.17865004109296018,1,1,1,1,1,0,0,0.9797482044321668,0.01931626782076612,0.3831251769625662,25.000366807115622,1,540.0
366,0.0366,load_step,dtc_hysteresis_baseline,94.2477796076938,-1.0755469097084258,95.32332651740222,0.35,-1.4710780804821741,0.29042079753058025,1.4994715597547745,0.1670460470248887,1,1,1,1,1,0,0,0.9797415654226637,0.0,0.2940304084514071,25.000369744974325,0,540.0
367,0.0367,load_step,dtc_hysteresis_baseline,94.2477796076938,-1.0864129556664304,95.33419256336023,0.35,-1.5199882904942978,-0.04748280065632391,1.5207297654737828,0.1655375306116537,1,1,1,1,1,0,0,0.9797376012255867,0.0,0.27036786641087185,25.000372446188024,0,540.0
368,0.0368,load_step,dtc_hysteresis_baseline,94.2477796076938,-1.09736844230662,95.34514805000042,0.35,-1.564943862594252,-0.3569126450742579,1.605128010248815,0.172473379843656,1,1,1,1,1,0,0,0.979734250073411,0.04025950893147423,0.27809417724212965,25.00037522464682,0,540.0
369,0.0369,load_step,dtc_hysteresis_baseline,94.2477796076938,-1.1079080188170631,95.35568762651086,0.35,-1.606278579575837,-0.6403049718808211,1.7291967303402662,0.18641331913447512,1,1,1,1,1,0,0,0.9797305520883243,0.11265422767945499,0.30984082981002997,25.000378320553622,0,540.0
370,0.037000000000000005,load_step,dtc_hysteresis_baseline,94.2477796076938,-1.1176125649492388,95.36539217264304,0.35,-1.2815893731264771,-0.8998875944380951,1.56597222323204,0.17333231804074403,5,1,1,1,1,0,0,0.9797260715982085,0.02073287228387466,0.3841157394940262,25.00038215918888,1,540.0
371,0.0371,load_step,dtc_hysteresis_baseline,94.2477796076938,-1.1280991838478243,95.37587879154162,0.35,-0.9885802255482593,-1.1304846919040394,1.5017611331281744,0.17124541104939578,5,1,1,1,1,0,0,0.9797205609455434,0.0,0.29495786353310927,25.000385106219788,0,540.0
372,0.037200000000000004,load_step,dtc_hysteresis_baseline,94.2477796076938,-1.1387098857398341,95.38648949343363,0.35,-0.7203789566707781,-1.3417749031093396,1.5229266994271775,0.17843369073858417,5,1,1,1,1,0,0,0.9797188787067102,0.0,0.27126707222427426,25.000387816323137,0,540.0
373,0.0373,load_step,dtc_hysteresis_baseline,94.2477796076938,-1.1488895975643518,95.39666920525815,0.35,-0.47486045089489515,-1.5354057169276496,1.6071599682042272,0.1933164472980347,5,1,1,1,1,0,0,0.9797189816811896,0.04153388256936863,0.27896871319995314,25.000390603424826,0,540.0
374,0.0374,load_step,dtc_hysteresis_baseline,94.2477796076938,-1.1581778847785216,95.40595749247233,0.35,-0.25008153057935084,-1.7128839055596785,1.7310436291042142,0.2145178518450548,5,1,1,1,1,0,0,0.9797196036782407,0.1138121251144587,0.3106939592091639,25.000393707760395,0,540.0
375,0.0375,load_step,dtc_hysteresis_baseline,94.2477796076938,-1.1661966832085529,95.41397629090235,0.35,0.13708884089454632,-1.561472742684352,1.5674790194589536,0.2053350605740145,4,1,1,1,1,0,0,0.9797198285967533,0.021679827560781573,0.38497881373722026,25.000397554923815,1,540.0
376,0.0376,load_step,dtc_hysteresis_baseline,94.2477796076938,-1.1747643997674395,95.42254400746124,0.35,0.4833163774438457,-1.423005745791092,1.5028439949841448,0.2066607830769865,4,1,1,1,1,0,0,0.9797188830425482,0.0,0.2955730405056897,25.000400508003853,0,540.0
377,0.037700000000000004,load_step,dtc_hysteresis_baseline,94.2477796076938,-1.1832521216259893,95.43103172931978,0.35,0.8004190120162926,-1.2963704131556664,1.5235638624299708,0.21696388077006312,4,1,1,1,1,0,0,0.9797221376521313,0.0,0.27168882970352587,25.000403222222097,0,540.0
378,0.0378,load_step,dtc_hysteresis_baseline,94.2477796076938,-1.191122613609787,95.4389022213036,0.35,1.0908859729663856,-1.1805498196199966,1.607398545047128,0.23468911592509636,4,1,1,1,1,0,0,0.9797271026875278,0.04168080871033153,0.2792171589384573,25.00040601170554,0,540.0
379,0.0379,load_step,dtc_hysteresis_baseline,94.2477796076938,-1.197931753342731,95.44571136103653,0.35,1.356993665096489,-1.074614306491989,1.7309615001002365,0.25848401902992446,4,1,1,1,1,0,0,0.9797320693603743,0.11375549015546615,0.3107870158136485,25.00040911686895,0,540.0
380,0.038,load_step,dtc_hysteresis_baseline,94.2477796076938,-1.2033163896482029,95.45109599734201,0.35,1.4194695809029005,-0.6635992341159962,1.5669262377750883,0.24257845858341665,6,1,1,1,1,0,0,0.9797357245227207,0.02133005670779564,0.384930874019141,25.000412963450245,1,540.0
381,0.0381,load_step,dtc_hysteresis_baseline,94.2477796076938,-1.2096524633278574,95.45743207102166,0.35,1.4726830227336203,-0.29451392364709056,1.5018434461254067,0.23782048857678256,6,1,1,1,1,0,0,0.9797369904966831,0.0,0.2953366370809149,25.000415914063527,0,540.0
382,0.038200000000000005,load_step,dtc_hysteresis_baseline,94.2477796076938,-1.2162727857736932,95.4640523934675,0.35,1.5215794019042046,0.04343244068000483,1.5221991503093737,0.242561125254291,6,1,1,1,1,0,0,0.979742135858915,0.0,0.27128509427814257,25.00041862414171,0,540.0
383,0.0383,load_step,dtc_hysteresis_baseline,94.2477796076938,-1.2226089012902728,95.47038850898407,0.35,1.566522605554382,0.35290401709096075,1.6057815290355744,0.2552002863804975,6,1,1,1,1,0,0,0.9797481375271114,0.0406574938704215,0.2786621129097413,25.00042140797201,0,540.0
384,0.038400000000000004,load_step,dtc_hysteresis_baseline,94.2477796076938,-1.2281881530502825,95.47596776074408,0.35,1.6078457185954684,0.6363370440143402,1.7291884479115303,0.2743445636830619,6,1,1,1,1,0,0,0.9797530970162893,0.11263307984446358,0.3100950934468442,25.000424506113557,0,540.0
385,0.0385,load_step,dtc_hysteresis_baseline,94.2477796076938,-1.2326213075541124,95.48040091524791,0.35,1.2831451197482275,0.8959593004927884,1.5649934397540521,0.24785040658556956,2,1,1,1,1,0,0,0.9797557808952307,0.020108432436763857,0.3840873211175296,25.000428344156727,1,540.0
386,0.0386,load_step,dtc_hysteresis_baseline,94.2477796076938,-1.2386396356640916,95.48641924335789,0.35,0.990124370629111,1.1265949011800276,1.4998541064645352,0.2336255582950048,2,1,1,1,1,0,0,0.9797553538222552,0.0,0.2945335363157128,25.000431286636463,0,540.0
387,0.038700000000000005,load_step,dtc_hysteresis_baseline,94.2477796076938,-1.2455087720574582,95.49328837975126,0.35,0.7219111463667388,1.3379220085049086,1.5202601764468961,0.22971629566182786,2,1,1,1,1,0,0,0.9797583584508616,0.0,0.2704945653522534,25.000433988706874,0,540.0
388,0.0388,load_step,dtc_hysteresis_baseline,94.2477796076938,-1.252611326285122,95.50039093397892,0.35,0.4763802241959148,1.531587795364509,1.603963619573233,0.23445235220921162,2,1,1,1,1,0,0,0.9797614856881511,0.03950977525866273,0.2778827335284296,25.000436764640952,0,540.0
389,0.038900000000000004,load_step,dtc_hysteresis_baseline,94.2477796076938,-1.2594299106259492,95.50720951831975,0.35,0.251588331852956,1.709098832159749,1.7275171509465168,0.24637620911131217,2,1,1,1,1,0,0,0.9797630005804592,0.11157912443318752,0.30932569052984776,25.000439854986094,0,540.0
390,0.039,load_step,dtc_hysteresis_baseline,94.2477796076938,-1.2655344007500646,95.51331400844387,0.35,-0.1355956585333066,1.5577182742052333,1.563608776006969,0.21601871668238248,3,1,1,1,1,0,0,0.9797620853424593,0.019234279516715302,0.3833010292228443,25.00044368506402,1,540.0
391,0.0391,load_step,dtc_hysteresis_baseline,94.2477796076938,-1.2734551331989274,95.52123474089272,0.35,-0.48183755479109375,1.419279580202753,1.4988402036199733,0.1984123977811177,3,1,1,1,1,0,0,0.9797583839262598,0.0,0.29396559737516276,25.000446621762094,0,540.0
392,0.0392,load_step,dtc_hysteresis_baseline,94.2477796076938,-1.2824288882227717,95.53020849591657,0.35,-0.798954954063623,1.292670105519558,1.519646347123814,0.1914169874888399,3,1,1,1,1,0,0,0.9797572469929906,0.0,0.2700987608687323,25.000449319772226,0,540.0
393,0.0393,load_step,dtc_hysteresis_baseline,94.2477796076938,-1.2918205865530912,95.53960019424689,0.35,-1.0894368863290251,1.1768728294169641,1.6037151822920963,0.19333694500837167,3,1,1,1,1,0,0,0.9797558787867394,0.03935760876901229,0.27764354621788345,25.000452093212225,0,540.0
394,0.039400000000000004,load_step,dtc_hysteresis_baseline,94.2477796076938,-1.3010966655227918,95.54887627321659,0.35,-1.355559659336602,1.0709580038566946,1.727568532951871,0.2026917125284901,3,1,1,1,1,0,0,0.9797530539130345,0.11161804475103454,0.3092291615162159,25.000455182489887,0,540.0
395,0.0395,load_step,dtc_hysteresis_baseline,94.2477796076938,-1.3098122058419726,95.55759181353578,0.35,-1.418050741778805,0.6599608846722326,1.564102386532536,0.17902335946437786,1,1,1,1,1,0,0,0.9797483717792933,0.019549763305995227,0.38333573888500044,25.000459012812726,1,540.0
396,0.0396,load_step,dtc_hysteresis_baseline,94.2477796076938,-1.3199434835559845,95.56772309124979,0.35,-1.4712794634700284,0.29089065975964945,1.4997601926855035,0.16746943140986675,1,1,1,1,1,0,0,0.9797417750878916,0.0,0.29417921762522875,25.000461951544818,0,540.0
397,0.0397,load_step,dtc_hysteresis_baseline,94.2477796076938,-1.3307654152136177,95.57854502290742,0.35,-1.5201907700260762,-0.047043405980812504,1.5209184920036807,0.16600708684136395,1,1,1,1,1,0,0,0.9797378750899124,0.0,0.2704725132263352,25.000464653190274,0,540.0
398,0.0398,load_step,dtc_hysteresis_baseline,94.2477796076938,-1.341674027838626,95.58945363553242,0.35,-1.5651481541922385,-0.35650542208586694,1.605236699227872,0.17298558611743498,1,1,1,1,1,0,0,0.9797345975180214,0.040324578606588,0.27816357975807793,25.000467431728385,0,540.0
399,0.039900000000000005,load_step,dtc_hysteresis_baseline,94.2477796076938,-1.3521641815894674,95.59994378928327,0.35,-1.6064843505548274,-0.6399316096017349,1.7292496735708909,0.18696540388101823,1,1,1,1,1,0,0,0.9797309719962025,0.11268602122119764,0.30988299110963363,25.000470527442083,0,540.0
400,0.04,load_step,dtc_hysteresis_baseline,94.2477796076938,-1.3618169222751342,95.60959652996894,0.35,-1.2817954182187914,-0.8995497564466324,1.5659467610649738,0.17381126006475078,5,1,1,1,1,0,0,0.9797265546270445,0.02071887474969858,0.3841385420304268,25.000474365690653,1,540.0
401,0.040100000000000004,load_step,dtc_hysteresis_baseline,94.2477796076938,-1.3722561168547116,95.62003572454852,0.35,-0.9887846201864435,-1.1301840078673606,1.5016693766459979,0.17165665641469594,5,1,1,1,1,0,0,0.9797210917549767,0.0,0.29494807211793467,25.000477312008936,0,540.0
402,0.0402,load_step,dtc_hysteresis_baseline,94.2477796076938,-1.3828234493047997,95.6306030569986,0.35,-0.7205791912028626,-1.3415119044572383,1.522789729606507,0.17878145082455107,5,1,1,1,1,0,0,0.9797194562961076,0.0,0.27123350997352075,25.000480021161955,0,540.0
403,0.0403,load_step,dtc_hysteresis_baseline,94.2477796076938,-1.3929635942274907,95.6407432019213,0.35,-0.47505356661232406,-1.5351800264791788,1.6070014327472462,0.19360479792120927,5,1,1,1,1,0,0,0.9797195941358818,0.04144007233594682,0.27891791289237927,25.000482807140944,0,540.0
404,0.040400000000000005,load_step,dtc_hysteresis_baseline,94.2477796076938,-1.4022158728749365,95.64999548056873,0.35,-0.25026421563195717,-1.7126943904679897,1.7308825069213674,0.2147511382099182,5,1,1,1,1,0,0,0.9797202331876459,0.11371641361772877,0.3106318458027021,25.000485910240688,0,540.0
405,0.0405,load_step,dtc_hysteresis_baseline,94.2477796076938,-1.4102019607658867,95.65798156845969,0.35,0.13692016875969626,-1.5613176477722386,1.5673097746961893,0.20542224372811807,4,1,1,1,1,0,0,0.9797204553566967,0.021579341822546616,0.3849083893490566,25.00048975608518,1,540.0
406,0.040600000000000004,load_step,dtc_hysteresis_baseline,94.2477796076938,-1.418745712687708,95.66652532038151,0.35,0.48316549975700956,-1.4228828095178323,1.5026790707855089,0.2066145338060657,4,1,1,1,1,0,0,0.9797194880678045,0.0,0.2955081960448771,25.0004927079021,0,540.0
407,0.0407,load_step,dtc_hysteresis_baseline,94.2477796076938,-1.4272174568697644,95.67499706456357,0.35,0.8002889327839016,-1.296276440237185,1.5234155655796564,0.21679273967415832,4,1,1,1,1,0,0,0.979722713130938,0.0,0.27162816705097875,25.000495420899053,0,540.0
408,0.0408,load_step,dtc_hysteresis_baseline,94.2477796076938,-1.4350794464210082,95.68285905411481,0.35,1.0907790252401879,-1.1804808828011693,1.6072753331532723,0.23440118950381195,4,1,1,1,1,0,0,0.9797276355014403,0.041606836655527,0.2791617545745091,25.00049820921379,0,540.0
409,0.0409,load_step,dtc_hysteresis_baseline,94.2477796076938,-1.4418870732662925,95.68966668096009,0.35,1.3569116048877088,-1.0745658961478863,1.7308671146691323,0.25808740389320817,4,1,1,1,1,0,0,0.9797325466930312,0.11369847276687939,0.3107383040533563,25.000501313275436,0,540.0
410,0.041,load_step,dtc_hysteresis_baseline,94.2477796076938,-1.447276701159107,95.69505630885291,0.35,1.419413669846182,-0.6635663874495269,1.5668616775896402,0.24211001201489268,6,1,1,1,1,0,0,0.9797361380815283,0.021290692478916684,0.38488911057239755,25.000505158824453,1,540.0
411,0.041100000000000005,load_step,dtc_hysteresis_baseline,94.2477796076938,-1.4536220647170348,95.70140167241084,0.35,1.47265410074167,-0.29449133590195664,1.5018106562921225,0.23728588485677354,6,1,1,1,1,0,0,0.9797373387055898,0.0,0.2953114646471191,25.000508108571374,0,540.0
412,0.0412,load_step,dtc_hysteresis_baseline,94.2477796076938,-1.4602556354306548,95.70803524312446,0.35,1.521577034473766,0.043449792017503854,1.5221972790227765,0.24196286097808978,6,1,1,1,1,0,0,0.9797424180283544,0.0,0.27127264010760976,25.000510817910385,0,540.0
413,0.0413,load_step,dtc_hysteresis_baseline,94.2477796076938,-1.4666088078943529,95.71438841558815,0.35,1.566545317936557,0.3529208699585397,1.605807389944772,0.25454090965372467,6,1,1,1,1,0,0,0.9797483536791501,0.0406720320116688,0.27866103160785577,25.000513601115248,0,540.0
414,0.0414,load_step,dtc_hysteresis_baseline,94.2477796076938,-1.472208772499561,95.71998838019336,0.35,1.6078911780905587,0.6363578640346663,1.7292383790849102,0.27362705965225653,6,1,1,1,1,0,0,0.9797532501078943,0.11266200233237667,0.310104880786898,25.00051669874005,0,540.0
415,0.0415,load_step,dtc_hysteresis_baseline,94.2477796076938,-1.4766661168229114,95.72444572451671,0.35,1.2832102943258052,0.8959882932189119,1.565063475086253,0.24721805631666768,2,1,1,1,1,0,0,0.9797558779280526,0.020149554393732894,0.3841087707278151,25.0005205363831,1,540.0
416,0.041600000000000005,load_step,dtc_hysteresis_baseline,94.2477796076938,-1.4827035369589803,95.73048314465278,0.35,0.9902056665930203,1.1266360242332139,1.499938663163581,0.23306799904853115,2,1,1,1,1,0,0,0.9797554057501708,0.0,0.2945601496028054,25.000523478514353,0,540.0
417,0.0417,load_step,dtc_hysteresis_baseline,94.2477796076938,-1.4895872881236256,95.73736689581743,0.35,0.7220045260198953,1.3379779249674886,1.520353729660805,0.22922426059944473,2,1,1,1,1,0,0,0.9797583680441287,0.0,0.27052556699753355,25.000526180280165,0,540.0
418,0.041800000000000004,load_step,dtc_hysteresis_baseline,94.2477796076938,-1.4967005347756803,95.74448014246948,0.35,0.47648132977594476,1.5316600791442738,1.604062671989251,0.2340175905707988,2,1,1,1,1,0,0,0.9797614630482555,0.039568911735455625,0.27791766661324874,25.000528955948962,0,540.0
419,0.0419,load_step,dtc_hysteresis_baseline,94.2477796076938,-1.5035263832531969,95.751305990947,0.35,0.2516925705384677,1.709188135629151,1.7276206855209029,0.24599179313633268,2,1,1,1,1,0,0,0.9797629578591515,0.11164101481099087,0.3093648353425296,25.00053204607094,0,540.0
420,0.042,load_step,dtc_hysteresis_baseline,94.2477796076938,-1.5096351240740455,95.75741473176785,0.35,-0.13549304177140534,1.5578244752038104,1.5637056819978927,0.21580157655636417,3,1,1,1,1,0,0,0.9797620333028887,0.01929265678280312,0.3833466712727108,25.00053587599068,1,540.0
421,0.042100000000000005,load_step,dtc_hysteresis_baseline,94.2477796076938,-1.5175500964505722,95.76532970414438,0.35,-0.4817414150512835,1.419401910679991,1.4989251398977943,0.1983430802501656,3,1,1,1,1,0,0,0.9797583304175824,0.0,0.29400317627842315,25.000538812449935,0,540.0
422,0.0422,load_step,dtc_hysteresis_baseline,94.2477796076938,-1.526509245561117,95.77428885325492,0.35,-0.7988692783852717,1.2928067339419007,1.5197175314094817,0.19148050254543586,3,1,1,1,1,0,0,0.9797572123512405,0.0,0.2701305263346271,25.000541510163117,0,540.0
423,0.042300000000000004,load_step,dtc_hysteresis_baseline,94.2477796076938,-1.5358783898776183,95.78365799757142,0.35,-1.089364906647121,1.1770210737952904,1.6037750802380328,0.19351980326804752,3,1,1,1,1,0,0,0.9797558839631307,0.03939425385023321,0.2776707192253018,25.000544283260243,0,540.0
424,0.0424,load_step,dtc_hysteresis_baseline,94.2477796076938,-1.5451247746012873,95.79290438229509,0.35,-1.3555039525661414,1.0711144919928115,1.727621839517969,0.2029821909394467,3,1,1,1,1,0,0,0.9797531139246828,0.11165064677940661,0.30925342616876184,25.00054737216595,0,540.0
425,0.0425,load_step,dtc_hysteresis_baseline,94.2477796076938,-1.553804182544188,95.80158379023798,0.35,-1.4180133183888108,0.6601216933728118,1.564136317968941,0.1794022119164092,1,1,1,1,1,0,0,0.9797484931304787,0.01957108375136052,0.38335984534715717,25.000551202115258,1,540.0
426,0.0426,load_step,dtc_hysteresis_baseline,94.2477796076938,-1.5638940420089962,95.8116736497028,0.35,-1.4712618457621842,0.29105143540151934,1.4997741019383,0.16792482041410312,1,1,1,1,1,0,0,0.9797419558042064,0.0,0.29419288363328777,25.000554140369413,0,540.0
427,0.0427,load_step,dtc_hysteresis_baseline,94.2477796076938,-1.5746699783523572,95.82244958604616,0.35,-1.5201931462845437,-0.04688681506401339,1.5209160316852957,0.16653060030081718,1,1,1,1,1,0,0,0.9797381355171751,0.0,0.27047819471595397,25.00055684145709,0,540.0
428,0.042800000000000005,load_step,dtc_hysteresis_baseline,94.2477796076938,-1.585528522362544,95.83330813005634,0.35,-1.5651696182124248,-0.35635695572046766,1.6052246614307877,0.17356976368722637,1,1,1,1,1,0,0,0.9797349462177989,0.0403178956078476,0.27816312460439324,25.00055961937606,0,540.0
429,0.0429,load_step,dtc_hysteresis_baseline,94.2477796076938,-1.5959649809672516,95.84374458866105,0.35,-1.6065230890121194,-0.6397950011995126,1.72923511388386,0.18760404773693118,1,1,1,1,1,0,0,0.9797314068049032,0.1126775293374519,0.30987858419518965,25.000562714431105,0,540.0
430,0.043000000000000003,load_step,dtc_hysteresis_baseline,94.2477796076938,-1.6055607711561994,95.85334037885,0.35,-1.2818488740778908,-0.8994285390463419,1.5659208897086063,0.17437460268852398,5,1,1,1,1,0,0,0.9797270644957443,0.020703609521730337,0.3841323318155754,25.000566552002994,1,540.0
431,0.0431,load_step,dtc_hysteresis_baseline,94.2477796076938,-1.6159475259355354,95.86372713362934,0.35,-0.9888496348512072,-1.1300815206463293,1.50163505674704,0.17215004110749635,5,1,1,1,1,0,0,0.9797216589127753,0.0,0.2949381030341616,25.00056949760701,0,540.0
432,0.0432,load_step,dtc_hysteresis_baseline,94.2477796076938,-1.6264666091712103,95.87424621686502,0.35,-0.7206521286655312,-1.341430244225348,1.5227523077219873,0.17920913612976488,5,1,1,1,1,0,0,0.9797200774997341,0.0,0.27122064289035747,25.000572206016788,0,540.0
433,0.043300000000000005,load_step,dtc_hysteresis_baseline,94.2477796076938,-1.6365624402954195,95.88434204798922,0.35,-0.4751304399991815,-1.5351202495379543,1.6069670549066297,0.1939709135729035,5,1,1,1,1,0,0,0.9797202548611509,0.04141876169494285,0.27890350738053726,25.000574991237155,0,540.0
434,0.0434,load_step,dtc_hysteresis_baseline,94.2477796076938,-1.6457740931184772,95.89355370081228,0.35,-0.25034077451947084,-1.7126566767670004,1.7308562608898506,0.21506008759253867,5,1,1,1,1,0,0,0.9797209129013182,0.11369966745868221,0.310617646864238,25.000578093580348,0,540.0
435,0.043500000000000004,load_step,dtc_hysteresis_baseline,94.2477796076938,-1.6537229793599957,95.9015025870538,0.35,0.136848363445185,-1.5613014444995739,1.5672873620284449,0.20557044042032147,4,1,1,1,1,0,0,0.9797211316332294,0.02156479911551934,0.38489594402868327,25.00058193868583,1,540.0
436,0.0436,load_step,dtc_hysteresis_baseline,94.2477796076938,-1.6622391525617448,95.91001876025554,0.35,0.4831030117620147,-1.4228869564464555,1.5026629065758517,0.20661698927541816,4,1,1,1,1,0,0,0.979720139558146,0.0,0.2954986282312206,25.00058488979252,0,540.0
437,0.0437,load_step,dtc_hysteresis_baseline,94.2477796076938,-1.6706920418686848,95.91847164956249,0.35,0.8002394820773896,-1.296298752084612,1.5234085739983254,0.2166598778431806,4,1,1,1,1,0,0,0.9797233316030134,0.0,0.27162119924878614,25.00058760210525,0,540.0
438,0.0438,load_step,dtc_hysteresis_baseline,94.2477796076938,-1.6785432759111207,95.92632288360493,0.35,1.0907456003564788,-1.18051835850891,1.6072801745413234,0.23414276667302042,4,1,1,1,1,0,0,0.9797282068875574,0.04160815275014473,0.27915805923990056,25.000590389768494,0,540.0
439,0.0439,load_step,dtc_hysteresis_baseline,94.2477796076938,-1.685347662136355,95.93312726983015,0.35,1.3568965620858355,-1.0746148754111655,1.730885730097546,0.2577129581852893,4,1,1,1,1,0,0,0.9797330572174558,0.11370792516280781,0.31073903208470144,25.000593493222883,0,540.0
440,0.044000000000000004,load_step,dtc_hysteresis_baseline,94.2477796076938,-1.6907409929218495,95.93852060061565,0.35,1.4194188205455758,-0.6636226862642979,1.5668901869128022,0.24165335090479578,6,1,1,1,1,0,0,0.9797365788235446,0.021306220956174293,0.3848959281840069,25.000597338225543,1,540.0
441,0.0441,load_step,dtc_hysteresis_baseline,94.2477796076938,-1.69709497917989,95.9448745868737,0.35,1.472680788521366,-0.29455036359947023,1.5018484016625953,0.23675441936410715,6,1,1,1,1,0,0,0.9797377079275973,0.0,0.2953213224053429,25.00060028745651,0,540.0
442,0.0442,load_step,dtc_hysteresis_baseline,94.2477796076938,-1.7037416485185972,95.9515212562124,0.35,1.5216252882125556,0.04339240426634519,1.5222438761499277,0.24136043063866414,6,1,1,1,1,0,0,0.9797427161155402,0.0,0.27128563117701926,25.000602996310906,0,540.0
443,0.0443,load_step,dtc_hysteresis_baseline,94.2477796076938,-1.7101121654155924,95.9578917731094,0.35,1.5666140891919698,0.35286926186997775,1.605863138759791,0.25387123961611957,6,1,1,1,1,0,0,0.9797485812765921,0.040704336307643585,0.2786776697978875,25.00060577906763,0,540.0
444,0.0444,load_step,dtc_hysteresis_baseline,94.2477796076938,-1.7157334970086038,95.9635131047024,0.35,1.6079785263728092,0.6363159538977439,1.729304176384498,0.2728941638469109,6,1,1,1,1,0,0,0.9797534107019251,0.11270039753828176,0.3101261907381992,25.00060887629101,0,540.0
445,0.044500000000000005,load_step,dtc_hysteresis_baseline,94.2477796076938,-1.7202159903558742,95.96799559804967,0.35,1.2833135484457505,0.8959597859323876,1.5651318160565368,0.24656766438829225,2,1,1,1,1,0,0,0.9797559791553911,0.020189932646931585,0.38413702498033175,25.000612713602084,1,540.0
446,0.0446,load_step,dtc_hysteresis_baseline,94.2477796076938,-1.7262736202282365,95.97405322792204,0.35,0.9903215648288369,1.1266244195733914,1.5000064615007889,0.2324901295717211,2,1,1,1,1,0,0,0.9797554593579303,0.0,0.2945861174434621,25.0006156553785,0,540.0
447,0.044700000000000004,load_step,dtc_hysteresis_baseline,94.2477796076938,-1.7331732395486616,95.98095284724246,0.35,0.7221293360689056,1.3379854695296038,1.520419644270513,0.22870990156160403,2,1,1,1,1,0,0,0.9797583770849825,0.0,0.27055052217719944,25.000618356779352,0,540.0
448,0.0448,load_step,dtc_hysteresis_baseline,94.2477796076938,-1.740298552423711,95.98807816011751,0.35,0.47661097466943775,1.5316879680367854,1.6041278167914201,0.23355872083845675,2,1,1,1,1,0,0,0.9797614379237045,0.039608219801000266,0.277942496608273,25.00062113208194,0,540.0
449,0.0449,load_step,dtc_hysteresis_baseline,94.2477796076938,-1.747133145499612,95.99491275319342,0.35,0.2518227155298432,1.709236676781818,1.72768767354316,0.2455816908980273,2,1,1,1,1,0,0,0.9797629111035128,0.11168148321697802,0.3093909042207029,25.0006242218501,0,540.0
450,0.045000000000000005,load_step,dtc_hysteresis_baseline,94.2477796076938,-1.753247711808986,96.00102731950278,0.35,-0.13536691461261452,1.557893233325594,1.5637632583014005,0.21556109942378,3,1,1,1,1,0,0,0.9797619761525699,0.01932798793408641,0.3833766166784478,25.000628051454786,1,540.0
451,0.0451,load_step,dtc_hysteresis_baseline,94.2477796076938,-1.7611583581952421,96.00893796588905,0.35,-0.48162394308717543,1.4194898331205512,1.498970649775188,0.19825235132697994,3,1,1,1,1,0,0,0.9797582712640992,0.0,0.2940259734645521,25.00063098752751,0,540.0
452,0.045200000000000004,load_step,dtc_hysteresis_baseline,94.2477796076938,-1.7701042201280606,96.01788382782186,0.35,-0.7987642506066406,1.2929117315718035,1.5197516486857934,0.19152416573014794,3,1,1,1,1,0,0,0.9797571710613648,0.0,0.27014809072703805,25.000633684801834,0,540.0
453,0.0453,load_step,dtc_hysteresis_baseline,94.2477796076938,-1.7794520357371866,96.02723164343098,0.35,-1.0892753749495392,1.1771402314023731,1.6038017230497952,0.19368405246645498,3,1,1,1,1,0,0,0.9797558814404447,0.03941133837225641,0.27768435874773223,25.000636457420857,0,540.0
454,0.0454,load_step,dtc_hysteresis_baseline,94.2477796076938,-1.788669877052466,96.03644948474627,0.35,-1.355432330293097,1.0712442262030941,1.7276460847573039,0.20325502907176254,3,1,1,1,1,0,0,0.979753165374857,0.11166615120252421,0.3092648804846834,25.000639545826612,0,540.0
455,0.0455,load_step,dtc_hysteresis_baseline,94.2477796076938,-1.7973142453925584,96.04509385308636,0.35,-1.417961467492852,0.6602578897617869,1.5641467975503995,0.17976772481310005,1,1,1,1,1,0,0,0.9797486053388972,0.01957857094945048,0.3833714847479759,25.00064337527782,1,540.0
456,0.0456,load_step,dtc_hysteresis_baseline,94.2477796076938,-1.8073635219255355,96.05514312961934,0.35,-1.4712311537881777,0.2911895671579406,1.4997708064562802,0.16837056995587993,1,1,1,1,1,0,0,0.9797421270874823,0.0,0.294197746641897,25.00064631296612,0,540.0
457,0.045700000000000005,load_step,dtc_hysteresis_baseline,94.2477796076938,-1.8180940767797567,96.06587368447356,0.35,-1.5201836811167886,-0.04675105753496651,1.5209023919089706,0.1670477002093249,1,1,1,1,1,0,0,0.979738386202091,0.0,0.27047769083587964,25.000649013434273,0,540.0
458,0.0458,load_step,dtc_hysteresis_baseline,94.2477796076938,-1.8289029729019033,96.0766825805957,0.35,-1.5651803661011918,-0.35622765637864334,1.6052064420496455,0.17415033220290654,1,1,1,1,1,0,0,0.9797352851262833,0.040307546680300566,0.27815860256311237,25.000651790693542,0,540.0
459,0.0459,load_step,dtc_hysteresis_baseline,94.2477796076938,-1.8392859892228506,96.08706559691664,0.35,-1.606552140638041,-0.639676025088903,1.729218088519262,0.18824151190086985,1,1,1,1,1,0,0,0.9797318320856951,0.11266757217312418,0.30987181567404753,25.000654885066428,0,540.0
460,0.046,load_step,dtc_hysteresis_baseline,94.2477796076938,-1.8488249363754719,96.09660454406927,0.35,-1.2818935867902048,-0.8993235395042016,1.5658971858203914,0.17494042293625595,5,1,1,1,1,0,0,0.9797275653393244,0.020689577173986895,0.3841250897919268,25.000658721951424,1,540.0
461,0.0461,load_step,dtc_hysteresis_baseline,94.2477796076938,-1.8591591399385814,96.10693874763238,0.35,-0.9889067737652539,-1.1299939468688747,1.5016067818037784,0.17264914181764585,5,1,1,1,1,0,0,0.9797222176671311,0.0,0.2949289751014274,25.000661666849695,0,540.0
462,0.046200000000000005,load_step,dtc_hysteresis_baseline,94.2477796076938,-1.8696296687542642,96.11740927644806,0.35,-0.720717989858356,-1.3413622957994944,1.5227236221645606,0.17964547396896086,5,1,1,1,1,0,0,0.9797206913456226,0.0,0.27120998194876916,25.000664374538403,0,540.0
463,0.0463,load_step,dtc_hysteresis_baseline,94.2477796076938,-1.879680705165196,96.127460312859,0.35,-0.47520097606590206,-1.5350730787738127,1.6069428505177459,0.19434834198922468,5,1,1,1,1,0,0,0.9797209096132962,0.04140343030739224,0.2788923231424314,25.00066715903247,0,540.0
464,0.046400000000000004,load_step,dtc_hysteresis_baseline,94.2477796076938,-1.8888510920873904,96.1366306997812,0.35,-0.2504116810592577,-1.7126305533216728,1.7308406692072562,0.215382756177219,5,1,1,1,1,0,0,0.9797215882059679,0.11368919235692865,0.3106074007889138,25.00067026065875,0,540.0
465,0.0465,load_step,dtc_hysteresis_baseline,94.2477796076938,-1.8967619926415311,96.14454160033533,0.35,0.13678157366398838,-1.5612958994044328,1.5672760077252168,0.20573307814784214,4,1,1,1,1,0,0,0.9797218050569019,0.02155676086810676,0.38488810596654854,25.000674105071408,1,540.0
466,0.0466,load_step,dtc_hysteresis_baseline,94.2477796076938,-1.9052497599481688,96.15302936764196,0.35,0.48304494547493915,-1.4229009078611357,1.502657450299612,0.2066345557017258,4,1,1,1,1,0,0,0.9797207895637589,0.0,0.29549324324528564,25.000677055509808,0,540.0
467,0.046700000000000005,load_step,dtc_hysteresis_baseline,94.2477796076938,-1.91368292717777,96.16146253487157,0.35,0.8001938994697314,-1.2963300891025118,1.5234112959608448,0.21654278995939416,4,1,1,1,1,0,0,0.9797239501940291,0.0,0.27161811034451033,25.000679767177207,0,540.0
468,0.0468,load_step,dtc_hysteresis_baseline,94.2477796076938,-1.9215224988998691,96.16930210659368,0.35,1.0907155276690554,-1.1805641504745423,1.6072934006223207,0.23390076886976008,4,1,1,1,1,0,0,0.9797287799889856,0.04161440966474306,0.27915792698911573,25.000682554224696,0,540.0
469,0.046900000000000004,load_step,dtc_hysteresis_baseline,94.2477796076938,-1.9283226987999964,96.1761023064938,0.35,1.3568843910033452,-1.07467152856244,1.7309113625056745,0.2573555716661333,4,1,1,1,1,0,0,0.9797335708472747,0.11372151053348623,0.31074300103266633,25.000685657104345,0,540.0
470,0.047,load_step,dtc_hysteresis_baseline,94.2477796076938,-1.9337187488950802,96.18149835658888,0.35,1.4194263958346143,-0.6636860794056076,1.5669238989781316,0.2412109956753439,6,1,1,1,1,0,0,0.9797370236989758,0.02132482096425825,0.38490576183532293,25.000689501590916,1,540.0
471,0.0471,load_step,dtc_hysteresis_baseline,94.2477796076938,-1.9400805391144627,96.18786014680826,0.35,1.4727094852088047,-0.2946159652723443,1.5018894083178487,0.2362348258207858,6,1,1,1,1,0,0,0.979738081840507,0.0,0.2953331316303755,25.000692450325555,0,540.0
472,0.0472,load_step,dtc_hysteresis_baseline,94.2477796076938,-1.9467396340583802,96.19451924175218,0.35,1.5216751667472477,0.04332890817522746,1.5222919258075704,0.24076770133598252,6,1,1,1,1,0,0,0.9797430194856295,0.0,0.2712997864805594,25.000695158707085,0,540.0
473,0.0473,load_step,dtc_hysteresis_baseline,94.2477796076938,-1.9531269523364243,96.20090656003022,0.35,1.5666841325647334,0.35281196065960035,1.6059188805212368,0.2532093364562922,6,1,1,1,1,0,0,0.9797488145302016,0.04073662945977308,0.27869482166787635,25.00069794102091,0,540.0
474,0.047400000000000005,load_step,dtc_hysteresis_baseline,94.2477796076938,-1.9587692236543681,96.20654883134817,0.35,1.6080668252105603,0.6362687195092579,1.72936890158483,0.2721673128772196,6,1,1,1,1,0,0,0.9797535769982348,0.11273814840013652,0.31014747578090274,25.000701037842727,0,540.0
475,0.0475,load_step,dtc_hysteresis_baseline,94.2477796076938,-1.963276541849266,96.21105614954307,0.35,1.2834174622075363,0.8959262807578411,1.5651978414410783,0.24591939451104744,2,1,1,1,1,0,0,0.9797560858069205,0.020228938586542622,0.3841647912844549,25.000704874817053,1,540.0
476,0.0476,load_step,dtc_hysteresis_baseline,94.2477796076938,-1.9693542920613378,96.21713389975514,0.35,0.9904378618458358,1.1266081044984377,1.500070991419844,0.23191089982215546,2,1,1,1,1,0,0,0.9797555178574098,0.0,0.2946111884998473,25.000707816229774,0,540.0
477,0.0477,load_step,dtc_hysteresis_baseline,94.2477796076938,-1.9762698985437388,96.22404950623753,0.35,0.7222543134219432,1.3379885577740407,1.5204817243199145,0.22819102718100182,2,1,1,1,1,0,0,0.979758390420767,0.0,0.2705742736253919,25.000710517253736,0,540.0
478,0.0478,load_step,dtc_hysteresis_baseline,94.2477796076938,-1.9834075854505915,96.2311871931444,0.35,0.47674058386454077,1.5317116262534618,1.6041889197670978,0.2330924794164448,2,1,1,1,1,0,0,0.9797614162582586,0.03964512783524743,0.2779659001184797,25.000713292175956,0,540.0
479,0.047900000000000005,load_step,dtc_hysteresis_baseline,94.2477796076938,-1.990251401845032,96.23803100953883,0.35,0.25195264923963406,1.709281188843901,1.727750653304605,0.24516163235729646,2,1,1,1,1,0,0,0.979762866749239,0.11171957081752104,0.3094153896718768,25.00071638157457,0,540.0
480,0.048,load_step,dtc_hysteresis_baseline,94.2477796076938,-1.9963724269996634,96.24415203469347,0.35,-0.13524114806688142,1.5579581438088055,1.5638170436437335,0.21530910420301258,3,1,1,1,1,0,0,0.9797619202504334,0.019361066690953277,0.3834048150993742,25.000720210846843,1,540.0
481,0.048100000000000004,load_step,dtc_hysteresis_baseline,94.2477796076938,-2.004279474167101,96.2520590818609,0.35,-0.48150695606534516,1.4195740727313575,1.499012840742336,0.19814873411683562,3,1,1,1,1,0,0,0.9797582122695848,0.0,0.29404732708660675,25.00072314651871,0,540.0
482,0.0482,load_step,dtc_hysteresis_baseline,94.2477796076938,-2.0132128576358723,96.26099246532968,0.35,-0.7986598102141024,1.2930131986747362,1.5197830846532998,0.19155369070569694,3,1,1,1,1,0,0,0.9797571284465049,0.0,0.270164446226053,25.000725843342195,0,540.0
483,0.0483,load_step,dtc_hysteresis_baseline,94.2477796076938,-2.0225402279894116,96.27031983568321,0.35,-1.0891865140757104,1.1772560017402443,1.6038263484797297,0.19383302409716047,3,1,1,1,1,0,0,0.9797558758867448,0.03942722564370682,0.27769701085325726,25.00072861547335,0,540.0
484,0.048400000000000006,load_step,dtc_hysteresis_baseline,94.2477796076938,-2.0317304774638942,96.2795100851577,0.35,-1.3553614459243986,1.0713707102768146,1.727668905762132,0.2035115509775018,3,1,1,1,1,0,0,0.9797532120509234,0.11168081297989418,0.3092755539589641,25.000731703371454,0,540.0
485,0.0485,load_step,dtc_hysteresis_baseline,94.2477796076938,-2.040340819853079,96.28812042754689,0.35,-1.4179104076549973,0.6603909694687223,1.5641566918605692,0.18011917423102158,1,1,1,1,1,0,0,0.9797487111461662,0.019585710052081318,0.3833825139309388,25.000735532318572,1,540.0
486,0.048600000000000004,load_step,dtc_hysteresis_baseline,94.2477796076938,-2.050350392214986,96.29812999990878,0.35,-1.4712012943222446,0.29132471404337745,1.499767761164342,0.16880428472358144,1,1,1,1,1,0,0,0.9797422905699809,0.0,0.2942023970583461,25.000738469438993,0,540.0
487,0.0487,load_step,dtc_hysteresis_baseline,94.2477796076938,-2.061036322867672,96.30881593056148,0.35,-1.520175082017136,-0.04661815409408794,1.5208897173289542,0.16755460656388596,1,1,1,1,1,0,0,0.9797386277562722,0.0,0.27047729018370176,25.000741169288766,0,540.0
488,0.0488,load_step,dtc_hysteresis_baseline,94.2477796076938,-2.0717962181453697,96.31957582583917,0.35,-1.565192008946256,-0.3561010809769832,1.6051897098916978,0.174722376806675,1,1,1,1,1,0,0,0.9797356138853527,0.04029809004361162,0.278154451627817,25.000743945892154,0,540.0
489,0.0489,load_step,dtc_hysteresis_baseline,94.2477796076938,-2.0821263392585103,96.32990594695231,0.35,-1.606582114175675,-0.6395596431668211,1.7292028876788441,0.18887196385473964,1,1,1,1,1,0,0,0.9797322465803228,0.11265871050475973,0.3098656440519175,25.000747039588955,0,540.0
490,0.049,load_step,dtc_hysteresis_baseline,94.2477796076938,-2.0916088999425626,96.33938850763636,0.35,-1.2819392487570191,-0.8992210046816866,1.5658756824104691,0.17550311596065532,5,1,1,1,1,0,0,0.979728055112617,0.02067686288241377,0.38411866034974623,25.000750875795294,1,540.0
491,0.049100000000000005,load_step,dtc_hysteresis_baseline,94.2477796076938,-2.10189077632929,96.34967038402309,0.35,-0.9889648916181096,-1.1299087086104758,1.5015809157840987,0.17314857782087345,5,1,1,1,1,0,0,0.9797227653454477,0.0,0.29492070274078436,25.000753819996483,0,540.0
492,0.0492,load_step,dtc_hysteresis_baseline,94.2477796076938,-2.112312767537057,96.36009237523086,0.35,-0.7207848636369666,-1.3412965561037773,1.5226973668671047,0.18008529686208674,5,1,1,1,1,0,0,0.9797212946871907,0.0,0.2712002176607577,25.00075652697319,0,540.0
493,0.049300000000000004,load_step,dtc_hysteresis_baseline,94.2477796076938,-2.1223188375514614,96.37009844524526,0.35,-0.4752725635382464,-1.5350279941738343,1.606920954045208,0.19473211825718706,5,1,1,1,1,0,0,0.9797215549505868,0.04138948605832071,0.27888205544266986,25.000759310750233,0,540.0
494,0.0494,load_step,dtc_hysteresis_baseline,94.2477796076938,-2.131447615581696,96.37922722327549,0.35,-0.25048368390612036,-1.7126063992399976,1.7308271879713963,0.21571437119528386,5,1,1,1,1,0,0,0.9797222555486751,0.11367998696024706,0.3105980730210222,25.00076241166889,0,540.0
495,0.0495,load_step,dtc_hysteresis_baseline,94.2477796076938,-2.139320031974398,96.3870996396682,0.35,0.1367136359351122,-1.5612922139443186,1.5672664086152521,0.20590639235762562,4,1,1,1,1,0,0,0.9797224721373939,0.021549782621952507,0.3848812033872708,25.00076625539818,1,540.0
496,0.049600000000000005,load_step,dtc_hysteresis_baseline,94.2477796076938,-2.1477787914172555,96.39555839911105,0.35,0.48298567241126217,-1.422916617353109,1.502653273278361,0.20666431856207546,4,1,1,1,1,0,0,0.9797214348105352,0.0,0.2954885396854477,25.000769205175207,0,540.0
497,0.0497,load_step,dtc_hysteresis_baseline,94.2477796076938,-2.156191543687226,96.40397115138103,0.35,0.8001470456066038,-1.29636309278431,1.5234147704831662,0.21643928509333504,4,1,1,1,1,0,0,0.979724565889124,0.0,0.2716154978515498,25.00077191620215,0,540.0
498,0.049800000000000004,load_step,dtc_hysteresis_baseline,94.2477796076938,-2.1640186772813297,96.41179828497513,0.35,1.090684115023622,-1.1806115293350452,1.6073068848118879,0.23367361770949618,4,1,1,1,1,0,0,0.9797293521210396,0.041620830009172494,0.27915807932546866,25.000774702636836,0,540.0
499,0.0499,load_step,dtc_hysteresis_baseline,94.2477796076938,-2.1708138394880083,96.4185934471818,0.35,1.3568708083507164,-1.074729701629711,1.730936833659569,0.2570141811314234,4,1,1,1,1,0,0,0.9797340852935383,0.1137350069654911,0.31074707386705774,25.00077780494289,0,540.0
500,0.05,load_step,dtc_hysteresis_baseline,94.2477796076938,-2.1762116888086536,96.42399129650245,0.35,1.4194324862374823,-0.6637509391197648,1.5669568890587546,0.24078253470603922,6,1,1,1,1,0,0,0.9797374708534465,0.021342998542482672,0.3849155259119053,25.00078164891278,1,540.0
501,0.050100000000000006,load_step,dtc_hysteresis_baseline,94.2477796076938,-2.1825804887514617,96.43036009644526,0.35,1.4727366230918015,-0.29468299440275875,1.5019291688312133,0.23572723415342056,6,1,1,1,1,0,0,0.979738459028721,0.0,0.2953446625247871,25.000784597148414,0,540.0
502,0.0502,load_step,dtc_hysteresis_baseline,94.2477796076938,-2.189251328371384,96.43703093606518,0.35,1.521723414815257,0.04326401017288577,1.5223383085809954,0.24018526014745026,6,1,1,1,1,0,0,0.9797433270944799,0.0,0.27131347998056937,25.000787305052565,0,540.0
503,0.050300000000000004,load_step,dtc_hysteresis_baseline,94.2477796076938,-2.1956548697118117,96.44343447740562,0.35,1.5667524784290545,0.35275327030221093,1.605972664266889,0.2525561704457866,6,1,1,1,1,0,0,0.9797490527227247,0.040767752054656214,0.27871134661807645,25.00079008691733,0,540.0
504,0.0504,load_step,dtc_hysteresis_baseline,94.2477796076938,-2.2013175952962705,96.44909720299007,0.35,1.608153366089441,0.636220096810677,1.7294314847517338,0.2714477955243378,6,1,1,1,1,0,0,0.9797537485638728,0.11277461651617993,0.310167983436478,25.000793183329918,0,540.0
505,0.0505,load_step,dtc_hysteresis_baseline,94.2477796076938,-2.205849336910563,96.45362894460436,0.35,1.2835195657755498,0.895891377081658,1.5652615868467243,0.24527462287343582,2,1,1,1,1,0,0,0.9797561976823469,0.02026657680994115,0.3841916102770259,25.00079701995813,1,540.0
506,0.0506,load_step,dtc_hysteresis_baseline,94.2477796076938,-2.211947035588959,96.45972664328276,0.35,0.990552305969598,1.126590370624968,1.5001332387646742,0.23133175855462945,2,1,1,1,1,0,0,0.9797555812183214,0.0,0.2946353761872229,25.000799960998428,0,540.0
507,0.0507,load_step,dtc_hysteresis_baseline,94.2477796076938,-2.2188786614264155,96.46665826912022,0.35,0.7223774058026254,1.3379901998646204,1.5205416440689474,0.22766915008393443,2,1,1,1,1,0,0,0.9797584081707462,0.0,0.27059717651484916,25.00080266163712,0,540.0
508,0.050800000000000005,load_step,dtc_hysteresis_baseline,94.2477796076938,-2.2260289395451127,96.47380854723892,0.35,0.47686828732552766,1.5317338065652022,1.6042480536474109,0.23262043504699217,2,1,1,1,1,0,0,0.9797613982947146,0.03968084700540919,0.277988488576208,25.00080543617093,0,540.0
509,0.0509,load_step,dtc_hysteresis_baseline,94.2477796076938,-2.232882363998245,96.48066197169204,0.35,0.25208066818509295,1.7093241891894533,1.727811866790139,0.24473323546011613,2,1,1,1,1,0,0,0.9797628251307987,0.11175659094273727,0.30943909038605005,25.00080852519226,0,540.0
510,0.051000000000000004,load_step,dtc_hysteresis_baseline,94.2477796076938,-2.23901038443754,96.48678999213134,0.35,-0.13511729340640252,1.5580215087398677,1.5638694653562124,0.2150469867244573,3,1,1,1,1,0,0,0.9797618659869861,0.019393314443434506,0.38343222877383215,25.000812354124378,1,540.0
511,0.0511,load_step,dtc_hysteresis_baseline,94.2477796076938,-2.2469144755399983,96.4946940832338,0.35,-0.4813918661584772,1.4196567346954652,1.499054159518505,0.19803343852917732,3,1,1,1,1,0,0,0.9797581538436582,0.0,0.2940681488577746,25.00081528939017,0,540.0
