k,t_s,scenario,controller,omega_ref_rad_s,omega_m_rad_s,speed_error_rad_s,load_torque_nm,i_s_alpha_a,i_s_beta_a,i_abs_a,torque_nm,vector_id,feedback_used,feedback_requested,accepted,pwm_enabled,fallback,fault_latched,confidence,predicted_risk,loss_w,tj_c,switch_events,vdc_v
0,0.0,load_step,deadbeat_current_baseline,0.0,0.0,0.0,0.0,0.0,0.0,0.0,0.0,0,1,1,1,1,0,0,0.8935973471085157,0.0225,0.0,25.0,0,540.0
1,0.0001,load_step,deadbeat_current_baseline,0.9239978392911157,0.0,0.9239978392911157,0.0,0.0,0.0,0.0,0.0,0,1,1,1,1,0,0,0.919086534013519,0.016874999999999998,0.0,25.0,0,540.0
2,0.0002,load_step,deadbeat_current_baseline,1.8479956785822313,0.0,1.8479956785822313,0.0,0.0,0.0,0.0,0.0,0,1,1,1,1,0,0,0.9386794329696249,0.01265625,0.0,25.0,0,540.0
3,0.00030000000000000003,load_step,deadbeat_current_baseline,2.771993517873347,0.0,2.771993517873347,0.0,0.0,0.0,0.0,0.0,0,1,1,1,1,0,0,0.9536477242692896,0.009492187499999999,0.0,25.0,0,540.0
4,0.0004,load_step,deadbeat_current_baseline,3.6959913571644627,0.0,3.6959913571644627,0.0,0.0,0.0,0.0,0.0,0,1,1,1,1,0,0,0.9650303733880072,0.007119140624999999,0.0,25.0,0,540.0
5,0.0005,load_step,deadbeat_current_baseline,4.619989196455578,0.0,4.619989196455578,0.0,0.0,0.0,0.0,0.0,0,1,1,1,1,0,0,0.9736564314573587,0.00533935546875,0.0,25.0,0,540.0
6,0.0006000000000000001,load_step,deadbeat_current_baseline,5.543987035746694,0.0,5.543987035746694,0.0,0.0,0.0,0.0,0.0,0,1,1,1,1,0,0,0.9801765377224032,0.0040045166015625,0.0,25.0,0,540.0
7,0.0007,load_step,deadbeat_current_baseline,6.467984875037811,0.0,6.467984875037811,0.0,0.0,0.0,0.0,0.0,0,1,1,1,1,0,0,0.9801986733067553,0.004,0.0,25.0,0,540.0
8,0.0008,load_step,deadbeat_current_baseline,7.391982714328925,0.0,7.391982714328925,0.0,0.0,0.0,0.0,0.0,0,1,1,1,1,0,0,0.9801986733067553,0.004,0.0,25.0,0,540.0
9,0.0009000000000000001,load_step,deadbeat_current_baseline,8.315980553620042,0.0,8.315980553620042,0.0,0.0,0.0,0.0,0.0,0,1,1,1,1,0,0,0.9801986733067553,0.004,0.0,25.0,0,540.0
10,0.001,load_step,deadbeat_current_baseline,9.239978392911157,0.0,9.239978392911157,0.0,0.0,0.0,0.0,0.0,0,1,1,1,1,0,0,0.9801986733067553,0.004,0.0,25.0,0,540.0
11,0.0011,load_step,deadbeat_current_baseline,10.163976232202273,0.0,10.163976232202273,0.0,0.0,0.0,0.0,0.0,0,1,1,1,1,0,0,0.9801986733067553,0.004,0.0,25.0,0,540.0
12,0.0012000000000000001,load_step,deadbeat_current_baseline,11.087974071493388,0.0,11.087974071493388,0.0,0.0,0.0,0.0,0.0,0,1,1,1,1,0,0,0.9801986733067553,0.004,0.0,25.0,0,540.0
13,0.0013000000000000002,load_step,deadbeat_current_baseline,12.011971910784503,0.0,12.011971910784503,0.0,0.0,0.0,0.0,0.0,0,1,1,1,1,0,0,0.9801986733067553,0.004,0.0,25.0,0,540.0
14,0.0014,load_step,deadbeat_current_baseline,12.935969750075621,0.0,12.935969750075621,0.0,0.0,0.0,0.0,0.0,0,1,1,1,1,0,0,0.9801986733067553,0.004,0.0,25.0,0,540.0
15,0.0015,load_step,deadbeat_current_baseline,13.859967589366736,0.0,13.859967589366736,0.0,0.0,0.0,0.0,0.0,0,1,1,1,1,0,0,0.9801986733067553,0.004,0.0,25.0,0,540.0
16,0.0016,load_step,deadbeat_current_baseline,14.78396542865785,0.0,14.78396542865785,0.0,0.0,0.0,0.0,0.0,0,1,1,1,1,0,0,0.9801986733067553,0.004,0.0,25.0,0,540.0
17,0.0017000000000000001,load_step,deadbeat_current_baseline,15.707963267948966,0.0,15.707963267948966,0.0,0.0,0.0,0.0,0.0,0,1,1,1,1,0,0,0.9801986733067553,0.004,0.0,25.0,0,540.0
18,0.0018000000000000002,load_step,deadbeat_current_baseline,16.631961107240084,0.0,16.631961107240084,0.0,0.0,0.0,0.0,0.0,0,1,1,1,1,0,0,0.9801986733067553,0.004,0.0,25.0,0,540.0
19,0.0019,load_step,deadbeat_current_baseline,17.5559589465312,0.0,17.5559589465312,0.0,0.0,0.0,0.0,0.0,0,1,1,1,1,0,0,0.9801986733067553,0.004,0.0,25.0,0,540.0
20,0.002,load_step,deadbeat_current_baseline,18.479956785822313,0.0,18.479956785822313,0.0,0.0,0.0,0.0,0.0,0,1,1,1,1,0,0,0.9801986733067553,0.004,0.0,25.0,0,540.0
21,0.0021000000000000003,load_step,deadbeat_current_baseline,19.40395462511343,0.0,19.40395462511343,0.0,0.0,0.0,0.0,0.0,0,1,1,1,1,0,0,0.9801986733067553,0.004,0.0,25.0,0,540.0
22,0.0022,load_step,deadbeat_current_baseline,20.327952464404547,0.0,20.327952464404547,0.0,0.0,0.0,0.0,0.0,0,1,1,1,1,0,0,0.9801986733067553,0.004,0.0,25.0,0,540.0
23,0.0023,load_step,deadbeat_current_baseline,21.25195030369566,0.0,21.25195030369566,0.0,0.0,0.0,0.0,0.0,0,1,1,1,1,0,0,0.9801986733067553,0.004,0.0,25.0,0,540.0
24,0.0024000000000000002,load_step,deadbeat_current_baseline,22.175948142986776,0.0,22.175948142986776,0.0,0.0,0.0,0.0,0.0,0,1,1,1,1,0,0,0.9801986733067553,0.004,0.0,25.0,0,540.0
25,0.0025,load_step,deadbeat_current_baseline,23.09994598227789,0.0,23.09994598227789,0.0,0.0,0.0,0.0,0.0,0,1,1,1,1,0,0,0.9801986733067553,0.004,0.0,25.0,0,540.0
26,0.0026000000000000003,load_step,deadbeat_current_baseline,24.023943821569006,0.0,24.023943821569006,0.0,0.0,0.0,0.0,0.0,0,1,1,1,1,0,0,0.9801986733067553,0.004,0.0,25.0,0,540.0
27,0.0027,load_step,deadbeat_current_baseline,24.947941660860124,0.0,24.947941660860124,0.0,0.0,0.0,0.0,0.0,0,1,1,1,1,0,0,0.9801986733067553,0.004,0.0,25.0,0,540.0
28,0.0028,load_step,deadbeat_current_baseline,25.871939500151242,0.0,25.871939500151242,0.0,0.0,0.0,0.0,0.0,0,1,1,1,1,0,0,0.9801986733067553,0.004,0.0,25.0,0,540.0
29,0.0029000000000000002,load_step,deadbeat_current_baseline,26.795937339442354,0.0,26.795937339442354,0.0,0.0,0.0,0.0,0.0,0,1,1,1,1,0,0,0.9801986733067553,0.004,0.0,25.0,0,540.0
30,0.003,load_step,deadbeat_current_baseline,27.719935178733472,0.0,27.719935178733472,0.0,0.0,0.0,0.0,0.0,0,1,1,1,1,0,0,0.9801986733067553,0.004,0.0,25.0,0,540.0
31,0.0031000000000000003,load_step,deadbeat_current_baseline,28.643933018024583,0.0,28.643933018024583,0.0,0.0,0.0,0.0,0.0,0,1,1,1,1,0,0,0.9801986733067553,0.004,0.0,25.0,0,540.0
32,0.0032,load_step,deadbeat_current_baseline,29.5679308573157,0.0,29.5679308573157,0.0,0.0,0.0,0.0,0.0,0,1,1,1,1,0,0,0.9801986733067553,0.004,0.0,25.0,0,540.0
33,0.0033,load_step,deadbeat_current_baseline,30.49192869660682,0.0,30.49192869660682,0.0,0.0,0.0,0.0,0.0,0,1,1,1,1,0,0,0.9801986733067553,0.004,0.0,25.0,0,540.0
34,0.0034000000000000002,load_step,deadbeat_current_baseline,31.41592653589793,0.0,31.41592653589793,0.0,0.0,0.0,0.0,0.0,0,1,1,1,1,0,0,0.9801986733067553,0.004,0.0,25.0,0,540.0
35,0.0035,load_step,deadbeat_current_baseline,32.33992437518905,0.0,32.33992437518905,0.0,0.0,0.0,0.0,0.0,0,1,1,1,1,0,0,0.9801986733067553,0.004,0.0,25.0,0,540.0
36,0.0036000000000000003,load_step,deadbeat_current_baseline,33.26392221448017,0.0,33.26392221448017,0.0,0.0,0.0,0.0,0.0,0,1,1,1,1,0,0,0.9801986733067553,0.004,0.0,25.0,0,540.0
37,0.0037,load_step,deadbeat_current_baseline,34.18792005377128,0.0,34.18792005377128,0.0,0.0,0.0,0.0,0.0,0,1,1,1,1,0,0,0.9801986733067553,0.004,0.0,25.0,0,540.0
38,0.0038,load_step,deadbeat_current_baseline,35.1119178930624,0.0,35.1119178930624,0.0,0.0,0.0,0.0,0.0,0,1,1,1,1,0,0,0.9801986733067553,0.004,0.0,25.0,0,540.0
39,0.0039000000000000003,load_step,deadbeat_current_baseline,36.03591573235351,0.0,36.03591573235351,0.0,0.0,0.0,0.0,0.0,0,1,1,1,1,0,0,0.9801986733067553,0.004,0.0,25.0,0,540.0
40,0.004,load_step,deadbeat_current_baseline,36.95991357164463,0.0,36.95991357164463,0.0,0.0,0.0,0.0,0.0,0,1,1,1,1,0,0,0.9801986733067553,0.004,0.0,25.0,0,540.0
41,0.0041,load_step,deadbeat_current_baseline,37.883911410935745,0.0,37.883911410935745,0.0,0.0,0.0,0.0,0.0,0,1,1,1,1,0,0,0.9801986733067553,0.004,0.0,25.0,0,540.0
42,0.004200000000000001,load_step,deadbeat_current_baseline,38.80790925022686,0.0,38.80790925022686,0.0,0.0,0.0,0.0,0.0,0,1,1,1,1,0,0,0.9801986733067553,0.004,0.0,25.0,0,540.0
43,0.0043,load_step,deadbeat_current_baseline,39.731907089517975,0.0,39.731907089517975,0.0,0.0,0.0,0.0,0.0,0,1,1,1,1,0,0,0.9801986733067553,0.004,0.0,25.0,0,540.0
44,0.0044,load_step,deadbeat_current_baseline,40.65590492880909,0.0,40.65590492880909,0.0,0.0,0.0,0.0,0.0,0,1,1,1,1,0,0,0.9801986733067553,0.004,0.0,25.0,0,540.0
45,0.0045000000000000005,load_step,deadbeat_current_baseline,41.579902768100204,0.0,41.579902768100204,0.0,0.0,0.0,0.0,0.0,0,1,1,1,1,0,0,0.9801986733067553,0.004,0.0,25.0,0,540.0
46,0.0046,load_step,deadbeat_current_baseline,42.50390060739132,0.0,42.50390060739132,0.0,0.0,0.0,0.0,0.0,0,1,1,1,1,0,0,0.9801986733067553,0.004,0.0,25.0,0,540.0
47,0.0047,load_step,deadbeat_current_baseline,43.427898446682434,0.0,43.427898446682434,0.0,0.0,0.0,0.0,0.0,0,1,1,1,1,0,0,0.9801986733067553,0.004,0.0,25.0,0,540.0
48,0.0048000000000000004,load_step,deadbeat_current_baseline,44.35189628597355,0.0,44.35189628597355,0.0,0.0,0.0,0.0,0.0,0,1,1,1,1,0,0,0.9801986733067553,0.004,0.0,25.0,0,540.0
49,0.0049,load_step,deadbeat_current_baseline,45.27589412526467,0.0,45.27589412526467,0.0,0.0,0.0,0.0,0.0,0,1,1,1,1,0,0,0.9801986733067553,0.004,0.0,25.0,0,540.0
50,0.005,load_step,deadbeat_current_baseline,46.19989196455578,0.0,46.19989196455578,0.0,0.0,0.0,0.0,0.0,0,1,1,1,1,0,0,0.9801986733067553,0.004,0.0,25.0,0,540.0
51,0.0051,load_step,deadbeat_current_baseline,47.1238898038469,0.0,47.1238898038469,0.0,0.0,0.0,0.0,0.0,0,1,1,1,1,0,0,0.9801986733067553,0.004,0.0,25.0,0,540.0
52,0.005200000000000001,load_step,deadbeat_current_baseline,48.04788764313801,0.0,48.04788764313801,0.0,0.0,0.0,0.0,0.0,0,1,1,1,1,0,0,0.9801986733067553,0.004,0.0,25.0,0,540.0
53,0.0053,load_step,deadbeat_current_baseline,48.97188548242914,0.0,48.97188548242914,0.0,0.0,0.0,0.0,0.0,0,1,1,1,1,0,0,0.9801986733067553,0.004,0.0,25.0,0,540.0
54,0.0054,load_step,deadbeat_current_baseline,49.89588332172025,0.0,49.89588332172025,0.0,0.0,0.0,0.0,0.0,0,1,1,1,1,0,0,0.9801986733067553,0.004,0.0,25.0,0,540.0
55,0.0055000000000000005,load_step,deadbeat_current_baseline,50.81988116101136,0.0,50.81988116101136,0.0,0.0,0.0,0.0,0.0,0,1,1,1,1,0,0,0.9801986733067553,0.004,0.0,25.0,0,540.0
56,0.0056,load_step,deadbeat_current_baseline,51.743879000302485,0.0,51.743879000302485,0.0,0.0,0.0,0.0,0.0,0,1,1,1,1,0,0,0.9801986733067553,0.004,0.0,25.0,0,540.0
57,0.0057,load_step,deadbeat_current_baseline,52.667876839593596,0.0,52.667876839593596,0.0,0.0,0.0,0.0,0.0,0,1,1,1,1,0,0,0.9801986733067553,0.004,0.0,25.0,0,540.0
58,0.0058000000000000005,load_step,deadbeat_current_baseline,53.59187467888471,0.0,53.59187467888471,0.0,0.0,0.0,0.0,0.0,0,1,1,1,1,0,0,0.9801986733067553,0.004,0.0,25.0,0,540.0
59,0.0059,load_step,deadbeat_current_baseline,54.51587251817583,0.0,54.51587251817583,0.0,0.0,0.0,0.0,0.0,0,1,1,1,1,0,0,0.9801986733067553,0.004,0.0,25.0,0,540.0
60,0.006,load_step,deadbeat_current_baseline,55.439870357466944,0.0,55.439870357466944,0.0,0.0,0.0,0.0,0.0,0,1,1,1,1,0,0,0.9801986733067553,0.004,0.0,25.0,0,540.0
61,0.0061,load_step,deadbeat_current_baseline,56.363868196758055,0.0,56.363868196758055,0.0,0.0,0.0,0.0,0.0,0,1,1,1,1,0,0,0.9801986733067553,0.004,0.0,25.0,0,540.0
62,0.006200000000000001,load_step,deadbeat_current_baseline,57.28786603604917,0.0,57.28786603604917,0.0,0.0,0.0,0.0,0.0,0,1,1,1,1,0,0,0.9801986733067553,0.004,0.0,25.0,0,540.0
63,0.0063,load_step,deadbeat_current_baseline,58.21186387534029,0.0,58.21186387534029,0.0,0.0,0.0,0.0,0.0,0,1,1,1,1,0,0,0.9801986733067553,0.004,0.0,25.0,0,540.0
64,0.0064,load_step,deadbeat_current_baseline,59.1358617146314,0.0,59.1358617146314,0.0,0.0,0.0,0.0,0.0,0,1,1,1,1,0,0,0.9801986733067553,0.004,0.0,25.0,0,540.0
65,0.006500000000000001,load_step,deadbeat_current_baseline,60.059859553922514,0.0,60.059859553922514,0.0,0.0,0.0,0.0,0.0,0,1,1,1,1,0,0,0.9801986733067553,0.004,0.0,25.0,0,540.0
66,0.0066,load_step,deadbeat_current_baseline,60.98385739321364,0.0,60.98385739321364,0.0,0.0,0.0,0.0,0.0,0,1,1,1,1,0,0,0.9801986733067553,0.004,0.0,25.0,0,540.0
67,0.0067,load_step,deadbeat_current_baseline,61.90785523250475,0.0,61.90785523250475,0.0,0.0,0.0,0.0,0.0,0,1,1,1,1,0,0,0.9801986733067553,0.004,0.0,25.0,0,540.0
68,0.0068000000000000005,load_step,deadbeat_current_baseline,62.83185307179586,0.0,62.83185307179586,0.0,-0.18135426080153716,0.3141147938773592,0.36270852160307426,0.0,2,1,1,1,1,0,0,0.9801986733067553,0.004,0.0,25.0,1,540.0
69,0.006900000000000001,load_step,deadbeat_current_baseline,63.75585091108699,0.0,63.75585091108699,0.0,-0.34326834954596336,0.5945582220439215,0.6865366990919267,0.0,2,1,1,1,1,0,0,0.9801986733067553,0.004,0.015823606818430154,25.00000015823607,0,540.0
70,0.007,load_step,deadbeat_current_baseline,64.6798487503781,0.0,64.6798487503781,0.0,-0.6729182050714367,0.5372989327670631,0.8611091997355441,0.00585861176629647,3,1,1,1,1,0,0,0.980185223778353,0.004,0.06642090319115052,25.000000822444047,1,540.0
71,0.0071,load_step,deadbeat_current_baseline,65.60384658966922,0.0003506022924367813,65.60349598737677,0.0,-0.9748385483574685,0.4849274380881333,1.0887905287861466,0.014715543302700536,3,1,1,1,1,0,0,0.9801617887678045,0.004,0.0892162590898936,25.000001714601154,0,540.0
72,0.007200000000000001,load_step,deadbeat_current_baseline,66.52784442896034,0.0012312111477939668,66.52661321781254,0.0,-1.2472365122015565,0.44423868227949614,1.3239890196682624,0.025590315159585313,3,1,1,1,1,0,0,0.9801353686881107,0.004,0.14264930749358606,25.0000031410828,0,540.0
73,0.0073,load_step,deadbeat_current_baseline,67.45184226825144,0.0027625413191744606,67.44907972693227,0.0,-1.3154417479911187,0.09291501601296123,1.3187191484765126,0.04973763929969789,1,1,1,1,1,0,0,0.9801043385246814,0.004,0.22971358645033677,25.000005438197725,1,540.0
74,0.0074,load_step,deadbeat_current_baseline,68.37584010754256,0.005738824364603934,68.37010128317796,0.0,-1.37803745276595,-0.22876800155901716,1.3968972831826163,0.07939543287509171,1,1,1,1,1,0,0,0.9800689943192736,0.004,0.20932597692699195,25.00000753142124,0,540.0
75,0.007500000000000001,load_step,deadbeat_current_baseline,69.29983794683368,0.010489717357114464,69.28934822947656,0.0,-1.0727947524166082,-0.5233453070172542,1.1936410227491328,0.09909967379825371,5,1,1,1,1,0,0,0.9800379576810652,0.004,0.2546894956193341,25.000010078265987,1,540.0
76,0.0076,load_step,deadbeat_current_baseline,70.2238357861248,0.016419424344795094,70.20741636178,0.0,-0.7934122923045046,-0.7931349159211329,1.121858306754071,0.12482022241121303,5,1,1,1,1,0,0,0.9800064623767685,0.004,0.17155167031154342,25.0000117937155,0,540.0
77,0.0077,load_step,deadbeat_current_baseline,71.14783362541591,0.023887894192401695,71.12394573122351,0.0,-0.5418427617904472,-1.0330435970748166,1.16652160372707,0.15442362628886958,5,1,1,1,1,0,0,0.9799843069823658,0.004,0.1515248066395007,25.00001330888494,0,540.0
78,0.0078000000000000005,load_step,deadbeat_current_baseline,72.07183146470702,0.03312737395359654,72.03870409075343,0.0,-0.6742569858954999,-1.2528303608986688,1.422746075804946,0.1868945755147067,1,1,1,1,1,0,0,0.9799640128536402,0.004,0.18030785536274962,25.00001511187477,1,540.0
79,0.0079,load_step,deadbeat_current_baseline,72.99582930399814,0.04430933271301299,72.95151997128512,0.0,-0.6142213073645645,-1.1401010883150726,1.2950283031647793,0.16975116574114024,0,1,1,1,1,0,0,0.9799405959346069,0.004,0.26381946317818095,25.000017749968656,1,540.0
80,0.008,load_step,deadbeat_current_baseline,73.91982714328925,0.05446450350854766,73.86536263978071,0.0,-0.5593150322770538,-1.0370022603928806,1.1782219627010122,0.15408916886014984,0,1,1,1,1,0,0,0.9799080754525065,0.004,0.20196145638671048,25.00001976946489,0,540.0
81,0.0081,load_step,deadbeat_current_baseline,74.84382498258037,0.06368161878398021,74.7801433637964,0.0,-0.509099653062973,-0.9427101373268336,1.071393886377749,0.13978050662629246,0,1,1,1,1,0,0,0.9798869101681823,0.004,0.1672431661327207,25.000021441764755,0,540.0
82,0.0082,load_step,deadbeat_current_baseline,75.76782282187149,0.07204173946141361,75.69578108241008,0.0,-0.4631740968324959,-0.856471466445244,0.9736907192797233,0.12670820660856802,0,1,1,1,1,0,0,0.9798748399044843,0.004,0.1383550644147531,25.000022825172454,0,540.0
83,0.0083,load_step,deadbeat_current_baseline,76.69182066116261,0.07961892014615589,76.61220174101645,0.0,-0.42117153858964007,-0.7775974459062874,0.884332094180657,0.11476543151292862,0,1,1,1,1,0,0,0.9798699916306071,0.004,0.11433043800375639,25.000023968324665,0,540.0
84,0.008400000000000001,load_step,deadbeat_current_baseline,77.61581850045371,0.08648081619134744,77.52933768426236,0.0,-0.38275648424273584,-0.7054582061132527,0.8026043899720386,0.10385459510386069,0,1,1,1,1,0,0,0.9798708171516401,0.004,0.09436186767473176,25.000024911783555,0,540.0
85,0.0085,load_step,deadbeat_current_baseline,78.53981633974483,0.0926892378092288,78.4471271019356,0.0,-0.3476221008187816,-0.6394777643151176,0.727855024047457,0.09388655659980488,0,1,1,1,1,0,0,0.9798760405435912,0.004,0.07777506212220539,25.000025689368098,0,540.0
86,0.0086,load_step,deadbeat_current_baseline,79.46381417903595,0.09830065592929954,79.36551352310666,0.0,-0.31548777313918724,-0.5791294117109552,0.6594872330144083,0.08477988626869443,0,1,1,1,1,0,0,0.9798846138268287,0.004,0.06400698318275048,25.000026329266667,0,540.0
87,0.008700000000000001,load_step,deadbeat_current_baseline,80.38781201832707,0.1033666640679696,80.2844453542591,0.0,-0.2860968679202891,-0.523931495892089,0.5969553000196257,0.07646019569313608,0,1,1,1,1,0,0,0.9798956796041632,0.004,0.05258755914413518,25.00002685496673,0,540.0
88,0.0088,load_step,deadbeat_current_baseline,81.31180985761819,0.10793440008316788,81.20387545753502,0.0,-0.25921468783344814,-0.47344356466462456,0.5397601905577499,0.06885952682714402,0,1,1,1,1,0,0,0.9799085395864606,0.004,0.04312439811103116,25.000027286031678,0,540.0
89,0.0089,load_step,deadbeat_current_baseline,82.23580769690929,0.11204693133530702,82.12376076557398,0.0,-0.23462659950609918,-0.42726284022423167,0.487445561916685,0.061915794541931,0,1,1,1,1,0,0,0.9799226280946648,0.004,0.03529000972285118,25.000027638749867,0,540.0
90,0.009000000000000001,load_step,deadbeat_current_baseline,83.15980553620041,0.11574360645841082,83.044061929742,0.0,-0.2121363207759091,-0.3850209953295564,0.4395941144247745,0.055572277868420575,0,1,1,1,1,0,0,0.9799374897673254,0.004,0.028811124069336676,25.00002792667685,0,540.0
91,0.0091,load_step,deadbeat_current_baseline,84.08380337549153,0.11906037665817229,83.96474299883336,0.0,-0.19156435373377323,-0.3463812055629114,0.3958242554324508,0.04977715559818212,0,1,1,1,1,0,0,0.9799527608212519,0.004,0.023459764007309755,25.000028161088313,0,540.0
92,0.0092,load_step,deadbeat_current_baseline,85.00780121478265,0.12203008919386561,84.88577112558878,0.0,-0.17274655121583313,-0.3110354539973598,0.35578704951179463,0.044483082310037045,0,1,1,1,1,0,0,0.9799681533131683,0.004,0.019045783407850507,25.000028351358406,0,540.0
93,0.009300000000000001,load_step,deadbeat_current_baseline,85.93179905407376,0.1246827554654797,85.80711629860828,0.0,-0.1555328054375563,-0.27870206662658237,0.31916343072038295,0.039646801252979244,0,1,1,1,1,0,0,0.9799834419350769,0.004,0.015410630963638768,25.000028505275708,0,540.0
94,0.0094,load_step,deadbeat_current_baseline,86.85579689336487,0.1270457959136508,86.72875109745122,0.0,-0.13978584841127373,-0.2491234587749174,0.2856616549837194,0.03522879084258033,0,1,1,1,1,0,0,0.9799984529478525,0.004,0.012422138572057283,25.00002862930706,0,540.0
95,0.0095,load_step,deadbeat_current_baseline,87.77979473265599,0.12914426374573842,87.65065046891024,0.0,-0.12538015465898752,-0.22206407440511952,0.25501497274417845,0.031192941822162458,0,1,1,1,1,0,0,0.9800130549183859,0.004,0.00997016624426691,25.00002872881786,0,540.0
96,0.009600000000000001,load_step,deadbeat_current_baseline,88.7037925719471,0.13100104932477108,88.57279152262234,0.0,-0.11220093753089413,-0.1973085017947193,0.22697950405992245,0.027506262405487,0,1,1,1,1,0,0,0.9800271509770854,0.004,0.00796296303032448,25.000028808255966,0,540.0
97,0.0097,load_step,deadbeat_current_baseline,89.62779041123822,0.1326370668972714,89.49515334434095,0.0,-0.10014323117259469,-0.1746597504711861,0.2013323003999724,0.024138608957750177,0,1,1,1,1,0,0,0.9800406723561349,0.004,0.0063241264790169895,25.000028871305176,0,540.0
98,0.0098,load_step,deadbeat_current_baseline,90.55178825052934,0.13407142518962978,90.41771682533971,0.0,-0.08911105085567186,-0.15393767559305174,0.17786957961268637,0.021062439989066768,0,1,1,1,1,0,0,0.9800535730058122,0.004,0.004990062407249321,25.000028921013325,0,540.0
99,0.0099,load_step,deadbeat_current_baseline,91.47578608982046,0.1353215832693766,91.34046450655109,0.0,-0.07901662500210027,-0.13497753714937974,0.15640512319497313,0.01825259143175828,0,1,1,1,1,0,0,0.9800658251173895,0.004,0.003907862855381046,25.000028959899147,0,540.0
100,0.01,load_step,deadbeat_current_baseline,92.39978392911156,0.13640349294619156,92.26338043616538,0.0,-0.0697796927973469,-0.11762868243314009,0.13676882853138952,0.015686071351728247,0,1,1,1,1,0,0,0.9800774154075088,0.004,0.003033533568523521,25.000028990041418,0,540.0
101,0.010100000000000001,load_step,deadbeat_current_baseline,93.32378176840268,0.13733172887669604,93.18645003952598,0.0,-0.06132686180418443,-0.10175334123404942,0.11880541414869289,0.013341872406847663,0,1,1,1,1,0,0,0.9800883420411283,0.004,0.002330513601532808,25.000029013153288,0,540.0
102,0.0102,load_step,deadbeat_current_baseline,94.2477796076938,0.13811960743602422,94.10966000025778,0.0,-0.05359102046305222,-0.08722552410126973,0.10237328523112105,0.011200800513181482,0,1,1,1,1,0,0,0.9800986120886935,0.004,0.001768439058569059,25.000029030644257,0,540.0
103,0.0103,load_step,deadbeat_current_baseline,94.2477796076938,0.1387792953269763,94.10900031236683,0.0,-0.04651080079881826,-0.07393001485345252,0.08734358412143998,0.009245318314508224,0,1,1,1,1,0,0,0.9801082394284156,0.004,0.0013221108487702627,25.000029043671827,0,540.0
104,0.010400000000000001,load_step,deadbeat_current_baseline,94.2477796076938,0.13932190881342976,94.10845769888037,0.0,-0.04003008705128493,-0.06176144926962808,0.07359948699018419,0.007459402173174552,0,1,1,1,1,0,0,0.9801172430164129,0.004,0.0009706329204630782,25.00002905318453,0,540.0
105,0.0105,load_step,deadbeat_current_baseline,94.2477796076938,0.13975760438789853,94.1080220033059,0.0,-0.0340975663107864,-0.05062347258554269,0.06103589112102541,0.005828411512020931,0,1,1,1,1,0,0,0.980125645455265,0.004,0.000696692938682384,25.00002905995777,0,540.0
106,0.0106,load_step,deadbeat_current_baseline,94.2477796076938,0.14009566161303474,94.10768394608077,0.0,-0.028666317573499658,-0.04042796905181529,0.04955984710306591,0.004338969438925677,0,1,1,1,1,0,0,0.9801334717926361,0.004,0.00048596197127077293,25.000029064623657,0,540.0
107,0.010700000000000001,load_step,deadbeat_current_baseline,94.2477796076938,0.14034455881287045,94.10743504888093,0.0,-0.023693435936212266,-0.031094357387851032,0.039092684326185644,0.0029788536783512337,0,1,1,1,1,0,0,0.9801407484678467,0.004,0.00032659359522074365,25.000029067695827,0,540.0
108,0.0108,load_step,deadbeat_current_baseline,94.2477796076938,0.14051204223116007,94.10726756546264,0.0,-0.019139688929590268,-0.022548946493451478,0.02957672531376687,0.0017368969189524015,0,1,1,1,1,0,0,0.9801475022676387,0.004,0.00020880605074999442,25.000029069590102,0,540.0
109,0.0109,load_step,deadbeat_current_baseline,94.2477796076938,0.14060518922081958,94.10717441847298,0.0,-0.01496920224464209,-0.014724346262803441,0.020997223357099658,0.000602895763565749,0,1,1,1,1,0,0,0.9801537589410644,0.004,0.00012453375917399517,25.00002907064164,0,540.0
110,0.011000000000000001,load_step,deadbeat_current_baseline,94.2477796076938,0.14063046597972123,94.10714914171407,0.0,-0.011149172341048227,-0.007558928786862747,0.013470020352444058,-0.0004324724615992928,0,1,1,1,1,0,0,0.9801595401905956,0.004,6.713676834903e-05,25.000029071119204,0,540.0
111,0.0111,load_step,deadbeat_current_baseline,94.2477796076938,0.14059378030358835,94.10718582739021,0.0,-0.007649603640152351,-0.000996335633666166,0.007714215484827026,-0.0013777257173955633,0,1,1,1,1,0,0,0.9801648520730935,0.004,3.1158568542418726e-05,25.000029071236984,0,540.0
112,0.0112,load_step,deadbeat_current_baseline,94.2477796076938,0.1405005297860745,94.10727907790772,0.0,-0.00027863702738779725,-0.0021980336429628087,0.0022156241758538074,0.0005071288277892351,0,1,1,1,1,0,0,0.9801696124474212,0.004,1.2124292451127107e-05,25.00002907116442,0,540.0
113,0.011300000000000001,load_step,deadbeat_current_baseline,94.2477796076938,0.14052008351728193,94.10725952417651,0.0,0.0023091689419367403,0.003916684962013455,0.004546722148324833,-0.0005158563319900393,0,1,1,1,1,0,0,0.9801735422087035,0.004,2.443246278862473e-06,25.000029070995044,0,540.0
114,0.0114,load_step,deadbeat_current_baseline,94.2477796076938,0.14047841630433408,94.10730119138947,0.0,-0.0036469426731850964,-0.004907599454484051,0.0061143048065295715,0.00048495899742340284,0,1,1,1,1,0,0,0.9801771134858328,0.004,6.153614236612655e-07,25.00002907080739,0,540.0
115,0.0115,load_step,deadbeat_current_baseline,94.2477796076938,0.14049664500500075,94.1072829626888,0.0,-0.0007692844433482343,0.0014401212655376049,0.0016327117976640076,-0.0005324960985895888,0,1,1,1,1,0,0,0.9801799144781274,0.004,9.061922240959615e-06,25.000029070704205,0,540.0
116,0.011600000000000001,load_step,deadbeat_current_baseline,94.2477796076938,0.1404539838040083,94.10732562388979,0.0,0.0018685209474352464,-0.007171085678089277,0.007410522271304598,0.0022310070148521483,0,1,1,1,1,0,0,0.9801826339322613,0.004,9.378241647481424e-07,25.00002907051978,0,540.0
117,0.0117,load_step,deadbeat_current_baseline,94.2477796076938,0.14057670473930603,94.1072029029545,0.0,-0.00404185730035124,-0.00062850829872071,0.004090431898707447,-0.0006947803672694628,0,1,1,1,1,0,0,0.9801422525829537,0.004,9.391647078039873e-06,25.00002907041989,0,540.0
118,0.0118,load_step,deadbeat_current_baseline,94.2477796076938,0.14052432566046308,94.10725528203334,0.0,0.0030420073007405273,-0.0018485108969025499,0.003559606853814918,0.001113976527603313,0,1,1,1,1,0,0,0.9801079282615155,0.004,5.030816041423117e-06,25.000029070276398,0,540.0
119,0.0119,load_step,deadbeat_current_baseline,94.2477796076938,0.14058019370845445,94.10719941398534,0.0,-0.002961611031011781,0.0042494634957718136,0.005179679517200641,-0.0017059832913024439,0,1,1,1,1,0,0,0.980121280813951,0.004,1.6098554649294622e-06,25.000029070098694,0,540.0
120,0.012,load_step,deadbeat_current_baseline,94.2477796076938,0.14046730001490418,94.1073123076789,0.0,-0.00012742785372254836,-0.00459013873966453,0.004591907175376416,0.0011393456922089342,0,1,1,1,1,0,0,0.9801325068440406,0.004,3.7683072208650137e-06,25.000029069942578,0,540.0
121,0.012100000000000001,load_step,deadbeat_current_baseline,94.2477796076938,0.14052469063450398,94.1072549170593,0.0,0.002470646836152589,0.0017435647277790995,0.003023923568634995,7.705249480059184e-05,0,1,1,1,1,0,0,0.9800995956126244,0.004,5.230304091738054e-06,25.00002906980108,0,540.0
122,0.0122,load_step,deadbeat_current_baseline,94.2477796076938,0.1405185050558395,94.10726110263796,0.0,-0.0034760963263414336,-0.0068804661767727735,0.0077087003106696625,0.0010122129531797495,0,1,1,1,1,0,0,0.9801141572065677,0.004,2.859732392402594e-08,25.000029069607567,0,540.0
123,0.0123,load_step,deadbeat_current_baseline,94.2477796076938,0.14056828361985366,94.10721132407394,0.0,-0.0005898922883835309,-0.0003496214204658147,0.0006857171789760651,-3.5236035890234015e-05,0,1,1,1,1,0,0,0.9800842478913069,0.004,1.2338500583089904e-05,25.000029069537156,0,540.0
124,0.012400000000000001,load_step,deadbeat_current_baseline,94.2477796076938,0.14055537490606074,94.10722423278774,0.0,0.0020557076636643643,0.0056326432522944775,0.005996049032993885,-0.0009907522177187802,0,1,1,1,1,0,0,0.9801011676037992,0.004,1.2760907472110024e-06,25.00002906935612,0,540.0
125,0.0125,load_step,deadbeat_current_baseline,94.2477796076938,0.1404852853503487,94.10729432234345,0.0,-0.003847562529817543,-0.0033127833746664976,0.005077230653449055,3.109665315316376e-05,0,1,1,1,1,0,0,0.9801155831406457,0.004,1.9155275517416373e-06,25.00002906918148,0,540.0
126,0.0126,load_step,deadbeat_current_baseline,94.2477796076938,0.1404763526215455,94.10730325507225,0.0,-0.0009215927918836597,0.002924140142029248,0.0030659303391105857,-0.0009268787015160043,0,1,1,1,1,0,0,0.9801275181350751,0.004,7.0299779711404265e-06,25.000029069057984,0,540.0
127,0.012700000000000001,load_step,deadbeat_current_baseline,94.2477796076938,0.14041009157880077,94.107369516115,0.0,0.001760381417735633,-0.00578840390245736,0.00605017044998672,0.0018181164509145581,0,1,1,1,1,0,0,0.9801381361053476,0.004,1.2079840525391124e-06,25.00002906887627,0,540.0
128,0.0128,load_step,deadbeat_current_baseline,94.2477796076938,0.14050810689662027,94.10727150079718,0.0,-0.004109617217888177,0.0006614880671594792,0.004162513680524948,-0.0010189202760019951,0,1,1,1,1,0,0,0.9801043895911634,0.004,6.630123609652719e-06,25.000029068748777,0,540.0
129,0.0129,load_step,deadbeat_current_baseline,94.2477796076938,0.1404363352855537,94.10734327240824,0.0,0.003011162315397243,-0.0006432890592905487,0.003079110147992664,0.0007848797045072672,0,1,1,1,1,0,0,0.980075754521345,0.004,4.553928511633206e-06,25.000029068600526,0,540.0
130,0.013000000000000001,load_step,deadbeat_current_baseline,94.2477796076938,0.14047251565009047,94.10730709204371,0.0,-0.00712314196578345,-0.0018358599069183846,0.007355918233812533,-0.0010157322598684916,0,1,1,1,1,0,0,0.9800938389032555,0.004,7.524581376314198e-07,25.00002906841426,0,540.0
131,0.0131,load_step,deadbeat_current_baseline,94.2477796076938,0.14040093755692917,94.10737867013687,0.0,0.00025709547635290503,-0.0029258159810666854,0.0029370899269559893,0.000782021877252281,0,1,1,1,1,0,0,0.9800667811536494,0.004,1.136327166816721e-05,25.000029068334104,0,540.0
132,0.0132,load_step,deadbeat_current_baseline,94.2477796076938,0.1404369496175364,94.10734265807626,0.0,-0.00547551744935115,0.003291070778266942,0.006388461333193737,-0.0019476328120228707,0,1,1,1,1,0,0,0.9800862336308838,0.004,2.8357638384251385e-06,25.000029068168672,0,540.0
133,0.013300000000000001,load_step,deadbeat_current_baseline,94.2477796076938,0.14030960567509568,94.1074700020187,0.0,-0.002393525867045247,-0.005439801918310057,0.005943097760147015,0.0008581279559620792,0,1,1,1,1,0,0,0.9800603811400488,0.004,6.973749178319457e-06,25.000029068044622,0,540.0
134,0.0134,load_step,deadbeat_current_baseline,94.2477796076938,0.1403501792389223,94.10742942845488,0.0,0.0004311432751593495,0.0009933203371196558,0.0010828526288699848,-0.00015761815338765386,0,1,1,1,1,0,0,0.9800383717111772,0.004,8.258755212647572e-06,25.000029067933422,0,540.0
135,0.0135,load_step,deadbeat_current_baseline,94.2477796076938,0.1403299634567645,94.10744964423704,0.0,-0.005308403811151152,-0.0075398076060856885,0.009221054698841758,0.0007765060400287536,0,1,1,1,1,0,0,0.9800622148830316,0.004,3.22854529934429e-07,25.000029067742865,0,540.0
136,0.013600000000000001,load_step,deadbeat_current_baseline,94.2477796076938,0.14036565088108757,94.1074139568127,0.0,-0.0022327432768440886,-0.0009258469817086637,0.0024170922973340346,-0.00022878640357075275,0,1,1,1,1,0,0,0.9800087596017663,0.004,1.639837230859898e-05,25.000029067713065,0,540.0
137,0.0137,load_step,deadbeat_current_baseline,94.2477796076938,0.1403411749231693,94.10743843277064,0.0,0.0047505224607217325,-0.0020805944278321537,0.0051861678359794595,0.0014849624227104845,0,1,1,1,1,0,0,0.9800370379389018,0.004,2.8681723617662577e-06,25.000029067547963,0,540.0
138,0.013800000000000002,load_step,deadbeat_current_baseline,94.2477796076938,0.14041925829301768,94.10736034940078,0.0,-0.005509555340091047,-0.003135970211157257,0.006339519635649965,-0.00035348155573411167,0,1,1,1,1,0,0,0.9800186985277395,0.004,2.5873365718602687e-06,25.00002906738005,0,540.0
139,0.013900000000000001,load_step,deadbeat_current_baseline,94.2477796076938,0.14038731596968917,94.10739229172411,0.0,0.001755645893598848,-0.004100468961159312,0.004460508738377431,0.0013656990200658367,0,1,1,1,1,0,0,0.9800029284419186,0.004,9.365389470256434e-06,25.00002906727992,0,540.0
140,0.014,load_step,deadbeat_current_baseline,94.2477796076938,0.1404582586049606,94.10732134908883,0.0,-0.0040821839499200424,0.002231141411675453,0.004652119710398469,-0.0013784853045229878,0,1,1,1,1,0,0,0.9799897163191053,0.004,3.914717136293083e-06,25.000029067125286,0,540.0
141,0.014100000000000001,load_step,deadbeat_current_baseline,94.2477796076938,0.140364973043091,94.10741463465071,0.0,0.003068002372722124,0.0008181822498243683,0.003175226094777543,0.00042315348149780095,0,1,1,1,1,0,0,0.9799782889843874,0.004,4.3906128629763895e-06,25.00002906697541,0,540.0
142,0.0142,load_step,deadbeat_current_baseline,94.2477796076938,0.14037951177542116,94.10740009591838,0.0,-0.007039422304819325,-0.0004733334635142178,0.0070553179200706605,-0.0013122868662890463,0,1,1,1,1,0,0,0.9800108837851609,0.004,2.3038008256792713e-07,25.000029066783934,0,540.0
143,0.0143,load_step,deadbeat_current_baseline,94.2477796076938,0.14029019383780272,94.107489413856,0.0,0.0003653838349347722,-0.00165378773970225,0.0016936703441995783,0.0004775901538310739,0,1,1,1,1,0,0,0.9799962273396684,0.004,1.0167751672526151e-05,25.000029066691834,0,540.0
144,0.014400000000000001,load_step,deadbeat_current_baseline,94.2477796076938,0.14030799601937136,94.10747161167443,0.0,-0.005344774634049458,0.00448032597614934,0.00697423377449717,-0.0021718745488694246,0,1,1,1,1,0,0,0.9800261778092583,0.004,1.5556448891777203e-06,25.000029066513612,0,540.0
145,0.0145,load_step,deadbeat_current_baseline,94.2477796076938,0.14016724248010368,94.1076123652137,0.0,-0.0022422617945956976,-0.004326255828434507,0.004872804885132079,0.0005999795664844438,0,1,1,1,1,0,0,0.9800093344550318,0.004,7.342629854241213e-06,25.00002906639326,0,540.0
146,0.0146,load_step,deadbeat_current_baseline,94.2477796076938,0.14019237837038143,94.10758722932341,0.0,0.0006011595074696657,0.0020376183600424227,0.002124448477747376,-0.00037368709965111574,0,1,1,1,1,0,0,0.9799949455742397,0.004,6.276600610239198e-06,25.00002906626225,0,540.0
147,0.014700000000000001,load_step,deadbeat_current_baseline,94.2477796076938,0.14015924429959528,94.1076203633942,0.0,-0.005121252577482141,-0.006558850166292895,0.008321402734289923,0.0005600569934854755,0,1,1,1,1,0,0,0.9800253642979029,0.004,2.3016085605078283e-07,25.000029066070777,0,540.0
148,0.0148,load_step,deadbeat_current_baseline,94.2477796076938,0.14018199168112896,94.10759761601267,0.0,-0.0020299365161106898,-2.827324498800943e-06,0.0020299384850786554,-0.0004069197251628209,0,1,1,1,1,0,0,0.9799774177409577,0.004,1.3901670446749255e-05,25.00002906601602,0,540.0
149,0.0149,load_step,deadbeat_current_baseline,94.2477796076938,0.14014686963779172,94.10763273805601,0.0,0.004967631888038126,-0.0012105720954302737,0.005113008055273107,0.0012881660429881988,0,1,1,1,1,0,0,0.9800104594357401,0.004,2.1588585758769683e-06,25.000029065843833,0,540.0
150,0.015000000000000001,load_step,deadbeat_current_baseline,94.2477796076938,0.14021319086962106,94.10756641682418,0.0,-0.005279380977684747,-0.002314426751920712,0.005764411045158543,-0.0004984808684383511,0,1,1,1,1,0,0,0.9800384637894113,0.004,2.0664501002867904e-06,25.000029065670724,0,540.0
151,0.0151,load_step,deadbeat_current_baseline,94.2477796076938,0.14017258705149682,94.1076070206423,0.0,0.0019977536774058507,-0.0033232729269057344,0.003877520174324462,0.0011990598719898312,0,1,1,1,1,0,0,0.9800197013075169,0.004,8.00499030489774e-06,25.000029065557,0,540.0
152,0.0152,load_step,deadbeat_current_baseline,94.2477796076938,0.1402335738448753,94.10754603384892,0.0,-0.003829178274903524,0.0029677689310109983,0.004844611304208758,-0.0014768022809596897,0,1,1,1,1,0,0,0.9800463595595241,0.004,2.880518960127302e-06,25.000029065392035,0,540.0
153,0.015300000000000001,load_step,deadbeat_current_baseline,94.2477796076938,0.14013442187259087,94.10764518582121,0.0,-0.0008334718010032738,-0.005695309985382088,0.005755973512157658,0.001200118306704769,0,1,1,1,1,0,0,0.9800688506290381,0.004,4.166116107957048e-06,25.000029065239925,0,540.0
154,0.0154,load_step,deadbeat_current_baseline,94.2477796076938,0.1401954749391338,94.10758413275467,0.0,0.0019122579502663115,0.0007997904271880573,0.002072774757608354,0.00018870106966710598,0,1,1,1,1,0,0,0.9800455589814165,0.004,7.226187164108332e-06,25.00002906511842,0,540.0
155,0.0155,load_step,deadbeat_current_baseline,94.2477796076938,0.14019599614291176,94.1075836115509,0.0,-0.008063940335386299,-0.0004636732170781837,0.008077259843839724,-0.001489474101728281,0,1,1,1,1,0,0,0.98006822235031,0.004,6.994596010413084e-08,25.00002906492535,0,540.0
156,0.015600000000000001,load_step,deadbeat_current_baseline,94.2477796076938,0.14009608872634768,94.10768351896745,0.0,-0.0005391479369603644,-0.0016184880269263613,0.0017059261388561355,0.0002794471985200679,0,1,1,1,1,0,0,0.9800449908897311,0.004,1.2378114357545786e-05,25.000029064855365,0,540.0
157,0.015700000000000002,load_step,deadbeat_current_baseline,94.2477796076938,0.14010204817015617,94.10767755952365,0.0,0.002189262769960545,0.004539059605317748,0.005039437823464303,-0.0006483093365531665,0,1,1,1,1,0,0,0.9800675759574214,0.004,1.912928057663934e-06,25.000029064680728,0,540.0
158,0.0158,load_step,deadbeat_current_baseline,94.2477796076938,0.14005248656845246,94.10772712112535,0.0,-0.0036383321113924103,-0.004246105950517831,0.005591679201797264,0.00029148169985088033,0,1,1,1,1,0,0,0.9800870735079333,0.004,1.084267655534481e-06,25.000029064497806,0,540.0
159,0.0159,load_step,deadbeat_current_baseline,94.2477796076938,0.14005916955400566,94.1077204381398,0.0,-0.0006432125297686469,0.002137342306014174,0.0022320292317820054,-0.0006340818173708695,0,1,1,1,1,0,0,0.9801033662869478,0.004,7.686992866174007e-06,25.00002906438091,0,540.0
160,0.016,load_step,deadbeat_current_baseline,94.2477796076938,0.1400104626772403,94.10776914501656,0.0,0.002101945679377848,-0.006441239924532247,0.006775525618315039,0.001939560596695883,0,1,1,1,1,0,0,0.9801176164656489,0.004,7.981799373482949e-07,25.00002906419513,0,540.0
161,0.0161,load_step,deadbeat_current_baseline,94.2477796076938,0.14011577639280387,94.107663831301,0.0,-0.0037103249528616217,0.0001311262361473928,0.0037126412896526613,-0.0007598341797819444,0,1,1,1,1,0,0,0.9800869805773662,0.004,7.678082860382428e-06,25.00002906407815,0,540.0
162,0.0162,load_step,deadbeat_current_baseline,94.2477796076938,0.140059539652573,94.10772006804123,0.0,0.003463196158637104,-0.001061684998470692,0.0036222786570301994,0.0009297112853115274,0,1,1,1,1,0,0,0.9801032125744951,0.004,3.968374086563428e-06,25.00002906392407,0,540.0
163,0.016300000000000002,load_step,deadbeat_current_baseline,94.2477796076938,0.14010441625632786,94.10767519143748,0.0,-0.006622928615371999,-0.0021518966594575987,0.006963752054553496,-0.0007894383028278878,0,1,1,1,1,0,0,0.9801172495401218,0.004,1.1255349729407714e-06,25.000029063741568,0,540.0
164,0.0164,load_step,deadbeat_current_baseline,94.2477796076938,0.14004640876214758,94.10773319893165,0.0,0.0008013184168799119,-0.0031482806961385125,0.003248658576537295,0.0008973172733401278,0,1,1,1,1,0,0,0.9800866959255958,0.004,1.0273368604896985e-05,25.000029063650544,0,540.0
165,0.0165,load_step,deadbeat_current_baseline,94.2477796076938,0.14008934779011342,94.10769025990369,0.0,-0.004891099401722436,0.0031541442083487196,0.005819920879581555,-0.0016951214499060082,0,1,1,1,1,0,0,0.9801032225231386,0.004,2.7700394233816363e-06,25.000029063484487,0,540.0
166,0.0166,load_step,deadbeat_current_baseline,94.2477796076938,0.13997714182408366,94.10780246586971,0.0,-0.0017723990552143153,-0.005498539151507259,0.005777138669928459,0.0009441473537849735,0,1,1,1,1,0,0,0.980074810595574,0.004,5.773137081730454e-06,25.00002906334846,0,540.0
167,0.0167,load_step,deadbeat_current_baseline,94.2477796076938,0.1400228886694984,94.10775671902431,0.0,0.0010857885686596852,0.0010060549348126016,0.0014802308427042169,-2.4327693238780467e-05,0,1,1,1,1,0,0,0.9800506422919075,0.004,7.512386113826968e-06,25.000029063229828,0,540.0
168,0.016800000000000002,load_step,deadbeat_current_baseline,94.2477796076938,0.14001067465711928,94.10776893303668,0.0,-0.004623154686723742,-0.007461747279946575,0.008777883100563929,0.0008458236982816125,0,1,1,1,1,0,0,0.980072617520252,0.004,1.0090531147387039e-07,25.000029063037083,0,540.0
169,0.016900000000000002,load_step,deadbeat_current_baseline,94.2477796076938,0.14005053485321087,94.10772907284058,0.0,-0.0015195563660304963,-0.0007880803548465896,0.0017117599701006372,-0.00011080385650671117,0,1,1,1,1,0,0,0.9800062067525909,0.004,1.4730248098843896e-05,25.00002906299063,0,540.0
170,0.017,load_step,deadbeat_current_baseline,94.2477796076938,0.14003314364416244,94.10774646404964,0.0,0.005489210237118607,-0.0018882614576062888,0.005804908298980195,0.00150225747387375,0,1,1,1,1,0,0,0.9800348527576971,0.004,1.99387411419336e-06,25.000029062816818,0,540.0
171,0.0171,load_step,deadbeat_current_baseline,94.2477796076938,0.14011228568412448,94.10766732200968,0.0,-0.004747595898977784,-0.002893770224055499,0.005559997565612856,-0.0002451466829096845,0,1,1,1,1,0,0,0.9800168518075288,0.004,3.008793555654651e-06,25.000029062653155,0,540.0
172,0.0172,load_step,deadbeat_current_baseline,94.2477796076938,0.14008685012935287,94.10769275756445,0.0,-0.0016255910370757169,0.00340030515027675,0.003768901873864521,-0.001102539787489414,0,1,1,1,1,0,0,0.9800013500959034,0.004,7.537136221934895e-06,25.000029062534775,0,540.0
173,0.0173,load_step,deadbeat_current_baseline,94.2477796076938,0.14001010676467762,94.10776950092912,0.0,0.0012355884965847806,-0.005260021544310325,0.0054031940164592845,0.0014561309225508932,0,1,1,1,1,0,0,0.9800308314593017,0.004,1.8571130485049878e-06,25.000029062359594,0,540.0
174,0.017400000000000002,load_step,deadbeat_current_baseline,94.2477796076938,0.14008649018095817,94.10769311751284,0.0,-0.004470596370780486,0.001237576722000655,0.004638731297809082,-0.0011457708281950424,0,1,1,1,1,0,0,0.9800131963306723,0.004,5.557838321406831e-06,25.000029062221422,0,540.0
175,0.0175,load_step,deadbeat_current_baseline,94.2477796076938,0.14000715972900718,94.10777244796479,0.0,0.0027999251696359095,-2.3623435477021648e-05,0.0028000248252943068,0.0005428586776750478,0,1,1,1,1,0,0,0.9799982755714486,0.004,4.762056960375483e-06,25.000029062075296,0,540.0
176,0.0176,load_step,deadbeat_current_baseline,94.2477796076938,0.14002888958077273,94.10775071811302,0.0,-0.007197508742816477,-0.0011763893437842638,0.007293011997185305,-0.00110803795273773,0,1,1,1,1,0,0,0.9800279471087817,0.004,3.9920162253939273e-07,25.00002906188554,0,540.0
177,0.0177,load_step,deadbeat_current_baseline,94.2477796076938,0.13995182163752484,94.10782778605628,0.0,0.0003078305014853038,-0.0022299925237751236,0.0022511388837070092,0.0005718365770353232,0,1,1,1,1,0,0,0.9800107744905486,0.004,1.0621904646978646e-05,25.000029061798013,0,540.0
178,0.0178,load_step,deadbeat_current_baseline,94.2477796076938,0.13997528989207483,94.10780431780172,0.0,-0.005310444733578595,0.004020092863332626,0.006660478203418321,-0.001937118465410747,0,1,1,1,1,0,0,0.9800385970893891,0.004,1.945886262444454e-06,25.000029061623728,0,540.0
179,0.0179,load_step,deadbeat_current_baseline,94.2477796076938,0.13984861063929,94.10793099705451,0.0,-0.002123956765416584,-0.0046804682945676005,0.005139842001249787,0.0006683449591212729,0,1,1,1,1,0,0,0.9800199024724763,0.004,6.8509209471504904e-06,25.00002906149849,0,540.0
180,0.018000000000000002,load_step,deadbeat_current_baseline,94.2477796076938,0.1398778622635541,94.10790174543024,0.0,0.0007962059083066354,0.0017803292814881804,0.0019502605464261987,-0.00025596752780465725,0,1,1,1,1,0,0,0.9800039547594591,0.004,6.442519830830963e-06,25.000029061369172,0,540.0
181,0.0181,load_step,deadbeat_current_baseline,94.2477796076938,0.13985179715807722,94.10792781053573,0.0,-0.004856077062423019,-0.006727538206214282,0.008297063019663275,0.0006145777275154468,0,1,1,1,1,0,0,0.9800330068629669,0.004,1.3048457613842815e-07,25.000029061176736,0,540.0
182,0.0182,load_step,deadbeat_current_baseline,94.2477796076938,0.13987783089562292,94.10790177679817,0.0,-0.0017006792150741103,-9.05239401349385e-05,0.0017030867201415921,-0.000301973773360041,0,1,1,1,1,0,0,0.9799839243746071,0.004,1.3445693458161161e-05,25.000029061117452,0,540.0
183,0.0183,load_step,deadbeat_current_baseline,94.2477796076938,0.1398490125984887,94.10793059509531,0.0,0.0053554420102013564,-0.0012242372528794513,0.005493588624566584,0.0012929067653713784,0,1,1,1,1,0,0,0.9800159706960603,0.004,1.7675893156971347e-06,25.000029060941387,0,540.0
184,0.0184,load_step,deadbeat_current_baseline,94.2477796076938,0.139915640418487,94.1078639672753,0.0,-0.004838074758357862,-0.0022604241866949837,0.005340082852471033,-0.00040105481857851874,0,1,1,1,1,0,0,0.9800431716637933,0.004,2.414585699458042e-06,25.000029060771794,0,540.0
185,0.018500000000000003,load_step,deadbeat_current_baseline,94.2477796076938,0.1398808898182764,94.10789871787553,0.0,0.0024879334667699477,-0.0032074239838250787,0.004059234108436008,0.0011972471988004056,0,1,1,1,1,0,0,0.9800237075413714,0.004,6.962776868071553e-06,25.000029060647684,0,540.0
186,0.018600000000000002,load_step,deadbeat_current_baseline,94.2477796076938,0.13994179054567882,94.10783781714812,0.0,-0.003294353411969676,0.0031401425587181063,0.00455118223014954,-0.0013318119696019205,0,1,1,1,1,0,0,0.9800497913185444,0.004,2.705655683747761e-06,25.000029060481,0,540.0
187,0.0187,load_step,deadbeat_current_baseline,94.2477796076938,0.13985133778005837,94.10792826991374,0.0,-0.0002578670389555388,-0.005471280074771027,0.0054773534728339525,0.0011882417861900259,0,1,1,1,1,0,0,0.9800717621855697,0.004,3.426443979400327e-06,25.00002906032153,0,540.0
188,0.0188,load_step,deadbeat_current_baseline,94.2477796076938,0.1399117018587942,94.10786790583501,0.0,0.0025251058461181687,0.0010710273728326335,0.0027428560238293453,0.0002326461066715448,0,1,1,1,1,0,0,0.9800480300497117,0.004,6.3047789639384865e-06,25.000029060190844,0,540.0
189,0.0189,load_step,deadbeat_current_baseline,94.2477796076938,0.13991487470850986,94.10786473298529,0.0,-0.007417081041440973,-0.00014930088143879136,0.007418583552707451,-0.0013569255262347924,0,1,1,1,1,0,0,0.9800703200212652,0.004,8.783212551915026e-08,25.00002905999799,0,540.0
190,0.019,load_step,deadbeat_current_baseline,94.2477796076938,0.1398229211172016,94.1079566865766,0.0,0.000138766658008518,-0.0012647026534121362,0.0012722928070701927,0.00031037922994862335,0,1,1,1,1,0,0,0.9800892699174006,0.004,1.0465375533645947e-05,25.000029059908908,0,540.0
191,0.019100000000000002,load_step,deadbeat_current_baseline,94.2477796076938,0.1398307526428536,94.10794885505095,0.0,-0.005433334233200226,0.004928855704316011,0.007335853014042332,-0.0021214767229620897,0,1,1,1,1,0,0,0.980105248206612,0.004,1.2182037532019773e-06,25.000029059727357,0,540.0
192,0.019200000000000002,load_step,deadbeat_current_baseline,94.2477796076938,0.1396930517742894,94.10808655591951,0.0,-0.002204635049129264,-0.0038234123394841916,0.004413490412085334,0.00044603735705030494,0,1,1,1,1,0,0,0.9800765644294493,0.004,7.670219319142382e-06,25.000029059610327,0,540.0
193,0.0193,load_step,deadbeat_current_baseline,94.2477796076938,0.13970901159205143,94.10807059610175,0.0,0.0007541135915960321,0.0025900873464278773,0.00269763595971652,-0.00043921308809814015,0,1,1,1,1,0,0,0.9800520930570585,0.004,5.254162955902009e-06,25.00002905946914,0,540.0
194,0.0194,load_step,deadbeat_current_baseline,94.2477796076938,0.1396719933269937,94.1081076143668,0.0,-0.004862897930979628,-0.005961047086838771,0.0076929746300527305,0.00042801073041753997,0,1,1,1,1,0,0,0.9800739786130985,0.004,2.741696393650157e-07,25.000029059278152,0,540.0
195,0.0195,load_step,deadbeat_current_baseline,94.2477796076938,0.139686875978707,94.10809273171509,0.0,-0.001675260188170981,0.0006363868908601792,0.0017920616543326171,-0.0004527498225922581,0,1,1,1,1,0,0,0.9800499631440884,0.004,1.1889359020017638e-05,25.000029059203317,0,540.0
196,0.0196,load_step,deadbeat_current_baseline,94.2477796076938,0.1396490493231055,94.10813055837069,0.0,0.0054103287988083145,-0.0005335356552767424,0.005436572266296678,0.0011207451396971514,0,1,1,1,1,0,0,0.9800721536428372,0.004,1.493731294389582e-06,25.000029059024527,0,540.0
197,0.019700000000000002,load_step,deadbeat_current_baseline,94.2477796076938,0.13970538968004034,94.10807421801375,0.0,-0.004756255729160829,-0.001602848634563799,0.005019072853276613,-0.0005232607151277226,0,1,1,1,1,0,0,0.9800908890908191,0.004,2.088025325597307e-06,25.00002905885168,0,540.0
198,0.0198,load_step,deadbeat_current_baseline,94.2477796076938,0.1396633419538112,94.10811626574,0.0,0.0025943664600668226,-0.0025801555439605795,0.0036589533968267715,0.001051122999738119,0,1,1,1,1,0,0,0.9801066143077306,0.004,6.2060520076014635e-06,25.000029058720017,0,540.0
199,0.0199,load_step,deadbeat_current_baseline,94.2477796076938,0.13971551475086677,94.10806409294294,0.0,-0.003165427144729182,0.0037396824373979415,0.0048995054588367335,-0.001411101133528301,0,1,1,1,1,0,0,0.9801202271534927,0.004,2.0407253019460227e-06,25.000029058546698,0,540.0
200,0.02,load_step,deadbeat_current_baseline,94.2477796076938,0.13962033439595786,94.10815927329784,0.0,-0.00010838639492740213,-0.004897111310158331,0.004898310606187199,0.0010622953913259929,0,1,1,1,1,0,0,0.9801316579855877,0.004,3.5246632572030104e-06,25.000029058388222,0,540.0
201,0.0201,load_step,deadbeat_current_baseline,94.2477796076938,0.13967317909704796,94.10810642859676,0.0,0.0026933668317374354,0.0016219818941761034,0.0031440499606937627,0.0001368374677979442,0,1,1,1,1,0,0,0.9800989224170134,0.004,5.2461758400164836e-06,25.000029058246962,0,540.0
202,0.020200000000000003,load_step,deadbeat_current_baseline,94.2477796076938,0.139670636708293,94.10810897098551,0.0,-0.003067230079645071,-0.00683259553929682,0.007489476761770365,0.0009418785274640598,0,1,1,1,1,0,0,0.9801136091335807,0.004,1.1487383859884096e-07,25.00002905805439,0,540.0
203,0.020300000000000002,load_step,deadbeat_current_baseline,94.2477796076938,0.13971627132744993,94.10806333636636,0.0,-1.0914302580520216e-05,-0.0001468681445058777,0.00014727312677952664,3.028023334070098e-05,0,1,1,1,1,0,0,0.9800837947262977,0.004,1.0997884326474541e-05,25.00002905797065,0,540.0
204,0.0204,load_step,deadbeat_current_baseline,94.2477796076938,0.13970734882527214,94.10807225886853,0.0,0.002790136761090628,0.00597695190498083,0.006596121376994459,-0.0008012651870730442,0,1,1,1,1,0,0,0.9801007906592495,0.004,6.65175377123127e-07,25.000029057783582,0,540.0
205,0.0205,load_step,deadbeat_current_baseline,94.2477796076938,0.13964866407120768,94.1081309436226,0.0,-0.002971090822028638,-0.0028391043102679848,0.004109488284120671,7.98346906994165e-05,0,1,1,1,1,0,0,0.9801152743957008,0.004,2.6176047627471333e-06,25.00002905761604,0,540.0
206,0.0206,load_step,deadbeat_current_baseline,94.2477796076938,0.1396427122963566,94.10813689539745,0.0,8.465823195930658e-05,0.003516049026682567,0.003517068065061281,-0.0007530748759279041,0,1,1,1,1,0,0,0.9801272835884627,0.004,4.840762752559686e-06,25.00002905747073,0,540.0
207,0.0207,load_step,deadbeat_current_baseline,94.2477796076938,0.13958691640551735,94.10819269128828,0.0,-0.0054436624659499515,-0.005088455748709596,0.007451566476236258,0.00012121885301878547,0,1,1,1,1,0,0,0.9801379382735351,0.004,8.438447538479071e-07,25.000029057285452,0,540.0
208,0.020800000000000003,load_step,deadbeat_current_baseline,94.2477796076938,0.13958344596531203,94.10819616172849,0.0,-0.002174933370950589,0.0014601587758747417,0.0026196180673599186,-0.0007126809547342305,0,1,1,1,1,0,0,0.9801043551225939,0.004,1.1267407224595676e-05,25.00002905720441,0,540.0
209,0.020900000000000002,load_step,deadbeat_current_baseline,94.2477796076938,0.13953007195856376,94.10824953573524,0.0,0.0008203663431189958,-0.006967428227545933,0.0070155582132091455,0.0016638866800107745,0,1,1,1,1,0,0,0.9801184195445803,0.004,1.8166471908312758e-06,25.000029057028865,0,540.0
210,0.021,load_step,deadbeat_current_baseline,94.2477796076938,0.13961892517544625,94.10816068251836,0.0,-0.0047632244532300055,-0.0002570246741632192,0.004770153967638465,-0.0008057328381031509,0,1,1,1,1,0,0,0.9800877293108372,0.004,8.561026028967483e-06,25.000029056920763,0,540.0
211,0.0211,load_step,deadbeat_current_baseline,94.2477796076938,0.13955997985334062,94.10821962784046,0.0,0.002619353911746423,-0.0013236521331693976,0.002934803210544991,0.0007598366104063703,0,1,1,1,1,0,0,0.9800616518235766,0.004,5.370974073406723e-06,25.00002905678076,0,540.0
212,0.0212,load_step,deadbeat_current_baseline,94.2477796076938,0.1395947288725363,94.10818487882126,0.0,-0.007275660927712673,-0.002298516034849805,0.007630099468388764,-0.0008142544995501218,0,1,1,1,1,0,0,0.980081923439108,0.004,1.0053298754743348e-06,25.000029056597104,0,540.0
213,0.0213,load_step,deadbeat_current_baseline,94.2477796076938,0.13953527543984148,94.10824433225396,0.0,0.00032328603466920804,-0.0031894641646734545,0.003205806531584256,0.0007472292489655477,0,1,1,1,1,0,0,0.9800567099277743,0.004,1.1347518920102016e-05,25.00002905651687,0,540.0
214,0.021400000000000002,load_step,deadbeat_current_baseline,94.2477796076938,0.13956927188318421,94.10821033581061,0.0,-0.005209440132213706,0.0032093348255323884,0.006118667870827257,-0.0016281935333996521,0,1,1,1,1,0,0,0.9800777173296209,0.004,2.7755362347913307e-06,25.000029056350915,0,540.0
215,0.021500000000000002,load_step,deadbeat_current_baseline,94.2477796076938,0.13946111110415454,94.10831849658965,0.0,-0.0019447705208775908,-0.005355263798215849,0.00569745405662527,0.000804392743060758,0,1,1,1,1,0,0,0.9800531629404888,0.004,6.12061294343263e-06,25.000029056218413,0,540.0
216,0.0216,load_step,deadbeat_current_baseline,94.2477796076938,0.1394985341331972,94.1082810735606,0.0,0.0010468346945195469,0.001229838290682401,0.0016150433736833332,-7.6885305782717e-05,0,1,1,1,1,0,0,0.9800322623438488,0.004,7.0930424615114345e-06,25.000029056095634,0,540.0
217,0.0217,load_step,deadbeat_current_baseline,94.2477796076938,0.13948321515413828,94.10829639253966,0.0,-0.004540165683666863,-0.007164388617955729,0.00848183757827511,0.0007255293387837148,0,1,1,1,1,0,0,0.9800570305281022,0.004,5.329817328187022e-08,25.00002905590246,0,540.0
218,0.0218,load_step,deadbeat_current_baseline,94.2477796076938,0.13951591698965948,94.10826369070413,0.0,-0.0013251188213429226,-0.00042348478804613596,0.001391143147337375,-0.0001458923001776159,0,1,1,1,1,0,0,0.9800043578671618,0.004,1.3492382860400353e-05,25.000029055843676,0,540.0
219,0.0219,load_step,deadbeat_current_baseline,94.2477796076938,0.13949646702601687,94.10828314066778,0.0,0.005785500845112822,-0.0014622267094373655,0.005967422138460895,0.001343978396807974,0,1,1,1,1,0,0,0.9800333031652173,0.004,1.4893216423905635e-06,25.000029055664864,0,540.0
220,0.022000000000000002,load_step,deadbeat_current_baseline,94.2477796076938,0.13956617825918177,94.10821342943461,0.0,-0.004358228064105047,-0.0024115967948218227,0.004980958839374977,-0.00026103311679860836,0,1,1,1,1,0,0,0.980015529172846,0.004,3.0129178501594156e-06,25.00002905550129,0,540.0
221,0.0221,load_step,deadbeat_current_baseline,94.2477796076938,0.1395398339561071,94.1082397737377,0.0,0.003013262013249847,-0.0032792386386909004,0.0044534429388932185,0.0012340248375592505,0,1,1,1,1,0,0,0.980000222775907,0.004,6.125016431672342e-06,25.000029055368838,0,540.0
222,0.0222,load_step,deadbeat_current_baseline,94.2477796076938,0.13960296180535534,94.10817664588845,0.0,-0.0027274819223820084,0.0031408665415477216,0.004159831759667042,-0.0011516533317388507,0,1,1,1,1,0,0,0.9799874191093183,0.004,2.8445947421516795e-06,25.00002905520358,0,540.0
223,0.0223,load_step,deadbeat_current_baseline,94.2477796076938,0.13952331647147315,94.10825629122233,0.0,0.0003469470105659593,-0.0054042552940012836,0.005415380643212586,0.001208497063271191,0,1,1,1,1,0,0,0.980018730790269,0.004,2.693081803101221e-06,25.00002905503681,0,540.0
224,0.0224,load_step,deadbeat_current_baseline,94.2477796076938,0.13958491790770594,94.10819468978609,0.0,-0.005164294339123497,0.0011986512055663814,0.005301575306803511,-0.001167121605370267,0,1,1,1,1,0,0,0.9800029555508707,0.004,5.763140566119262e-06,25.00002905490074,0,540.0
225,0.022500000000000003,load_step,deadbeat_current_baseline,94.2477796076938,0.13950434827803482,94.10827525941576,0.0,0.002284433898519513,3.370514746053667e-05,0.0022846825323598894,0.0003960444003955079,0,1,1,1,1,0,0,0.9799896177623005,0.004,5.6126443011503e-06,25.000029054763168,0,540.0
226,0.022600000000000002,load_step,deadbeat_current_baseline,94.2477796076938,0.1395173308196551,94.10826227687414,0.0,-0.0075501016262874195,-0.0010310827544016093,0.007620181507923046,-0.0011124238034140286,0,1,1,1,1,0,0,0.9800205858728972,0.004,2.666907993155368e-07,25.000029054572135,0,540.0
227,0.0227,load_step,deadbeat_current_baseline,94.2477796076938,0.13944003971366253,94.10833956798014,0.0,0.00010413922070728325,-0.0020042787459292597,0.0020069823787650172,0.0004409525551769605,0,1,1,1,1,0,0,0.9800045413105362,0.004,1.0900638918224107e-05,25.000029054487445,0,540.0
228,0.0228,load_step,deadbeat_current_baseline,94.2477796076938,0.139455714676208,94.1083238930176,0.0,-0.005378035838202827,0.004319292740743411,0.006897793796369438,-0.0018534594086537391,0,1,1,1,1,0,0,0.9800332903743718,0.004,1.6686148679654202e-06,25.000029054310435,0,540.0
229,0.0229,load_step,deadbeat_current_baseline,94.2477796076938,0.13933408182896911,94.10844552586484,0.0,-0.0020671520519557045,-0.0043141139708827055,0.004783795246419941,0.0005445801917208073,0,1,1,1,1,0,0,0.9800154127135667,0.004,6.986186249843855e-06,25.0000290541866,0,540.0
230,0.023,load_step,deadbeat_current_baseline,94.2477796076938,0.1393559664163682,94.10842364127743,0.0,0.0009667002588867492,0.0022080514668236123,0.002410394297759936,-0.0002941777311570225,0,1,1,1,1,0,0,0.9800001461962482,0.004,5.557432969048477e-06,25.000029054048483,0,540.0
231,0.023100000000000002,load_step,deadbeat_current_baseline,94.2477796076938,0.13932765476051154,94.1084519529333,0.0,-0.0045816802400876116,-0.006243743719271502,0.00774442570203573,0.0005075798683507542,0,1,1,1,1,0,0,0.9800298012165182,0.004,1.3946578751326968e-07,25.000029053856185,0,540.0
232,0.023200000000000002,load_step,deadbeat_current_baseline,94.2477796076938,0.13934732559732818,94.10843228209647,0.0,-0.0013313310263968774,0.00044450151743688043,0.001403575399061501,-0.00032515321431468135,0,1,1,1,1,0,0,0.9800124151396874,0.004,1.163884786483012e-05,25.00002905377888,0,540.0
233,0.0233,load_step,deadbeat_current_baseline,94.2477796076938,0.13931716091102878,94.10846244678277,0.0,0.005811557283687179,-0.0006424094907999807,0.005846955448389135,0.0011458461410148138,0,1,1,1,1,0,0,0.9800402110045408,0.004,1.1668365112520886e-06,25.000029053596858,0,540.0
234,0.0234,load_step,deadbeat_current_baseline,94.2477796076938,0.13937502890970774,94.10840457878409,0.0,-0.0043026777207738984,-0.0016358426983559304,0.004603152930612721,-0.0004070697600928692,0,1,1,1,1,0,0,0.9800637667177429,0.004,2.5791793768617234e-06,25.00002905342896,0,540.0
235,0.0235,load_step,deadbeat_current_baseline,94.2477796076938,0.13933995988773298,94.10843964780607,0.0,0.003095769161790579,-0.0025437933887891106,0.004006828110605786,0.0010661470768394314,0,1,1,1,1,0,0,0.9800835547378701,0.004,5.325128803615241e-06,25.00002905328852,0,540.0
236,0.0236,load_step,deadbeat_current_baseline,94.2477796076938,0.1393930566303344,94.10838655106346,0.0,-0.0026203387615889007,0.003839436807219222,0.004648381462629222,-0.0012507143834420164,0,1,1,1,1,0,0,0.9801006579203737,0.004,2.0929125838916855e-06,25.000029053115764,0,540.0
237,0.023700000000000002,load_step,deadbeat_current_baseline,94.2477796076938,0.13930749922212135,94.10847210847167,0.0,0.0004766042387245011,-0.004739420366569492,0.004763324155610644,0.0010643159902673468,0,1,1,1,1,0,0,0.9801150151002622,0.004,2.9119018381969285e-06,25.000029052951195,0,540.0
238,0.0238,load_step,deadbeat_current_baseline,94.2477796076938,0.13936048887932173,94.10841911881448,0.0,-0.00501406444423313,0.001832622910506798,0.005338478152342415,-0.001244590745217669,0,1,1,1,1,0,0,0.9801271090281298,0.004,4.630873267318615e-06,25.000029052803818,0,540.0
239,0.0239,load_step,deadbeat_current_baseline,94.2477796076938,0.13927530043584754,94.10850430725796,0.0,0.0024534617959122915,0.000639439205229517,0.002535420533399878,0.0002906790820694511,0,1,1,1,1,0,0,0.9800951447226115,0.004,5.327844522166234e-06,25.00002905266341,0,540.0
240,0.024,load_step,deadbeat_current_baseline,94.2477796076938,0.139281995101868,94.10849761259193,0.0,-0.007363899523851174,-0.00045118434587859566,0.007377708554242398,-0.0011734387897445755,0,1,1,1,1,0,0,0.9801102593954305,0.004,1.4445146225982223e-07,25.00002905247117,0,540.0
241,0.0241,load_step,deadbeat_current_baseline,94.2477796076938,0.13920107070109083,94.10857853699271,0.0,0.00030603103841632493,-0.0014480199930281166,0.0014800057083279514,0.0003505748201783157,0,1,1,1,1,0,0,0.9800807437573713,0.004,1.0095589159672077e-05,25.000029052378444,0,540.0
242,0.024200000000000003,load_step,deadbeat_current_baseline,94.2477796076938,0.13921135546602745,94.10856825222777,0.0,-0.005161812416304931,0.004853920625306245,0.0070855382899179305,-0.0018818833833723614,0,1,1,1,1,0,0,0.9800980465265422,0.004,1.1472957698519756e-06,25.000029052196236,0,540.0
243,0.024300000000000002,load_step,deadbeat_current_baseline,94.2477796076938,0.1390880403911748,94.10869156730263,0.0,-0.0018378385380704882,-0.0037992805413600583,0.004220448213634927,0.00046514946700833325,0,1,1,1,1,0,0,0.9800704501741033,0.004,7.00158324053917e-06,25.00002905207257,0,540.0
244,0.0244,load_step,deadbeat_current_baseline,94.2477796076938,0.13910519043635416,94.10867441725745,0.0,0.0012079676815731108,0.002704770722900273,0.0029622576834542236,-0.00034767082448969766,0,1,1,1,1,0,0,0.9800469100867516,0.004,4.611847703742521e-06,25.000029051925008,0,540.0
245,0.0245,load_step,deadbeat_current_baseline,94.2477796076938,0.1390736968115701,94.10870591088224,0.0,-0.00432949715439116,-0.0057636029871537525,0.00720858273195285,0.00044031819888060375,0,1,1,1,1,0,0,0.9800695675157242,0.004,2.42910407535279e-07,25.000029051733758,0,540.0
246,0.0246,load_step,deadbeat_current_baseline,94.2477796076938,0.13908936195836877,94.10869024573543,0.0,-0.001069182081169421,0.0009094684053954729,0.0014036677324446689,-0.0003676050829695707,0,1,1,1,1,0,0,0.9800462102046262,0.004,1.0303823137551584e-05,25.000029051643118,0,540.0
247,0.0247,load_step,deadbeat_current_baseline,94.2477796076938,0.13905667660554316,94.10872293108825,0.0,0.0019183725863281265,-0.007404338595196284,0.007648815817647104,0.0018344922145630345,0,1,1,1,1,0,0,0.9800689603411264,0.004,8.809884133570652e-07,25.00002905145825,0,540.0
248,0.024800000000000003,load_step,deadbeat_current_baseline,94.2477796076938,0.13915577589795072,94.10862383179585,0.0,-0.0036723518465822916,-0.0005899179566944105,0.0037194315803260685,-0.0005032897456254843,0,1,1,1,1,0,0,0.9800456991923937,0.004,9.19742613805073e-06,25.000029051356545,0,540.0
249,0.024900000000000002,load_step,deadbeat_current_baseline,94.2477796076938,0.13911496554038794,94.10866464215341,0.0,0.0037036545294351236,-0.001561458892896047,0.004019354518776548,0.0009444770304544074,0,1,1,1,1,0,0,0.9800681449269205,0.004,3.7847020938055447e-06,25.000029051200716,0,540.0
250,0.025,load_step,deadbeat_current_baseline,94.2477796076938,0.13916079835711645,94.10861880933669,0.0,-0.006197420528257081,-0.002449400535982917,0.006663901574133255,-0.0005520398635886598,0,1,1,1,1,0,0,0.9800875224865775,0.004,1.5410782442937695e-06,25.00002905102245,0,540.0
251,0.0251,load_step,deadbeat_current_baseline,94.2477796076938,0.13911707021552375,94.10866253747828,0.0,0.001395935916485225,-0.0032608941177517917,0.0035471210199430297,0.0008954857208593175,0,1,1,1,1,0,0,0.9800614675940077,0.004,9.013391297450569e-06,25.00002905091891,0,540.0
252,0.0252,load_step,deadbeat_current_baseline,94.2477796076938,0.13915997103854696,94.10861963665525,0.0,-0.004141952288650462,0.003210531921123936,0.005240542336248468,-0.0013467572677247903,0,1,1,1,1,0,0,0.9800818365107659,0.004,2.535751246237076e-06,25.000029050750594,0,540.0
253,0.0253,load_step,deadbeat_current_baseline,94.2477796076938,0.1390686839559547,94.10871092373785,0.0,-0.0008820512450889008,-0.00528768490160862,0.005360748643395122,0.0009176693228861814,0,1,1,1,1,0,0,0.9800566337274327,0.004,4.374171274222239e-06,25.000029050600663,0,540.0
254,0.025400000000000002,load_step,deadbeat_current_baseline,94.2477796076938,0.1391129160502593,94.10866669164353,0.0,0.0021051433834371495,0.0013580903029840885,0.0025052021746534993,8.0481393687991e-05,0,1,1,1,1,0,0,0.9800352048161748,0.004,5.985779574376576e-06,25.00002905046685,0,540.0
255,0.025500000000000002,load_step,deadbeat_current_baseline,94.2477796076938,0.1391070441388948,94.1086725635549,0.0,-0.003485937816574401,-0.0069806865598869535,0.007802675650596394,0.0008173398913913924,0,1,1,1,1,0,0,0.9800594928099534,0.004,3.32264505130529e-08,25.00002905027351,0,540.0
256,0.0256,load_step,deadbeat_current_baseline,94.2477796076938,0.1181998972641116,94.1295797104297,0.35,-0.0002746708042882219,-0.00018910812932336704,0.00033347553928964865,-8.101992712561742e-06,0,1,1,1,1,0,0,0.9800377975464433,0.004,1.136670950405079e-05,25.00002905019351,0,540.0
257,0.0257,load_step,deadbeat_current_baseline,94.2477796076938,0.09724495903581332,94.15053464865798,0.35,0.0026703714987825534,0.006028641590717654,0.006593588049828475,-0.0007601275341086928,0,1,1,1,1,0,0,0.9799723315339739,0.004,6.842002365111736e-07,25.000029050006685,0,540.0
258,0.0258,load_step,deadbeat_current_baseline,94.2477796076938,0.07624662664759618,94.1715329810462,0.35,-0.002956898082897734,-0.002704373426484705,0.004007103929588166,4.683526483888092e-05,0,1,1,1,1,0,0,0.9799164842017009,0.004,2.818630152978134e-06,25.000029049841203,0,540.0
259,0.025900000000000003,load_step,deadbeat_current_baseline,94.2477796076938,0.05529819940663572,94.19248140828716,0.35,0.00022361863268838253,0.0037238792194619476,0.0037305873175715837,-0.0007054632136363455,0,1,1,1,1,0,0,0.9798688299163066,0.004,4.402927297438969e-06,25.000029049691566,0,540.0
260,0.026000000000000002,load_step,deadbeat_current_baseline,94.2477796076938,0.03430636117188379,94.21347324652191,0.35,-0.0051883414573287556,-0.004816611556158944,0.007079451529656811,9.636394341921945e-05,0,1,1,1,1,0,0,0.9798285406259397,0.004,9.185424024911285e-07,25.000029049507088,0,540.0
261,0.0261,load_step,deadbeat_current_baseline,94.2477796076938,0.013364120248492643,94.2344154874453,0.35,-0.0018109571756941216,0.0017877243505862726,0.002544705139279822,-0.0006560748797249517,0,1,1,1,1,0,0,0.979784501373695,0.004,9.992209682846605e-06,25.000029049413346,0,540.0
262,0.0262,load_step,deadbeat_current_baseline,94.2477796076938,-0.007621540542768215,94.25540114823657,0.35,0.0012859537498677485,-0.006591722163758585,0.006715986757802988,0.001521362297853591,0,1,1,1,1,0,0,0.9797568907528131,0.004,1.39622023275248e-06,25.000029049233646,0,540.0
263,0.0263,load_step,deadbeat_current_baseline,94.2477796076938,-0.028475282601602855,94.2762548902954,0.35,-0.004202487291530854,0.00015990573585754662,0.004205528418622144,-0.0007272105136120028,0,1,1,1,1,0,0,0.9797236063742546,0.004,7.502720969005974e-06,25.00002904911501,0,540.0
264,0.0264,load_step,deadbeat_current_baseline,94.2477796076938,-0.04946198585013928,94.29724159354394,0.35,0.0032693410571384162,-0.0008718084085674474,0.0033835840242470473,0.0007125407667382369,0,1,1,1,1,0,0,0.9796958289766584,0.004,4.144830897846472e-06,25.000029048962798,0,540.0
265,0.026500000000000003,load_step,deadbeat_current_baseline,94.2477796076938,-0.07036091630179658,94.3181405239956,0.35,-0.006541843661254783,-0.0018175267524247476,0.006789633420449077,-0.0007200697823433861,0,1,1,1,1,0,0,0.9796813309080911,0.004,9.201059424159159e-07,25.000029048778337,0,540.0
266,0.026600000000000002,load_step,deadbeat_current_baseline,94.2477796076938,-0.0913439740911145,94.33912358178492,0.35,0.0011359716898388307,-0.002684577750412704,0.0029150281950825487,0.000716277817268532,0,1,1,1,1,0,0,0.9796597148498026,0.004,9.042080891518657e-06,25.0000290486751,0,540.0
267,0.0267,load_step,deadbeat_current_baseline,94.2477796076938,-0.11223946305323584,94.36001907074704,0.35,-0.00432243207144978,0.0037333072070419144,0.00571147981826503,-0.001445133312013027,0,1,1,1,1,0,0,0.9796506503240581,0.004,1.923667475063132e-06,25.00002904850068,0,540.0
268,0.0268,load_step,deadbeat_current_baseline,94.2477796076938,-0.13326269390087334,94.38104230159468,0.35,-0.000987601698590568,-0.004816575989789735,0.004916783641820935,0.0007844273841418553,0,1,1,1,1,0,0,0.9796336599762443,0.004,4.858998138875299e-06,25.00002904835561,0,540.0
269,0.0269,load_step,deadbeat_current_baseline,94.2477796076938,-0.15415088385386316,94.40193049154766,0.35,0.002070326323739001,0.0017792424462950034,0.0027298268753648963,-9.896467778509356e-06,0,1,1,1,1,0,0,0.9796187123205483,0.004,5.253300221912782e-06,25.000029048214486,0,540.0
270,0.027,load_step,deadbeat_current_baseline,94.2477796076938,-0.175085004391833,94.42286461208563,0.35,-0.0034538397514370673,-0.006607907706391542,0.0074561017485543744,0.0007290288919522054,0,1,1,1,1,0,0,0.9796162054944564,0.004,6.291852564598103e-08,25.00002904802146,0,540.0
271,0.027100000000000003,load_step,deadbeat_current_baseline,94.2477796076938,-0.1959732963430825,94.44375290403688,0.35,-0.00017918207167059796,0.0001367682140631686,0.0002254146383582841,-5.5989495182245694e-05,0,1,1,1,1,0,0,0.9796138777649049,0.004,1.0488008220876666e-05,25.00002904793269,0,540.0
272,0.027200000000000002,load_step,deadbeat_current_baseline,94.2477796076938,-0.21690696199598736,94.46468656968979,0.35,0.0028236932803118514,-0.008114241029225243,0.008591516235312638,0.002043451403468641,0,1,1,1,1,0,0,0.9796120961012837,0.004,5.115007514671112e-07,25.00002904774415,0,540.0
273,0.0273,load_step,deadbeat_current_baseline,94.2477796076938,-0.2377133805143804,94.48549298820818,0.35,-0.002750851620415568,-0.0012450522315071966,0.003019493284762198,-0.00020539420475715466,0,1,1,1,1,0,0,0.9795839512058875,0.004,1.0815449573687426e-05,25.000029047658654,0,540.0
274,0.0274,load_step,deadbeat_current_baseline,94.2477796076938,-0.25865278018363425,94.50643238787744,0.35,0.004642148269015069,-0.00216914479753913,0.005123936934058681,0.0011761646820553928,0,1,1,1,1,0,0,0.9795870093017165,0.004,2.9699214694558303e-06,25.000029047494703,0,540.0
275,0.0275,load_step,deadbeat_current_baseline,94.2477796076938,-0.2795078931513363,94.52728750084513,0.35,-0.0052412286204593286,-0.003016344296573998,0.006047215091874646,-0.00026521054024128453,0,1,1,1,1,0,0,0.9795794561508161,0.004,2.5950934111958813e-06,25.000029047327004,0,540.0
276,0.027600000000000003,load_step,deadbeat_current_baseline,94.2477796076938,-0.3004476613356561,94.54822726902945,0.35,0.002370466623423785,-0.003793182717947862,0.004472957315300973,0.0011189202189372928,0,1,1,1,1,0,0,0.9795733018995565,0.004,7.71920719259153e-06,25.000029047210546,0,540.0
277,0.027700000000000002,load_step,deadbeat_current_baseline,94.2477796076938,-0.3213029888791871,94.56908259657298,0.35,-0.003148502046163378,0.0027072944008009643,0.004152409915615657,-0.001032769819350561,0,1,1,1,1,0,0,0.9795678085210897,0.004,3.1730725903449826e-06,25.000029047048628,0,540.0
278,0.027800000000000002,load_step,deadbeat_current_baseline,94.2477796076938,-0.342285479645701,94.5900650873395,0.35,0.00013084630344016777,-0.005766946864416099,0.005768431059839637,0.001134568573553714,0,1,1,1,1,0,0,0.9795730795048283,0.004,2.868456778266573e-06,25.000029046883665,0,540.0
279,0.0279,load_step,deadbeat_current_baseline,94.2477796076938,-0.36313665627420566,94.61091626396801,0.35,-0.005190938092299139,0.0008981442253186216,0.005268064286581497,-0.0010098461356023226,0,1,1,1,1,0,0,0.9795673851064315,0.004,6.183289349714868e-06,25.000029046751852,0,540.0
280,0.028,load_step,deadbeat_current_baseline,94.2477796076938,-0.3841145610604008,94.6318941687542,0.35,0.002433149734265441,-0.0002125440993359684,0.002442415325762292,0.0004323305998830022,0,1,1,1,1,0,0,0.9795630761635863,0.004,5.423426490740435e-06,25.00002904661244,0,540.0
281,0.0281,load_step,deadbeat_current_baseline,94.2477796076938,-0.4050045485769721,94.65278415627077,0.35,-0.00723896945233519,-0.0012303422784388535,0.007342780185594292,-0.0009259741529267489,0,1,1,1,1,0,0,0.9795685325912552,0.004,3.6416787066757384e-07,25.000029046422437,0,540.0
282,0.028200000000000003,load_step,deadbeat_current_baseline,94.2477796076938,-0.42597421736819213,94.673753825062,0.35,0.0005658503029338521,-0.0021631395438055914,0.002235924697145634,0.0005057826464881744,0,1,1,1,1,0,0,0.9795638747576754,0.004,9.95119009713378e-06,25.000029046328308,0,540.0
283,0.028300000000000002,load_step,deadbeat_current_baseline,94.2477796076938,-0.44685659309238907,94.69463620078619,0.35,-0.004776575544684799,0.004194751952167458,0.0063570132825324175,-0.0015677743685386294,0,1,1,1,1,0,0,0.9795692471226141,0.004,1.5151932734094172e-06,25.000029046149816,0,540.0
284,0.0284,load_step,deadbeat_current_baseline,94.2477796076938,-0.46786145417504604,94.71564106186885,0.35,-0.001335846900546962,-0.004409834148961212,0.004607724401811092,0.0006303463337649755,0,1,1,1,1,0,0,0.9795645324636213,0.004,5.783529760192363e-06,25.00002904601401,0,540.0
285,0.0285,load_step,deadbeat_current_baseline,94.2477796076938,-0.4887331572668985,94.7365127649607,0.35,0.0018187352785954054,0.0021360981458126323,0.0028054791573190615,-0.00011806793417677234,0,1,1,1,1,0,0,0.9795600278152327,0.004,4.82730942487282e-06,25.000029045868644,0,540.0
286,0.0286,load_step,deadbeat_current_baseline,94.2477796076938,-0.509648044800979,94.75742765249478,0.35,-0.003617195241933991,-0.0062965212541469945,0.007261561906518097,0.0006249394533202501,0,1,1,1,1,0,0,0.9795663976371597,0.004,1.0621072639320319e-07,25.000029045676065,0,540.0
287,0.0287,load_step,deadbeat_current_baseline,94.2477796076938,-0.5305168609414948,94.77829646863529,0.35,-0.00026202734352107375,0.00040673675668662746,0.0004838317042037113,-0.00011904562196998745,0,1,1,1,1,0,0,0.9795716268434593,0.004,9.994921121310469e-06,25.000029045582377,0,540.0
288,0.028800000000000003,load_step,deadbeat_current_baseline,94.2477796076938,-0.5514285966857974,94.7992082043796,0.35,0.002814327364859653,-0.007882008293705249,0.008369378307773893,0.0019439437191028377,0,1,1,1,1,0,0,0.9795762696298258,0.004,4.5648593387023037e-07,25.000029045393305,0,540.0
289,0.028900000000000002,load_step,deadbeat_current_baseline,94.2477796076938,-0.5722152683845794,94.81999487607838,0.35,-0.0026931950285883736,-0.0010471750210132539,0.002889615023951675,-0.00022790233290277727,0,1,1,1,1,0,0,0.9795703823216587,0.004,1.0230196133640293e-05,25.00002904530197,0,540.0
290,0.029,load_step,deadbeat_current_baseline,94.2477796076938,-0.5931303147961332,94.84090992248993,0.35,0.004760956449738274,-0.0020025211180198263,0.005164958581094319,0.0011317670481259111,0,1,1,1,1,0,0,0.979575563734446,0.004,2.7358157999195016e-06,25.000029045135694,0,540.0
291,0.0291,load_step,deadbeat_current_baseline,94.2477796076938,-0.6139623863310567,94.86174199402485,0.35,-0.005066665948738333,-0.0028781591824960043,0.005827083671605427,-0.00025564187412091804,0,1,1,1,1,0,0,0.9795794186204883,0.004,2.5547481058278318e-06,25.000029044967608,0,540.0
292,0.0292,load_step,deadbeat_current_baseline,94.2477796076938,-0.6348758852979726,94.88265549299177,0.35,0.0025958524708561722,-0.0036808332907270935,0.004504107432619135,0.001103578026698306,0,1,1,1,1,0,0,0.979573360778512,0.004,7.201022012542861e-06,25.000029044845984,0,540.0
293,0.029300000000000003,load_step,deadbeat_current_baseline,94.2477796076938,-0.6557064364058078,94.90348604409961,0.35,-0.002876799688403877,0.002796149127707708,0.004011785935413456,-0.0009791352389600305,0,1,1,1,1,0,0,0.9795679632038822,0.004,3.0585820465865095e-06,25.000029044682936,0,540.0
294,0.029400000000000003,load_step,deadbeat_current_baseline,94.2477796076938,-0.6766600247997866,94.92443963249359,0.35,0.0004447475469347743,-0.005699416511050151,0.005716742861712041,0.0011417218829126098,0,1,1,1,1,0,0,0.9795733205323962,0.004,2.5755199041995787e-06,25.00002904451506,0,540.0
295,0.029500000000000002,load_step,deadbeat_current_baseline,94.2477796076938,-0.6974850828978184,94.94526469059161,0.35,-0.004838630121957197,0.0009463133640020108,0.004930299224185112,-0.0009359536917918097,0,1,1,1,1,0,0,0.97956770339371,0.004,5.9080900536336785e-06,25.00002904438051,0,540.0
296,0.0296,load_step,deadbeat_current_baseline,94.2477796076938,-0.7184328772288558,94.96621248492265,0.35,0.0028204312871205235,-0.00018192899728531616,0.002826292767110579,0.00047518987013687064,0,1,1,1,1,0,0,0.9795634472153326,0.004,4.803935257442962e-06,25.00002904423492,0,540.0
297,0.0297,load_step,deadbeat_current_baseline,94.2477796076938,-0.7392946137504446,94.98707422144425,0.35,-0.006819881196360044,-0.0012156493461479836,0.006927379220546204,-0.0008369259715311768,0,1,1,1,1,0,0,0.9795689804051947,0.004,4.5764653451334077e-07,25.00002904404587,0,540.0
298,0.0298,load_step,deadbeat_current_baseline,94.2477796076938,-0.7602332695917521,95.00801287728555,0.35,0.001013854255002954,-0.0021628469213722484,0.002388683163518554,0.0005622783703640901,0,1,1,1,1,0,0,0.9795643660493893,0.004,8.982903604302043e-06,25.00002904394207,0,540.0
299,0.029900000000000003,load_step,deadbeat_current_baseline,94.2477796076938,-0.7810865828154591,95.02886619050926,0.35,-0.004302295991889057,0.0041819975162988975,0.005999904501586237,-0.001449458903753208,0,1,1,1,1,0,0,0.9795698010185947,0.004,1.4043037411663399e-06,25.00002904376249,0,540.0
300,0.030000000000000002,load_step,deadbeat_current_baseline,94.2477796076938,-0.8020586840949229,95.04983829178872,0.35,-0.0008377017541085298,-0.004434367838753162,0.004512799835823089,0.0006964853151054964,0,1,1,1,1,0,0,0.9795651130306162,0.004,5.055986441250631e-06,25.000029043619424,0,540.0
301,0.030100000000000002,load_step,deadbeat_current_baseline,94.2477796076938,-0.8229007523458507,95.07068036003965,0.35,0.002338516084541403,0.002100923695948718,0.0031436504026143997,-2.8704995764238238e-05,0,1,1,1,1,0,0,0.9795606494498554,0.004,4.480698756725065e-06,25.000029043470608,0,540.0
302,0.0302,load_step,deadbeat_current_baseline,94.2477796076938,-0.8437846175032679,95.09156422519708,0.35,-0.003077782759495716,-0.006341282795325897,0.007048731389756975,0.000702025764133089,0,1,1,1,1,0,0,0.9795670563831894,0.004,1.8654390941938575e-07,25.00002904327885,0,540.0
303,0.0303,load_step,deadbeat_current_baseline,94.2477796076938,-0.8646231483321286,95.11240275602593,0.35,0.0002951578862612004,0.00035336418468487156,0.00046041766347544024,-1.997910975531188e-05,0,1,1,1,1,0,0,0.9795723230685002,0.004,9.341042134733088e-06,25.00002904317864,0,540.0
304,0.0304,load_step,deadbeat_current_baseline,94.2477796076938,-0.8855032857102285,95.13328289340403,0.35,-0.004941242936908921,-0.007943121684044017,0.009354627937501445,0.0007095354584286131,0,1,1,1,1,0,0,0.9795769945744821,0.004,2.510405397558144e-07,25.000029042987528,0,540.0
305,0.030500000000000003,load_step,deadbeat_current_baseline,94.2477796076938,-0.9063381618278615,95.15411776952166,0.35,-0.0014037940507998859,-0.0011152201291246108,0.001792861866811235,-9.746325096437425e-06,0,1,1,1,1,0,0,0.9795466990469177,0.004,1.4996265092928586e-05,25.000029042943872,0,540.0
306,0.030600000000000002,load_step,deadbeat_current_baseline,94.2477796076938,-0.927214481815129,95.17499408950893,0.35,0.0018391057597034889,0.005136159701460656,0.00545549690443345,-0.0006658985833196783,0,1,1,1,1,0,0,0.9795552299707465,0.004,1.6307488847682133e-06,25.00002904276656,0,540.0
307,0.0307,load_step,deadbeat_current_baseline,94.2477796076938,-0.9481284645695959,95.19590807226339,0.35,-0.003516292558020068,-0.0035656470551207586,0.005007809129277857,0.00011860798891131065,0,1,1,1,1,0,0,0.979562304125214,0.004,1.8758883603507335e-06,25.0000290425917,0,540.0
308,0.0308,load_step,deadbeat_current_baseline,94.2477796076938,-0.9689938925261322,95.21677350021993,0.35,-8.774532530499358e-05,0.0028916364210512377,0.0028929674097132323,-0.000545608386400987,0,1,1,1,1,0,0,0.9795681553986638,0.004,5.698812562388889e-06,25.00002904245507,0,540.0
309,0.0309,load_step,deadbeat_current_baseline,94.2477796076938,-0.9898974666750935,95.23767707436889,0.35,0.003055493451235209,-0.005621884345705327,0.00639856420043027,0.0014990199023934055,0,1,1,1,1,0,0,0.9795733379508083,0.004,6.266144289189915e-07,25.00002904226772,0,540.0
310,0.031,load_step,deadbeat_current_baseline,94.2477796076938,-1.0106770762029398,95.25845668389674,0.35,-0.0023911188471012986,0.001007577036614536,0.0025947371399962604,-0.0005489716168514584,0,1,1,1,1,0,0,0.9795775795847073,0.004,5.907099166345365e-06,25.000029042133175,0,540.0
311,0.031100000000000003,load_step,deadbeat_current_baseline,94.2477796076938,-1.0315776490454338,95.27935725673923,0.35,0.005118525292318368,-0.00013538153222837507,0.005120315354289356,0.0008027097433937903,0,1,1,1,1,0,0,0.9795817162757776,0.004,1.7701097448801369e-06,25.000029041957262,0,540.0
312,0.031200000000000002,load_step,deadbeat_current_baseline,94.2477796076938,-1.052395726157796,95.3001753338516,0.35,-0.0046585942285945975,-0.0011824193251365831,0.004806309982424287,-0.0004905021682248615,0,1,1,1,1,0,0,0.9795847146877771,0.004,1.8414725447501641e-06,25.000029041782064,0,540.0
313,0.0313,load_step,deadbeat_current_baseline,94.2477796076938,-1.0732895946590157,95.32106920235282,0.35,0.00304987083877179,-0.0021416287075794716,0.0037266990292105775,0.0008525340693060501,0,1,1,1,1,0,0,0.9795876165136564,0.004,5.144403273781576e-06,25.000029041639895,0,540.0
314,0.031400000000000004,load_step,deadbeat_current_baseline,94.2477796076938,-1.0941014853032374,95.34188109299704,0.35,-0.002380996211432209,0.004192360729799989,0.004821310138087325,-0.001123409312568518,0,1,1,1,1,0,0,0.9795897591415238,0.004,1.6485123571904789e-06,25.00002904146277,0,540.0
315,0.0315,load_step,deadbeat_current_baseline,94.2477796076938,-1.1150300251389533,95.36280963283275,0.35,0.0009785364014298686,-0.00443377445359833,0.004540472375679042,0.0009539549551009533,0,1,1,1,1,0,0,0.9795919315336142,0.004,2.8341189894817774e-06,25.000029041297502,0,540.0
316,0.0316,load_step,deadbeat_current_baseline,94.2477796076938,-1.1358326393861138,95.38361224707991,0.35,-0.004270364546777651,0.0020927190026176165,0.0047555742225616005,-0.0010225557021787787,0,1,1,1,1,0,0,0.9795932784392523,0.004,3.820051060614754e-06,25.000029041142092,0,540.0
317,0.0317,load_step,deadbeat_current_baseline,94.2477796076938,-1.1567519374854707,95.40453154517927,0.35,0.00342001149108022,0.0008556202713141139,0.0035254169466609744,0.0003582266990087701,0,1,1,1,1,0,0,0.9795852699703295,0.004,4.003083615345556e-06,25.000029040988515,0,540.0
318,0.0318,load_step,deadbeat_current_baseline,94.2477796076938,-1.17758699689565,95.42536660458946,0.35,-0.006191912913564847,-0.0002774909936209768,0.006198127683479251,-0.0008772323865173729,0,1,1,1,1,0,0,0.9795876563152621,0.004,4.915148161688021e-07,25.000029040799824,0,540.0
319,0.031900000000000005,load_step,deadbeat_current_baseline,94.2477796076938,-1.1984943902344232,95.44627399792823,0.35,0.0016675418634706136,-0.0013153843840487509,0.0021238954645241745,0.0004870978097986896,0,1,1,1,1,0,0,0.9795900455764948,0.004,7.226658743570674e-06,25.000029040678484,0,540.0
320,0.032,load_step,deadbeat_current_baseline,94.2477796076938,-1.2193185303631058,95.46709813805691,0.35,-0.0036253239430780433,0.004946665631541317,0.006132900990765054,-0.0014336678363211302,0,1,1,1,1,0,0,0.9795917671005937,0.004,7.527997108090954e-07,25.000029040492407,0,540.0
321,0.032100000000000004,load_step,deadbeat_current_baseline,94.2477796076938,-1.2402560166901475,95.48803562438395,0.35,-0.00013966546523155058,-0.0037452284513141646,0.0037478317191025857,0.0006543505695771944,0,1,1,1,1,0,0,0.9795935872069004,0.004,4.77294220493052e-06,25.000029040346533,0,540.0
322,0.0322,load_step,deadbeat_current_baseline,94.2477796076938,-1.2610669391558695,95.50884654684967,0.35,0.0030555528940414273,0.0027211515146173797,0.00409158515172169,-3.590301594518183e-05,0,1,1,1,1,0,0,0.9795946486338839,0.004,3.1953600202700898e-06,25.000029040184884,0,540.0
323,0.0323,load_step,deadbeat_current_baseline,94.2477796076938,-1.2819175701704655,95.52969717786426,0.35,-0.0023435857530241496,-0.005783898513650948,0.006240663121655536,0.0006917233058979788,0,1,1,1,1,0,0,0.9795960936957726,0.004,6.148696704777484e-07,25.000029039997433,0,540.0
324,0.0324,load_step,deadbeat_current_baseline,94.2477796076938,-1.3027230551916706,95.55050266288548,0.35,0.001044798304036988,0.0008534705956250412,0.0013490795209012436,1.4809317945888476e-06,0,1,1,1,1,0,0,0.9795971516194047,0.004,7.501523558744288e-06,25.000029039878847,0,540.0
325,0.0325,load_step,deadbeat_current_baseline,94.2477796076938,-1.323568248508581,95.57134785620238,0.35,-0.004177683874854725,-0.0074952325190818705,0.008580883000794473,0.0007254979465509781,0,1,1,1,1,0,0,0.9795982449664979,0.004,2.741787403563989e-08,25.000029039685522,0,540.0
326,0.032600000000000004,load_step,deadbeat_current_baseline,94.2477796076938,-1.3443685122449698,95.59214811993877,0.35,-0.0006277454833045496,-0.0007149027781935225,0.0009513939110999605,3.53165289367849e-05,0,1,1,1,1,0,0,0.9795648562826824,0.004,1.2760350667035204e-05,25.000029039619527,0,540.0
327,0.0327,load_step,deadbeat_current_baseline,94.2477796076938,-1.3652084810303466,95.61298808872415,0.35,0.002626381251173124,0.005493125272696883,0.006088702960241607,-0.0005945680584019772,0,1,1,1,1,0,0,0.9795708165254289,0.004,9.189285321885691e-07,25.00002903943512,0,540.0
328,0.0328,load_step,deadbeat_current_baseline,94.2477796076938,-1.3860845434154463,95.63386415110925,0.35,-0.002718980293714168,-0.0032481556843559746,0.004235961424212928,0.0001800761123075712,0,1,1,1,1,0,0,0.979575712949468,0.004,2.442916327248082e-06,25.000029039265954,0,540.0
329,0.0329,load_step,deadbeat_current_baseline,94.2477796076938,-1.406912644120854,95.65469225181465,0.35,0.0007184829139666501,0.003173216388143763,0.0032535396022864327,-0.0004596563894378446,0,1,1,1,1,0,0,0.9795797197952675,0.004,4.370062856012319e-06,25.000029039116058,0,540.0
330,0.033,load_step,deadbeat_current_baseline,94.2477796076938,-1.4277774286756246,95.67555703636943,0.35,-0.004459203177258636,-0.005372986474933182,0.00698236898451295,0.0003034765372318257,0,1,1,1,1,0,0,0.9795833321180641,0.004,5.47742290321218e-07,25.00002903892794,0,540.0
331,0.033100000000000004,load_step,deadbeat_current_baseline,94.2477796076938,-1.4485949412951589,95.69637454898896,0.35,-0.0008683915088745553,0.0012267637486133894,0.0015030146731144717,-0.000344432914376247,0,1,1,1,1,0,0,0.9795765831325931,0.004,9.237384953913945e-06,25.00002903882672,0,540.0
332,0.0332,load_step,deadbeat_current_baseline,94.2477796076938,-1.4694496279182845,95.71722923561208,0.35,0.0024230338004644922,-0.007156333331960313,0.007555408629340944,0.0016210558864945845,0,1,1,1,1,0,0,0.9795807116737437,0.004,6.166403387272797e-07,25.000029038639294,0,540.0
333,0.0333,load_step,deadbeat_current_baseline,94.2477796076938,-1.490185089693555,95.73796469738735,0.35,-0.00288830466101598,-0.0004074399231278166,0.0029169009420624893,-0.0003476693754380476,0,1,1,1,1,0,0,0.9795743858359405,0.004,8.412602890841763e-06,25.000029038529828,0,540.0
334,0.0334,load_step,deadbeat_current_baseline,94.2477796076938,-1.5110367745718623,95.75881638226566,0.35,0.004744853467802774,-0.0014409998365115203,0.004958842098690605,0.0009427138924878468,0,1,1,1,1,0,0,0.9795791955872867,0.004,2.4899224016945085e-06,25.000029038361138,0,540.0
335,0.0335,load_step,deadbeat_current_baseline,94.2477796076938,-1.5318096357942845,95.77958924348809,0.35,-0.004919546501632667,-0.002387843225804937,0.00546843058406603,-0.0002909292639828306,0,1,1,1,1,0,0,0.9795827865174287,0.004,2.156094235769469e-06,25.00002903818911,0,540.0
336,0.033600000000000005,load_step,deadbeat_current_baseline,94.2477796076938,-1.5526547270517588,95.80043433474556,0.35,0.0028917729905708024,-0.0032552319394095397,0.0043541802912083,0.0009911092970146937,0,1,1,1,1,0,0,0.9795764583101537,0.004,6.275199704904434e-06,25.000029038058273,0,540.0
337,0.0337,load_step,deadbeat_current_baseline,94.2477796076938,-1.5734214945399165,95.82120110223372,0.35,-0.0024452568302631475,0.003162866225675935,0.003997874901428271,-0.0009086655979504577,0,1,1,1,1,0,0,0.9795804885176663,0.004,2.5914976102558134e-06,25.000029037890602,0,540.0
338,0.033800000000000004,load_step,deadbeat_current_baseline,94.2477796076938,-1.5943003564656228,95.84207996415942,0.35,0.0009998721962471743,-0.005386168336567781,0.0054781889122841945,0.0010895236413128269,0,1,1,1,1,0,0,0.9795842497185976,0.004,2.256731398241518e-06,25.000029037719585,0,540.0
339,0.0339,load_step,deadbeat_current_baseline,94.2477796076938,-1.6150580347636416,95.86283764245744,0.35,-0.0041710065662465155,0.0012109876363254027,0.004343246116789208,-0.000811202945888614,0,1,1,1,1,0,0,0.9795772873028912,0.004,5.1238998538321705e-06,25.00002903757724,0,540.0
340,0.034,load_step,deadbeat_current_baseline,94.2477796076938,-1.6359278651505378,95.88370747284434,0.35,0.003590514833684971,3.868278008739502e-05,0.003590723204089547,0.0005075774951580392,0,1,1,1,1,0,0,0.9795718571101273,0.004,3.7029599680082056e-06,25.000029037420685,0,540.0
341,0.0341,load_step,deadbeat_current_baseline,94.2477796076938,-1.6567171710892552,95.90449677878306,0.35,-0.005956592089813024,-0.0010350298170635373,0.006045847835219943,-0.0006705169103640885,0,1,1,1,1,0,0,0.9795764722339292,0.004,7.322061543727645e-07,25.000029037234423,0,540.0
342,0.0342,load_step,deadbeat_current_baseline,94.2477796076938,-1.6775753815445604,95.92535498923836,0.35,0.0019619005900402002,-0.0020184145341976528,0.0028147914944202197,0.0006322270952602651,0,1,1,1,1,0,0,0.9795807400245656,0.004,7.021251725935058e-06,25.000029037111055,0,540.0
343,0.034300000000000004,load_step,deadbeat_current_baseline,94.2477796076938,-1.6983540281276166,95.94613363582141,0.35,-0.0032772074204484134,0.004293618434304725,0.005401411642898873,-0.0012148217216630926,0,1,1,1,1,0,0,0.9795840729971279,0.004,1.226934504355938e-06,25.000029036929742,0,540.0
344,0.0344,load_step,deadbeat_current_baseline,94.2477796076938,-1.719241612900351,95.96702122059415,0.35,0.00025738636026210326,-0.004352386720017412,0.004359990584741313,0.0007941711316943481,0,1,1,1,1,0,0,0.9795872469974664,0.004,3.8093415722017024e-06,25.000029036774258,0,540.0
345,0.0345,load_step,deadbeat_current_baseline,94.2477796076938,-1.7400073668445946,95.9877869745384,0.35,-0.004831769731128096,0.0021561092423854544,0.005291011793574614,-0.00105945544720044,0,1,1,1,1,0,0,0.979589478216303,0.004,3.7436781056269123e-06,25.000029036618116,0,540.0
346,0.0346,load_step,deadbeat_current_baseline,94.2477796076938,-1.7608824536081351,96.00866206130193,0.35,0.0030044088524157878,0.0009027504903034046,0.0031371055130832606,0.00026795597928288043,0,1,1,1,1,0,0,0.9795822016556467,0.004,4.749842813354599e-06,25.000029036472036,0,540.0
347,0.0347,load_step,deadbeat_current_baseline,94.2477796076938,-1.7816764990076424,96.02945610670145,0.35,-0.006474510890055139,-0.0002450665906825914,0.006479147235501859,-0.0008705677969140426,0,1,1,1,1,0,0,0.9795852438101317,0.004,3.289375763131793e-07,25.00002903628175,0,540.0
348,0.034800000000000005,load_step,deadbeat_current_baseline,94.2477796076938,-1.8025370804980323,96.05031668819183,0.35,0.0015062555008669132,-0.0012961881345446833,0.0019871862806557067,0.0004363687389200198,0,1,1,1,1,0,0,0.9795881768805761,0.004,7.605152376725992e-06,25.000029036164225,0,540.0
349,0.0349,load_step,deadbeat_current_baseline,94.2477796076938,-1.8233178470365619,96.07109745473036,0.35,-0.0036759839378643325,0.004953918078442201,0.006168805576394269,-0.001372448629812488,0,1,1,1,1,0,0,0.9795903854086103,0.004,6.962052721533488e-07,25.00002903597761,0,540.0
350,0.035,load_step,deadbeat_current_baseline,94.2477796076938,-1.8442052636821729,96.09198487137597,0.35,-8.946171414281738e-05,-0.003748688017395842,0.0037497553586953564,0.0006347066008685993,0,1,1,1,1,0,0,0.979592604778546,0.004,4.831479928955845e-06,25.000029035832352,0,540.0
351,0.0351,load_step,deadbeat_current_baseline,94.2477796076938,-1.8649709594827546,96.11275056717656,0.35,0.003197646690512215,0.0027080706523631985,0.004190297246680068,-1.9984792200999777e-05,0,1,1,1,1,0,0,0.9795940342607692,0.004,3.078784743249227e-06,25.000029035669566,0,540.0
352,0.0352,load_step,deadbeat_current_baseline,94.2477796076938,-1.8857742391260446,96.13355384681985,0.35,-0.0021177436986982356,-0.005805578200113857,0.006179771566248492,0.0007038150443482052,0,1,1,1,1,0,0,0.9795957714051226,0.004,7.206689614170338e-07,25.0000290354832,0,540.0
353,0.035300000000000005,load_step,deadbeat_current_baseline,94.2477796076938,-1.9065326054058926,96.15431221309969,0.35,0.0013468964320861455,0.000824151486033265,0.0015790363107595809,4.581123943558871e-05,0,1,1,1,1,0,0,0.9795970867142689,0.004,7.174951338656245e-06,25.000029035361383,0,540.0
354,0.0354,load_step,deadbeat_current_baseline,94.2477796076938,-1.9273287543192945,96.17510836201309,0.35,-0.0038061189710454943,-0.007531352174967441,0.008438471852482487,0.0007637128403996527,0,1,1,1,1,0,0,0.9795983978185372,0.004,8.70454981867459e-09,25.000029035167902,0,540.0
355,0.035500000000000004,load_step,deadbeat_current_baseline,94.2477796076938,-1.948080343390655,96.19585995108446,0.35,-0.00019297046004022016,-0.0007570302983168995,0.0007812377813559122,0.00010298064327942977,0,1,1,1,1,0,0,0.9795651447572716,0.004,1.2135933268891973e-05,25.000029035095693,0,540.0
356,0.0356,load_step,deadbeat_current_baseline,94.2477796076938,-1.9688698788939558,96.21664948658776,0.35,0.0031187057533924125,0.0054456773954020205,0.006275486265703676,-0.0005004156475812289,0,1,1,1,1,0,0,0.979571276408915,0.004,6.948472230591479e-07,25.000029034909073,0,540.0
357,0.0357,load_step,deadbeat_current_baseline,94.2477796076938,-1.9896939267083478,96.23747353440214,0.35,-0.0021743319171911493,-0.003300268685772238,0.003952150387372039,0.00026381288867692685,0,1,1,1,1,0,0,0.9795763260719677,0.004,2.664192476885369e-06,25.00002903474215,0,540.0
358,0.0358,load_step,deadbeat_current_baseline,94.2477796076938,-2.0104706401517896,96.2582502478456,0.35,0.0013106316865928666,0.003117061688678606,0.0033813945331666317,-0.00035130630976624284,0,1,1,1,1,0,0,0.9795804699446219,0.004,3.7982663118167295e-06,25.000029034586564,0,540.0
359,0.0359,load_step,deadbeat_current_baseline,94.2477796076938,-2.0312825684361995,96.27906217613,0.35,-0.0038239011332253207,-0.005432651327232887,0.006643487060269414,0.0004002519712825673,0,1,1,1,1,0,0,0.979584196054897,0.004,4.985601702701134e-07,25.000029034397986,0,540.0
360,0.036000000000000004,load_step,deadbeat_current_baseline,94.2477796076938,-2.0520479215185556,96.29982752921235,0.35,-0.00019395792739609576,0.0011641002403988373,0.0011801478921289567,-0.00022462220834100976,0,1,1,1,1,0,0,0.979577520090097,0.004,8.303648373938916e-06,25.00002903428746,0,540.0
361,0.0361,load_step,deadbeat_current_baseline,94.2477796076938,-2.0728490740910224,96.32062868178483,0.35,0.0031329834812223764,-0.007221565211364497,0.007871886025318344,0.0016550779336018747,0,1,1,1,1,0,0,0.9795817377099535,0.004,2.82577198211075e-07,25.000029034096727,0,540.0
362,0.0362,load_step,deadbeat_current_baseline,94.2477796076938,-2.0935361398583483,96.34131574755214,0.35,-0.002146192845091034,-0.00047482029457649,0.0021980896343101325,-0.0002125118576423924,0,1,1,1,1,0,0,0.979575469241537,0.004,8.666215255581195e-06,25.00002903398983,0,540.0
363,0.0363,load_step,deadbeat_current_baseline,94.2477796076938,-2.11433338010405,96.36211298779784,0.35,0.005516122223960797,-0.0015101221037927448,0.005719097232784002,0.0010071389181288224,0,1,1,1,1,0,0,0.979580329911776,0.004,1.7429916349706917e-06,25.0000290338137,0,540.0
364,0.0364,load_step,deadbeat_current_baseline,94.2477796076938,-2.1350560337865057,96.38283564148031,0.35,-0.004121918693071299,-0.002458372662701123,0.004799355150539165,-0.00014481926926362317,0,1,1,1,1,0,0,0.9795839901089369,0.004,2.908206483801457e-06,25.000029033649223,0,540.0
365,0.036500000000000005,load_step,deadbeat_current_baseline,94.2477796076938,-2.1558460330127915,96.4036256407066,0.35,-0.0004512213573628683,0.003886198077044838,0.003912305740527877,-0.0007172765252854963,0,1,1,1,1,0,0,0.9795776788634444,0.004,5.067251859562953e-06,25.000029033506337,0,540.0
366,0.0366,load_step,deadbeat_current_baseline,94.2477796076938,-2.176668693001422,96.42444830069522,0.35,0.002912870743099973,-0.004730065249547684,0.005555027743493851,0.0011913832981381447,0,1,1,1,1,0,0,0.979581768189376,0.004,1.3368985683996638e-06,25.00002903332615,0,540.0
367,0.0367,load_step,deadbeat_current_baseline,94.2477796076938,-2.197375531471613,96.44515513916541,0.35,-0.0023324533623689946,0.001805824357979434,0.0029498034340440828,-0.0006188180766804696,0,1,1,1,1,0,0,0.9795851040420954,0.004,4.3393567574422275e-06,25.000029033175988,0,540.0
368,0.0368,load_step,deadbeat_current_baseline,94.2477796076938,-2.218189108553228,96.46596871624703,0.35,0.0011962816588390651,-0.006635280278287097,0.006742257350376092,0.0012763076258799932,0,1,1,1,1,0,0,0.9795884360236984,0.004,1.6729728188215622e-06,25.000029032999162,0,540.0
369,0.0369,load_step,deadbeat_current_baseline,94.2477796076938,-2.238887674749099,96.4866672824429,0.35,-0.003898449368759666,6.075021410273846e-05,0.0038989226805998816,-0.0005344161949035164,0,1,1,1,1,0,0,0.979581125105428,0.004,7.120471591624205e-06,25.000029032876814,0,540.0
370,0.037000000000000005,load_step,deadbeat_current_baseline,94.2477796076938,-2.2596930114571783,96.50747261915097,0.35,0.003932462410319172,-0.0010209354019778396,0.004062827796447312,0.000698666952766235,0,1,1,1,1,0,0,0.9795753522342503,0.004,3.3922801780601503e-06,25.000029032717183,0,540.0
371,0.0371,load_step,deadbeat_current_baseline,94.2477796076938,-2.2804229571341637,96.52820256482796,0.35,-0.005551485862785897,-0.0020116143304491855,0.005904708925864186,-0.000406474424743674,0,1,1,1,1,0,0,0.9795797258429297,0.004,1.3406791237565276e-06,25.00002903253704,0,540.0
372,0.037200000000000004,load_step,deadbeat_current_baseline,94.2477796076938,-2.3012174460933115,96.54899705378712,0.35,0.0024244746890890495,-0.002918844297898538,0.0037944340228034342,0.0008117450506082005,0,1,1,1,1,0,0,0.9795740342906823,0.004,6.798161899409839e-06,25.000029032411472,0,540.0
373,0.0373,load_step,deadbeat_current_baseline,94.2477796076938,-2.321937434355226,96.56971704204902,0.35,-0.002762363878463507,0.0034629832893439414,0.004429775102566194,-0.0009460996637508122,0,1,1,1,1,0,0,0.9795786524933153,0.004,2.0423286352009223e-06,25.000029032238345,0,540.0
374,0.0374,load_step,deadbeat_current_baseline,94.2477796076938,-2.3427610269904613,96.59054063468426,0.35,0.0008197522900361944,-0.005118984569242006,0.0051842064809532185,0.000962213384958488,0,1,1,1,1,0,0,0.9795828971975015,0.004,2.6976075132013603e-06,25.000029032071772,0,540.0
375,0.0375,load_step,deadbeat_current_baseline,94.2477796076938,-2.363468818787959,96.61124842648177,0.35,-0.004226271971503656,0.0014482464422093098,0.004467526444744264,-0.0008017708901832718,0,1,1,1,1,0,0,0.9795860614975892,0.004,4.5973212096821065e-06,25.0000290319242,0,540.0
376,0.0376,load_step,deadbeat_current_baseline,94.2477796076938,-2.384280583311231,96.63206019100502,0.35,0.003649087933508191,0.00024879962580434423,0.0036575598423368907,0.0004415291297266381,0,1,1,1,1,0,0,0.9795795202042895,0.004,3.7028301532153394e-06,25.00002903176768,0,540.0
377,0.037700000000000004,load_step,deadbeat_current_baseline,94.2477796076938,-2.4050163448918687,96.65279595258566,0.35,-0.0057943139130955355,-0.0008495524964264591,0.005856262730417491,-0.0006239054418823817,0,1,1,1,1,0,0,0.9795832422885425,0.004,7.355343406449558e-07,25.00002903158149,0,540.0
378,0.0378,load_step,deadbeat_current_baseline,94.2477796076938,-2.4258142730969188,96.67359388079072,0.35,0.0022186295568221758,-0.0018552178797319634,0.002892084108680473,0.0005998337100481764,0,1,1,1,1,0,0,0.9795867316344484,0.004,6.487758292131171e-06,25.000029031452826,0,540.0
379,0.0379,load_step,deadbeat_current_baseline,94.2477796076938,-2.446537370021412,96.69431697771522,0.35,-0.0029344810017458488,0.004436609004096027,0.0053192742178640555,-0.001120084385570844,0,1,1,1,1,0,0,0.9795894317807564,0.004,1.1053458185641259e-06,25.000029031270337,0,540.0
380,0.038,load_step,deadbeat_current_baseline,94.2477796076938,-2.467361801402854,96.71514140909666,0.35,0.0006783904898952823,-0.004227633630206645,0.0042817169182507355,0.0007879509813557038,0,1,1,1,1,0,0,0.9795920475920732,0.004,3.5510384136754345e-06,25.000029031112305,0,540.0
381,0.0381,load_step,deadbeat_current_baseline,94.2477796076938,-2.488070448499683,96.73585005619348,0.35,-0.004339604467416553,0.0022643810557855196,0.004894853266383176,-0.0009413551290710135,0,1,1,1,1,0,0,0.979593836936177,0.004,3.3700400562140854e-06,25.000029030952465,0,540.0
382,0.038200000000000005,load_step,deadbeat_current_baseline,94.2477796076938,-2.508880992979266,96.75666060067307,0.35,0.0035613068957863654,0.0009961785439193877,0.003698010072639185,0.00030010412126440904,0,1,1,1,1,0,0,0.9795861298154324,0.004,4.005432065489784e-06,25.00002903079898,0,540.0
383,0.0383,load_step,deadbeat_current_baseline,94.2477796076938,-2.5296156447688185,96.77739525246263,0.35,-0.00585881758713054,-0.0001650278316659184,0.005861141331216513,-0.0007348820814021129,0,1,1,1,1,0,0,0.9795888669185012,0.004,6.174948146129091e-07,25.000029030611618,0,540.0
384,0.038400000000000004,load_step,deadbeat_current_baseline,94.2477796076938,-2.5504106411183027,96.7981902488121,0.35,0.0021753273344857407,-0.0012281385796710205,0.0024980739346619004,0.00048430604969327363,0,1,1,1,1,0,0,0.9795915185866995,0.004,6.322057041621685e-06,25.0000290304813,0,540.0
385,0.0385,load_step,deadbeat_current_baseline,94.2477796076938,-2.571131078763414,96.81891068645722,0.35,-0.007122908249418626,-0.0022018304992851684,0.0074554597093149325,-0.0005604369613809185,0,1,1,1,1,0,0,0.9795935145074222,0.004,7.012592677225519e-07,25.000029030294776,0,540.0
386,0.0386,load_step,deadbeat_current_baseline,94.2477796076938,-2.5919124459462077,96.83969205364001,0.35,0.0010227467790360379,-0.003093493538474259,0.0032581763682481314,0.0006398778359626979,0,1,1,1,1,0,0,0.9795858126444817,0.004,9.759412055978794e-06,25.000029030198835,0,540.0
387,0.038700000000000005,load_step,deadbeat_current_baseline,94.2477796076938,-2.6126203849260463,96.86039999261985,0.35,-0.0040090428350634645,0.003302574500426208,0.005194172001795774,-0.0010580465769618312,0,1,1,1,1,0,0,0.9795887232330923,0.004,2.0384726491300545e-06,25.000029030025686,0,540.0
388,0.0388,load_step,deadbeat_current_baseline,94.2477796076938,-2.6334283433392573,96.88120795103306,0.35,-0.0002852674352396252,-0.005266334242697834,0.00527405478407458,0.000825589753453173,0,1,1,1,1,0,0,0.9795817819289846,0.004,4.004817716069363e-06,25.000029029872202,0,540.0
389,0.038900000000000004,load_step,deadbeat_current_baseline,94.2477796076938,-2.6541219788674786,96.90190158656128,0.35,0.003126962360744647,0.0013128620219576578,0.003391386190661937,0.00018652810286118286,0,1,1,1,1,0,0,0.9795754895189978,0.004,5.034425790929801e-06,25.000029029729014,0,540.0
390,0.039,load_step,deadbeat_current_baseline,94.2477796076938,-2.6748522684298415,96.92263187612365,0.35,-0.006238751458082134,0.00012439579454949786,0.0062399915119672675,-0.0008185798442413008,0,1,1,1,1,0,0,0.9795803250634417,0.004,4.1958007880660414e-07,25.00002902953968,0,540.0
391,0.0391,load_step,deadbeat_current_baseline,94.2477796076938,-2.695641114855363,96.94342072254916,0.35,0.0018450679423316352,-0.0009636167068345023,0.002081545788473188,0.0003926535899211374,0,1,1,1,1,0,0,0.9795842781849656,0.004,6.896616937472273e-06,25.000029029415114,0,540.0
392,0.0392,load_step,deadbeat_current_baseline,94.2477796076938,-2.7163558790892637,96.96413548678306,0.35,-0.007407821665085314,-0.0019600687034330364,0.007662746971151078,-0.0006240485714721898,0,1,1,1,1,0,0,0.9795873879505061,0.004,5.032247359447886e-07,25.000029029226617,0,540.0
393,0.0393,load_step,deadbeat_current_baseline,94.2477796076938,-2.7371298952223846,96.98490950291618,0.35,0.0007792237875980633,-0.0028725182249762036,0.0029763317462909123,0.0005664705972327419,0,1,1,1,1,0,0,0.9795806281077662,0.004,1.0130552528859775e-05,25.000029029134396,0,540.0
394,0.039400000000000004,load_step,deadbeat_current_baseline,94.2477796076938,-2.757831069926156,97.00561067761996,0.35,-0.004214790478458971,0.0035045533718949294,0.0054814553828129,-0.0011038057897164602,0,1,1,1,1,0,0,0.9795843493152384,0.004,1.8317740466752734e-06,25.000029028959187,0,540.0
395,0.0395,load_step,deadbeat_current_baseline,94.2477796076938,-2.77863061001676,97.02641021771056,0.35,-0.00045654327924081635,-0.005081699798893099,0.005102166658576542,0.0007673021921056986,0,1,1,1,1,0,0,0.9795780959056762,0.004,4.38386646510364e-06,25.0000290288095,0,540.0
396,0.0396,load_step,deadbeat_current_baseline,94.2477796076938,-2.799316577614653,97.04709618530845,0.35,0.0029871265342144297,0.001481655251728949,0.0033344005782724854,0.0001366290398335014,0,1,1,1,1,0,0,0.9795723898701935,0.004,4.798948878898779e-06,25.000029028663963,0,540.0
397,0.0397,load_step,deadbeat_current_baseline,94.2477796076938,-2.820038697835205,97.067818305529,0.35,-0.0063499040789666795,0.0002787296268337065,0.006356018566441773,-0.0008439983521496659,0,1,1,1,1,0,0,0.979577724694388,0.004,3.821459483029111e-07,25.00002902847426,0,540.0
398,0.0398,load_step,deadbeat_current_baseline,94.2477796076938,-2.8408179105342013,97.088597518228,0.35,0.0017600664994562192,-0.0008224718424123834,0.0019427542340886275,0.0003538883182154072,0,1,1,1,1,0,0,0.9795821043498518,0.004,7.046777300514914e-06,25.000029028351204,0,540.0
399,0.039900000000000005,load_step,deadbeat_current_baseline,94.2477796076938,-2.86152384050441,97.1093034481982,0.35,-0.007468985039864897,-0.0018309663496742885,0.007690134933755403,-0.0006392826696685827,0,1,1,1,1,0,0,0.9795855829271867,0.004,4.220755162047405e-07,25.0000290281619,0,540.0
400,0.04,load_step,deadbeat_current_baseline,94.2477796076938,-2.8822876148549286,97.13006722254873,0.35,0.0007397857161694471,-0.0027543954241371206,0.002852012808238394,0.0005369369733535904,0,1,1,1,1,0,0,0.9795791287776906,0.004,1.0135082077719779e-05,25.00002902806973,0,540.0
401,0.040100000000000004,load_step,deadbeat_current_baseline,94.2477796076938,-2.9029794043026547,97.15075901199646,0.35,-0.004234433358031254,0.003612653416712791,0.005566119884883405,-0.001109899192866015,0,1,1,1,1,0,0,0.9795831202321578,0.004,1.7118172593780915e-06,25.000029027893326,0,540.0
402,0.0402,load_step,deadbeat_current_baseline,94.2477796076938,-2.923768157103607,97.17154776479741,0.35,-0.00045815386308286954,-0.004982732933193944,0.005003751836951277,0.000745364884212931,0,1,1,1,1,0,0,0.9795770897939675,0.004,4.473240605895181e-06,25.00002902774454,0,540.0
403,0.0403,load_step,deadbeat_current_baseline,94.2477796076938,-2.944444286402015,97.19222389409582,0.35,0.0030019251728415036,0.00157229449823166,0.0033887556318668126,0.00011941653142297245,0,1,1,1,1,0,0,0.9795715771008896,0.004,4.627515390389025e-06,25.000029027597297,0,540.0
404,0.040400000000000005,load_step,deadbeat_current_baseline,94.2477796076938,-2.96515628632845,97.21293589402225,0.35,-0.006320164985322435,0.000361784700863333,0.006330511323066606,-0.0008395748166160962,0,1,1,1,1,0,0,0.9795770774699135,0.004,4.067225924513597e-07,25.000029027407848,0,540.0
405,0.0405,load_step,deadbeat_current_baseline,94.2477796076938,-2.985924084725208,97.23370369241901,0.35,0.00180339175065194,-0.0007463146500144629,0.0019517190789521118,0.0003421247999937276,0,1,1,1,1,0,0,0.9795815990423579,0.004,6.957485499211474e-06,25.000029027283908,0,540.0
406,0.040600000000000004,load_step,deadbeat_current_baseline,94.2477796076938,-3.006619569966901,97.2543991776607,0.35,-0.0074133098841058795,-0.0017610950874817663,0.007619620682483764,-0.0006298917887809522,0,1,1,1,1,0,0,0.9795852037949737,0.004,3.892838419478759e-07,25.000029027094286,0,540.0
407,0.0407,load_step,deadbeat_current_baseline,94.2477796076938,-3.027371634429223,97.27515124212303,0.35,0.0008066826288344231,-0.002690236235576181,0.00280857755222645,0.0005296569530952067,0,1,1,1,1,0,0,0.9795788475244881,0.004,9.938937656998861e-06,25.00002902700016,0,540.0
408,0.0408,load_step,deadbeat_current_baseline,94.2477796076938,-3.04805271254051,97.29583232023431,0.35,-0.0041573445185605256,0.0036716097811785686,0.005546551345768953,-0.0010959857672272735,0,1,1,1,1,0,0,0.9795829328161177,0.004,1.6306000937283381e-06,25.000029026822954,0,540.0
409,0.0409,load_step,deadbeat_current_baseline,94.2477796076938,-3.0688294865291135,97.31660909422291,0.35,-0.00037181283017711223,-0.004928499351391621,0.004942504490372461,0.0007417214645889418,0,1,1,1,1,0,0,0.9795769724891844,0.004,4.407355031552754e-06,25.000029026673516,0,540.0
410,0.041,load_step,deadbeat_current_baseline,94.2477796076938,-3.08949468860596,97.33727429629977,0.35,0.003096647987691689,0.0016222361063468636,0.003495837345245116,0.00011854028505983088,0,1,1,1,1,0,0,0.9795715243214156,0.004,4.487094249019797e-06,25.000029026524874,0,540.0
411,0.041100000000000005,load_step,deadbeat_current_baseline,94.2477796076938,-3.110195596551893,97.35797520424569,0.35,-0.006217840978584059,0.0004078348624929332,0.006231201786976875,-0.0008203120649297095,0,1,1,1,1,0,0,0.9795770808995621,0.004,4.621295302254185e-07,25.000029026335987,0,540.0
412,0.0412,load_step,deadbeat_current_baseline,94.2477796076938,-3.1309510986237767,97.37873070631758,0.35,0.0019125918864064855,-0.0007037834457944289,0.0020379692987192418,0.00034371006027555083,0,1,1,1,1,0,0,0.9795816509506255,0.004,6.744993827574294e-06,25.00002902620993,0,540.0
413,0.0413,load_step,deadbeat_current_baseline,94.2477796076938,-3.1516353463757163,97.39941495406951,0.35,-0.007297894537749725,-0.0017217580350145595,0.007498247489597451,-0.0006084033353599379,0,1,1,1,1,0,0,0.9795853020812806,0.004,3.8245939555672937e-07,25.000029026020247,0,540.0
414,0.0414,load_step,deadbeat_current_baseline,94.2477796076938,-3.1723749831265833,97.42015459082039,0.35,0.000927711082860959,-0.002653782244495295,0.0028112644938642004,0.0005332313064539888,0,1,1,1,1,0,0,0.979578975062527,0.004,9.642250591780123e-06,25.000029025923162,0,540.0
415,0.0415,load_step,deadbeat_current_baseline,94.2477796076938,-3.1930447065312197,97.44082431422503,0.35,-0.004031251804217379,0.003705449513420045,0.005475522550908792,-0.0010724274583215833,0,1,1,1,1,0,0,0.9795830959530266,0.004,1.5717699315228766e-06,25.000029025745373,0,540.0
416,0.041600000000000005,load_step,deadbeat_current_baseline,94.2477796076938,-3.213808930767338,97.46158853846114,0.35,-0.00024115581497698456,-0.004897013872387407,0.004902948194041206,0.0007468555515743544,0,1,1,1,1,0,0,0.9795771547526976,0.004,4.265671715014111e-06,25.000029025594525,0,540.0
417,0.0417,load_step,deadbeat_current_baseline,94.2477796076938,-3.2344626866335724,97.48224229432738,0.35,0.0032314010012632496,0.001651596788289395,0.0036290114882778996,0.0001253875533527239,0,1,1,1,1,0,0,0.9795717283293142,0.004,4.36595944586358e-06,25.000029025444682,0,540.0
418,0.041800000000000004,load_step,deadbeat_current_baseline,94.2477796076938,-3.255152046724836,97.50293165441863,0.35,-0.006079404908862548,0.00043528701802578645,0.006094968320997561,-0.00079411214998163,0,1,1,1,1,0,0,0.9795773048195859,0.004,5.365887481283267e-07,25.000029025256545,0,540.0
419,0.0419,load_step,deadbeat_current_baseline,94.2477796076938,-3.275894843691054,97.52367445138485,0.35,0.0020543221074943866,-0.0006780359465710655,0.002163324309062952,0.0003514562219752639,0,1,1,1,1,0,0,0.9795818922262219,0.004,6.4751949134984416e-06,25.000029025127795,0,540.0
420,0.042,load_step,deadbeat_current_baseline,94.2477796076938,-3.296567491658407,97.54434709935221,0.35,-0.0071532237232407574,-0.0016975446835209998,0.007351888708847868,-0.0005814116184051361,0,1,1,1,1,0,0,0.9795855630834459,0.004,3.926077789490728e-07,25.000029024938218,0,540.0
421,0.042100000000000005,load_step,deadbeat_current_baseline,94.2477796076938,-3.31729437778645,97.56507398548025,0.35,0.0010750014105999478,-0.0026309331545517575,0.0028420832669912295,0.00054166271000173,0,1,1,1,1,0,0,0.9795792422690488,0.004,9.300735464192429e-06,25.000029024837726,0,540.0
422,0.0422,load_step,deadbeat_current_baseline,94.2477796076938,-3.3379524622698162,97.58573206996361,0.35,-0.0038816338625507077,0.00372707393333785,0.005381278802242716,-0.0010446727314868647,0,1,1,1,1,0,0,0.9795833791932415,0.004,1.5282799872984669e-06,25.00002902465951,0,540.0
423,0.042300000000000004,load_step,deadbeat_current_baseline,94.2477796076938,-3.3587038920954906,97.60648349978929,0.35,-8.947529018965905e-05,-0.004876472365997246,0.004877293159518844,0.0007557643409949295,0,1,1,1,1,0,0,0.9795774397658185,0.004,4.0919550233466075e-06,25.000029024506933,0,540.0
424,0.0424,load_step,deadbeat_current_baseline,94.2477796076938,-3.379345982349059,97.62712559004287,0.35,0.003384890617080223,0.001671176626477385,0.003774959046994029,0.00013543461084675326,0,1,1,1,1,0,0,0.9795720205921994,0.004,4.258681740261479e-06,25.000029024356024,0,540.0
425,0.0425,load_step,deadbeat_current_baseline,94.2477796076938,-3.4000236096055176,97.64780321729931,0.35,-0.005924322751589568,0.00045402243253141373,0.005941694744283278,-0.0007651243638276501,0,1,1,1,1,0,0,0.979577604694367,0.004,6.244500057447498e-07,25.00002902416877,0,540.0
426,0.0426,load_step,deadbeat_current_baseline,94.2477796076938,-3.4207535411509347,97.66853314884473,0.35,0.0022107874740916952,-0.0006600317122001359,0.002307211112297828,0.000361591979918194,0,1,1,1,1,0,0,0.9795821988538824,0.004,6.18363036088231e-06,25.000029024037115,0,540.0
427,0.0427,load_step,deadbeat_current_baseline,94.2477796076938,-3.4414144528652177,97.68919406055902,0.35,-0.006995564516685796,-0.001680184048333644,0.007194507720712252,-0.0005523753113541799,0,1,1,1,1,0,0,0.9795858803220389,0.004,4.150971667514373e-07,25.000029023847773,0,540.0
428,0.042800000000000005,load_step,deadbeat_current_baseline,94.2477796076938,-3.4621284725589594,97.70990808025276,0.35,0.0012336834921533413,-0.0026141221278336456,0.0028906071089031056,0.0005518085400810618,0,1,1,1,1,0,0,0.9795795577831943,0.004,8.944123098709243e-06,25.00002902374372,0,540.0
429,0.0429,load_step,deadbeat_current_baseline,94.2477796076938,-3.4827748220767574,97.73055442977056,0.35,-0.003722083550408591,0.0037434054956068164,0.00527891945958276,-0.0010155735893896485,0,1,1,1,1,0,0,0.9795837039911197,0.004,1.4962431713241533e-06,25.00002902356519,0,540.0
430,0.043000000000000003,load_step,deadbeat_current_baseline,94.2477796076938,-3.5035133835979932,97.75129299129179,0.35,7.080371078345117e-05,-0.004860542071755444,0.004861057744644206,0.0007658302616203548,0,1,1,1,1,0,0,0.9795875184193109,0.004,3.90939106021266e-06,25.000029023410793,0,540.0
431,0.0431,load_step,deadbeat_current_baseline,94.2477796076938,-3.5241437455583906,97.77192335325219,0.35,-0.004783102786736515,0.0016867687334906436,0.005071810429104015,-0.0008141778397748312,0,1,1,1,1,0,0,0.979580637667699,0.004,4.162052772285067e-06,25.000029023258925,0,540.0
432,0.0432,load_step,deadbeat_current_baseline,94.2477796076938,-3.544867076338222,97.79264668403202,0.35,0.003267439379281331,0.0004693403679326329,0.0033009756858010195,0.0003026533163581408,0,1,1,1,1,0,0,0.979575234777155,0.004,4.411936413306076e-06,25.000029023109555,0,540.0
433,0.043300000000000005,load_step,deadbeat_current_baseline,94.2477796076938,-3.565521979362439,97.81330158705624,0.35,-0.006016359186201407,-0.0006452821603012291,0.006050864973191278,-0.000589523303255319,0,1,1,1,1,0,0,0.9795799903585417,0.004,5.259121846495391e-07,25.000029022921325,0,540.0
434,0.0434,load_step,deadbeat_current_baseline,94.2477796076938,-3.5862286867885644,97.83400829448236,0.35,0.002141960388447921,-0.001665539249250043,0.0027133033918956364,0.0005033905643901903,0,1,1,1,1,0,0,0.9795843258007394,0.004,6.585529582586257e-06,25.000029022793694,0,540.0
435,0.043500000000000004,load_step,deadbeat_current_baseline,94.2477796076938,-3.6068683990405632,97.85464800673437,0.35,-0.002878769424900212,0.004613106880672119,0.00543765284789722,-0.0010431545430831801,0,1,1,1,1,0,0,0.9795877894531615,0.004,8.929412622688745e-07,25.000029022609137,0,540.0
436,0.0436,load_step,deadbeat_current_baseline,94.2477796076938,-3.6275990768368773,97.87537868453067,0.35,0.0008546153705044631,-0.0040629114683062234,0.004151820929519566,0.0007261033763032424,0,1,1,1,1,0,0,0.9795910207122078,0.004,3.6799787864747834e-06,25.000029022452452,0,540.0
437,0.0437,load_step,deadbeat_current_baseline,94.2477796076938,-3.648222282538228,97.89600189023203,0.35,-0.004053806834052735,0.0024185470208638172,0.004720457556205955,-0.0008335760935657058,0,1,1,1,1,0,0,0.9795933776064811,0.004,2.969487193457937e-06,25.000029022288665,0,540.0
438,0.0438,load_step,deadbeat_current_baseline,94.2477796076938,-3.6689372410638437,97.91671684875764,0.35,-0.00021763547847001923,-0.0060720503153404186,0.006075949327760605,0.0009133399512805967,0,1,1,1,1,0,0,0.9795860801209548,0.004,3.61892831351792e-06,25.000029022131372,0,540.0
439,0.0439,load_step,deadbeat_current_baseline,94.2477796076938,-3.689546065727576,97.93732567342137,0.35,0.0032968735071879623,0.0005789271494951482,0.0033473170699562407,0.00028264041937896864,0,1,1,1,1,0,0,0.979579529758415,0.004,6.072668519171073e-06,25.000029021998618,0,540.0
440,0.044000000000000004,load_step,deadbeat_current_baseline,94.2477796076938,-3.710191050519623,97.95797065821343,0.35,-0.005975707308875094,-0.0005436810571647235,0.006000388898501744,-0.0005884715282932783,0,1,1,1,1,0,0,0.9795841331443875,0.004,5.342635514437752e-07,25.00002902181048,0,540.0
441,0.0441,load_step,deadbeat_current_baseline,94.2477796076938,-3.7308865798830726,97.97866618757688,0.35,0.002192796890482182,-0.00157120624047681,0.0026976002767314503,0.0004878359756775088,0,1,1,1,1,0,0,0.9795878911476787,0.004,6.455220138855502e-06,25.000029021681552,0,540.0
442,0.0442,load_step,deadbeat_current_baseline,94.2477796076938,-3.751516108721116,97.99929571641492,0.35,-0.0028186908967469393,0.0047008125071468345,0.005481118188723189,-0.001037840822191809,0,1,1,1,1,0,0,0.9795908693730828,0.004,8.397731976023218e-07,25.000029021496474,0,540.0
443,0.0443,load_step,deadbeat_current_baseline,94.2477796076938,-3.7722353550444354,98.02001496273823,0.35,0.0009230762336172627,-0.003981233001238715,0.004086843028943154,0.0007141971996667531,0,1,1,1,1,0,0,0.979593683753798,0.004,3.7064166142405486e-06,25.00002902134006,0,540.0
444,0.0444,load_step,deadbeat_current_baseline,94.2477796076938,-3.792848160657252,98.04062776835106,0.35,-0.003977760528344062,0.0024947390449046244,0.004695348945821138,-0.000824991128102709,0,1,1,1,1,0,0,0.9795956916432168,0.004,2.847014358744395e-06,25.000029021175056,0,540.0
445,0.044500000000000005,load_step,deadbeat_current_baseline,94.2477796076938,-3.8135514936231236,98.06133110131692,0.35,-0.0001347169040105756,-0.0060008437067985265,0.006002355690697584,0.0009044232529128503,0,1,1,1,1,0,0,0.9795880877635841,0.004,3.54611845902276e-06,25.000029021017042,0,540.0
446,0.0446,load_step,deadbeat_current_baseline,94.2477796076938,-3.834149740988485,98.08192934868228,0.35,0.0033860010395341863,0.000645598478710252,0.003446998757678857,0.00027591238519125184,0,1,1,1,1,0,0,0.979581281539215,0.004,5.895073644978801e-06,25.00002902088252,0,540.0
447,0.044700000000000004,load_step,deadbeat_current_baseline,94.2477796076938,-3.854784018316586,98.10256362601038,0.35,-0.005880962211689238,-0.0004811266927519426,0.005900610089625919,-0.0005753497400209126,0,1,1,1,1,0,0,0.9795856689552371,0.004,5.797742350606326e-07,25.000029020694843,0,540.0
448,0.0448,load_step,deadbeat_current_baseline,94.2477796076938,-3.8754676531475756,98.12324726084138,0.35,0.002292607430083852,-0.0015123800037658915,0.0027465145374213117,0.00048312399898246925,0,1,1,1,1,0,0,0.9795892439329366,0.004,6.2491362372125935e-06,25.00002902056386,0,540.0
449,0.0449,load_step,deadbeat_current_baseline,94.2477796076938,-3.896086355609432,98.14386596330323,0.35,-0.0027143177738344097,0.004756250508829925,0.005476261487556845,-0.0010228507915623149,0,1,1,1,1,0,0,0.9795920716815453,0.004,8.231483857231812e-07,25.000029020378623,0,540.0
450,0.045000000000000005,load_step,deadbeat_current_baseline,94.2477796076938,-3.9167935973430237,98.16457320503683,0.35,0.0010315542580272225,-0.003928858287911743,0.004062023096161184,0.0007110991959210394,0,1,1,1,1,0,0,0.9795947535708323,0.004,3.664572172589141e-06,25.0000290202218,0,540.0
451,0.0451,load_step,deadbeat_current_baseline,94.2477796076938,-3.93739548174732,98.18517508944112,0.35,-0.00386560696585549,0.002544339289119775,0.0046278050555991455,-0.0008085806374667889,0,1,1,1,1,0,0,0.9795966538939468,0.004,2.760187307843757e-06,25.000029020055933,0,540.0
452,0.045200000000000004,load_step,deadbeat_current_baseline,94.2477796076938,-3.958086726878989,98.20586633457279,0.35,-1.9264992531654603e-05,-0.005953747408629348,0.005953778577147283,0.0009026164854121834,0,1,1,1,1,0,0,0.9795889477499757,0.004,3.4223497283592256e-06,25.00002901989669,0,540.0
453,0.0453,load_step,deadbeat_current_baseline,94.2477796076938,-3.9786739775310074,98.2264535852248,0.35,0.003504395156669773,0.0006904300378472392,0.0035717613373869627,0.0002754348070178311,0,1,1,1,1,0,0,0.9795820596776172,0.004,5.75119818117299e-06,25.000029019760735,0,540.0
454,0.0454,load_step,deadbeat_current_baseline,94.2477796076938,-3.999297179446758,98.24707678714056,0.35,-0.005759936481275058,-0.00043833457549590453,0.005776591163341792,-0.000556618938401158,0,1,1,1,1,0,0,0.9795863789593936,0.004,6.462342796343957e-07,25.00002901957373,0,540.0
455,0.0455,load_step,deadbeat_current_baseline,94.2477796076938,-4.019968590211597,98.2677481979054,0.35,0.0024159693655453653,-0.0014714151237483256,0.002828775431463052,0.00048338515483854907,0,1,1,1,1,0,0,0.9795898963534453,0.004,6.009429592043417e-06,25.000029019440362,0,540.0
456,0.0456,load_step,deadbeat_current_baseline,94.2477796076938,-4.040576174842494,98.2883557825363,0.35,-0.0025888878031800617,0.004795566416963004,0.0054497520417866605,-0.0010035225688668555,0,1,1,1,1,0,0,0.9795926800908902,0.004,8.275647991349238e-07,25.000029019255173,0,540.0
457,0.045700000000000005,load_step,deadbeat_current_baseline,94.2477796076938,-4.061271158551306,98.30905076624511,0.35,0.0011588091287841168,-0.003891014314039674,0.004059905293109069,0.0007119129860586179,0,1,1,1,1,0,0,0.9795953198182292,0.004,3.5926967586021725e-06,25.00002901909764,0,540.0
458,0.0458,load_step,deadbeat_current_baseline,94.2477796076938,-4.081861893848839,98.32964150154264,0.35,-0.0037367604119336426,0.0025808647992064345,0.004541392020953197,-0.0007887968010618019,0,1,1,1,1,0,0,0.9795971891961863,0.004,2.6942182899585776e-06,25.00002901893112,0,540.0
459,0.0459,load_step,deadbeat_current_baseline,94.2477796076938,-4.10254085548842,98.35032046318221,0.35,0.00011097535831579575,-0.005918393696020675,0.0059194340499114095,0.0009038363355659987,0,1,1,1,1,0,0,0.9795894453983811,0.004,3.278042317176574e-06,25.00002901877044,0,540.0
460,0.046,load_step,deadbeat_current_baseline,94.2477796076938,-4.12311693453381,98.37089654222761,0.35,-0.004693025260608637,0.0007247378204894958,0.004748655705055761,-0.0006081193890661307,0,1,1,1,1,0,0,0.9795825306265962,0.004,5.627311709939831e-06,25.000029018633256,0,540.0
461,0.0461,load_step,deadbeat_current_baseline,94.2477796076938,-4.143781914048289,98.39156152174209,0.35,0.003402961175721684,-0.00040495114278967854,0.003426970993678787,0.0004216366905756525,0,1,1,1,1,0,0,0.9795770595305613,0.004,4.153589070105719e-06,25.000029018481335,0,540.0
462,0.046200000000000005,load_step,deadbeat_current_baseline,94.2477796076938,-4.164383681204252,98.41216328889806,0.35,-0.00583952489534544,-0.0014392564372459275,0.00601427552540728,-0.000401042441403439,0,1,1,1,1,0,0,0.9795817975668882,0.004,7.777391818190219e-07,25.000029018295656,0,540.0
463,0.0463,load_step,deadbeat_current_baseline,94.2477796076938,-4.18503309784255,98.43281270553635,0.35,0.0023563346219871405,-0.00238592488683621,0.003353349134283465,0.0006064731888224806,0,1,1,1,1,0,0,0.9795860957227636,0.004,6.545505583391094e-06,25.000029018167655,0,540.0
464,0.046400000000000004,load_step,deadbeat_current_baseline,94.2477796076938,-4.205620634273718,98.45340024196751,0.35,-0.002630301044201372,0.003960092552617908,0.004754031616262837,-0.0008699990627482651,0,1,1,1,1,0,0,0.9795895454718692,0.004,1.409050131394295e-06,25.000029017988293,0,540.0
465,0.0465,load_step,deadbeat_current_baseline,94.2477796076938,-4.2262949468235735,98.47407455451737,0.35,0.0011340317714771434,-0.004654180848465863,0.004790347318195833,0.0008156438250227717,0,1,1,1,1,0,0,0.9795927429694868,0.004,2.925347085349865e-06,25.000029017824094,0,540.0
466,0.0466,load_step,deadbeat_current_baseline,94.2477796076938,-4.246866795460327,98.49464640315412,0.35,-0.003746367973833494,0.0018838435513404777,0.0041933446699850925,-0.0006731780773638124,0,1,1,1,1,0,0,0.9795950892037306,0.004,3.6081257343767113e-06,25.000029017666723,0,540.0
467,0.046700000000000005,load_step,deadbeat_current_baseline,94.2477796076938,-4.267526160472595,98.5153057681664,0.35,0.004279642254033774,0.0006581095698631942,0.004329947578026413,0.0003473935170552566,0,1,1,1,1,0,0,0.9795877355356024,0.004,3.048487708344357e-06,25.000029017503756,0,540.0
468,0.0468,load_step,deadbeat_current_baseline,94.2477796076938,-4.288122863193313,98.53590247088711,0.35,-0.0050269515334891365,-0.00046396421522645887,0.0050483169980756444,-0.0004526969534537269,0,1,1,1,1,0,0,0.9795908974867379,0.004,1.1634698260719148e-06,25.000029017321943,0,540.0
469,0.046900000000000004,load_step,deadbeat_current_baseline,94.2477796076938,-4.308765863991429,98.55654547168523,0.35,0.003110173182831921,-0.0014908239206844374,0.003449019163427736,0.0005441487678676624,0,1,1,1,1,0,0,0.9795938535200358,0.004,4.818207264224062e-06,25.000029017176676,0,540.0
470,0.047,load_step,deadbeat_current_baseline,94.2477796076938,-4.329347623604525,98.57712723129832,0.35,-0.006094709493814814,-0.00243109150139035,0.0065616834503143175,-0.0002673087122104574,0,1,1,1,1,0,0,0.9795961683858774,0.004,1.0908155566134783e-06,25.000029016994137,0,540.0
471,0.0471,load_step,deadbeat_current_baseline,94.2477796076938,-4.349976362689526,98.59775597038333,0.35,0.002135518556029546,-0.0032917442332369754,0.003923776191399734,0.0007094629768167041,0,1,1,1,1,0,0,0.9795886249543637,0.004,7.610125881257065e-06,25.00002901687679,0,540.0
472,0.0472,load_step,deadbeat_current_baseline,94.2477796076938,-4.370545062994032,98.61832467068783,0.35,-0.002819709220530976,0.003132936652427937,0.0042149794965662376,-0.0007548575740453564,0,1,1,1,1,0,0,0.9795917855852224,0.004,2.1347756864940997e-06,25.000029016704694,0,540.0
473,0.0473,load_step,deadbeat_current_baseline,94.2477796076938,-4.391199813659029,98.63897942135283,0.35,0.000973322112237019,-0.005409379218839841,0.0054962477625545465,0.0009022874453193489,0,1,1,1,1,0,0,0.9795947294610814,0.004,2.5622832340218873e-06,25.00002901653687,0,540.0
474,0.047400000000000005,load_step,deadbeat_current_baseline,94.2477796076938,-4.41175380733804,98.65953341503185,0.35,-0.003880873143950839,0.0011944621075619406,0.004060531502874985,-0.0005732208534921594,0,1,1,1,1,0,0,0.9795968632926667,0.004,4.647469077623705e-06,25.000029016389902,0,540.0
475,0.0475,load_step,deadbeat_current_baseline,94.2477796076938,-4.432394522026163,98.68017412971996,0.35,0.004169074738927305,2.8938163974020766e-05,0.00416917516975432,0.00041993795109320474,0,1,1,1,1,0,0,0.9795893168204427,0.004,3.079791925214074e-06,25.00002901622726,0,540.0
476,0.0476,load_step,deadbeat_current_baseline,94.2477796076938,-4.45297421634446,98.70075382403826,0.35,-0.005115670544349804,-0.0010380611751790556,0.005219928746807024,-0.00036546596377481574,0,1,1,1,1,0,0,0.9795923232065846,0.004,1.1581458617472296e-06,25.0000290160454,0,540.0
477,0.0477,load_step,deadbeat_current_baseline,94.2477796076938,-4.473599331145876,98.72137893883968,0.35,0.0030413919866106717,-0.002014526051603151,0.003648065299416581,0.000605226480534851,0,1,1,1,1,0,0,0.979595139975501,0.004,5.143806281970558e-06,25.000029015903397,0,540.0
478,0.0478,load_step,deadbeat_current_baseline,94.2477796076938,-4.494164771251088,98.7419443789449,0.35,-0.0019808694867895775,0.004304311006282722,0.004738241990707163,-0.0008346956456773246,0,1,1,1,1,0,0,0.979597340194552,0.004,1.3745644264423452e-06,25.000029015723705,0,540.0
479,0.047900000000000005,load_step,deadbeat_current_baseline,94.2477796076938,-4.51481480186991,98.76259440956372,0.35,0.001750742661277665,-0.004334724481604166,0.0046749263306961435,0.000814661973072975,0,1,1,1,1,0,0,0.9795994660592378,0.004,2.669144143331907e-06,25.000029015556958,0,540.0
480,0.048,load_step,deadbeat_current_baseline,94.2477796076938,-4.535364541893971,98.78314414958777,0.35,-0.003159741840496485,0.0021807305896526024,0.0038392127322187685,-0.0006375869470174021,0,1,1,1,1,0,0,0.9796009107869063,0.004,3.200146555740419e-06,25.000029015395523,0,540.0
481,0.048100000000000004,load_step,deadbeat_current_baseline,94.2477796076938,-4.555999611321564,98.80377921901537,0.35,0.000674194481440445,-0.006278562936964975,0.00631465681983075,0.0009904769436137441,0,1,1,1,1,0,0,0.97960256881284,0.004,2.473704948059852e-06,25.000029015226822,0,540.0
482,0.0482,load_step,deadbeat_current_baseline,94.2477796076938,-4.57653566560404,98.82431527329784,0.35,-0.004142623089662621,0.0004012044619499391,0.004162005656326577,-0.00047179101096424757,0,1,1,1,1,0,0,0.9795938622466095,0.004,6.028112746635651e-06,25.00002901509367,0,540.0
483,0.0483,load_step,deadbeat_current_baseline,94.2477796076938,-4.597157649919838,98.84493725761364,0.35,0.003941489879990618,-0.0006948735058992646,0.004002273311915266,0.0004935213783275253,0,1,1,1,1,0,0,0.9795868418162086,0.004,3.391150711195677e-06,25.000029014934146,0,540.0
484,0.048400000000000006,load_step,deadbeat_current_baseline,94.2477796076938,-4.617720281743533,98.86549988943733,0.35,-0.0053120451107123556,-0.001698360309326658,0.00557693921416929,-0.0002772997351882297,0,1,1,1,1,0,0,0.979590301403788,0.004,1.1972507692092152e-06,25.000029014752684,0,540.0
485,0.0485,load_step,deadbeat_current_baseline,94.2477796076938,-4.638327462669287,98.88610707036308,0.35,0.0028735246978940352,-0.0026167212693162054,0.003886434663119762,0.0006668841986888077,0,1,1,1,1,0,0,0.9795934962653579,0.004,5.761267581804107e-06,25.000029014616864,0,540.0
486,0.048600000000000004,load_step,deadbeat_current_baseline,94.2477796076938,-4.6588765566498935,98.9066561643437,0.35,-0.0021227024950698924,0.0037552570621728386,0.0043136784170328376,-0.0007580090985417128,0,1,1,1,1,0,0,0.9795960215505012,0.004,1.741505211629304e-06,25.000029014440848,0,540.0
487,0.0487,load_step,deadbeat_current_baseline,94.2477796076938,-4.679509343015969,98.92728895070977,0.35,0.00163268165763375,-0.004835158059982179,0.005103371714874815,0.0008663260545876468,0,1,1,1,1,0,0,0.9795984169348066,0.004,2.3562283499047593e-06,25.000029014270982,0,540.0
488,0.0488,load_step,deadbeat_current_baseline,94.2477796076938,-4.7000433375546065,98.9478229452484,0.35,-0.0032561149006427956,0.0017247746979929875,0.0036847160005928333,-0.0005702241959435429,0,1,1,1,1,0,0,0.9796000946467953,0.004,3.808033370155968e-06,25.000029014115633,0,540.0
489,0.0489,load_step,deadbeat_current_baseline,94.2477796076938,-4.720661723236601,98.9684413309304,0.35,0.004762049566997218,0.000519185200020519,0.004790268191913553,0.00038875570645527174,0,1,1,1,1,0,0,0.9796019442186241,0.004,2.4403455404037147e-06,25.00002901394661,0,540.0
490,0.049,load_step,deadbeat_current_baseline,94.2477796076938,-4.741221135663817,98.98900074335762,0.35,-0.004551922970933721,-0.0005843836137278428,0.0045892817456882826,-0.0003574347305975643,0,1,1,1,1,0,0,0.9796031551076418,0.004,1.5812188618033315e-06,25.000029013768994,0,540.0
491,0.049100000000000005,load_step,deadbeat_current_baseline,94.2477796076938,-4.761823623444219,99.00960323113802,0.35,0.0035782564251049995,-0.0015941951453033079,0.003917317603298697,0.0005784704939710326,0,1,1,1,1,0,0,0.9796044368693707,0.004,4.118959349139585e-06,25.00002901361676,0,540.0
492,0.0492,load_step,deadbeat_current_baseline,94.2477796076938,-4.7823685200704675,99.03014812776426,0.35,-0.005633170204807985,-0.0025187972348815527,0.00617065199689493,-0.00017863025233205043,0,1,1,1,1,0,0,0.9796053424599852,0.004,1.3811805755142601e-06,25.00002901343715,0,540.0
493,0.049300000000000004,load_step,deadbeat_current_baseline,94.2477796076938,-4.802957146080841,99.05073675377464,0.35,0.0025908863143401196,-0.003365005764392086,0.00424687599162336,0.0007377493494860327,0,1,1,1,1,0,0,0.9795965690633607,0.004,6.8101751615711395e-06,25.000029013311828,0,540.0
494,0.0494,load_step,deadbeat_current_baseline,94.2477796076938,-4.823489350491882,99.07126895818568,0.35,-0.002370168302047825,0.003072952609840687,0.0038808163474144146,-0.0006728427810167414,0,1,1,1,1,0,0,0.9795987145921932,0.004,2.296754943020963e-06,25.000029013141372,0,540.0
495,0.0495,load_step,deadbeat_current_baseline,94.2477796076938,-4.844104392748166,99.09188400044196,0.35,0.001417355968577692,-0.005457109023037684,0.005638167861192331,0.0009254055863688703,0,1,1,1,1,0,0,0.9796007800776049,0.004,2.1265265249693347e-06,25.000029012969215,0,540.0
496,0.049600000000000005,load_step,deadbeat_current_baseline,94.2477796076938,-4.864622205675829,99.11240181336963,0.35,-0.0034420897358357844,0.001158024059029672,0.003631666486729972,-0.000496060161807607,0,1,1,1,1,0,0,0.9796021810841793,0.004,4.646323247025541e-06,25.000029012822257,0,540.0
497,0.0497,load_step,deadbeat_current_baseline,94.2477796076938,-4.885223508274357,99.13300311596815,0.35,0.004602888886430515,2.931326809599399e-06,0.004602889819830844,0.0004375817842378632,0,1,1,1,1,0,0,0.9796037886817602,0.004,2.540079605627898e-06,25.000029012654238,0,540.0
498,0.049800000000000004,load_step,deadbeat_current_baseline,94.2477796076938,-4.905767355253249,99.15354696294705,0.35,-0.004686605237763166,-0.0010544499127091043,0.004803762408054897,-0.0002924861530257336,0,1,1,1,1,0,0,0.9796047978013801,0.004,1.5137113323634208e-06,25.000029012475956,0,540.0
499,0.0499,load_step,deadbeat_current_baseline,94.2477796076938,-4.926353313947657,99.17413292164146,0.35,0.003465916509082062,-0.0020219974916667665,0.004012611506766421,0.0006190124382796946,0,1,1,1,1,0,0,0.9796059015667153,0.004,4.462189447718798e-06,25.00002901232716,0,540.0
500,0.05,load_step,deadbeat_current_baseline,94.2477796076938,-4.946883143346467,99.19466275104027,0.35,-0.0015606903331156655,0.004305065815766564,0.004579229847251885,-0.0007663757175995121,0,1,1,1,1,0,0,0.9796066599525821,0.004,1.5746917701424135e-06,25.000029012149493,0,540.0
501,0.050100000000000006,load_step,deadbeat_current_baseline,94.2477796076938,-4.967494302468361,99.21527391016217,0.35,0.0021667606400851964,-0.004326332002537677,0.00483859486499997,0.0008251094447157149,0,1,1,1,1,0,0,0.9796075450188986,0.004,2.399012585639872e-06,25.000029011980068,0,540.0
502,0.0502,load_step,deadbeat_current_baseline,94.2477796076938,-4.988008637296682,99.23578824499049,0.35,-0.0027477515236765154,0.002196195485337242,0.003517586252770825,-0.000572442556960596,0,1,1,1,1,0,0,0.9796079490730453,0.004,3.2137349338461806e-06,25.000029011818793,0,540.0
503,0.050300000000000004,load_step,deadbeat_current_baseline,94.2477796076938,-5.0086050309707675,99.25638463866457,0.35,0.001082326503980922,-0.006256523163876096,0.0063494497998911464,0.0009979884307306734,0,1,1,1,1,0,0,0.9796087076394947,0.004,2.062577209719819e-06,25.000029011646006,0,540.0
504,0.0504,load_step,deadbeat_current_baseline,94.2477796076938,-5.029105861450066,99.27688546914386,0.35,-0.003738230450175371,0.00042933773805009187,0.003762804511522267,-0.00040945126948252806,0,1,1,1,1,0,0,0.9795992322978201,0.004,5.875909866924572e-06,25.000029011511355,0,540.0
505,0.0505,load_step,deadbeat_current_baseline,94.2477796076938,-5.049689343531325,99.29746895122513,0.35,0.004342298178860322,-0.0006610669919613163,0.004392330024257564,0.0004973986260990554,0,1,1,1,1,0,0,0.9795915407255557,0.004,2.8553642739570377e-06,25.0000290113465,0,540.0
506,0.0506,load_step,deadbeat_current_baseline,94.2477796076938,-5.070216974703441,99.31799658239724,0.35,-0.004914716210666181,-0.0016592907420502983,0.00518726143528922,-0.00021741197715332815,0,1,1,1,1,0,0,0.9795944650717366,0.004,1.4781352909502509e-06,25.00002901116787,0,540.0
507,0.0507,load_step,deadbeat_current_baseline,94.2477796076938,-5.090785805778283,99.33856541347208,0.35,0.003267476493534322,-0.0025727207327334665,0.004158761186271216,0.0006684730454597476,0,1,1,1,1,0,0,0.9795971899290591,0.004,5.067729648239078e-06,25.00002901102514,0,540.0
508,0.050800000000000005,load_step,deadbeat_current_baseline,94.2477796076938,-5.111300041689814,99.35907964938362,0.35,-0.0017320292247459007,0.0038038349789544803,0.004179603543697837,-0.0007013740653931241,0,1,1,1,1,0,0,0.9795993301042001,0.004,1.8612538180161979e-06,25.000029010850348,0,540.0
509,0.0509,load_step,deadbeat_current_baseline,94.2477796076938,-5.1318946784854464,99.37967428617925,0.35,0.0020201719084202217,-0.004782282537445461,0.005191466152015825,0.0008659038448947336,0,1,1,1,1,0,0,0.9796013831399994,0.004,2.120505900285551e-06,25.000029010678148,0,540.0
510,0.051000000000000004,load_step,deadbeat_current_baseline,94.2477796076938,-5.152393940913787,99.40017354860758,0.35,-0.002871755329153516,0.001781665188623109,0.0033795427967216276,-0.0005155444040117871,0,1,1,1,1,0,0,0.9796027839886897,0.004,3.737865543902749e-06,25.000029010522123,0,540.0
511,0.0511,load_step,deadbeat_current_baseline,94.2477796076938,-5.172974299634236,99.42075390732803,0.35,0.0009789422842644629,-0.006633154623168493,0.0067050032252626455,0.001031507359572284,0,1,1,1,1,0,0,0.9796043835560664,0.004,2.04992790001146e-06,25.00002901034922,0,540.0
