k,t_s,scenario,controller,omega_ref_rad_s,omega_m_rad_s,speed_error_rad_s,load_torque_nm,i_s_alpha_a,i_s_beta_a,i_abs_a,torque_nm,vector_id,feedback_used,feedback_requested,accepted,pwm_enabled,fallback,fault_latched,confidence,predicted_risk,loss_w,tj_c,switch_events,vdc_v
0,0.0,load_step,protected_ai_pwm_h1_baseline,0.0,0.0,0.0,0.0,0.3627085216030743,0.0,0.3627085216030743,0.0,4,1,0,1,1,0,0,0.8935973471085157,0.11249999999999999,0.0,25.0,1,540.0
1,0.0001,load_step,protected_ai_pwm_h1_baseline,0.9239978392911157,0.0,0.9239978392911157,0.0,0.6865366990919267,0.0,0.6865366990919267,0.0,4,0,0,1,1,0,0,0.8847059049434836,0.12249999999999998,0.015823606818430164,25.00000015823607,0,540.0
2,0.0002,load_step,protected_ai_pwm_h1_baseline,1.8479956785822313,0.0,1.8479956785822313,0.0,0.9831278885397993,0.0,0.9831278885397993,0.0,4,0,0,1,1,0,0,0.8759029341062032,0.13249999999999998,0.058253764878095866,25.000000740772663,0,540.0
3,0.00030000000000000003,load_step,protected_ai_pwm_h1_baseline,2.771993517873347,0.0,2.771993517873347,0.0,1.254811535275088,0.0,1.254811535275088,0.0,4,0,0,1,1,0,0,0.8671875542922549,0.1425,0.12263391470898599,25.000001967106872,0,540.0
4,0.0004,load_step,protected_ai_pwm_h1_baseline,3.6959913571644627,0.0,3.6959913571644627,0.0,1.3223635773529963,0.3141147938773592,1.3591591277118473,0.018330966812249085,6,0,1,1,1,0,0,0.8585588939563946,0.17462789384330482,0.2234099881777827,25.00000420119364,1,540.0
5,0.0005,load_step,protected_ai_pwm_h1_baseline,4.619989196455578,0.0010969969070027399,4.618892199548576,0.0,1.0216534895725509,0.6017712284218459,1.1857084228899226,0.04349985706310759,2,1,0,1,1,0,0,0.8913244600902992,0.11493017773554745,0.25906247714999764,25.000006791790405,1,540.0
6,0.0006000000000000001,load_step,protected_ai_pwm_h1_baseline,5.543987035746694,0.003700114578825601,5.540286921167868,0.0,0.7505806152162392,0.8580191104446064,1.139985988434306,0.07340593466241603,2,0,0,1,1,0,0,0.8824556335289677,0.12493017773554745,0.1915694560536362,25.000008707439687,0,540.0
7,0.0007,load_step,protected_ai_pwm_h1_baseline,6.467984875037811,0.008092729157734112,6.459892145880077,0.0,0.502451121759666,1.092748207428438,1.202728470851011,0.10760690453654653,2,0,0,1,1,0,0,0.8736750532663713,0.13493017773554744,0.18206111017468765,25.00001052799274,0,540.0
8,0.0008,load_step,protected_ai_pwm_h1_baseline,7.391982714328925,0.014531726342926009,7.377450987985999,0.0,0.275302793083539,1.3077987186272881,1.3364614159498862,0.14514082493745972,2,0,0,1,1,0,0,0.8649818412371664,0.16830864635304382,0.20298429199210893,25.000012557765473,0,540.0
9,0.0009000000000000001,load_step,protected_ai_pwm_h1_baseline,8.315980553620042,0.023216405731941683,8.2927641478881,0.0,-0.11401291167711812,1.1907386206472708,1.1961845203521317,0.1589161676115345,3,1,1,1,1,0,0,0.8957740467095526,0.1097475054455752,0.25652006303004177,25.000015122882385,1,540.0
10,0.001,load_step,protected_ai_pwm_h1_baseline,9.239978392911157,0.03272478836692687,9.20725360454423,0.0,-0.4621777987964931,1.0836799022024548,1.1781215761278179,0.17845150138655502,3,1,1,1,1,0,0,0.9197267823646457,0.08321671431713218,0.18636554384422774,25.000016986437004,0,540.0
11,0.0011,load_step,protected_ai_pwm_h1_baseline,10.163976232202273,0.043401511406900496,10.120574720795373,0.0,-0.7810291466506752,0.9857671372981414,1.2576737959005326,0.20321649124807606,3,1,1,1,1,0,0,0.9382039740978443,0.06322471278597594,0.17763803342202814,25.000018762704094,0,540.0
12,0.0012000000000000001,load_step,protected_ai_pwm_h1_baseline,11.087974071493388,0.055559448205893175,11.032414623287496,0.0,-1.0730737101560917,0.8962181561524643,1.3981037768511615,0.23216529114842777,3,1,1,1,1,0,0,0.9523374209463178,0.07961063460292676,0.20045789543930678,25.000020767157963,0,540.0
13,0.0013000000000000002,load_step,protected_ai_pwm_h1_baseline,12.011971910784503,0.0694488605524965,11.942523050232007,0.0,-1.3406037949404888,0.8143178029033836,1.5685445543988332,0.2643929049241519,3,1,1,1,1,0,0,0.9630448877744927,0.17125967160812713,0.2472726652562261,25.000023239746167,0,540.0
14,0.0014,load_step,protected_ai_pwm_h1_baseline,12.935969750075621,0.08526583248956297,12.850703917586058,0.0,-1.0416528146280069,0.42529744197990266,1.1251304370503437,0.1929686166100681,5,1,1,1,1,0,0,0.9710661175938858,0.02857303399421306,0.3575552512939304,25.000026815143748,2,540.0
15,0.0015,load_step,protected_ai_pwm_h1_baseline,13.859967589366736,0.09680727980863423,13.763160309558101,0.0,-0.7638632050581228,0.076345495525022,0.7676689590758694,0.13191032359664392,5,1,1,1,1,0,0,0.9769961451355567,0.022399414612790547,0.16580400532888295,25.000028473005035,0,540.0
16,0.0016,load_step,protected_ai_pwm_h1_baseline,14.78396542865785,0.10469387279503417,14.679271555862817,0.0,-0.5095847403990065,-0.2431683782906436,0.5646303816197145,0.08019623831357331,5,1,1,1,1,0,0,0.9792819145185238,0.02,0.07902645654274598,25.00002926307978,0,540.0
17,0.0017000000000000001,load_step,protected_ai_pwm_h1_baseline,15.707963267948966,0.10948508627378219,15.598478181675183,0.0,-0.8208700896309253,-0.22164713485314075,0.8502676969280262,0.13182034688071864,3,1,1,1,1,0,0,0.9792568878625323,0.02,0.058517635252098237,25.000029848061047,2,540.0
18,0.0018000000000000002,load_step,protected_ai_pwm_h1_baseline,16.631961107240084,0.11736532064780221,16.51459578659228,0.0,-1.105991072091201,-0.20196647854221375,1.1242805299391192,0.1775003788550913,3,1,1,1,1,0,0,0.9792698214645507,0.02,0.0927210299897513,25.00003077507236,0,540.0
19,0.0019,load_step,protected_ai_pwm_h1_baseline,17.5559589465312,0.12797862174078772,17.42798032479041,0.0,-1.3671850536885832,-0.1839684990818384,1.3795069335396175,0.21787397846944734,3,1,1,1,1,0,0,0.9792832291092604,0.04321918650308752,0.16078831465134477,25.00003238275034,0,540.0
20,0.002,load_step,protected_ai_pwm_h1_baseline,18.479956785822313,0.14100722185517217,18.33894956396714,0.0,-1.6064980905879385,-0.16750865952378302,1.6152074993876628,0.253512858933833,3,1,1,1,1,0,0,0.979279564768715,0.18531833770700643,0.24189627536617347,25.00003480149721,0,540.0
21,0.0021000000000000003,load_step,protected_ai_pwm_h1_baseline,19.40395462511343,0.1561675912673776,19.247787033846052,0.0,-1.2817384990364489,0.1616601739282673,1.2918930264331976,0.18115284842264556,6,1,1,1,1,0,0,0.9792526864502675,0.02,0.37937520489934196,25.00003859501725,2,540.0
22,0.0022,load_step,protected_ai_pwm_h1_baseline,20.327952464404547,0.1669964892251681,20.160955975179377,0.0,-0.9845073808845275,0.46308605212452536,1.0879813760760755,0.10739831464728078,6,1,1,1,1,0,0,0.9792022474938421,0.02,0.21814822582236043,25.00004077624221,0,540.0
23,0.0023,load_step,protected_ai_pwm_h1_baseline,21.25195030369566,0.1734107947830296,21.07853950891263,0.0,-0.7124500847987969,0.7391413629301514,1.0266036614604757,0.033027173003181004,6,1,1,1,1,0,0,0.9791645139592319,0.02,0.15599883280796434,25.000042335958696,0,540.0
24,0.0024000000000000002,load_step,protected_ai_pwm_h1_baseline,22.175948142986776,0.17537394688824615,22.00057419609853,0.0,-1.011640538140051,0.6706675016809263,1.2137592332168796,0.09330259203588714,3,1,1,1,1,0,0,0.9791561808809376,0.02,0.1675231147564074,25.000044010907605,2,540.0
25,0.0025,load_step,protected_ai_pwm_h1_baseline,23.09994598227789,0.18094406550181819,22.91900191677607,0.0,-1.1043502205440126,0.2939268803583706,1.1427958788046153,0.16323047761301218,1,1,1,1,1,0,0,0.9791804695864863,0.02,0.20873230632510076,25.00004609793726,1,540.0
26,0.0026000000000000003,load_step,protected_ai_pwm_h1_baseline,24.023943821569006,0.1906985149289851,23.83324530664002,0.0,-1.1851932941017045,-0.04379353755540825,1.1860021156453584,0.23229550954990613,1,1,1,1,1,0,0,0.9792011757660579,0.02,0.17062214981902174,25.00004780385144,0,540.0
27,0.0027,load_step,protected_ai_pwm_h1_baseline,24.947941660860124,0.20458533713794388,24.743356323722182,0.0,-1.2593438658878946,-0.353033912170539,1.3078914005726558,0.30175606846530606,1,1,1,1,1,0,0,0.9792096146041372,0.02,0.18232117196203532,25.000049626744467,0,540.0
28,0.0028,load_step,protected_ai_pwm_h1_baseline,25.871939500151242,0.22262788451767038,25.64931161563357,0.0,-1.3273744772713818,-0.6362290962450703,1.4719750221455163,0.37102857544957346,1,1,1,1,1,0,0,0.9791977174822876,0.1021716322939251,0.21971334079411692,25.00005182354703,0,540.0
29,0.0029000000000000002,load_step,protected_ai_pwm_h1_baseline,26.795937339442354,0.2448145840135038,26.55112275542885,0.0,-1.0271002738472021,-0.895605483210594,1.3627340731389521,0.3777237294310144,5,1,1,1,1,0,0,0.9791576790785329,0.04124985499073784,0.2985434039574742,25.00005480863558,1,540.0
30,0.003,load_step,protected_ai_pwm_h1_baseline,27.719935178733472,0.26740024313285127,27.45253493560062,0.0,-0.756424744974547,-1.1259858172527943,1.356474273793739,0.3914221615719812,5,1,1,1,1,0,0,0.9790850022383876,0.03648544014856901,0.23915452668398055,25.000057199815455,0,540.0
31,0.0031000000000000003,load_step,protected_ai_pwm_h1_baseline,28.643933018024583,0.2908039348393286,28.353129083185255,0.0,-0.508658452976975,-1.3370538533199097,1.430540607065227,0.41170923353898026,5,1,1,1,1,0,0,0.9789987255973259,0.07854283308343067,0.23652748622047712,25.000059564708984,0,540.0
32,0.0032,load_step,protected_ai_pwm_h1_baseline,29.5679308573157,0.3154198863154509,29.25251097100025,0.0,-0.28184322001216344,-1.5304615035299083,1.5561966503157152,0.43734866192687083,5,1,1,1,1,0,0,0.9789064221816383,0.1524291616250528,0.26200845702956876,25.000062184396455,0,540.0
33,0.0033,load_step,protected_ai_pwm_h1_baseline,30.49192869660682,0.3415683104098303,30.15036038619699,0.0,-0.07418848020000439,-1.7077194342612283,1.7093301602522188,0.4672672924068073,5,1,1,1,1,0,0,0.9788096114528568,0.24418845039840617,0.3093803954672884,25.000065277785847,0,540.0
34,0.0034000000000000002,load_step,protected_ai_pwm_h1_baseline,31.41592653589793,0.36950517360714913,31.046421362290783,0.0,0.1159430271206772,-1.2419795644281508,1.2473796631318972,0.3303711951493253,6,1,1,1,1,0,0,0.9787072361537549,0.02,0.4231631860662053,25.000069508982524,2,540.0
35,0.0035,load_step,protected_ai_pwm_h1_baseline,32.33992437518905,0.38924749131800634,31.950676883871044,0.0,-0.26234330464600364,-1.1297664018472549,1.1598259060029135,0.31096263211162956,3,1,1,1,1,0,0,0.9785976010232236,0.02,0.241958855983017,25.00007192810769,2,540.0
36,0.0036000000000000003,load_step,protected_ai_pwm_h1_baseline,33.26392221448017,0.4078268077108507,32.85609540676932,0.0,-0.600426618258263,-1.0271383089649684,1.1897584753455084,0.28570267725303605,3,1,1,1,1,0,0,0.9785286229048378,0.02,0.1784543199589624,25.000073712171368,0,540.0
37,0.0037,load_step,protected_ai_pwm_h1_baseline,34.18792005377128,0.42489304191804234,33.76302701185324,0.0,-0.9100634354892514,-0.9332738752239568,1.303539636064067,0.25596635828550734,3,1,1,1,1,0,0,0.9784909258170179,0.02,0.1855981823646855,25.000075567661778,0,540.0
38,0.0038,load_step,protected_ai_pwm_h1_baseline,35.1119178930624,0.44017842701718757,34.67173946604521,0.0,-0.6496238298248693,-1.1615367752295618,1.3308564161798297,0.33014831415682483,5,1,1,1,1,0,0,0.9784785887319064,0.028187564788829538,0.25813979965081785,25.00007814855599,2,540.0
39,0.0039000000000000003,load_step,protected_ai_pwm_h1_baseline,36.03591573235351,0.45990197673419936,35.57601375561931,0.0,-0.4112224935468758,-1.3706670146260447,1.4310248090731286,0.4051565119181618,5,1,1,1,1,0,0,0.9784863709205011,0.0860587565544325,0.23055804994279538,25.0000804536155,0,540.0
40,0.004,load_step,protected_ai_pwm_h1_baseline,36.95991357164463,0.48411279563225657,36.47580077601237,0.0,-0.19297624278004358,-1.56230106270157,1.5741742091636357,0.4802944605181181,5,1,1,1,1,0,0,0.9784856768133049,0.16910399734651302,0.26531529263328835,25.00008310623207,0,540.0
41,0.0041,load_step,protected_ai_pwm_h1_baseline,37.883911410935745,0.5128183037471759,37.37109310718857,0.0,0.18819105791087914,-1.4238205676213518,1.436203635651715,0.4725443309425451,4,1,1,1,1,0,0,0.9784617800723726,0.09087641794430588,0.3424753111630135,25.00008653043114,1,540.0
42,0.004200000000000001,load_step,protected_ai_pwm_h1_baseline,38.80790925022686,0.5410578082466585,38.2668514419802,0.0,0.5288948508608997,-1.2971671475237418,1.4008470194428992,0.47370587121483887,4,1,1,1,1,0,0,0.9784069779091605,0.06788571111822271,0.2678207822868059,25.000089208062093,0,540.0
43,0.0043,load_step,protected_ai_pwm_h1_baseline,39.731907089517975,0.5693646541896797,39.1625424353283,0.0,0.8409137928317513,-1.1813316533990221,1.4500622339393399,0.48304934187243054,4,1,1,1,1,0,0,0.9783424512782918,0.09383939606299328,0.25410704639309156,25.000091748537837,0,540.0
44,0.0044,load_step,protected_ai_pwm_h1_baseline,40.65590492880909,0.5982284751877505,40.05767645362134,0.0,1.1267010895321814,-1.075391245026381,1.5575370541442648,0.49915844369308954,4,1,1,1,1,0,0,0.9782764407857593,0.15560518631099182,0.2706484537591871,25.000094454410718,0,540.0
45,0.0045000000000000005,load_step,protected_ai_pwm_h1_baseline,41.579902768100204,0.6280541103361605,40.951848657764046,0.0,1.3885001089887161,-0.9785020573639375,1.6986461753193733,0.5207987146642626,4,1,1,1,1,0,0,0.9782102352127388,0.23917830625612144,0.31091399677237985,25.00009756292099,0,540.0
46,0.0046,load_step,protected_ai_pwm_h1_baseline,42.50390060739132,0.6591724925802408,41.84472811481108,0.0,1.084299525860509,-1.2040072623137934,1.6202897733077501,0.5131661955489022,1,1,1,1,1,0,0,0.9781419864264034,0.20272083089168044,0.418852183717243,25.000101750792407,2,540.0
47,0.0047,load_step,protected_ai_pwm_h1_baseline,43.427898446682434,0.6898317240954464,42.738066722586986,0.0,0.805865294751975,-1.4106281800561948,1.624589405251167,0.496195722519445,1,1,1,1,1,0,0,0.9780689173318324,0.20657238255431784,0.34093821567837973,25.000105159496226,0,540.0
48,0.0048000000000000004,load_step,protected_ai_pwm_h1_baseline,44.35189628597355,0.7194730203942074,43.63242326557935,0.0,0.36963689964984936,-1.285863647154857,1.337937501028035,0.3607839761474071,3,1,1,1,1,0,0,0.977999234926944,0.04152717182037212,0.36734330810411625,25.000108832228243,1,540.0
49,0.0049,load_step,protected_ai_pwm_h1_baseline,45.27589412526467,0.7410084696278887,44.534885655636785,0.0,-0.029773169328976168,-1.1717623780955333,1.1721405685036208,0.22881366874728293,3,1,1,1,1,0,0,0.9779396890385651,0.02,0.23644521013466563,25.000111195954798,0,540.0
50,0.005,load_step,protected_ai_pwm_h1_baseline,46.19989196455578,0.754644643777368,45.445247320778414,0.0,0.15687940562052877,-1.381524873958443,1.3904035835949726,0.3251509516503082,5,1,1,1,1,0,0,0.9779256269111499,0.06429181052303022,0.2160829725894931,25.00011335604322,2,540.0
51,0.0051,load_step,protected_ai_pwm_h1_baseline,47.1238898038469,0.7740449708689233,46.34984483297798,0.0,0.5008218042864367,-1.259626957937456,1.3555377356648879,0.40870600207282354,4,1,1,1,1,0,0,0.9779714150144885,0.04599576942247473,0.27218848406734897,25.000116077172354,1,540.0
52,0.005200000000000001,load_step,protected_ai_pwm_h1_baseline,48.04788764313801,0.7984440691399963,47.249443573998015,0.0,0.8157967445389878,-1.1481432640826799,1.4084591876440158,0.49298049539894995,4,1,1,1,1,0,0,0.9780198930174976,0.07446921869665656,0.24032012065159236,25.000118479599713,0,540.0
53,0.0053,load_step,protected_ai_pwm_h1_baseline,48.97188548242914,0.8278846088116328,48.14400087361751,0.0,1.1042811099939696,-1.046185735727127,1.5211644761591112,0.5772270709716432,4,1,1,1,1,0,0,0.978048113719776,0.13816132175876636,0.25786229898888446,25.00012105743284,0,540.0
54,0.0054,load_step,protected_ai_pwm_h1_baseline,49.89588332172025,0.8623645318352774,49.03351878988497,0.0,1.368539700642734,-0.9529423707455985,1.66763307540884,0.6608199961527006,4,1,1,1,1,0,0,0.978043493091401,0.2235820493829521,0.298693532248685,25.00012404356111,0,540.0
55,0.0055000000000000005,load_step,protected_ai_pwm_h1_baseline,50.81988116101136,0.9018443340267065,49.918036826984654,0.0,1.6106434190264622,-0.8676708239113055,1.8294876009200434,0.7432396946302555,4,1,1,1,1,0,0,0.9779994882413033,0.3199555969698167,0.3575310754841783,25.00012761804491,0,540.0
56,0.0056,load_step,protected_ai_pwm_h1_baseline,51.743879000302485,0.946253420753741,50.79762557954874,0.0,1.8283214656897084,-0.7969055457361761,1.994446748029848,0.8230976094466473,4,1,1,1,1,0,0,0.9779140255281307,0.41961623442994056,0.4297461971486494,25.000131914656095,0,540.0
57,0.0057,load_step,protected_ai_pwm_h1_baseline,52.667876839593596,0.9954381061169286,51.67243873347667,0.0,2.0278206091339968,-0.7322058187952647,2.1559642353031316,0.9008430953979112,4,1,1,1,1,0,0,0.9777882511081027,0.5180620672570266,0.5110075431764204,25.000137023852094,0,540.0
58,0.0058000000000000005,load_step,protected_ai_pwm_h1_baseline,53.59187467888471,1.0492716071770696,52.54260307170764,0.0,2.2106941653790786,-0.673056879514083,2.310881705302618,0.9762337481577165,4,1,1,1,1,0,0,0.9776256035529248,0.6130296783446307,0.5979269852793471,25.000143002208453,0,540.0
59,0.0059,load_step,protected_ai_pwm_h1_baseline,54.51587251817583,1.1076126443108147,53.40825987386502,0.0,2.3783625483739304,-0.6189884567176377,2.4575913250696138,1.049081962097965,4,1,1,1,1,0,0,0.9774305913470969,0.7033112966756059,0.6880733206497759,25.00014988198831,0,540.0
60,0.006,load_step,protected_ai_pwm_h1_baseline,55.439870357466944,1.1703087216933654,54.26956163577358,0.0,2.532124660464808,-0.569570994841612,2.595393306283054,1.1192469884741505,4,1,1,1,1,0,0,0.9772081329817882,0.7883334986127941,0.7795285660268434,25.000157676274757,0,540.0
61,0.0061,load_step,protected_ai_pwm_h1_baseline,56.363868196758055,1.237198932259811,55.12666926449825,0.0,2.673168305132233,-0.5244121892682713,2.724121313711391,1.1866279322716609,4,1,1,1,1,0,0,0.9769631460591818,0.8679023664738879,0.870801731961493,25.000166383240902,0,540.0
62,0.006200000000000001,load_step,protected_ai_pwm_h1_baseline,57.28786603604917,1.3081163433547893,55.97974969269438,0.0,2.6212254451508827,-0.16903901468947097,2.6266703300554544,1.2104409778841703,6,1,1,1,1,0,0,0.9767003081743216,0.8164622961239834,1.0007683218286734,25.0001763898149,1,540.0
63,0.0063,load_step,protected_ai_pwm_h1_baseline,58.21186387534029,1.3804533717600218,56.83141050358027,0.0,2.573919427845193,0.1563024479287449,2.5786608300176748,1.2471500103819042,6,1,1,1,1,0,0,0.9764239295393539,0.7895804208376442,0.8988245954135939,25.00018537688492,0,540.0
64,0.0064,load_step,protected_ai_pwm_h1_baseline,59.1358617146314,1.4549816548087533,57.68088005982265,0.0,2.5308581694750405,0.4541769618356904,2.571287573699381,1.2943525892370715,6,1,1,1,1,0,0,0.9761500962009145,0.7848070995989882,0.8679220311235143,25.000194054869386,0,540.0
65,0.006500000000000001,load_step,protected_ai_pwm_h1_baseline,60.059859553922514,1.5323289990901203,58.527530554832396,0.0,2.491683264726774,0.7269297286777007,2.5955562644941663,1.3499609533889516,6,1,1,1,1,0,0,0.975883707613278,0.7983300693969337,0.8627282470972698,25.00020268085816,0,540.0
66,0.0066,load_step,protected_ai_pwm_h1_baseline,60.98385739321364,1.612998223152638,59.370859170061,0.0,2.456067143400034,0.9767050991437016,2.6431456001481477,1.4121654362651106,6,1,1,1,1,0,0,0.9756239679894523,0.8259415888955404,0.8781512608050994,25.00021146101956,0,540.0
67,0.0067,load_step,protected_ai_pwm_h1_baseline,61.90785523250475,1.6973838093714428,60.210471423133306,0.0,2.4237104856099894,1.2054637048105044,2.7069383557205873,1.4794018179225017,6,1,1,1,1,0,0,0.9753676590708318,0.8636839780595409,0.9096436117932257,25.00022055604594,0,540.0
68,0.0068000000000000005,load_step,protected_ai_pwm_h1_baseline,62.83185307179586,1.785786600760301,61.04606647103556,0.0,2.3943398644581437,1.4149981417652773,2.78120174164562,1.5503221998934793,6,1,1,1,1,0,0,0.9751109766516493,0.9081804763754282,0.9533044692602098,25.000230087620256,0,540.0
69,0.006900000000000001,load_step,protected_ai_pwm_h1_baseline,63.75585091108699,1.878426753691063,61.87742415739592,0.0,2.371870021689952,1.5997343198811973,2.860929445826522,1.6220989093604326,6,1,1,1,1,0,0,0.9748504775634896,0.9564483166986528,1.0058731961110088,25.0002401448183,0,540.0
70,0.007,load_step,protected_ai_pwm_h1_baseline,64.6798487503781,1.9753551885954688,62.70449356178263,0.0,2.3515578228003093,1.7689911826191667,2.9426440488373187,1.6951776728576289,6,1,1,1,1,0,0,0.9743766218342448,1.0064436842206077,1.0642980288675177,25.000250786197622,0,540.0
71,0.0071,load_step,protected_ai_pwm_h1_baseline,65.60384658966922,2.0766494960159227,63.52719709365329,0.0,2.3332251441181477,1.9240865585177023,3.0242434852064486,1.7687670668346516,6,1,1,1,1,0,0,0.9737186650211587,1.056771845256353,1.1261598525228818,25.000262046124238,0,540.0
72,0.007200000000000001,load_step,protected_ai_pwm_h1_baseline,66.52784442896034,2.1823398986459974,64.34550453031434,0.0,2.3167095781998923,2.0662252152675817,3.1042599617188453,1.842196764197122,6,1,1,1,1,0,0,0.9729117286272977,1.1064362916687884,1.189877915186689,25.000273943156415,0,540.0
73,0.0073,load_step,protected_ai_pwm_h1_baseline,67.45184226825144,2.292416501856367,65.15942576639507,0.0,2.3018631180156124,2.1965085428688447,3.181701367661078,1.9149021109743982,6,1,1,1,1,0,0,0.9719852250361634,1.154752219813652,1.2542135943831128,25.00028648346607,0,540.0
74,0.0074,load_step,protected_ai_pwm_h1_baseline,68.37584010754256,2.4068356206710133,65.96900448687154,0.0,1.9258424238480039,2.3159434119008084,3.012052942532636,1.9117434652294403,2,1,1,1,1,0,0,0.9709642237965866,1.060401612177197,1.3650807172866202,25.000300132363353,1,540.0
75,0.007500000000000001,load_step,protected_ai_pwm_h1_baseline,69.29983794683368,2.5210569227675523,66.77878102406612,0.0,1.581784754123333,2.4254502765559423,2.895660900800076,1.9267405353913225,2,1,1,1,1,0,0,0.9698703399735653,0.9927118185137465,1.188200180420752,25.000312012364276,0,540.0
76,0.0076,load_step,protected_ai_pwm_h1_baseline,70.2238357861248,2.6361669325503923,67.5876688535744,0.0,1.2669659604273367,2.5258835935819244,2.8258256622105864,1.9567895300306775,2,1,1,1,1,0,0,0.9688389003705415,0.9503489567151949,1.1001826862954487,25.000323012111057,0,540.0
77,0.0077,load_step,protected_ai_pwm_h1_baseline,71.14783362541591,2.7530663478995567,68.39476727751635,0.0,0.9788949496765726,2.6180247600044764,2.7950472207994617,1.999181315702691,2,1,1,1,1,0,0,0.9679030484168768,0.9304419382752277,1.0473397843170358,25.000333483355487,0,540.0
78,0.0078000000000000005,load_step,protected_ai_pwm_h1_baseline,72.07183146470702,2.8724936723287473,69.19933779237827,0.0,0.715293863504484,2.7025883011374896,2.7956446191553734,2.051556200207139,2,1,1,1,1,0,0,0.9670477176070493,0.9293007424651227,1.0231726522808342,25.000343712858786,0,540.0
79,0.0079,load_step,protected_ai_pwm_h1_baseline,72.99582930399814,2.995046139380758,70.00078316461737,0.0,0.47407993829521033,2.780227576889122,2.8203576310795673,2.111863574532561,2,1,1,1,1,0,0,0.966239711141284,0.943023669983938,1.0218734815169013,25.000353929302182,0,540.0
80,0.008,load_step,protected_ai_pwm_h1_baseline,73.91982714328925,3.1211982202309847,70.79862892305827,0.0,0.25334890153507356,2.851540031210697,2.862772470090163,2.178325890402294,2,1,1,1,1,0,0,0.9654434566438451,0.9679333656007816,1.0384421765789325,25.000364311364418,0,540.0
81,0.0081,load_step,protected_ai_pwm_h1_baseline,74.84382498258037,3.251317974144127,71.59250700843624,0.0,0.05135977322321809,2.917072011674749,2.917524112599878,2.249406514071803,2,1,1,1,1,0,0,0.964628435861405,1.0008250866554058,1.0686750374957736,25.00037499568605,0,540.0
82,0.0082,load_step,protected_ai_pwm_h1_baseline,75.76782282187149,3.3856814739198873,72.3821413479516,0.0,-0.1334790471927877,2.977323187155002,2.9803137446937216,2.323781050563097,2,1,1,1,1,0,0,0.9637719531221092,1.0390589653053535,1.1090955179706399,25.00038608414126,0,540.0
83,0.0083,load_step,protected_ai_pwm_h1_baseline,76.69182066116261,3.5244855141601303,73.16733514700248,0.0,-0.2942936549956314,3.0327505917166904,3.0469960464248427,2.39841887696078,2,1,1,1,1,0,0,0.9628594356612875,1.0801331533413532,1.1568639408616055,25.000397650206775,0,540.0
84,0.008400000000000001,load_step,protected_ai_pwm_h1_baseline,77.61581850045371,3.6677455099921596,73.94807299046155,0.0,-0.44144443924851967,3.083772322346046,3.1152086493541593,2.4739925963262515,2,1,1,1,1,0,0,0.9618835482216443,1.1224526957818788,1.2091114168823023,25.000409738669944,0,540.0
85,0.0085,load_step,protected_ai_pwm_h1_baseline,78.53981633974483,3.815517126562549,74.72429921318228,0.0,-0.5760870844661298,3.130770610236079,3.183331736217053,2.5497275576500007,2,1,1,1,1,0,0,0.9608456157540677,1.1649540210667546,1.2639947307552606,25.00042237588566,0,540.0
86,0.0086,load_step,protected_ai_pwm_h1_baseline,79.46381417903595,3.96780966658819,75.49600451244775,0.0,-0.6992778810107733,3.1740952323291363,3.2502107775905045,2.624967095697155,2,1,1,1,1,0,0,0.9597501751543808,1.20687419935094,1.3201973988402966,25.00043557504381,0,540.0
87,0.008700000000000001,load_step,protected_ai_pwm_h1_baseline,80.38781201832707,4.12459313464961,76.26321888367745,0.0,-0.8119822296022324,3.214066320434587,3.315047126865882,2.6991574263288287,2,1,1,1,1,0,0,0.9586041021583592,1.2476797073413333,1.3766948973876054,25.00044933908895,0,540.0
88,0.0088,load_step,protected_ai_pwm_h1_baseline,81.31180985761819,4.285804397018354,77.02600546059983,0.0,-0.9150824252801281,3.25097692405345,3.3773105876991223,2.77183424832048,2,1,1,1,1,0,0,0.9574158107842662,1.2870100437484013,1.432699313836638,25.000463663086492,0,540.0
89,0.0089,load_step,protected_ai_pwm_h1_baseline,82.23580769690929,4.451352539211392,77.78445515769789,0.0,-1.009384781397003,3.285095347995442,3.4366712211582255,2.84261087422158,2,1,1,1,1,0,0,0.9561945779767481,1.3246340030950834,1.4876142637457457,25.000478536138043,0,540.0
90,0.009000000000000001,load_step,protected_ai_pwm_h1_baseline,83.15980553620041,4.6211235128380155,78.5386820233624,0.0,-1.2769804099312185,3.0025524904284784,3.2628209305946227,2.8124299631037877,3,1,1,1,1,0,0,0.9549500066781846,1.2275936935600378,1.5916767128392932,25.00049444971493,1,540.0
91,0.0091,load_step,protected_ai_pwm_h1_baseline,84.08380337549153,4.78907529870803,79.2947280767835,0.0,-1.5219126640664462,2.7441465280780575,3.137922612909484,2.8038593191580956,3,1,1,1,1,0,0,0.9536916199682942,1.154841467259221,1.3962024840176872,25.00050840844344,0,540.0
92,0.0092,load_step,protected_ai_pwm_h1_baseline,85.00780121478265,4.956501279686692,80.05129993509595,0.0,-1.746123999806967,2.5078336773348546,3.0558433820922075,2.8134065573018194,3,1,1,1,1,0,0,0.9525744095760862,1.1052069025459275,1.2935705361073262,25.000521340759413,0,540.0
93,0.009300000000000001,load_step,protected_ai_pwm_h1_baseline,85.93179905407376,5.124485741254249,80.80731331281952,0.0,-1.9513905873825388,2.291744577108064,3.009986450339833,2.838011646533498,3,1,1,1,1,0,0,0.9516312480737075,1.076251038275389,1.2264456170276714,25.000533601739978,0,540.0
94,0.0094,load_step,protected_ai_pwm_h1_baseline,86.85579689336487,5.293929761334121,81.56186713203074,0.0,-2.1393363881847636,2.0941694706973557,2.993711067189396,2.8749980775515276,3,1,1,1,1,0,0,0.9508372848285317,1.0648596852986265,1.1884390554680353,25.000545482573187,0,540.0
95,0.0095,load_step,protected_ai_pwm_h1_baseline,87.77979473265599,5.465574175810817,82.31422055684517,0.0,-2.311446090331364,1.9135446653935582,3.000739278072037,2.9220292426587453,3,1,1,1,1,0,0,0.9501458657462768,1.0677187693693475,1.1738171561330393,25.0005572171082,0,540.0
96,0.009600000000000001,load_step,protected_ai_pwm_h1_baseline,88.7037925719471,5.640019931885885,83.06377264006122,0.0,-2.469076983255002,1.7484401514375585,3.0254560172639455,2.9770694642734594,3,1,1,1,1,0,0,0.9495074421253463,1.0816550613448994,1.1776272279471738,25.000568989665698,0,540.0
97,0.0097,load_step,protected_ai_pwm_h1_baseline,89.62779041123822,5.817746107663436,83.81004430357478,0.0,-2.613469848858545,1.5975482749615462,3.0630679296622394,3.038349178457607,3,1,1,1,1,0,0,0.9488786017411726,1.103841001884241,1.1956929668985061,25.000580942802102,0,540.0
98,0.0098,load_step,protected_ai_pwm_h1_baseline,90.55178825052934,5.999125846797047,84.5526624037323,0.0,-2.7457589433089034,1.459673370717597,3.1096363973852146,3.104333838473173,3,1,1,1,1,0,0,0.9482255525994198,1.1318853717621915,1.224550155989325,25.00059318443071,0,540.0
99,0.0099,load_step,protected_ai_pwm_h1_baseline,91.47578608982046,6.184440430979307,85.29134565884115,0.0,-2.8628167085093215,1.3409352764502325,3.1613014601819938,3.1720347864864236,3,1,1,1,1,0,0,0.9475246412520293,1.1634807777829779,1.261360104780288,25.000605794077195,0,540.0
100,0.01,load_step,protected_ai_pwm_h1_baseline,92.39978392911156,6.373792267291966,86.0259916618196,0.0,-2.970106211532172,1.2325140585932142,3.2156837239398883,3.241673210599494,3,1,1,1,1,0,0,0.9467614150519169,1.197045733654598,1.3032991855987828,25.000618823030425,0,540.0
101,0.010100000000000001,load_step,protected_ai_pwm_h1_baseline,93.32378176840268,6.567296991711736,86.75648477669094,0.0,-3.0684634728734492,1.1335478567869335,3.2711464088274678,3.312325887948023,3,1,1,1,1,0,0,0.9459315018909806,1.2315178887941085,1.3484524067176529,25.000632303429004,0,540.0
102,0.0102,load_step,protected_ai_pwm_h1_baseline,94.2477796076938,6.765014982055845,87.48276462563796,0.0,-3.158652785507546,1.0432489304178423,3.326477979817776,3.3832021832491312,3,1,1,1,1,0,0,0.9450355305416841,1.266106300804333,1.3954857668934104,25.000646254071317,0,540.0
103,0.0103,load_step,protected_ai_pwm_h1_baseline,94.2477796076938,6.966959296788187,87.28082031090561,0.0,-3.2413728935607597,0.9608973505508365,3.380801968972165,3.453627499508986,3,1,1,1,1,0,0,0.9440778716838807,1.3002334553909594,1.4433539766619228,25.000660683302723,0,540.0
104,0.010400000000000001,load_step,protected_ai_pwm_h1_baseline,94.2477796076938,7.173102622840987,87.07467698485281,0.0,-3.317262640920366,0.8858352206876887,3.4335019247201197,3.523028569655076,3,1,1,1,1,0,0,0.9430655142718846,1.3334875351516424,1.491246143213816,25.0006755913596,0,540.0
105,0.0105,load_step,protected_ai_pwm_h1_baseline,94.2477796076938,7.383383342696283,86.86439626499752,0.0,-3.386906134310019,0.8174613821151495,3.484160770383084,3.5909203997486676,3,1,1,1,1,0,0,0.9420071256816541,1.3655840705818298,1.5385415147802775,25.000690972270803,0,540.0
106,0.0106,load_step,protected_ai_pwm_h1_baseline,94.2477796076938,7.597710819631918,86.65006878806189,0.0,-3.450837461885195,0.75522656343733,3.5325127530515177,3.6568946931831436,3,1,1,1,1,0,0,0.940912302082754,1.3963356315123778,1.5847732648872634,25.00070681539697,0,540.0
107,0.010700000000000001,load_step,protected_ai_pwm_h1_baseline,94.2477796076938,7.815969989820113,86.43180961787368,0.0,-3.5095450051329844,0.6986289373395287,3.57840586506646,3.7206096021139206,3,1,1,0,1,1,0,0.939790994145143,1.4256281376866844,1.6295987889130663,25.00072310667276,0,540.0
108,0.0108,load_step,protected_ai_pwm_h1_baseline,94.2477796076938,8.038025340758615,86.20975426693519,0.0,-3.563475378801653,0.6472100507529472,3.6217727185897814,3.781780667529448,3,1,1,0,1,1,0,0.9386530839898041,1.4534024817964952,1.6727753223228365,25.00073982960527,0,540.0
109,0.0109,load_step,protected_ai_pwm_h1_baseline,94.2477796076938,8.263724347214524,85.98405526047928,0.0,-3.431682769933773,0.2864363035444861,3.4436161791710416,3.7247470628340986,1,1,1,1,1,0,0,0.9375080869205233,1.353325079608,1.767589907327713,25.000757500572146,1,540.0
110,0.011000000000000001,load_step,protected_ai_pwm_h1_baseline,94.2477796076938,8.485992898447694,85.76178670924611,0.0,-3.3111707501227285,-0.043501723971173835,3.3114564977448784,3.692447646968464,1,1,1,1,1,0,0,0.9363649526973603,1.2759731795662703,1.5569773522393913,25.000773065295665,0,540.0
111,0.0111,load_step,protected_ai_pwm_h1_baseline,94.2477796076938,8.706311448836251,85.54146815885755,0.0,-3.201011571335128,-0.34523632457785386,3.2195750029513848,3.68106404000379,1,1,1,1,1,0,0,0.9353968743972716,1.220279630471249,1.4420604505848258,25.000787480746403,0,540.0
112,0.0112,load_step,protected_ai_pwm_h1_baseline,94.2477796076938,8.925931832190942,85.32184777550286,0.0,-3.100355403024342,-0.6211746217184964,3.161971147200642,3.6872373705935746,1,1,1,1,1,0,0,0.9346397613016196,1.1840765247869356,1.362849788835012,25.00080110399442,0,540.0
113,0.011300000000000001,load_step,protected_ai_pwm_h1_baseline,94.2477796076938,9.145904778115094,85.1018748295787,0.0,-3.00842374485556,-0.873517620472596,3.1326740114296694,3.7080173230777103,1,1,1,1,1,0,0,0.9340642928770233,1.1646113811709409,1.313045474644307,25.00081422910847,0,540.0
114,0.0114,load_step,protected_ai_pwm_h1_baseline,94.2477796076938,9.367104377029433,84.88067523066437,0.0,-2.9245034442040403,-1.1042776890929267,3.126043763255676,3.740816551005442,1,1,1,1,1,0,0,0.9336161995227069,1.1589457511372183,1.2869792768133377,25.000827093473045,0,540.0
115,0.0115,load_step,protected_ai_pwm_h1_baseline,94.2477796076938,9.590249815243748,84.65752979245005,0.0,-2.847941248868858,-1.3152945925969428,3.137000035435682,3.7833698793891988,1,1,1,1,1,0,0,0.9332375701506586,1.1642391050523544,1.2797449911447014,25.000839885409,0,540.0
116,0.011600000000000001,load_step,protected_ai_pwm_h1_baseline,94.2477796076938,9.81592466686158,84.43185494083222,0.0,-2.7781388362108252,-1.5082501920240858,3.161150745377944,3.833697790730319,1,1,1,1,1,0,0,0.9328771304843676,1.1779243469702307,1.287197499108429,25.000852751784755,0,540.0
117,0.0117,load_step,protected_ai_pwm_h1_baseline,94.2477796076938,10.04459399906333,84.20318560863046,0.0,-2.714548268672764,-1.6846819152821555,3.1948279231647287,3.890073750377958,1,1,1,1,1,0,0,0.9324943081223455,1.1977928082831422,1.3058915434729579,25.000865805015177,0,540.0
118,0.0118,load_step,protected_ai_pwm_h1_baseline,94.2477796076938,10.276619520696558,83.97116008699724,0.0,-2.2981237423436083,-1.838782091709715,2.943211225161345,3.6034476745441832,5,1,1,1,1,0,0,0.9320599546250261,1.053492031884386,1.380132236658836,25.00087960056551,1,540.0
119,0.0119,load_step,protected_ai_pwm_h1_baseline,94.2477796076938,10.491474387612435,83.75630522008137,0.0,-2.2798592707358885,-1.9796558359761973,3.019403173356449,3.694046522047931,1,1,1,1,1,0,0,0.9315554045998554,1.0948918633646936,1.181900475767538,25.000891413706267,1,540.0
120,0.012,load_step,protected_ai_pwm_h1_baseline,94.2477796076938,10.71173453709859,83.53604507059521,0.0,-2.2635034314109306,-2.1084816221989433,3.0934030670379418,3.782361884788963,1,1,1,1,1,0,0,0.9314616085142915,1.1370505590472397,1.193235090913511,25.00090334011442,0,540.0
121,0.012100000000000001,load_step,protected_ai_pwm_h1_baseline,94.2477796076938,10.937262901180944,83.31051670651286,0.0,-2.4302726656956697,-1.9121632480823123,3.092344339969958,3.7402891852588516,3,1,1,1,1,0,0,0.9314502390813406,1.138544699979151,1.295460830003796,25.000916288700452,1,540.0
122,0.0122,load_step,protected_ai_pwm_h1_baseline,94.2477796076938,11.160256142359465,83.08752346533433,0.0,-2.5834109784143866,-1.7322049698231097,3.110393277524863,3.6867996452893506,3,1,1,1,1,0,0,0.9313556763700434,1.1495936543376823,1.2512333685175572,25.000928794925546,0,540.0
123,0.0123,load_step,protected_ai_pwm_h1_baseline,94.2477796076938,11.380031226927924,82.86774838076587,0.0,-2.542717659009562,-1.8812904440264093,3.16301546443013,3.7926963472952355,1,1,1,1,1,0,0,0.93128916300979,1.180666797148423,1.3121227909094313,25.00094190996149,1,540.0
124,0.012400000000000001,load_step,protected_ai_pwm_h1_baseline,94.2477796076938,11.606126699616986,82.64165290807682,0.0,-2.1431700365445288,-2.0175390675725797,2.943406477998564,3.63163243138532,5,1,1,1,1,0,0,0.9313182835178967,1.0553124115516976,1.3551537360930512,25.00095545521945,1,540.0
125,0.0125,load_step,protected_ai_pwm_h1_baseline,94.2477796076938,11.822566105025528,82.42521350266827,0.0,-2.140435130017579,-2.1420375568757817,3.0281656891391755,3.753793209682711,1,1,1,1,1,0,0,0.9312415033044781,1.101396819830768,1.1837075028837456,25.000967285924776,1,540.0
126,0.0126,load_step,protected_ai_pwm_h1_baseline,94.2477796076938,12.046299460915941,82.20148014677785,0.0,-1.7756630339229211,-2.2558417143698173,2.870853714547523,3.6339922700769627,5,1,1,1,1,0,0,0.9313456994699502,1.0096134325163812,1.2464290186455067,25.00097974376639,1,540.0
127,0.012700000000000001,load_step,protected_ai_pwm_h1_baseline,94.2477796076938,12.262846269253393,81.98493333844041,0.0,-1.8047913685749315,-2.359851321440727,2.9708870970449412,3.76150773996542,1,1,1,1,1,0,0,0.9313585963495923,1.064979520379248,1.1259616919005064,25.000990996851684,1,540.0
128,0.0128,load_step,protected_ai_pwm_h1_baseline,94.2477796076938,12.48700746555471,81.76077214213909,0.0,-1.4692163427149025,-2.4549529087428983,2.8610121366128056,3.676489995269135,5,1,1,1,1,0,0,0.9314947335758275,1.000750521562226,1.1993111616976149,25.001002983356656,1,540.0
129,0.0129,load_step,protected_ai_pwm_h1_baseline,94.2477796076938,12.706063644156604,81.5417159635372,0.0,-1.1623941344092381,-2.541890213869123,2.795060998095143,3.615653658214978,5,1,1,1,1,0,0,0.9315013507610678,0.9601795708401433,1.0737571845476086,25.001013714241946,0,540.0
130,0.013000000000000001,load_step,protected_ai_pwm_h1_baseline,94.2477796076938,12.921462307503065,81.32631730019074,0.0,-1.2446042897058143,-2.621408360830299,2.901865198830764,3.742888516528561,1,1,1,1,1,0,0,0.9315636802141581,1.020871802165862,1.065760578404776,25.001024365089634,1,540.0
131,0.0131,load_step,protected_ai_pwm_h1_baseline,94.2477796076938,13.144458654130354,81.10332095356344,0.0,-0.9576554721258023,-2.6941860440395975,2.8593255224248653,3.7069312077461487,5,1,1,1,1,0,0,0.9317346297998396,0.9960492628647836,1.1435091081364204,25.001035793351615,1,540.0
132,0.0132,load_step,protected_ai_pwm_h1_baseline,94.2477796076938,13.365286041345328,80.88249356634847,0.0,-0.6953838359502947,-2.760776106511836,2.847006039612069,3.6888115271609507,5,1,1,1,1,0,0,0.9317670268373449,0.9879116554969244,1.069508794186449,25.001046481534267,0,540.0
133,0.013300000000000001,load_step,protected_ai_pwm_h1_baseline,94.2477796076938,13.585012109382584,80.66276749831121,0.0,-0.455706030554461,-2.821750449578545,2.858311317190698,3.6857558569708577,5,1,1,1,1,0,0,0.9317790184900265,0.993535032630219,1.0596885929009636,25.001057071443654,0,540.0
134,0.0134,load_step,protected_ai_pwm_h1_baseline,94.2477796076938,13.804538432287284,80.44324117540651,0.0,-0.23671588369616686,-2.8776295239348677,2.887349318426101,3.695315777082019,5,1,1,1,1,0,0,0.9318055268494633,1.009904150597686,1.0669823223266048,25.001067734219735,0,540.0
135,0.0135,load_step,protected_ai_pwm_h1_baseline,94.2477796076938,14.024619991779808,80.223159615914,0.0,-0.03666944979772585,-2.9288868997260735,2.9291164401463248,3.7153328630985314,5,1,1,1,1,0,0,0.9318413400524684,1.03424012919464,1.0876192910430487,25.001078603294417,0,540.0
136,0.013600000000000001,load_step,protected_ai_pwm_h1_baseline,94.2477796076938,14.245882542997917,80.00189706469588,0.0,0.14602868880096617,-2.9759534632404,2.9795340899753873,3.743907042544782,5,1,1,1,1,0,0,0.931865288433399,1.064159926637103,1.1183726589576888,25.001089779830316,0,540.0
137,0.0137,load_step,protected_ai_pwm_h1_baseline,94.2477796076938,14.46883808521699,79.77894152247681,0.0,0.3045091109949676,-3.019221261982391,3.0345383219668665,3.7800651741614457,5,1,1,1,1,0,0,0.9318530980855237,1.0972866546682174,1.1565503737273906,25.001101338068853,0,540.0
138,0.013800000000000002,load_step,protected_ai_pwm_h1_baseline,94.2477796076938,14.69394034178738,79.55383926590642,0.0,0.44913719717918954,-3.0590470208196328,3.091842961321847,3.8211213837506595,5,1,1,1,1,0,0,0.9317836340066823,1.1321147105798874,1.1993550831045228,25.00111332427743,0,540.0
139,0.013900000000000001,load_step,protected_ai_pwm_h1_baseline,94.2477796076938,14.921482267959275,79.32629733973452,0.0,0.5810739748694251,-3.095753854862279,3.149815692094573,3.8658710503168066,5,1,1,1,1,0,0,0.9316404953270188,1.1676029458463784,1.245030242683251,25.001125767157696,0,540.0
140,0.014,load_step,protected_ai_pwm_h1_baseline,94.2477796076938,15.151684707232523,79.09609490046128,0.0,0.882735573460955,-2.815521115252173,2.95065776447969,3.5433221886003716,4,1,1,1,1,0,0,0.9314146747311552,1.0546540742676735,1.3387034456368498,25.001139146687038,1,540.0
141,0.014100000000000001,load_step,protected_ai_pwm_h1_baseline,94.2477796076938,15.362566871542448,78.88521273615135,0.0,0.9771088535786626,-2.8733045613765706,3.0349004619870508,3.623016141515234,5,1,1,1,1,0,0,0.9311032579813349,1.1021376400659304,1.1841018376760575,25.001150980111102,1,540.0
142,0.0142,load_step,protected_ai_pwm_h1_baseline,94.2477796076938,15.578202032014016,78.66957757567978,0.0,1.063078255201538,-2.926563399842252,3.1136648358451473,3.699340155976028,5,1,1,1,1,0,0,0.9312287137315522,1.1478781959229998,1.2029846650262739,25.001163002284553,0,540.0
143,0.0143,load_step,protected_ai_pwm_h1_baseline,94.2477796076938,15.798388153141667,78.44939145455213,0.0,1.1413372530840598,-2.97570475192991,3.1870785205161973,3.772123458708498,5,1,1,1,1,0,0,0.9314480184164535,1.1914389931079978,1.2644411591762925,25.001175638942797,0,540.0
144,0.014400000000000001,load_step,protected_ai_pwm_h1_baseline,94.2477796076938,16.022912995200386,78.22486661249341,0.0,0.8498115438147236,-3.021100503874037,3.1383479594380104,3.7286270062421494,1,1,1,1,1,0,0,0.9315886639251219,1.1660187180603792,1.371009868498196,25.00118934120389,1,540.0
145,0.0145,load_step,protected_ai_pwm_h1_baseline,94.2477796076938,16.24481758850075,78.00296201919305,0.0,0.5823411480926005,-3.0630903985001896,3.1179550994435212,3.6710919220972733,1,1,1,1,1,0,0,0.9315766764545879,1.1546218122132839,1.2881013165936623,25.001202214288114,0,540.0
146,0.0146,load_step,protected_ai_pwm_h1_baseline,94.2477796076938,16.463262007612336,77.78451760008147,0.0,0.6995537551417365,-3.1019195360707976,3.1798239360993836,3.7559573567064017,5,1,1,1,1,0,0,0.9315556405517448,1.1906290388957612,1.3187136205102208,25.001215393409556,1,540.0
147,0.014700000000000001,load_step,protected_ai_pwm_h1_baseline,94.2477796076938,16.686768323602845,77.56101128409095,0.0,0.987641550669172,-2.82370047521901,2.9914411587661673,3.580621814357989,4,1,1,1,1,0,0,0.931615312419606,1.0833182480137054,1.369070106671573,25.001229076008,1,540.0
148,0.0148,load_step,protected_ai_pwm_h1_baseline,94.2477796076938,16.899764701173837,77.34801490651996,0.0,1.0694917026311261,-2.883397505604286,3.0753526102419286,3.681372462431971,5,1,1,1,1,0,0,0.9315886762282208,1.1293275965394927,1.2207134678001041,25.001241274948836,1,540.0
149,0.0149,load_step,protected_ai_pwm_h1_baseline,94.2477796076938,17.118774027644083,77.12900558004972,0.0,1.1439065081660624,-2.9384743208905206,3.15327661868693,3.775335035358979,5,1,1,1,1,0,0,0.9317679765206597,1.1738283171229924,1.238712451103078,25.00125365379818,0,540.0
150,0.015000000000000001,load_step,protected_ai_pwm_h1_baseline,94.2477796076938,17.343389616006178,76.90438999168762,0.0,1.3928480706939834,-2.675231444117119,3.0161049430729228,3.6557374478715294,4,1,1,1,1,0,0,0.9318926231620244,1.095298745668358,1.346300370455831,25.001267108444193,1,540.0
151,0.0151,load_step,protected_ai_pwm_h1_baseline,94.2477796076938,17.56083075842005,76.68694884927375,0.0,1.4388881493557828,-2.7487363998541285,3.1025716594850064,3.7536959417160767,5,1,1,1,1,0,0,0.9318478150623332,1.144037784354826,1.2380307863731879,25.001279480304667,1,540.0
152,0.0152,load_step,protected_ai_pwm_h1_baseline,94.2477796076938,17.784117414782223,76.46366219291158,0.0,1.6618978359931313,-2.502431728569876,3.004008817136173,3.672066471256576,4,1,1,1,1,0,0,0.9318917397887715,1.087071951792012,1.3051093715614912,25.001292522868514,1,540.0
153,0.015300000000000001,load_step,protected_ai_pwm_h1_baseline,94.2477796076938,18.002501888248606,76.2452777194452,0.0,1.8655910237128503,-2.2773935781557557,2.9439686441236153,3.614747744313553,4,1,1,1,1,0,0,0.9318385686600668,1.0505593239230784,1.1831277430878901,25.001304345529125,0,540.0
154,0.0154,load_step,protected_ai_pwm_h1_baseline,94.2477796076938,18.2174394056448,76.030340202049,0.0,2.0516621850766277,-2.0718647760934474,2.9158088709807704,3.5782247215356024,4,1,1,1,1,0,0,0.9318571037295708,1.032053795686544,1.136258426294163,25.001315699417752,0,540.0
155,0.0155,load_step,protected_ai_pwm_h1_baseline,94.2477796076938,18.43017472825647,75.81760487943733,0.0,2.2216579722509437,-1.884234565376337,2.91309183566621,3.5593790337576543,4,1,1,1,1,0,0,0.9319907748077707,1.028559751797625,1.113428419829257,25.001326824930622,0,540.0
156,0.015600000000000001,load_step,protected_ai_pwm_h1_baseline,94.2477796076938,18.6417659062985,75.6060137013953,0.0,2.376989919711926,-1.713026471976523,2.9299386976700457,3.5554475440283704,4,1,1,1,1,0,0,0.9322223606919131,1.0369955030106686,1.1098258678450073,25.0013379143438,0,540.0
157,0.015700000000000002,load_step,protected_ai_pwm_h1_baseline,94.2477796076938,18.853105551748342,75.39467405594546,0.0,2.518946106468205,-1.5568871958838644,2.961247579652612,3.563984971307881,4,1,1,1,1,0,0,0.9325104337815389,1.0544946912643627,1.1212582293229998,25.001349118006665,0,540.0
158,0.0158,load_step,protected_ai_pwm_h1_baseline,94.2477796076938,19.064939872800537,75.18283973489326,0.0,2.648701852066579,-1.414576431534757,3.002773381691421,3.5828301775958273,4,1,1,1,1,0,0,0.9328088546499855,1.0785657579849683,1.1441797085720022,25.001360550809633,0,540.0
159,0.0159,load_step,protected_ai_pwm_h1_baseline,94.2477796076938,19.277885689348356,74.96989391834545,0.0,2.763165086510509,-1.2921705403334516,3.0503747311791503,3.610733924501436,4,1,1,1,1,0,0,0.9330763513708483,1.1067817264263053,1.1756507141151638,25.001372298246434,0,540.0
160,0.016,load_step,protected_ai_pwm_h1_baseline,94.2477796076938,19.492485014571944,74.75529459312186,0.0,2.8678293941372974,-1.1808074063817882,3.101411221499655,3.6448186206766424,4,1,1,1,1,0,0,0.9332804664771012,1.1374281700533888,1.2127664639425018,25.001384416762416,0,540.0
161,0.0161,load_step,protected_ai_pwm_h1_baseline,94.2477796076938,19.709107613662113,74.53867199403169,0.0,2.963555671694417,-1.0795836978692523,3.1540708901255208,3.6836866719100962,4,1,1,1,1,0,0,0.9333975804016338,1.1693537762489392,1.2535015089883488,25.001396942548062,0,540.0
162,0.0162,load_step,protected_ai_pwm_h1_baseline,94.2477796076938,19.928039585884278,74.31974002180952,0.0,3.051129371942013,-0.9876718229467131,3.2070057801897,3.726110516213904,4,1,1,1,1,0,0,0.9334143572433516,1.2016937456598322,1.2964517618881504,25.00140989775273,0,540.0
163,0.016300000000000002,load_step,protected_ai_pwm_h1_baseline,94.2477796076938,20.14949354640136,74.09828606129244,0.0,3.1312671171323054,-0.9043136598850422,3.2592356395769757,3.7710136109776307,4,1,1,1,1,0,0,0.9333256078196189,1.2338115105665568,1.340515194103439,25.00142329350535,0,540.0
164,0.0164,load_step,protected_ai_pwm_h1_baseline,94.2477796076938,20.37361766951117,73.87416193818262,0.0,3.0232684800581984,-1.142929592189347,3.2320953505760803,3.737713489453941,5,1,1,1,1,0,0,0.9331323274614418,1.2212458843800433,1.4328783682851634,25.00143761280041,1,540.0
165,0.0165,load_step,protected_ai_pwm_h1_baseline,94.2477796076938,20.595731763061167,73.65204784463263,0.0,2.9243600250162594,-1.3623104777989548,3.226107777777102,3.6902154988514857,5,1,1,1,1,0,0,0.9328400060631227,1.2188666758266014,1.365680312287103,25.001451260019447,0,540.0
166,0.0166,load_step,protected_ai_pwm_h1_baseline,94.2477796076938,20.814986325346755,73.43279328234705,0.0,3.0150601305611207,-1.249978356120792,3.2638985097073223,3.7548274042850394,4,1,1,1,1,0,0,0.9325732503905839,1.2415867383186439,1.40950885667368,25.001465345432948,1,540.0
167,0.0167,load_step,protected_ai_pwm_h1_baseline,94.2477796076938,21.038090671692064,73.20968893600174,0.0,3.097978237176226,-1.148004817839969,3.303843855239121,3.8207184738504076,4,1,1,1,1,0,0,0.9324099042648533,1.2654987874626866,1.3934750274425896,25.00147927041425,0,540.0
168,0.016800000000000002,load_step,protected_ai_pwm_h1_baseline,94.2477796076938,21.265121056508644,72.98265855118515,0.0,2.9924478028413053,-0.7414283767803576,3.0829304063869025,3.6287104705973316,6,1,1,1,1,0,0,0.9322181707189334,1.1394214071732036,1.4760568423217475,25.00149402112087,1,540.0
169,0.016900000000000002,load_step,protected_ai_pwm_h1_baseline,94.2477796076938,21.480643486734188,72.7671361209596,0.0,3.077080245310143,-0.684161767412417,3.152221464311607,3.7160195192077206,4,1,1,1,1,0,0,0.9319342448410712,1.1769379999110259,1.295704625424594,25.001506968206982,1,540.0
170,0.017,load_step,protected_ai_pwm_h1_baseline,94.2477796076938,21.701374273779223,72.54640533391458,0.0,3.1546040635188186,-0.632613548334351,3.2174099364404314,3.7986060045381658,4,1,1,1,1,0,0,0.9318989206825633,1.2139379088008957,1.302317282573389,25.001519981333352,0,540.0
171,0.0171,load_step,protected_ai_pwm_h1_baseline,94.2477796076938,21.927030400780673,72.32074920691312,0.0,3.044284116494653,-0.2722180832915161,3.056430674301731,3.6689314645717057,6,1,1,1,1,0,0,0.9318663718845571,1.121389408338747,1.401732729034434,25.001533988527434,1,540.0
172,0.0172,load_step,protected_ai_pwm_h1_baseline,94.2477796076938,22.144908957552346,72.10287065014145,0.0,3.124670154723392,-0.25725035719338174,3.1352418283276378,3.7590913341934313,4,1,1,1,1,0,0,0.9317215768918141,1.1652673493732872,1.2720506140766554,25.001546698806983,1,540.0
173,0.0173,load_step,protected_ai_pwm_h1_baseline,94.2477796076938,22.36816629442297,71.87961331327082,0.0,3.01708123826506,0.06966751707656986,3.0178854784810243,3.6705799251070372,6,1,1,1,1,0,0,0.9317164823886847,1.0970608514403597,1.3333779224715057,25.001560022274884,1,540.0
174,0.017400000000000002,load_step,protected_ai_pwm_h1_baseline,94.2477796076938,22.58610960846749,71.66166999922632,0.0,2.918716465574011,0.368109244674836,2.9418378987340423,3.6078556096754673,6,1,1,1,1,0,0,0.9316543142101787,1.0507929449048283,1.1953017030010933,25.001571964891767,0,540.0
175,0.0175,load_step,protected_ai_pwm_h1_baseline,94.2477796076938,22.80028250873294,71.44749709896087,0.0,2.828883063228699,0.6405230887903247,2.9004912019683298,3.5672245658187967,6,1,1,1,1,0,0,0.9316942790029608,1.0241081777974297,1.135820958668225,25.001583312621587,0,540.0
176,0.0176,load_step,protected_ai_pwm_h1_baseline,94.2477796076938,23.012007432876636,71.23577217481716,0.0,2.7469408690635233,0.889146975513672,2.8872593375373428,3.5454016982822463,6,1,1,1,1,0,0,0.9318704568638461,1.0139845892096457,1.1028588024215895,25.001594330654193,0,540.0
177,0.0177,load_step,protected_ai_pwm_h1_baseline,94.2477796076938,23.22241012397439,71.0253694837194,0.0,2.6722983440014616,1.1160263493977753,2.8959788072261645,3.539468957442654,6,1,1,1,1,0,0,0.9321574483320506,1.017216891888159,1.0911640298752685,25.00160523166562,0,540.0
178,0.0178,load_step,protected_ai_pwm_h1_baseline,94.2477796076938,23.43244161108216,70.81533799661165,0.0,2.60440892946246,1.3230305514092702,2.9211908037350307,3.546837612745017,6,1,1,1,1,0,0,0.9325071316682968,1.0307544631468533,1.0961685632636118,25.00161618264971,0,540.0
179,0.0179,load_step,protected_ai_pwm_h1_baseline,94.2477796076938,23.64289793040344,70.60488167729036,0.0,2.542767706763489,1.5118678356228903,2.9582785472213895,3.565214108230335,6,1,1,1,1,0,0,0.9328681660746482,1.0518980299922445,1.1140107494291356,25.001627311982652,0,540.0
180,0.018000000000000002,load_step,protected_ai_pwm_h1_baseline,94.2477796076938,23.854437801602412,70.39334180609139,0.0,2.4910727540007405,1.6768861264689954,3.0028970256852006,3.593214750557191,6,1,1,1,1,0,0,0.9331954380322038,1.078102195705834,1.141488330527624,25.00163871601721,0,540.0
181,0.0181,load_step,protected_ai_pwm_h1_baseline,94.2477796076938,24.06763708809965,70.18014251959414,0.0,2.444378238867915,1.827332211168441,3.0519056316709325,3.6278514060937366,6,1,1,1,1,0,0,0.933453818853541,1.1073553420547062,1.1755980426584949,25.001650461072863,0,540.0
182,0.0182,load_step,protected_ai_pwm_h1_baseline,94.2477796076938,24.282892787442073,69.96488682025173,0.0,2.4023145390310763,1.9644559724627475,3.1032567428726634,3.667624777825287,6,1,1,1,1,0,0,0.9336179988491026,1.138358781089909,1.2139910528353484,25.001662589980317,0,540.0
183,0.0183,load_step,protected_ai_pwm_h1_baseline,94.2477796076938,24.500512142864487,69.74726746482932,0.0,2.364540472929946,2.0893993308957675,3.155414586400883,3.711214639704516,6,1,1,1,1,0,0,0.9336737401466116,1.1701289353402187,1.2551241806450069,25.00167513013819,0,540.0
184,0.0184,load_step,protected_ai_pwm_h1_baseline,94.2477796076938,24.720723366494163,69.52705624119963,0.0,2.3307412150918005,2.2032055306880887,3.207252597190029,3.757460207416158,6,1,1,1,1,0,0,0.9336155600607746,1.2019357812038052,1.297783157905106,25.001688096802233,0,540.0
185,0.018500000000000003,load_step,protected_ai_pwm_h1_baseline,94.2477796076938,24.943685187041094,69.3040944206527,0.0,2.3006263576438357,2.306827638825693,3.257964915823322,3.805342456747828,6,1,1,1,1,0,0,0.933444617611799,1.2332491588194214,1.341022101038121,25.001701495769264,0,540.0
186,0.018600000000000002,load_step,protected_ai_pwm_h1_baseline,94.2477796076938,25.16949533861674,69.07828426907706,0.0,2.4552823673074915,2.0870215285810723,3.2224323676334863,3.750812107550029,4,1,1,1,1,0,0,0.9331668992391098,1.2158278490884424,1.4321432184879515,25.001715805858144,1,540.0
187,0.0187,load_step,protected_ai_pwm_h1_baseline,94.2477796076938,25.39202483105135,68.85575477664244,0.0,2.5978323828841354,1.8851557361496747,3.2097578162689295,3.6827538503220474,4,1,1,1,1,0,0,0.9327917252842275,1.209476221520965,1.358060710532996,25.001729375026542,0,540.0
188,0.0188,load_step,protected_ai_pwm_h1_baseline,94.2477796076938,25.610464353359745,68.63731525433406,0.0,2.5479091066177597,2.0137573191835663,3.2476236475538687,3.7512478581893194,6,1,1,1,1,0,0,0.9324794426283108,1.2321271398115357,1.3960852339786538,25.001743324349714,1,540.0
189,0.0189,load_step,protected_ai_pwm_h1_baseline,94.2477796076938,25.832986042575023,68.41479356511877,0.0,2.503049443227038,2.1308044471767498,3.287184830116402,3.8200726789780965,6,1,1,1,1,0,0,0.9323214932821241,1.2557327615339984,1.3800614083378548,25.001757113341636,0,540.0
190,0.019,load_step,protected_ai_pwm_h1_baseline,94.2477796076938,26.059609382200712,68.18817022549308,0.0,2.1001643483284376,2.2372886469018125,3.0685747146754556,3.6454965307136433,2,1,1,1,1,0,0,0.932154374619226,1.1309337184768287,1.461858803624226,25.001771720215583,1,540.0
191,0.019100000000000002,load_step,protected_ai_pwm_h1_baseline,94.2477796076938,26.27576798904037,67.97201161865343,0.0,2.0948721091251037,2.334115406161128,3.136332871821642,3.733097081506565,6,1,1,1,1,0,0,0.9318984001961879,1.1675487509735476,1.2842031118342925,25.001784550435232,1,540.0
192,0.019200000000000002,load_step,protected_ai_pwm_h1_baseline,94.2477796076938,26.49715234845443,67.75062725923937,0.0,2.090983582228484,2.422235727963264,3.1999122273854304,3.8152952081055487,6,1,1,1,1,0,0,0.9318658955670843,1.2035966768388617,1.2895882009917097,25.00179743442024,0,540.0
193,0.0193,load_step,protected_ai_pwm_h1_baseline,94.2477796076938,26.723438756701295,67.5243408509925,0.0,1.7257146540260315,2.502386164296564,3.0397413676796674,3.701431960846585,2,1,1,1,1,0,0,0.9318231128266979,1.1115069893729426,1.3871883096358557,25.00181129432044,1,540.0
194,0.0194,load_step,protected_ai_pwm_h1_baseline,94.2477796076938,26.942893756025086,67.30488585166871,0.0,1.3922548438282065,2.5752400562011686,2.927496353067942,3.6170723623248673,2,1,1,1,1,0,0,0.9316630155607278,1.0441640177584344,1.213837405341011,25.001823420619196,0,540.0
195,0.0195,load_step,protected_ai_pwm_h1_baseline,94.2477796076938,27.15728348527979,67.09049612241401,0.0,1.087929170662876,2.641538595330096,2.856801713629721,3.558137107431709,2,1,1,1,1,0,0,0.931619176683663,0.9998090432671,1.126685188248953,25.001834675314942,0,540.0
196,0.0196,load_step,protected_ai_pwm_h1_baseline,94.2477796076938,27.368129826016972,66.87964978167683,0.0,0.8102878712754313,2.7019512699241175,2.8208344686245987,3.5209852075340824,2,1,1,1,1,0,0,0.93175604679688,0.975604146478997,1.0718703221325145,25.001845381786996,0,540.0
197,0.019700000000000002,load_step,protected_ai_pwm_h1_baseline,94.2477796076938,27.576736651828377,66.67104295586543,0.0,0.5570876119785286,2.757082479823013,2.8128011675137925,3.5023707932711696,2,1,1,1,1,0,0,0.9320549177397713,0.9681860941003153,1.0432482860284227,25.00185580196731,0,540.0
198,0.0198,load_step,protected_ai_pwm_h1_baseline,94.2477796076938,27.784213490581806,66.463566117112,0.0,0.32627426143999966,2.807477622645414,2.8263732052460733,3.4994038491424515,2,1,1,1,1,0,0,0.9324626195974453,0.9741172717305637,1.0354080433456627,25.00186614367573,0,540.0
199,0.0199,load_step,protected_ai_pwm_h1_baseline,94.2477796076938,27.991496835042824,66.25628277265098,0.0,0.11596709171425185,2.853628675103663,2.8559840653852655,3.5095145228868017,2,1,1,1,1,0,0,0.9329178249088718,0.9902007802608266,1.0437377002757995,25.001876568611774,0,540.0
200,0.02,load_step,protected_ai_pwm_h1_baseline,94.2477796076938,28.199369315992485,66.04841029170132,0.0,-0.07555571291177425,2.895979296824621,2.8969647483858743,3.530420694299659,2,1,1,1,1,0,0,0.9333642157240124,1.013656361338074,1.0643894129777092,25.001887199995448,0,540.0
201,0.0201,load_step,protected_ai_pwm_h1_baseline,94.2477796076938,28.408476933062857,65.83930267463094,0.0,-0.2415414864249177,2.934929486011226,2.9448520128390965,3.5607773074196674,2,1,1,1,1,0,0,0.93375614799375,1.0418411508546797,1.094201091282788,25.001898129425026,0,540.0
202,0.020200000000000003,load_step,protected_ai_pwm_h1_baseline,94.2477796076938,28.61938514283197,65.62839446486183,0.0,-0.39246341499532356,2.9708398171468144,2.9966509224890894,3.5975502835289794,2,1,1,1,1,0,0,0.9340601918159636,1.072806925652791,1.1301464259820138,25.00190941823509,0,540.0
203,0.020300000000000002,load_step,protected_ai_pwm_h1_baseline,94.2477796076938,28.83247778726972,65.41530182042408,0.0,-0.5295820313974854,3.0040324100470204,3.05035536431282,3.6392380921906287,2,1,1,1,1,0,0,0.9342536508258154,1.105270579834967,1.170017281203701,25.00192110567845,0,540.0
204,0.0204,load_step,protected_ai_pwm_h1_baseline,94.2477796076938,29.048048821387926,65.19973078630588,0.0,-0.6540510040523781,3.0347977620030693,3.1044774394671903,3.6845154538962825,2,1,1,1,1,0,0,0.9343252087479759,1.1382716799434196,1.2123185731605484,25.00193321605681,0,540.0
205,0.0205,load_step,protected_ai_pwm_h1_baseline,94.2477796076938,29.26631286769289,64.98146674000091,0.0,-0.7669261208962737,3.063397851143192,3.1579395290761556,3.732214370186291,2,1,1,1,1,0,0,0.934272224684598,1.1711061679754753,1.2558799663286204,25.001945761968365,0,540.0
206,0.0206,load_step,protected_ai_pwm_h1_baseline,94.2477796076938,29.48741463459508,64.76036497309872,0.0,-0.8691735304186627,3.0900689439740265,3.2099826642044653,3.7813069893316746,2,1,1,1,1,0,0,0.9340984373249703,1.2032699043423956,1.2997949831682425,25.00195874694645,0,540.0
207,0.0207,load_step,protected_ai_pwm_h1_baseline,94.2477796076938,29.711437308710433,64.53634229898337,0.0,-0.5989687791568395,3.115024132677279,3.172087474450613,3.7289063700081,6,1,1,1,1,0,0,0.933812084263897,1.1845433584251053,1.3906886484239889,25.00197264077462,1,540.0
208,0.020800000000000003,load_step,protected_ai_pwm_h1_baseline,94.2477796076938,29.93230691240276,64.31547269529105,0.0,-0.35038079128054034,3.138455626093503,3.1579535170512467,3.662178480224653,6,1,1,1,1,0,0,0.9334244042779454,1.1773407631823847,1.315865363501889,25.001985786277316,0,540.0
209,0.020900000000000002,load_step,protected_ai_pwm_h1_baseline,94.2477796076938,30.149166287902965,64.09861331979084,0.0,-0.4842466843495218,3.160411709134885,3.197295266712224,3.730163277484843,2,1,1,1,1,0,0,0.9330958493853226,1.200854348454206,1.3520950838191108,25.00199929398958,1,540.0
210,0.021,load_step,protected_ai_pwm_h1_baseline,94.2477796076938,30.37007747855616,63.877702129137646,0.0,-0.6055957013850469,3.1809432359237775,3.2380775197183405,3.798270488549602,2,1,1,1,1,0,0,0.9329193308259406,1.2252039510185366,1.3375197763704108,25.002012655858717,0,540.0
211,0.0211,load_step,protected_ai_pwm_h1_baseline,94.2477796076938,30.595047498777806,63.652732108916,0.0,-0.896828573308127,2.8861131323188016,3.0222426279908325,3.6193530100115687,3,1,1,1,1,0,0,0.9327346620503887,1.1020513131852876,1.4190945396865027,25.00202683338641,1,540.0
212,0.0212,load_step,protected_ai_pwm_h1_baseline,94.2477796076938,30.809293111019652,63.438486496674145,0.0,-0.9809182576079112,2.9307686338552927,3.0905671669288406,3.7064027184408506,2,1,1,1,1,0,0,0.932464002358065,1.139071544820164,1.2463217065337726,25.002039283091253,1,540.0
213,0.0213,load_step,protected_ai_pwm_h1_baseline,94.2477796076938,31.02873165824765,63.21904794944615,0.0,-1.0567982673509488,2.972293850469899,3.1545765661047356,3.787789828124237,2,1,1,1,1,0,0,0.9324255777515034,1.175417904371255,1.2521344975673256,25.00205179084101,0,540.0
214,0.021400000000000002,load_step,protected_ai_pwm_h1_baseline,94.2477796076938,31.253023869376616,62.99475573831718,0.0,-1.3064943028777865,2.6968819814654172,2.9966814621185462,3.6701242906676974,3,1,1,1,1,0,0,0.9323823753780042,1.084668174083343,1.3487186802477804,25.002065264349206,1,540.0
215,0.021500000000000002,load_step,protected_ai_pwm_h1_baseline,94.2477796076938,31.470257280849886,62.777522326843915,0.0,-1.5339911219012377,2.4453861514718844,2.8867009183291383,3.5825031277599955,3,1,1,1,1,0,0,0.9322256650754023,1.0186703745036114,1.179617123246481,25.00207704675201,0,540.0
216,0.0216,load_step,protected_ai_pwm_h1_baseline,94.2477796076938,31.682230408144267,62.56554919954954,0.0,-1.7412820935178406,2.215873931422197,2.8181839203931203,3.520807062634261,3,1,1,1,1,0,0,0.9321921796055204,0.9756179284588617,1.0954090752914043,25.002087986995786,0,540.0
217,0.0217,load_step,protected_ai_pwm_h1_baseline,94.2477796076938,31.890495114885894,62.357284492807906,0.0,-1.9301835263131915,2.006569456891908,2.7842286958118785,3.4813502662616944,3,1,1,1,1,0,0,0.9323466023828388,0.9526239462502619,1.0429628385803522,25.00209840270426,0,540.0
218,0.0218,load_step,protected_ai_pwm_h1_baseline,94.2477796076938,32.09638257101248,62.151397036681324,0.0,-2.10235007651952,1.815840822038531,2.777976554116899,3.460838824581047,3,1,1,1,1,0,0,0.9326690521679506,0.9462836576908505,1.0161969413214746,25.002108550684323,0,540.0
219,0.0219,load_step,protected_ai_pwm_h1_baseline,94.2477796076938,32.30102672345737,61.94675288423643,0.0,-2.259288888305682,1.6421885198845287,2.79305735989472,3.4563328171987218,3,1,1,1,1,0,0,0.9331046488976041,0.9531316513510725,1.009762690668373,25.002118634254224,0,540.0
220,0.022000000000000002,load_step,protected_ai_pwm_h1_baseline,94.2477796076938,32.50538549567112,61.74239411202268,0.0,-2.4023725561289297,1.484234830010536,2.8238886183873917,3.4652117029093357,3,1,1,1,1,0,0,0.9335902931651282,0.9699588214224757,1.0191070802979478,25.002128811200798,0,540.0
221,0.0221,load_step,protected_ai_pwm_h1_baseline,94.2477796076938,32.7102599140481,61.5375196936457,0.0,-2.532850995588538,1.340714066740097,2.865806758071559,3.4851427410897706,3,1,1,1,1,0,0,0.9340680759164712,0.9939863223332535,1.0404364560039003,25.002139201373282,0,540.0
222,0.0222,load_step,protected_ai_pwm_h1_baseline,94.2477796076938,32.91631134309608,61.33146826459772,0.0,-2.647697874034841,1.2176766174128364,2.914282137467576,3.5147536545459315,3,1,1,1,1,0,0,0.9344910503288087,1.0225325122640272,1.0706378131526513,25.00214989349007,0,540.0
223,0.0223,load_step,protected_ai_pwm_h1_baseline,94.2477796076938,33.124118974063016,61.123660633630784,0.0,-2.752464611161522,1.1062341083435898,2.966448269928078,3.5509239797351135,3,1,1,1,1,0,0,0.9348248028815392,1.0537222188833848,1.106670137225318,25.00216094585882,0,540.0
224,0.0224,load_step,protected_ai_pwm_h1_baseline,94.2477796076938,33.33407521292694,60.91370439476686,0.0,-2.8480617221359066,1.0054562472341741,3.0203307498017455,3.5921066043605885,3,1,1,1,1,0,0,0.9350459306517075,1.0862924656392252,1.1464353672515133,25.002172395806184,0,540.0
225,0.022500000000000003,load_step,protected_ai_pwm_h1_baseline,94.2477796076938,33.54647985025267,60.70129975744113,0.0,-2.9353182130025233,0.9144888075668832,3.0744727663047247,3.6369326359546443,3,1,1,1,1,0,0,0.9351427274465421,1.1193023955587693,1.1884722408125945,25.002184266045955,0,540.0
226,0.022600000000000002,load_step,protected_ai_pwm_h1_baseline,94.2477796076938,33.76155073368073,60.48622887401307,0.0,-3.0149888669802634,0.8325475183607411,3.127825640655751,3.684192595504057,3,1,1,1,1,0,0,0.9351124156812818,1.1520660454788592,1.2316400756648154,25.002196567884937,0,540.0
227,0.0227,load_step,protected_ai_pwm_h1_baseline,94.2477796076938,33.97943331414908,60.268346293544724,0.0,-3.0877608907610057,0.7589124331820566,3.1796564908416616,3.7328193845093676,3,1,1,1,1,0,0,0.9349587957682162,1.1840954695244255,1.2750584057384773,25.002209303825207,0,540.0
228,0.0228,load_step,protected_ai_pwm_h1_baseline,94.2477796076938,34.20020917206351,60.04757043563029,0.0,-3.1542599746123594,0.6929227403173379,3.229473317971593,3.781872879477042,3,1,1,1,1,0,0,0.934690319012095,1.2150544744447969,1.31805750860706,25.0022224696716,0,540.0
229,0.0229,load_step,protected_ai_pwm_h1_baseline,94.2477796076938,34.423903620886975,59.823875986806826,0.0,-3.033701555239236,0.9480867732530076,3.1783979700280236,3.7060664827087817,2,1,1,1,1,0,0,0.934318551229668,1.188661161465886,1.4077497434489707,25.002236532352573,1,540.0
230,0.023,load_step,protected_ai_pwm_h1_baseline,94.2477796076938,34.643044331038126,59.604735276655674,0.0,-3.1045886330141705,0.8691600671061289,3.2239587160031573,3.76355420419491,3,1,1,1,1,0,0,0.9338569773143391,1.2158216206595385,1.3686886143632981,25.0022502043285,1,540.0
231,0.023100000000000002,load_step,protected_ai_pwm_h1_baseline,94.2477796076938,34.865608494903924,59.38217111278988,0.0,-3.169332847523953,0.7983939319002789,3.268348752640923,3.820216018463068,3,1,1,1,1,0,0,0.9334992454859633,1.242588315542652,1.3590382660961777,25.0022637797098,0,540.0
232,0.023200000000000002,load_step,protected_ai_pwm_h1_baseline,94.2477796076938,35.09154642393051,59.15623318376329,0.0,-3.047141246105549,0.42102357849681094,3.0760901526723723,3.63817986285017,1,1,1,1,1,0,0,0.9331397095244812,1.1332830093925919,1.444477879521514,25.00227820939673,1,540.0
233,0.0233,load_step,protected_ai_pwm_h1_baseline,94.2477796076938,35.30657323675093,58.94120637094287,0.0,-3.1165089802678834,0.39114067642142253,3.14095833350934,3.711852698390336,3,1,1,1,1,0,0,0.9327279066971202,1.169017335880389,1.2888185375513643,25.002291082394045,1,540.0
234,0.0234,load_step,protected_ai_pwm_h1_baseline,94.2477796076938,35.52599240002902,58.72178720766478,0.0,-3.1801085028134133,0.3652857910123865,3.201019181258012,3.779398584801565,3,1,1,1,1,0,0,0.9325803991034758,1.203473966247361,1.2925383063233005,25.002303992503226,0,540.0
235,0.0235,load_step,protected_ai_pwm_h1_baseline,94.2477796076938,35.74943691564251,58.49834269205129,0.0,-3.0570970522437064,0.029045992000445945,3.057235034551392,3.6611334902073507,1,1,1,1,1,0,0,0.9324716819987869,1.121066287928002,1.387703571112686,25.002317854178987,1,540.0
236,0.0236,load_step,protected_ai_pwm_h1_baseline,94.2477796076938,35.965786816880666,58.281992790813135,0.0,-2.944571629870913,-0.27727980303952193,2.9575980410823717,3.5730293882328326,1,1,1,1,1,0,0,0.9322957775831414,1.061382628658172,1.2271199683267435,25.00233010992631,0,540.0
237,0.023700000000000002,load_step,protected_ai_pwm_h1_baseline,94.2477796076938,36.17684760085446,58.07093200683934,0.0,-2.8417958275861506,-0.5562859985106763,2.895730933257625,3.5109236608115784,1,1,1,1,1,0,0,0.9322678824955174,1.022547271744857,1.1492322908288786,25.00234158671515,0,540.0
238,0.0238,load_step,protected_ai_pwm_h1_baseline,94.2477796076938,36.38417551857452,57.86360408911928,0.0,-2.7480840095708206,-0.8103431723308404,2.8650692453415587,3.4710874394270257,1,1,1,1,1,0,0,0.9324400181324339,1.0017881863500862,1.1007088429794034,25.002352578193,0,540.0
239,0.0239,load_step,protected_ai_pwm_h1_baseline,94.2477796076938,36.589103551374336,57.658676056319464,0.0,-2.6627979199679688,-1.0416170845547819,2.8592759421612572,3.4501846669181875,1,1,1,1,1,0,0,0.9327850874227752,0.995956310485374,1.0759064721425065,25.002363321573867,0,540.0
240,0.024,load_step,protected_ai_pwm_h1_baseline,94.2477796076938,36.79276493543557,57.45501467225823,0.0,-2.5853435629034554,-1.252086121132866,2.872580894070675,3.4452346107984555,1,1,1,1,1,0,0,0.9332443013757111,1.001917212016412,1.0698608950766482,25.00237400442734,0,540.0
241,0.0241,load_step,protected_ai_pwm_h1_baseline,94.2477796076938,36.99611444115608,57.25166516653772,0.0,-2.515168315912176,-1.4435572946476696,2.8999878138190494,3.453577557135114,1,1,1,1,1,0,0,0.9337526376848313,1.0168055688032571,1.078348149794219,25.002384772082145,0,540.0
242,0.024200000000000003,load_step,protected_ai_pwm_h1_baseline,94.2477796076938,37.19994759787024,57.04783200982356,0.0,-2.4517582460863596,-1.6176809154364002,2.9373474498975454,3.4728434411363667,1,1,1,1,1,0,0,0.9342514404043685,1.0381557308571825,1.0978518071132002,25.002395734701736,0,540.0
243,0.024300000000000002,load_step,protected_ai_pwm_h1_baseline,94.2477796076938,37.40491803982361,56.84286156787019,0.0,-2.3988000358867154,-1.7687510321128075,2.9803895426219422,3.5011330979579407,1,1,1,1,1,0,0,0.9346936979635433,1.0634524944389117,1.1254898612118798,25.002406973628784,0,540.0
244,0.0244,load_step,protected_ai_pwm_h1_baseline,94.2477796076938,37.61156569757362,56.63621391012018,0.0,-2.3513345672500954,-1.9059643335055545,3.0267927394753125,3.535804798821456,1,1,1,1,1,0,0,0.9350453151613114,1.091155908324708,1.1582780105139596,25.0024185403624,0,540.0
245,0.0245,load_step,protected_ai_pwm_h1_baseline,94.2477796076938,37.82027236878903,56.427507238904774,0.0,-2.3089763162604235,-2.030523450757944,3.074800337116136,3.5752799563595246,1,1,1,1,1,0,0,0.9352841066744375,1.120145273707533,1.1944437959079723,25.002430468676756,0,540.0
246,0.0246,load_step,protected_ai_pwm_h1_baseline,94.2477796076938,38.031325352948855,56.216454254744946,0.0,-2.271367301105806,-2.1435264236467626,3.1231098196196294,3.6181603467054604,1,1,1,1,1,0,0,0.9353992421620151,1.1495810943068288,1.2326490279417337,25.00244277896391,0,540.0
247,0.0247,load_step,protected_ai_pwm_h1_baseline,94.2477796076938,38.244928252261616,56.002851355432185,0.0,-2.238175278301564,-2.245975748605323,3.1707783965019574,3.6632092504108043,1,1,1,1,1,0,0,0.9353886181043893,1.1788473272444935,1.2718521127532258,25.002455481199846,0,540.0
248,0.024800000000000003,load_step,protected_ai_pwm_h1_baseline,94.2477796076938,38.46121064315335,55.78656896454045,0.0,-2.209092041566121,-2.3387866589018285,3.217143248903901,3.709334352564852,1,1,1,1,1,0,0,0.9352565911038706,1.2075025688805199,1.3112519458944547,25.00246857734943,0,540.0
249,0.024900000000000002,load_step,protected_ai_pwm_h1_baseline,94.2477796076938,38.680236723688715,55.567542884005086,0.0,-2.183831817178652,-2.422794700307481,3.2617565153701817,3.755572260999511,1,1,1,1,1,0,0,0.9350120999965887,1.2352401887854503,1.3502419484079116,25.00248206331173,0,540.0
250,0.025,load_step,protected_ai_pwm_h1_baseline,94.2477796076938,38.902013033836326,55.345766573857475,0.0,-2.1621297504772703,-2.498762660631768,3.3043335019435394,3.8010745107887143,1,1,1,1,1,0,0,0.934667157415062,1.2618565026537356,1.388372367479251,25.00249593048832,0,540.0
251,0.0251,load_step,protected_ai_pwm_h1_baseline,94.2477796076938,39.12649533759537,55.12128427009843,0.0,-1.781031957166926,-2.567386906892453,3.124668040309666,3.601319377820168,5,1,1,1,1,0,0,0.9342356694414538,1.1601978812025793,1.4740587868320727,25.00251065443665,1,540.0
252,0.0252,load_step,protected_ai_pwm_h1_baseline,94.2477796076938,39.33900626392685,54.90877334376695,0.0,-1.7962797465458937,-2.6293031796069064,3.1843140765543163,3.6647832190987817,1,1,1,1,1,0,0,0.9337325342615832,1.1937074675727164,1.3271584024658576,25.00252390928298,1,540.0
253,0.0253,load_step,protected_ai_pwm_h1_baseline,94.2477796076938,39.555298787781545,54.692480819912255,0.0,-1.8117958931171194,-2.685271944733248,3.239334773605152,3.722215071365734,1,1,1,1,1,0,0,0.9335170400239544,1.2256706275561042,1.3273843587720289,25.002537166300506,0,540.0
254,0.025400000000000002,load_step,protected_ai_pwm_h1_baseline,94.2477796076938,39.77501164074782,54.47276796694598,0.0,-1.8276057213063683,-2.7357947193088226,3.2900935273559946,3.773554375368854,1,1,1,1,1,0,0,0.9333721166054033,1.2558834373672427,1.3721377573149898,25.00255087076364,0,540.0
255,0.025500000000000002,load_step,protected_ai_pwm_h1_baseline,94.2477796076938,39.997779958067746,54.249999649626055,0.0,-1.481022132865579,-2.781330450212008,3.1510673796848967,3.6563634271486003,5,1,1,1,1,0,0,0.93319313909927,1.176974187237324,1.4633820687338484,25.002565487578522,1,540.0
256,0.0256,load_step,protected_ai_pwm_h1_baseline,94.2477796076938,40.19257262217959,54.05520698551421,0.35,-1.1653231316010617,-2.8222991737752037,3.053416222419849,3.569389170824766,5,1,1,1,1,0,0,0.9329396271700077,1.1190159287682795,1.3027656805850387,25.002578498132078,0,540.0
257,0.0257,load_step,protected_ai_pwm_h1_baseline,94.2477796076938,40.38214543969121,53.86563416800259,0.35,-0.8779187788288337,-2.8592824077339642,2.99102612315527,3.5084315793246126,5,1,1,1,1,0,0,0.9333242815290627,1.0798620725860937,1.224478214144813,25.002590725724232,0,540.0
258,0.0258,load_step,protected_ai_pwm_h1_baseline,94.2477796076938,40.56805575085255,53.67972385684125,0.35,-0.6164288996024693,-2.8927840144485883,2.9577329058781494,3.46970526187361,5,1,1,1,1,0,0,0.9341186815871599,1.0572453417680552,1.1743034110850321,25.002602451486837,0,540.0
259,0.025900000000000003,load_step,protected_ai_pwm_h1_baseline,94.2477796076938,40.75163424363925,53.49614536405455,0.35,-0.3786730173629491,-2.9232523595483717,2.9476766463918467,3.4498215867289868,5,1,1,1,1,0,0,0.9351398226056462,1.0484503938480711,1.1469117129404927,25.00261390325429,0,540.0
260,0.026000000000000002,load_step,protected_ai_pwm_h1_baseline,94.2477796076938,40.93400871478229,53.31377089291151,0.35,-0.16265383743261003,-2.9510859762542383,2.955565040745337,3.445751305507743,5,1,1,1,1,0,0,0.9362471861361549,1.050712209652747,1.137584493464653,25.002625261673202,0,540.0
261,0.0261,load_step,protected_ai_pwm_h1_baseline,94.2477796076938,41.11612559226533,53.131654015428474,0.35,0.03345792401130401,-2.976638727663568,2.976826758094218,3.45479025680007,5,1,1,1,1,0,0,0.9373373906164444,1.0614666876373862,1.1422924610483551,25.00263666709607,0,540.0
262,0.0262,load_step,protected_ai_pwm_h1_baseline,94.2477796076938,41.29876940373827,52.94901020395553,0.35,0.20300861354986047,-3.0002244966536145,3.0070848886414683,3.474699431483618,5,1,1,1,1,0,0,0.9383380881879473,1.078206494810735,1.15767457257156,25.002648226264014,0,540.0
263,0.0263,load_step,protected_ai_pwm_h1_baseline,94.2477796076938,41.48259062549245,52.76518898220135,0.35,0.35656258172198263,-3.0221214346117846,3.0430831142484815,3.5025900436737465,5,1,1,1,1,0,0,0.9392020012037916,1.098881180622499,1.1805945017698078,25.00266001455419,0,540.0
264,0.0264,load_step,protected_ai_pwm_h1_baseline,94.2477796076938,41.668066807571535,52.579712800122266,0.35,0.4954642490299615,-3.0425716649677965,3.082649373271591,3.536641249849433,5,1,1,1,1,0,0,0.939901351291199,1.1221261949713366,1.2085798100815575,25.00267208261886,0,540.0
265,0.026500000000000003,load_step,protected_ai_pwm_h1_baseline,94.2477796076938,41.85556649691482,52.39221311077898,0.35,0.6209444220194594,-3.061789564135796,3.1241202458112824,3.575237840571904,5,1,1,1,1,0,0,0.9404243245948478,1.1468803061621649,1.2399950432574776,25.00268446475541,0,540.0
266,0.026600000000000002,load_step,protected_ai_pwm_h1_baseline,94.2477796076938,42.045361551681594,52.202418056012206,0.35,0.734129787066861,-3.0799647868293722,3.1662485108354548,3.616949166010679,5,1,1,1,1,0,0,0.9407705640845088,1.1723349601479223,1.273551595454056,25.002697182374934,0,540.0
267,0.0267,load_step,protected_ai_pwm_h1_baseline,94.2477796076938,42.237638193450266,52.010141414243535,0.35,0.836051629176495,-3.0972649829497563,3.2081198078088393,3.660509976839641,5,1,1,1,1,0,0,0.9409477100464493,1.1978864875733404,1.3082444993262987,25.00271024683871,0,540.0
268,0.0268,load_step,protected_ai_pwm_h1_baseline,94.2477796076938,42.43250691201243,51.81527269568137,0.35,0.9276538380295989,-3.113838233411517,3.2490814374321864,3.7048030339249363,5,1,1,1,1,0,0,0.9409687704314657,1.2230941371564756,1.3432997491028942,25.002723661767888,0,540.0
269,0.0269,load_step,protected_ai_pwm_h1_baseline,94.2477796076938,42.63001132870153,51.61776827899227,0.35,1.0098002585098351,-3.129815230596406,3.2886836180696624,3.7488433488570845,5,1,1,1,1,0,0,0.9408501439473385,1.2476448200203285,1.3781306075627933,25.00273742491622,0,540.0
270,0.027,load_step,protected_ai_pwm_h1_baseline,94.2477796076938,42.83013611593218,51.41764349176162,0.35,1.0832814383481242,-3.145311227384843,3.326632139534326,3.791763925696527,5,1,1,1,1,0,0,0.9406101530031241,1.2713243268449919,1.412301497298971,25.002751529681692,0,540.0
271,0.027100000000000003,load_step,protected_ai_pwm_h1_baseline,94.2477796076938,43.0328140628612,51.2149655448326,0.35,1.3301750821373894,-2.846312983080951,3.1417930146326305,3.6150464704757077,4,1,1,1,1,0,0,0.9402679719650755,1.1664790496458535,1.4945814841683993,25.002766457153,1,540.0
272,0.027200000000000002,load_step,protected_ai_pwm_h1_baseline,94.2477796076938,43.22490097255941,51.02287863513439,0.35,1.3731589506285462,-2.8875978492892864,3.1974656906543037,3.673282210100794,5,1,1,1,1,0,0,0.9398428595485614,1.1974543952458612,1.34232858123374,25.002779861995766,1,540.0
273,0.0273,load_step,protected_ai_pwm_h1_baseline,94.2477796076938,43.420458178889824,50.82732142880398,0.35,1.4109429405436453,-2.926510712541327,3.248880565993323,3.7252571151845384,5,1,1,1,1,0,0,0.9396634858036493,1.2271493594773484,1.3391743494912842,25.00279323520685,0,540.0
274,0.0274,load_step,protected_ai_pwm_h1_baseline,94.2477796076938,43.61911074234494,50.628668865348864,0.35,1.4439441869083025,-2.963295456602191,3.2963760067725083,3.77088423251657,5,1,1,1,1,0,0,0.9395381657493053,1.2553211167171683,1.3810108120733557,25.0028070266934,0,540.0
275,0.0275,load_step,protected_ai_pwm_h1_baseline,94.2477796076938,43.820478548603425,50.427301059090375,0.35,1.6538996545676057,-2.6840586996518763,3.1527060076315023,3.6752913063417116,4,1,1,1,1,0,0,0.9393764945656363,1.1736272318245222,1.4696399244206086,25.002821704379134,1,540.0
276,0.027600000000000003,load_step,protected_ai_pwm_h1_baseline,94.2477796076938,44.01611022809764,50.23166937959616,0.35,1.8445305016595508,-2.42957460983992,3.050430388704393,3.6080395699287333,4,1,1,1,1,0,0,0.9391455758606543,1.112873051805307,1.3048795238542286,25.00283473436301,0,540.0
277,0.027700000000000002,load_step,protected_ai_pwm_h1_baseline,94.2477796076938,44.207702269427905,50.040077338265895,0.35,2.017635241808053,-2.197862780316941,2.983530252919912,3.565054455157685,4,1,1,1,1,0,0,0.9390357107086568,1.0714348355245225,1.2228573991507354,25.002846944038772,0,540.0
278,0.027800000000000002,load_step,protected_ai_pwm_h1_baseline,94.2477796076938,44.39670719272343,49.85107241497037,0.35,2.17484804222959,-1.9871007185238465,2.945935042112753,3.542680945877474,4,1,1,1,1,0,0,0.9390910040846022,1.046850269401027,1.1692014898754293,25.002858617074043,0,540.0
279,0.0279,load_step,protected_ai_pwm_h1_baseline,94.2477796076938,44.58435867602108,49.66342093167272,0.35,2.31765338207564,-1.7956114508081724,2.931848850421877,3.537645243500931,4,1,1,1,1,0,0,0.9392853413733506,1.0363039480691185,1.1385449597196677,25.002869983466194,0,540.0
280,0.028,load_step,protected_ai_pwm_h1_baseline,94.2477796076938,44.77169438563261,49.476085222061194,0.35,2.4473994804387735,-1.6218521127626158,2.936012345431221,3.5470194106931645,4,1,1,1,1,0,0,0.9395651754251667,1.0369788475708819,1.1261401157277748,25.00288122573413,0,540.0
281,0.0281,load_step,protected_ai_pwm_h1_baseline,94.2477796076938,44.95957668889752,49.28820291879628,0.35,2.565310582755456,-1.4644034369869106,2.953861170105361,3.5681888076529367,4,1,1,1,1,0,0,0.9398723836669934,1.0462814566649292,1.1279350093916423,25.00289248587605,0,540.0
282,0.028200000000000003,load_step,protected_ai_pwm_h1_baseline,94.2477796076938,45.14871141660404,49.09906819108976,0.35,2.6683337595754004,-1.3291730667249146,2.9810578816582387,3.5983094280221857,4,1,1,1,1,0,0,0.9401554604332713,1.0619593433021934,1.1405509954388124,25.002903872102763,0,540.0
283,0.028300000000000002,load_step,protected_ai_pwm_h1_baseline,94.2477796076938,45.33963414882215,48.90814545887165,0.35,2.761993230918868,-1.2071400319772738,3.014265028899042,3.635289158840929,4,1,1,1,1,0,0,0.9403749591136382,1.0814762435939222,1.1610970624796604,25.002915463714242,0,540.0
284,0.0284,load_step,protected_ai_pwm_h1_baseline,94.2477796076938,45.532755224232396,48.715024383461405,0.35,2.8471709912096554,-1.0972503559913025,3.0512851385783026,3.6773658933429267,4,1,1,1,1,0,0,0.9405013854225808,1.1035612321445905,1.1866589611734115,25.002927310867427,0,540.0
285,0.0285,load_step,protected_ai_pwm_h1_baseline,94.2477796076938,45.72837949861253,48.51940010908127,0.35,2.924667624099167,-0.9985351048034465,3.090429269046405,3.722976680338535,4,1,1,1,1,0,0,0.9405197418743535,1.1272070492509538,1.2156939994892964,25.002939448292018,0,540.0
286,0.0286,load_step,protected_ai_pwm_h1_baseline,94.2477796076938,45.92671827119225,48.32106133650155,0.35,2.9952097757863796,-0.9101036701270779,3.130426535049988,3.77073742326834,4,1,1,1,1,0,0,0.9404240771959994,1.1516229443127919,1.2469607173095638,25.002951898302868,0,540.0
287,0.0287,load_step,protected_ai_pwm_h1_baseline,94.2477796076938,46.127899995203386,48.119879612490415,0.35,3.0594569591640086,-0.8311375648833457,3.1703417066204866,3.8194243953852456,4,1,1,1,1,0,0,0.9402156157976281,1.1762072914204236,1.2794712646792443,25.002964673336194,0,540.0
288,0.028800000000000003,load_step,protected_ai_pwm_h1_baseline,94.2477796076938,46.331979881403285,47.915799726290516,0.35,2.9366534845842502,-1.0749994859905945,3.1272284188080763,3.7060946024347583,5,1,1,1,1,0,0,0.9399010104407103,1.1538753452528259,1.3592253626328357,25.002978245825332,1,540.0
289,0.028900000000000002,load_step,protected_ai_pwm_h1_baseline,94.2477796076938,46.52926198883405,47.71851761885975,0.35,3.0053268753604225,-0.986310485906083,3.1630361999781056,3.7657349655384786,4,1,1,1,1,0,0,0.9394908044457023,1.1751764428172176,1.3268128813505482,25.002991494099174,1,540.0
290,0.029,load_step,protected_ai_pwm_h1_baseline,94.2477796076938,46.7300980519177,47.5176815557761,0.35,2.8865127294431243,-0.5930569009105424,2.9468071238129605,3.585738681163673,6,1,1,1,1,0,0,0.9392305383624204,1.0516156115644295,1.3560634754328225,25.003005034790633,1,540.0
291,0.0291,load_step,protected_ai_pwm_h1_baseline,94.2477796076938,46.92014700129617,47.32763260639763,0.35,2.9587811324920215,-0.5491671374896923,3.009313930930004,3.664024438875934,4,1,1,1,1,0,0,0.9389800445801757,1.085082037583331,1.1867847286762092,25.003016882604353,1,540.0
292,0.0292,load_step,protected_ai_pwm_h1_baseline,94.2477796076938,47.11486627555965,47.13291333213415,0.35,3.0249152258564784,-0.5110056366490278,3.067774255760262,3.7361273785645865,4,1,1,1,1,0,0,0.9390109616260749,1.1179683718493962,1.1878987501192975,25.003028741479305,0,540.0
293,0.029300000000000003,load_step,protected_ai_pwm_h1_baseline,94.2477796076938,47.313885511815066,46.933894095878735,0.35,3.0854773699176103,-0.4781388452254144,3.1223048146500987,3.8017784690642635,4,1,1,1,1,0,0,0.9390674393741657,1.1497236238164779,1.2321487102402742,25.003041042774797,0,540.0
294,0.029400000000000003,load_step,protected_ai_pwm_h1_baseline,94.2477796076938,47.51681827574538,46.73096133194842,0.35,2.9596255553231674,-0.1360526489535725,2.962751044385817,3.698813649141629,6,1,1,1,1,0,0,0.9390297071681858,1.0586118724435154,1.3212488252928838,25.00305423498943,1,540.0
295,0.029500000000000002,load_step,protected_ai_pwm_h1_baseline,94.2477796076938,47.71357362965569,46.53420597803811,0.35,2.844456434367227,0.17504757910066598,2.8498375501003776,3.6254657142836546,6,1,1,1,1,0,0,0.9388553704177242,0.991275977069819,1.1532127237538246,25.0030657467551,0,540.0
296,0.0296,load_step,protected_ai_pwm_h1_baseline,94.2477796076938,47.90592443865806,46.34185516903574,0.35,2.7392759703418315,0.4578686445511355,2.777278620764448,3.577612719315253,6,1,1,1,1,0,0,0.938774895870703,0.9460897297748763,1.0681355185146781,25.003076407671976,0,540.0
297,0.0297,load_step,protected_ai_pwm_h1_baseline,94.2477796076938,48.09539675829663,46.15238284939717,0.35,2.643431871170854,0.7148829516588258,2.73839180762985,3.5515417371098987,6,1,1,1,1,0,0,0.9388525251157575,0.9203443061505486,1.0136408685349627,25.003086523571277,0,540.0
298,0.0298,load_step,protected_ai_pwm_h1_baseline,94.2477796076938,48.283294330753584,45.964485276940216,0.35,2.5563114597906043,0.9483484517799944,2.7265533307548346,3.5439134993209382,6,1,1,1,1,0,0,0.9390708369480325,0.9108046847895059,0.9838624322942462,25.003096341618775,0,540.0
299,0.029900000000000003,load_step,protected_ai_pwm_h1_baseline,94.2477796076938,48.470720963135854,45.77705864455795,0.35,2.4773396683793703,1.160326947988877,2.735611532867046,3.551729491667741,6,1,1,1,1,0,0,0.9393787234472469,0.9141558743682126,0.9736294099415044,25.003106057270596,0,540.0
300,0.030000000000000002,load_step,protected_ai_pwm_h1_baseline,94.2477796076938,48.65860093489538,45.58917867279842,0.35,2.4059771328275934,1.3527008845987922,2.760167684558973,3.5723013935873915,6,1,1,1,1,0,0,0.9397173217613959,0.9273123924381561,0.9785398549810438,25.003115821962098,0,540.0
301,0.030100000000000002,load_step,protected_ai_pwm_h1_baseline,94.2477796076938,48.847697574830406,45.400082032863395,0.35,2.3417183706763827,1.5271887410745153,2.7957021261979995,3.6032227547432325,6,1,1,1,1,0,0,0.9400329868098797,0.9475907229578115,0.9949305911489578,25.00312575049586,0,540.0
302,0.0302,load_step,protected_ai_pwm_h1_baseline,94.2477796076938,49.03863014167074,45.209149466023064,0.35,2.2882544620799616,1.678146134781371,2.837654477365155,3.6420715292612584,6,1,1,1,1,0,0,0.9402828508426837,0.9722992458156032,1.0198024470162137,25.003135927681996,0,540.0
303,0.0303,load_step,protected_ai_pwm_h1_baseline,94.2477796076938,49.23187290184876,45.01590670584504,0.35,2.2406272938582075,1.8148253294780754,2.883401055437408,3.6866433492648967,6,1,1,1,1,0,0,0.9404363031105427,0.9997061987150591,1.050129180502629,25.003146408067614,0,540.0
304,0.0304,load_step,protected_ai_pwm_h1_baseline,94.2477796076938,49.42776816734402,44.82001144034978,0.35,2.1984485478783595,1.93847852768804,2.931019450630797,3.735312341356724,6,1,1,1,1,0,0,0.9404748074037435,1.0285813698788484,1.0840182992951324,25.003157227274553,0,540.0
305,0.030500000000000003,load_step,protected_ai_pwm_h1_baseline,94.2477796076938,49.626560925198625,44.621218682495176,0.35,2.16135531264039,2.050248498261633,2.9790897422036346,3.7866330360383476,6,1,1,1,1,0,0,0.9403903964936334,1.0580065274156374,1.1200830618158488,25.00316840705699,0,540.0
306,0.030600000000000002,load_step,protected_ai_pwm_h1_baseline,94.2477796076938,49.828409641071325,44.419369966622476,0.35,2.310362947390465,1.8370632850820638,2.9517077196211794,3.7358376010897767,4,1,1,1,1,0,0,0.9401832953959579,1.0451401335724093,1.2011650293799323,25.00318039758457,1,540.0
307,0.0307,load_step,protected_ai_pwm_h1_baseline,94.2477796076938,50.027203050701125,44.220576556992675,0.35,2.4485252084676623,1.6404476436642008,2.947260451352245,3.6686753401373458,4,1,1,1,1,0,0,0.9398598169609402,1.0434630490047068,1.139459214593072,25.003191770974063,0,540.0
308,0.0308,load_step,protected_ai_pwm_h1_baseline,94.2477796076938,50.22196193380926,44.02581767388454,0.35,2.3953153383003833,1.773017213536743,2.9801217440558827,3.737061922230017,6,1,1,1,1,0,0,0.9395805358627972,1.0633254868181146,1.1805117995752425,25.003203554813584,1,540.0
309,0.0309,load_step,protected_ai_pwm_h1_baseline,94.2477796076938,50.420798374460375,43.826981233233425,0.35,2.348130034135616,1.8928336787902926,3.016046085982859,3.8057455724695233,6,1,1,1,1,0,0,0.9394428378715742,1.084816261078665,1.1621376132979189,25.003215154832684,0,540.0
310,0.031,load_step,protected_ai_pwm_h1_baseline,94.2477796076938,50.62372983709255,43.62404977060125,0.35,1.9438488009581631,2.0010201517286537,2.789736512398734,3.5987633603369797,2,1,1,1,1,0,0,0.9392877653707928,0.9554688297090649,1.2344256512515723,25.003227477654832,1,540.0
311,0.031100000000000003,load_step,protected_ai_pwm_h1_baseline,94.2477796076938,50.814259081331834,43.43352052636197,0.35,1.938056642306412,2.0986011319857427,2.8566046733770922,3.6901342656202383,6,1,1,1,1,0,0,0.9390384981432491,0.9914456836168989,1.0659605652528485,25.003238115743965,1,540.0
312,0.031200000000000002,load_step,protected_ai_pwm_h1_baseline,94.2477796076938,51.01024168007568,43.23753792761812,0.35,1.9345316259018615,2.186743607607081,2.9196335758147685,3.77519263945614,6,1,1,1,1,0,0,0.9390575741806085,1.0270501886966965,1.0701567163418884,25.00324879572369,0,540.0
313,0.0313,load_step,protected_ai_pwm_h1_baseline,94.2477796076938,51.21129944771008,43.03648015998372,0.35,1.5704520846227064,2.2662626400594057,2.7572207209116995,3.632966587086666,2,1,1,1,1,0,0,0.939078116957283,0.933473632756809,1.1587000540964931,25.003260361065593,1,540.0
314,0.031400000000000004,load_step,protected_ai_pwm_h1_baseline,94.2477796076938,51.40383040333883,42.84394920435497,0.35,1.601678584271744,2.337903095356604,2.8339310454901203,3.725712974928742,6,1,1,1,1,0,0,0.9389770784499029,0.9760700721121914,1.039889145004864,25.003270738221303,1,540.0
315,0.0315,load_step,protected_ai_pwm_h1_baseline,94.2477796076938,51.601896873945826,42.645882733747975,0.35,1.632240305472305,2.402579304419299,2.9045818509438233,3.8080918218293696,6,1,1,1,1,0,0,0.9390269216064325,1.016793917105766,1.0519856314005136,25.003281236272695,0,540.0
316,0.0316,load_step,protected_ai_pwm_h1_baseline,94.2477796076938,51.80487799994178,42.44290160775202,0.35,1.299550281207522,2.4608755076150777,2.782937152967403,3.7195727429150875,2,1,1,1,1,0,0,0.9390160644425899,0.9472800867529433,1.1461447660966289,25.003292675845447,1,540.0
317,0.0317,load_step,protected_ai_pwm_h1_baseline,94.2477796076938,52.00254620196776,42.24523340572604,0.35,0.9969767709294837,2.513327257565153,2.703844778346744,3.6586124714839032,2,1,1,1,1,0,0,0.9388594848786804,0.899875125392604,1.0163096276886348,25.00330281699055,0,540.0
318,0.0318,load_step,protected_ai_pwm_h1_baseline,94.2477796076938,52.19655111528655,42.05122849240725,0.35,0.7220056433424952,2.5606593411344223,2.660501533613049,3.6213240417157038,2,1,1,1,1,0,0,0.9387698504874652,0.8723584249193144,0.9598217636689992,25.003312393189407,0,540.0
319,0.031900000000000005,load_step,protected_ai_pwm_h1_baseline,94.2477796076938,52.38830963714659,41.85946997054721,0.35,0.4723312499042049,2.603517301771919,2.6460157123988894,3.604200650899366,2,1,1,1,1,0,0,0.938807704476365,0.861683062055216,0.9283228594385642,25.00332165433538,0,540.0
320,0.032,load_step,protected_ai_pwm_h1_baseline,94.2477796076938,52.57902869511412,41.66875091257968,0.35,0.24583943224802576,2.64247550715347,2.6538865522764947,3.6040835299929213,2,1,1,1,1,0,0,0.9389588919707179,0.8645329757132197,0.9167680434930543,25.003330799871453,0,540.0
321,0.032100000000000004,load_step,protected_ai_pwm_h1_baseline,94.2477796076938,52.769726090904435,41.478053516789366,0.35,0.04059189429549324,2.6780444892986734,2.6783521031681943,3.6181319102178016,2,1,1,1,1,0,0,0.9391784725352523,0.8777229092053707,0.9207554132038943,25.00333998522025,0,540.0
322,0.0322,load_step,protected_ai_pwm_h1_baseline,94.2477796076938,52.961249545294905,41.286530062398896,0.35,-0.14518817291727204,2.710677605923499,2.714563075120968,3.6437950206055123,2,1,1,1,1,0,0,0.9394144422193818,0.8984349712791171,0.9365682239759722,25.003349328635924,0,540.0
323,0.0323,load_step,protected_ai_pwm_h1_baseline,94.2477796076938,53.15429406579821,41.09348554189559,0.35,-0.3048004530679863,2.7407770719158147,2.757673344348434,3.6789475005852803,2,1,1,1,1,0,0,0.9396195845145897,0.9238406459869944,0.9611367846765322,25.003358917674912,0,540.0
324,0.0324,load_step,protected_ai_pwm_h1_baseline,94.2477796076938,53.349427416621204,40.8983521910726,0.35,-0.44876780996578375,2.7686994090218398,2.8048331438392857,3.7207709650131022,2,1,1,1,1,0,0,0.9397565318557175,0.9520861046333685,0.9913746936674518,25.003368809029066,0,540.0
325,0.0325,load_step,protected_ai_pwm_h1_baseline,94.2477796076938,53.54704865513425,40.70073095255955,0.35,-0.5783977863436536,2.794755043042945,2.8539796337502503,3.7675239803357075,2,1,1,1,1,0,0,0.9397989266411693,0.9818643742317233,1.0253102516427013,25.003379039672854,0,540.0
326,0.032600000000000004,load_step,protected_ai_pwm_h1_baseline,94.2477796076938,53.747452593837764,40.50032701385604,0.35,-0.3321798706183791,2.819218934966287,2.83872134414713,3.755688834771238,6,1,1,1,1,0,0,0.9397319558397951,0.9759755806591569,1.103569469120798,25.003390052840615,1,540.0
327,0.0327,load_step,protected_ai_pwm_h1_baseline,94.2477796076938,53.94713287373422,40.30064673395958,0.35,-0.10447159257626763,2.8423344409316527,2.844253748834951,3.7249757562046075,6,1,1,1,1,0,0,0.9395502009007565,0.9801563368689277,1.0532306137251348,25.0034005625464,0,540.0
328,0.0328,load_step,protected_ai_pwm_h1_baseline,94.2477796076938,54.144959820915524,40.10281978677828,0.35,0.10633403836826348,2.8640862304471093,2.866059466087966,3.6775958522862213,6,1,1,1,1,0,0,0.9393466160242259,0.9931749566842452,1.0581838029702542,25.003411121714013,0,540.0
329,0.0329,load_step,protected_ai_pwm_h1_baseline,94.2477796076938,54.339936169616756,39.907843438077045,0.35,-0.06933054241650292,2.8844723180024054,2.8853054045341433,3.7502796231682587,2,1,1,1,1,0,0,0.9391943107417573,1.0057265568866216,1.1167174907068824,25.00342226614811,1,540.0
330,0.033,load_step,protected_ai_pwm_h1_baseline,94.2477796076938,54.539247219773884,39.70853238791992,0.35,-0.21950197077799685,2.903501919939785,2.911787168436155,3.8217299606312474,2,1,1,1,1,0,0,0.939147547156819,1.0217658376589198,1.089435518935348,25.00343313768819,0,540.0
331,0.033100000000000004,load_step,protected_ai_pwm_h1_baseline,94.2477796076938,54.74281882485538,39.504960782838424,0.35,-0.5360067006243594,2.607313577402537,2.6618390774090432,3.5832443580207776,3,1,1,1,1,0,0,0.9390519140312131,0.8786392508852259,1.1523981605455336,25.003444638782213,1,540.0
332,0.0332,load_step,protected_ai_pwm_h1_baseline,94.2477796076938,54.9321028759891,39.3156767317047,0.35,-0.6421207066104664,2.650811869842781,2.7274754941442287,3.683335899154531,2,1,1,1,1,0,0,0.9388378254969163,0.9133758042078997,0.973395383371797,25.00345434977179,1,540.0
333,0.0333,load_step,protected_ai_pwm_h1_baseline,94.2477796076938,55.127362254329334,39.120417353364466,0.35,-0.7371474673033547,2.691485187211136,2.790605472210057,3.7778382852172268,2,1,1,1,1,0,0,0.938922133721538,0.948672653748035,0.9761549278240065,25.00346408829207,0,540.0
334,0.0334,load_step,protected_ai_pwm_h1_baseline,94.2477796076938,55.328262023836025,38.919517583857775,0.35,-1.0033536682478568,2.4155528990787554,2.6156479869879683,3.6069524749230446,3,1,1,1,1,0,0,0.9390051830442359,0.8475439405558589,1.060575192160805,25.00347467095007,1,540.0
335,0.0335,load_step,protected_ai_pwm_h1_baseline,94.2477796076938,55.51891988122273,38.72885972647107,0.35,-1.0635916027388799,2.478002899624682,2.696613703882147,3.7137941809142654,2,1,1,1,1,0,0,0.9389469048251777,0.8922889325023743,0.9383085623417616,25.00348403087122,1,540.0
336,0.033600000000000005,load_step,protected_ai_pwm_h1_baseline,94.2477796076938,55.71595691658864,38.53182269110516,0.35,-1.1167807254817528,2.5364010638293615,2.7713768320822534,3.81026212694909,2,1,1,1,1,0,0,0.9390670739512291,0.9352445431501893,0.9524896125841339,25.003493532540475,0,540.0
337,0.0337,load_step,protected_ai_pwm_h1_baseline,94.2477796076938,55.918751833354456,38.329027774339345,0.35,-1.344833611582379,2.2770426766272065,2.6445227913601532,3.695043749399163,3,1,1,1,1,0,0,0.9391145144005114,0.8625707973815975,1.0450123933113489,25.00350395937419,1,540.0
338,0.033800000000000004,load_step,protected_ai_pwm_h1_baseline,94.2477796076938,56.11463604977186,38.13314355792194,0.35,-1.551633652105513,2.040873051976597,2.5637335674033217,3.6106089950114786,3,1,1,1,1,0,0,0.93898562495334,0.813976831027889,0.9176313124648735,25.003513112327585,0,540.0
339,0.0339,load_step,protected_ai_pwm_h1_baseline,94.2477796076938,56.30545230947369,37.942327298220114,0.35,-1.5578230337692647,2.140212310303161,2.647134552249898,3.7128528548804245,2,1,1,1,1,0,0,0.9389442068543739,0.8612047482439277,0.9006424253820536,25.00352209533109,1,540.0
340,0.034,load_step,protected_ai_pwm_h1_baseline,94.2477796076938,56.50237258185005,37.745407025843754,0.35,-1.561845070174066,2.2328294598537317,2.7248646608625795,3.7995259453497203,2,1,1,1,1,0,0,0.9390697941449012,0.9063756054009875,0.9170856563888063,25.003531242707016,0,540.0
341,0.0341,load_step,protected_ai_pwm_h1_baseline,94.2477796076938,56.704464582046874,37.543315025646926,0.35,-1.745175726476798,2.005212528480804,2.6582918576898584,3.754630932035202,3,1,1,1,1,0,0,0.9391235356845923,0.8688063430105725,1.0104598023367777,25.00354132376342,1,540.0
342,0.0342,load_step,protected_ai_pwm_h1_baseline,94.2477796076938,56.90385436166775,37.34392524602605,0.35,-1.9113008474410043,1.7984864770314974,2.62442842110313,3.731609455771462,3,1,1,1,1,0,0,0.9390150803917137,0.8484551127628271,0.9255622570577885,25.003550555777167,0,540.0
343,0.034300000000000004,load_step,protected_ai_pwm_h1_baseline,94.2477796076938,57.10185112652402,37.14592848116978,0.35,-2.0618557621972666,1.6110211460190025,2.6166081703278485,3.72710435930426,3,1,1,1,1,0,0,0.938899036690489,0.8427841394177853,0.9021490513660589,25.00355955359731,0,540.0
344,0.0344,load_step,protected_ai_pwm_h1_baseline,94.2477796076938,57.29956307638965,36.94821653130415,0.35,-2.198324155312039,1.4413123718369516,2.628689872358215,3.738088698434799,3,1,1,1,1,0,0,0.938821516454745,0.8488919147889116,0.895908955344447,25.003568488956507,0,540.0
345,0.0345,load_step,protected_ai_pwm_h1_baseline,94.2477796076938,57.497917181688386,36.749862426005414,0.35,-2.322051834195515,1.2879725572432101,2.655333882754176,3.761837769240919,3,1,1,1,1,0,0,0.9387758512514754,0.8639505452214046,0.9031064034743765,25.003577496230616,0,540.0
346,0.0346,load_step,protected_ai_pwm_h1_baseline,94.2477796076938,57.69767728466068,36.55010232303312,0.35,-2.430094875343595,1.1569349443510315,2.6914419125501716,3.7959868446077856,3,1,1,1,1,0,0,0.9387341103459654,0.8851244102787201,0.9205128493124743,25.003586677509134,0,540.0
347,0.0347,load_step,protected_ai_pwm_h1_baseline,94.2477796076938,57.89946565432024,36.34831395337356,0.35,-2.5280751741561702,1.0391989385105893,2.7333310300778217,3.8376267879770047,3,1,1,1,1,0,0,0.9386640135996924,0.910146341313874,0.9450283830818066,25.00359610388178,0,540.0
348,0.034800000000000005,load_step,protected_ai_pwm_h1_baseline,94.2477796076938,58.10373041773625,36.14404918995755,0.35,-2.616961074516116,0.9337258246887568,2.7785480347158376,3.8848783797651674,3,1,1,1,1,0,0,0.9385371933136601,0.9375036297217355,0.9742426200206034,25.003605822333952,0,540.0
349,0.0349,load_step,protected_ai_pwm_h1_baseline,94.2477796076938,58.31080720768173,35.936972400012074,0.35,-2.5162762231362996,0.5254434568736044,2.5705518585495146,3.533622742820066,1,1,1,1,1,0,0,0.9383336202187588,0.8185704552620338,1.0474961941076968,25.003616273257077,1,540.0
350,0.035,load_step,protected_ai_pwm_h1_baseline,94.2477796076938,58.49684757348549,35.75093203420831,0.35,-2.604800724402085,0.46815763031548685,2.6465370544672595,3.623389212806409,3,1,1,1,1,0,0,0.938041696685079,0.8608620141967155,0.9046834816817095,25.003625295983404,1,540.0
351,0.0351,load_step,protected_ai_pwm_h1_baseline,94.2477796076938,58.688245622983246,35.559533984710555,0.35,-2.6855602419311024,0.4181005195554675,2.7179113041991627,3.7098539293670747,3,1,1,1,1,0,0,0.9382278290688333,0.9019336720308335,0.9154186852499543,25.003634426001618,0,540.0
352,0.0352,load_step,protected_ai_pwm_h1_baseline,94.2477796076938,58.88480335466985,35.36297625302395,0.35,-2.7592793716056474,0.374732007135577,2.7846089003198125,3.7923562206983474,3,1,1,1,1,0,0,0.9385082665817311,0.9412560361909842,0.963784034176497,25.003644039612453,0,540.0
353,0.035300000000000005,load_step,protected_ai_pwm_h1_baseline,94.2477796076938,59.08628324506247,35.16149636263133,0.35,-2.6452628852311157,0.6516679968700496,2.7243507318489426,3.716777807283374,2,1,1,1,1,0,0,0.9386902700775365,0.9088604881076359,1.0519836820679047,25.003654535155675,1,540.0
354,0.0354,load_step,protected_ai_pwm_h1_baseline,94.2477796076938,59.28322474697483,34.96455486071897,0.35,-2.5407402130752326,0.9078746364844543,2.698072865196446,3.623729080454308,2,1,1,1,1,0,0,0.9386921043522142,0.8935373466509247,0.9714767522905734,25.003664225559632,0,540.0
355,0.035500000000000004,load_step,protected_ai_pwm_h1_baseline,94.2477796076938,59.47458271706336,34.77319689063044,0.35,-2.6260901985056098,0.8309475453439226,2.754418913999888,3.713537816769915,3,1,1,1,1,0,0,0.9387156082643036,0.9261326155743034,0.9935970672305829,25.003674137102134,1,540.0
356,0.0356,load_step,protected_ai_pwm_h1_baseline,94.2477796076938,59.67130049166998,34.57647911602382,0.35,-2.703804668712402,0.763031600069771,2.8094086404893144,3.798924008917296,3,1,1,1,1,0,0,0.9388819440446288,0.9584045279119591,0.9926229296191252,25.003684038837182,0,540.0
357,0.0357,load_step,protected_ai_pwm_h1_baseline,94.2477796076938,59.873112996615326,34.374666611078474,0.35,-2.5932585304060023,0.3893216347030645,2.6223198013917686,3.6177498565256925,1,1,1,1,1,0,0,0.9389764744401896,0.8517875126718668,1.0732718668341694,25.003694746995592,1,540.0
358,0.0358,load_step,protected_ai_pwm_h1_baseline,94.2477796076938,60.064067824595064,34.18371178309874,0.35,-2.673098117290299,0.36386908315286554,2.6977498502150725,3.7178346622986522,3,1,1,1,1,0,0,0.9389059179803159,0.8933430039991798,0.9431942620636936,25.003704154306565,1,540.0
359,0.0359,load_step,protected_ai_pwm_h1_baseline,94.2477796076938,60.260997448342884,33.986782159350916,0.35,-2.7462282632310884,0.3431206249522013,2.7675804300935556,3.8082054756604666,3,1,1,1,1,0,0,0.9390169012785505,0.93336711113648,0.9536147447013894,25.00371366575965,0,540.0
360,0.036000000000000004,load_step,protected_ai_pwm_h1_baseline,94.2477796076938,60.463320085424755,33.784459522269046,0.35,-2.6319108756420775,0.012631583074248895,2.6319411874534753,3.6859786657928577,1,1,1,1,1,0,0,0.9390668889159092,0.8556654317773449,1.042589106997639,25.00372406689295,1,540.0
361,0.0361,load_step,protected_ai_pwm_h1_baseline,94.2477796076938,60.658312646382846,33.589466961310954,0.35,-2.527337790574774,-0.2873307864053432,2.543618542251116,3.5957436720073517,1,1,1,1,1,0,0,0.9389546702883976,0.8025428307096277,0.9095381148557022,25.003733137446986,0,540.0
362,0.0362,load_step,protected_ai_pwm_h1_baseline,94.2477796076938,60.84789021007135,33.39988939762245,0.35,-2.6133082121280466,-0.24533149498068013,2.624798535889058,3.694203311464695,3,1,1,1,1,0,0,0.9389454358053232,0.8481491080731098,0.8875337630200251,25.003741987897033,1,540.0
363,0.0363,load_step,protected_ai_pwm_h1_baseline,94.2477796076938,61.04334541902242,33.20443418867138,0.35,-2.6926616783251127,-0.20439178024768392,2.7004079161773746,3.777271906820861,3,1,1,1,1,0,0,0.9391165542447026,0.8918469307685961,0.9021493038826404,25.003750984443485,0,540.0
364,0.0364,load_step,protected_ai_pwm_h1_baseline,94.2477796076938,61.24375676124045,33.00402284645335,0.35,-2.5846063598926023,-0.47846501636042116,2.628520269558153,3.728446309643129,1,1,1,1,1,0,0,0.9392241138050786,0.8510289305173294,0.9931318211359742,25.003760890755135,1,540.0
365,0.036500000000000005,load_step,protected_ai_pwm_h1_baseline,94.2477796076938,61.441230790464424,32.80654881722938,0.35,-2.486289209132864,-0.7268343617741679,2.5903517562111493,3.7022770737199995,1,1,1,1,1,0,0,0.9391743197004043,0.8279730277787897,0.9053469910756958,25.00376991915244,0,540.0
366,0.0366,load_step,protected_ai_pwm_h1_baseline,94.2477796076938,61.63712357783702,32.61065602985678,0.35,-2.39711586416364,-0.9517703928481217,2.5791532228480074,3.695313869830046,1,1,1,1,1,0,0,0.9391202808056499,0.8201274180600301,0.8792423491974415,25.003778686443138,0,540.0
367,0.0367,load_step,protected_ai_pwm_h1_baseline,94.2477796076938,61.83258460908706,32.415194998606744,0.35,-2.316523393133934,-1.1553457685230464,2.5886491604272805,3.7044390032181926,1,1,1,1,1,0,0,0.9391059952696139,0.8245344110090371,0.8707484649587898,25.003787368736543,0,540.0
368,0.0368,load_step,protected_ai_pwm_h1_baseline,94.2477796076938,62.028576706552045,32.219202901141756,0.35,-2.2439793325171866,-1.3394521611081331,2.6133456213561814,3.7268402354994867,1,1,1,1,1,0,0,0.9391226661086365,0.8382874194595337,0.8760346224854729,25.003796103833643,0,540.0
369,0.0369,load_step,protected_ai_pwm_h1_baseline,94.2477796076938,62.22589432322631,32.02188528446749,0.35,-2.183145125800273,-1.4986027821958097,2.648005464327918,3.760050370100527,1,1,1,1,1,0,0,0.9391405196144527,0.8584744172970363,0.8917940776512078,25.00380499646706,0,540.0
370,0.037000000000000005,load_step,protected_ai_pwm_h1_baseline,94.2477796076938,62.42518420435153,31.82259540334227,0.35,-2.1290310305332008,-1.6421932078062844,2.688786280227262,3.801084466913559,1,1,1,1,1,0,0,0.9391258436978941,0.8827330900213666,0.9148788705013792,25.00381411988912,0,540.0
371,0.0371,load_step,protected_ai_pwm_h1_baseline,94.2477796076938,62.62691441496276,31.62086519273104,0.35,-2.081214531223888,-1.7716052214070215,2.733137205757166,3.8479893889863668,1,1,1,1,1,0,0,0.9390493011944795,0.9094903364515122,0.9428123289182677,25.003823522584945,0,540.0
372,0.037200000000000004,load_step,protected_ai_pwm_h1_baseline,94.2477796076938,62.83143610076195,31.416343506931852,0.35,-2.220652079567954,-1.5739845265691383,2.721896939336343,3.8311436038467113,3,1,1,1,1,0,0,0.9388903126005694,0.9057945414378391,1.0142305595176269,25.00383363940039,1,540.0
373,0.0373,load_step,protected_ai_pwm_h1_baseline,94.2477796076938,63.03493395506933,31.212845652624473,0.35,-2.350339570219877,-1.391054019065951,2.731140307509098,3.7947418270927624,3,1,1,1,1,0,0,0.9386370888847962,0.9120796927128085,0.9686377180382842,25.003843300219977,0,540.0
374,0.0374,load_step,protected_ai_pwm_h1_baseline,94.2477796076938,63.236237749354295,31.011541858339505,0.35,-2.4709984187889984,-1.2214653591664484,2.756412670356409,3.7409167048527427,3,1,1,1,1,0,0,0.9383846360794055,0.9271148414629328,0.9758907211614002,25.003853033505187,0,540.0
375,0.0375,load_step,protected_ai_pwm_h1_baseline,94.2477796076938,63.434304970900264,30.813474636793536,0.35,-2.5791359929197593,-1.0712047866511738,2.7927445577636667,3.674702921924073,3,1,1,1,1,0,0,0.9382062757765066,0.9486586919009657,0.9938777529390092,25.003862946595827,0,540.0
376,0.0376,load_step,protected_ai_pwm_h1_baseline,94.2477796076938,63.62839448236133,30.61938512533247,0.35,-2.49853850834764,-1.2454506978478475,2.791745353442133,3.7580593657646686,1,1,1,1,1,0,0,0.938155653976666,0.9500332452846787,1.06116443628032,25.003873532487212,1,540.0
377,0.037700000000000004,load_step,protected_ai_pwm_h1_baseline,94.2477796076938,63.82745745799934,30.420322149694464,0.35,-2.4263930085833536,-1.4026703288961397,2.8026535789618707,3.8432783511130033,1,1,1,1,1,0,0,0.9382654875425204,0.9569302917342557,1.0207338090197984,25.003883714001752,0,540.0
378,0.0378,load_step,protected_ai_pwm_h1_baseline,94.2477796076938,64.03160497748084,30.21617463021296,0.35,-2.0036002252775087,-1.5371722232477847,2.5253340980267582,3.6017869554663897,5,1,1,1,1,0,0,0.938326070642809,0.7982700329033493,1.0703836667645563,25.003894391946993,1,540.0
379,0.0379,load_step,protected_ai_pwm_h1_baseline,94.2477796076938,64.22128502032902,30.02649458736478,0.35,-1.9810933872111574,-1.6581639990406085,2.5834548295966235,3.7121469023250215,1,1,1,1,1,0,0,0.9382347448723648,0.8278619563239714,0.8804140073241218,25.003903170124453,1,540.0
380,0.038,load_step,protected_ai_pwm_h1_baseline,94.2477796076938,64.41755486160739,29.830224746086415,0.35,-1.96254832042675,-1.7671494240726193,2.640911395145632,3.8161257006670954,1,1,1,1,1,0,0,0.9384217640389348,0.8592126049553188,0.8775955286120137,25.003911920058606,0,540.0
381,0.0381,load_step,protected_ai_pwm_h1_baseline,94.2477796076938,64.62003212207301,29.627747485620787,0.35,-1.585040781910121,-1.86518318150433,2.4477055747954783,3.641894986318319,5,1,1,1,1,0,0,0.9385748627580941,0.7471090969940299,0.9533685920393976,25.00392142766506,1,540.0
382,0.038200000000000005,load_step,protected_ai_pwm_h1_baseline,94.2477796076938,64.81206717704805,29.43571243064575,0.35,-1.6043340113984477,-1.9532283528780054,2.52764487589067,3.758810418258286,1,1,1,1,1,0,0,0.9385515319523403,0.7906415215932509,0.8257109288056015,25.003929658631495,1,540.0
383,0.0383,load_step,protected_ai_pwm_h1_baseline,94.2477796076938,65.01108415543767,29.23669545225613,0.35,-1.2616591567895579,-2.0324600736909026,2.3922119009524567,3.631148087193946,5,1,1,1,1,0,0,0.9386914122546071,0.7111026971710744,0.8753152414152122,25.003938385586185,1,540.0
384,0.038400000000000004,load_step,protected_ai_pwm_h1_baseline,94.2477796076938,65.2024460287874,29.045333578906394,0.35,-1.3130169918870183,-2.1036329800961706,2.4797752591580413,3.7496800877680747,1,1,1,1,1,0,0,0.9387353430059302,0.7599176620796424,0.7880152011216391,25.003946239482293,1,540.0
385,0.0385,load_step,protected_ai_pwm_h1_baseline,94.2477796076938,65.40088661907681,28.846892988616986,0.35,-0.9998557867149822,-2.1677339985555726,2.3872122408200673,3.6611844342525046,5,1,1,1,1,0,0,0.9389104786234888,0.7055603462487647,0.842097699836548,25.00395463415103,1,540.0
386,0.0386,load_step,protected_ai_pwm_h1_baseline,94.2477796076938,65.59401603611943,28.653763571574373,0.35,-0.7156704567484464,-2.2253471705740955,2.3375958231149934,3.601003427170766,5,1,1,1,1,0,0,0.9389688097108329,0.6745484740314783,0.7477923810383483,25.00396208571061,0,540.0
387,0.038700000000000005,load_step,protected_ai_pwm_h1_baseline,94.2477796076938,65.78352914740904,28.46425046028476,0.35,-0.8207713440582857,-2.277305122110462,2.420699117696743,3.714811306496038,1,1,1,1,1,0,0,0.9390909358794465,0.7221967521461206,0.7509514522476214,25.00396956881123,1,540.0
388,0.0388,load_step,protected_ai_pwm_h1_baseline,94.2477796076938,65.97983840774828,28.267941199945525,0.35,-0.5569874396798573,-2.3243479202127086,2.3901523512442187,3.6822049254590707,5,1,1,1,1,0,0,0.9393206842138023,0.704095231880224,0.8021129399739186,25.003977563476838,1,540.0
389,0.038900000000000004,load_step,protected_ai_pwm_h1_baseline,94.2477796076938,66.17418129173123,28.07359831596257,0.35,-0.318167206633054,-2.3668377163469305,2.388127121176558,3.670275005717164,5,1,1,1,1,0,0,0.9394246687115395,0.7018959845045997,0.7474605198470198,25.003985011564946,0,540.0
390,0.039,load_step,protected_ai_pwm_h1_baseline,94.2477796076938,66.36779531092789,27.87998429676591,0.35,-0.10223556531429163,-2.4054065338684008,2.4075781823217968,3.675809421639362,5,1,1,1,1,0,0,0.9395045034553817,0.7123447204249868,0.7454355231240481,25.003992439353436,0,540.0
391,0.0391,load_step,protected_ai_pwm_h1_baseline,94.2477796076938,66.56172565564002,27.686053952053783,0.35,0.0927120513733308,-2.4406137253214975,2.44237402555332,3.6958990352966117,5,1,1,1,1,0,0,0.9395830360945554,0.7322249485498152,0.7565773943300331,25.003999978511118,0,540.0
392,0.0392,load_step,protected_ai_pwm_h1_baseline,94.2477796076938,66.75684334164924,27.490936266044557,0.35,0.26009451086793495,-2.4729537140950684,2.48659390062797,3.728745152278826,5,1,1,1,1,0,0,0.9396468032070523,0.7582457549515587,0.777642089313917,25.00400772826549,0,540.0
393,0.0393,load_step,protected_ai_pwm_h1_baseline,94.2477796076938,66.95391167689189,27.29386793080191,0.35,0.41054573083354423,-2.5028629904555375,2.5363104987555616,3.7704151609527843,5,1,1,1,1,0,0,0.9396696243309686,0.7879805647126428,0.8054103397939986,25.0040157556507,0,540.0
394,0.039400000000000004,load_step,protected_ai_pwm_h1_baseline,94.2477796076938,67.1534585677633,27.094321039930506,0.35,0.5454766160066322,-2.530719708425304,2.588838925314262,3.818866246154119,5,1,1,1,1,0,0,0.9396238025128874,0.8197705607263186,0.8375616560874056,25.004024104495556,0,540.0
395,0.0395,load_step,protected_ai_pwm_h1_baseline,94.2477796076938,67.35588963003227,26.891889977661535,0.35,0.6661812320787607,-2.5568572171047723,2.6422180573591456,3.8722620223588247,5,1,1,1,1,0,0,0.9394886971596624,0.8523795699503662,0.8724711925435316,25.00403280238012,0,540.0
396,0.0396,load_step,protected_ai_pwm_h1_baseline,94.2477796076938,67.56150055179565,26.686279055898154,0.35,0.4111377597765839,-2.581569018342407,2.6141026861964485,3.870931789277366,1,1,1,1,1,0,0,0.9392517555262276,0.8394139987047444,0.947789096910196,25.00404225338574,1,540.0
397,0.0397,load_step,protected_ai_pwm_h1_baseline,94.2477796076938,67.76701606983211,26.48076353786169,0.35,0.17469427777801524,-2.605113215116644,2.6109639894613177,3.8475712557947266,1,1,1,1,1,0,0,0.9389080639768703,0.8386003077630836,0.8929157771406188,25.004051155595157,0,540.0
398,0.0398,load_step,protected_ai_pwm_h1_baseline,94.2477796076938,67.97111781194221,26.276661795751593,0.35,-0.04476412758912518,-2.6274262320676596,2.6278075333014925,3.80455048375869,1,1,1,1,1,0,0,0.9385448061644004,0.8486563481500589,0.8917136725077248,25.004060045724177,0,540.0
399,0.039900000000000005,load_step,protected_ai_pwm_h1_baseline,94.2477796076938,68.17262934100984,26.075150266683963,0.35,-0.24038641712313893,-2.6484655383351092,2.6593524281835945,3.746889598682235,1,1,1,1,1,0,0,0.9382364456829133,0.8673099700582116,0.9031900183996976,25.00406905055739,0,540.0
400,0.04,load_step,protected_ai_pwm_h1_baseline,94.2477796076938,68.37067473429454,25.87710487339926,0.35,-0.4225550134772551,-2.6682065427480883,2.701458660460765,3.6737846128534275,1,1,1,1,1,0,0,0.9380417957665333,0.8923638194536874,0.9246741245773628,25.004078270171632,0,540.0
401,0.040100000000000004,load_step,protected_ai_pwm_h1_baseline,94.2477796076938,68.56433002257803,25.683449585115767,0.35,-0.22973800350164364,-2.686646518464166,2.6964511984140462,3.764344523586301,5,1,1,1,1,0,0,0.9380003324587799,0.8918569546432823,0.9937581272053352,25.004088180564437,1,540.0
402,0.0402,load_step,protected_ai_pwm_h1_baseline,94.2477796076938,68.7633898920951,25.484389715598695,0.35,-0.05627114582365405,-2.7037944907580025,2.7043799825663615,3.8560721552660917,5,1,1,1,1,0,0,0.9381403322242294,0.8971742438179746,0.9522625946833153,25.004097675935846,0,540.0
403,0.0403,load_step,protected_ai_pwm_h1_baseline,94.2477796076938,68.96792380860312,25.279855799090683,0.35,0.2808255506104954,-2.405842189078438,2.422176630352423,3.6117419445758534,4,1,1,1,1,0,0,0.9382286847654575,0.7351038368707613,0.9982688684393499,25.00410763130669,1,540.0
404,0.040400000000000005,load_step,protected_ai_pwm_h1_baseline,94.2477796076938,69.15782033297073,25.08995927472307,0.35,0.39672858735113786,-2.4477436142819013,2.479685942469218,3.728534177211449,5,1,1,1,1,0,0,0.9381538068939083,0.7643575197922133,0.8116147282765093,25.004115720069766,1,540.0
405,0.0405,load_step,protected_ai_pwm_h1_baseline,94.2477796076938,69.35469157232984,24.89308803536396,0.35,0.5000384790600002,-2.4870620592622084,2.536831915433542,3.8381991026382662,5,1,1,1,1,0,0,0.9383525157263648,0.7955877047605313,0.8085573271226935,25.004123778204903,0,540.0
406,0.040600000000000004,load_step,protected_ai_pwm_h1_baseline,94.2477796076938,69.55811046480298,24.68966914289082,0.35,0.773147288887254,-2.2100360297990402,2.341370535247169,3.6560686390186072,4,1,1,1,1,0,0,0.9385050528812546,0.6821069662022886,0.8811782688699243,25.004132562495737,1,540.0
407,0.0407,load_step,protected_ai_pwm_h1_baseline,94.2477796076938,69.7506143274772,24.497165280216606,0.35,0.8390230239870013,-2.2716681521948248,2.421659725988881,3.7791323484798443,5,1,1,1,1,0,0,0.9384671606788396,0.7259396935424159,0.7571740935940144,25.004140106686258,1,540.0
408,0.0408,load_step,protected_ai_pwm_h1_baseline,94.2477796076938,69.9504680145735,24.2973115931203,0.35,1.078101887558351,-2.015454283617056,2.2856858159657945,3.644482092606419,4,1,1,1,1,0,0,0.938598019632512,0.6460445046518656,0.8049859519768181,25.004148128945065,1,540.0
409,0.0409,load_step,protected_ai_pwm_h1_baseline,94.2477796076938,70.14224834753291,24.105531260160888,0.35,1.1130477797194571,-2.096492784449127,2.3736380000298416,3.7694469643111184,5,1,1,1,1,0,0,0.9386276385618111,0.6951816290559796,0.7209750067079097,25.00415531104094,1,540.0
410,0.041,load_step,protected_ai_pwm_h1_baseline,94.2477796076938,70.34149233350493,23.90628727418887,0.35,1.3240209355830859,-1.8583682912655977,2.2817896800195516,3.674744194961314,4,1,1,1,1,0,0,0.9387968675807552,0.6411971354711821,0.773048154557201,25.00416301382041,1,540.0
411,0.041100000000000005,load_step,protected_ai_pwm_h1_baseline,94.2477796076938,70.53505362636227,23.71272598133153,0.35,1.514786426837546,-1.6421503067840753,2.2341073271000864,3.609647676871473,4,1,1,1,1,0,0,0.9388447923409915,0.6112665714288795,0.6831818075297857,25.00416981788506,0,540.0
412,0.0412,load_step,protected_ai_pwm_h1_baseline,94.2477796076938,70.72470441683866,23.52307519085514,0.35,1.5059361361273034,-1.7603054378352634,2.3165748165268547,3.7308778754743708,5,1,1,1,1,0,0,0.9389638605957549,0.6586844631468509,0.687246941028724,25.004176662555686,1,540.0
413,0.0413,load_step,protected_ai_pwm_h1_baseline,94.2477796076938,70.92159552646586,23.326184081227936,0.35,1.6772192598798494,-1.556617787407772,2.2882577175192,3.693803971213737,4,1,1,1,1,0,0,0.9392013264866694,0.6418341518207756,0.7359514208568438,25.004183994225478,1,540.0
414,0.0414,load_step,protected_ai_pwm_h1_baseline,94.2477796076938,71.1162528609312,23.131526746762603,0.35,1.8320257514831642,-1.3723465378839383,2.2890289150946703,3.6785044348780156,4,1,1,1,1,0,0,0.9393072299065173,0.6412460587714659,0.6849046752900075,25.004190815378937,0,540.0
415,0.0415,load_step,protected_ai_pwm_h1_baseline,94.2477796076938,71.30997965538552,22.937799952308282,0.35,1.9719608182665387,-1.2060180097919777,2.3115165819697334,3.6816633213079752,4,1,1,1,1,0,0,0.939392231428037,0.6534788650528783,0.6845594975225405,25.004197633035144,0,540.0
416,0.041600000000000005,load_step,protected_ai_pwm_h1_baseline,94.2477796076938,71.50388060569433,22.743899001999466,0.35,2.098478811321559,-1.0562676667444038,2.349322179986221,3.700269420967058,4,1,1,1,1,0,0,0.9394818403024758,0.6751541204127032,0.6970139203641351,25.004204575190126,0,540.0
417,0.0417,load_step,protected_ai_pwm_h1_baseline,94.2477796076938,71.69888012026598,22.548899487427818,0.35,2.208732611646247,-0.9290454939554353,2.3961688754318944,3.7326455876329883,4,1,1,1,1,0,0,0.9395620297225614,0.7027666713798778,0.7190504789912622,25.004211737664416,0,540.0
418,0.041800000000000004,load_step,protected_ai_pwm_h1_baseline,94.2477796076938,71.89580216948131,22.351977438212487,0.35,2.308430316500466,-0.81536229581187,2.4481965198018814,3.774496404948051,4,1,1,1,1,0,0,0.9396046514201588,0.7339125949543852,0.7473974904879337,25.00421918356107,0,540.0
419,0.0419,load_step,protected_ai_pwm_h1_baseline,94.2477796076938,72.09521360586257,22.152566001831232,0.35,2.398615650862405,-0.7141855369404918,2.5026821655450093,3.8236906229848353,4,1,1,1,1,0,0,0.939579334900969,0.7669058904605849,0.7798631931823338,25.00422695406511,0,540.0
420,0.042,load_step,protected_ai_pwm_h1_baseline,94.2477796076938,72.2975536960303,21.950225911663495,0.35,2.480233494228783,-0.624560474343434,2.5576618173649175,3.8783076623450063,4,1,1,1,1,0,0,0.9394631459656334,0.8005059785285146,0.8148537753009507,25.00423507442317,0,540.0
421,0.042100000000000005,load_step,protected_ai_pwm_h1_baseline,94.2477796076938,72.50314673785624,21.74463286983756,0.35,2.3727848358507964,-0.8597194129613797,2.523732423666612,3.8870703384719,5,1,1,1,1,0,0,0.9392417381230936,0.7842768491927442,0.8887925945185808,25.004243934115287,1,540.0
422,0.0422,load_step,protected_ai_pwm_h1_baseline,94.2477796076938,72.7092483765778,21.538531231115996,0.35,2.273673686496643,-1.078273785757678,2.516399489294065,3.872275543843248,5,1,1,1,1,0,0,0.9389089168720999,0.7809897512985634,0.8320853093300705,25.004252226675487,0,540.0
423,0.042300000000000004,load_step,protected_ai_pwm_h1_baseline,94.2477796076938,72.9144488017292,21.333330805964607,0.35,2.18202393595826,-1.2815769121162222,2.530546944588092,3.8363766839709434,5,1,1,1,1,0,0,0.9385391562756439,0.7893963519352042,0.8282498271854616,25.00426048082558,0,540.0
424,0.0424,load_step,protected_ai_pwm_h1_baseline,94.2477796076938,73.11748513256487,21.130294475128935,0.35,2.1012127404603222,-1.4636630411004745,2.560742954409182,3.7842922769949645,5,1,1,1,1,0,0,0.938204223258734,0.8071961414175164,0.8375388531736786,25.004268827810904,0,540.0
425,0.0425,load_step,protected_ai_pwm_h1_baseline,94.2477796076938,73.317388928773,20.9303906789208,0.35,2.026017890646611,-1.6335018458488968,2.6025135491697053,3.7155028880003966,5,1,1,1,1,0,0,0.9379652675484829,0.8320216629377789,0.8573081795064776,25.004277372433847,0,540.0
426,0.0426,load_step,protected_ai_pwm_h1_baseline,94.2477796076938,73.51316073942698,20.73461886826682,0.35,2.1371953303407802,-1.4779884887987595,2.5984714454948468,3.8019809670489835,4,1,1,1,1,0,0,0.9378665244183506,0.8321377071155783,0.9235973836832778,25.00428657989187,1,540.0
427,0.0427,load_step,protected_ai_pwm_h1_baseline,94.2477796076938,73.71409269589148,20.53368691180232,0.35,2.056224446209582,-1.0245111125046091,2.297320611676858,3.516300655137856,6,1,1,1,1,0,0,0.9379414286682766,0.660025806631074,0.922648634983846,25.00429577780102,1,540.0
428,0.042800000000000005,load_step,protected_ai_pwm_h1_baseline,94.2477796076938,73.89791298481958,20.349866622874217,0.35,2.1580170192737214,-0.9337212164711289,2.351355516625115,3.636050897605294,4,1,1,1,1,0,0,0.9379718101271706,0.6868565613055398,0.7328035198723439,25.0043030771977,1,540.0
429,0.0429,load_step,protected_ai_pwm_h1_baseline,94.2477796076938,74.0888854744876,20.158894133206203,0.35,2.250439974306927,-0.8536521283645546,2.4069071511422906,3.7499792517252857,4,1,1,1,1,0,0,0.9383837042945471,0.7166678461860135,0.7276042929502616,25.004310324553447,0,540.0
430,0.043000000000000003,load_step,protected_ai_pwm_h1_baseline,94.2477796076938,74.28666121076316,19.961118396930644,0.35,2.334408431233683,-0.7835012791800384,2.462384409122926,3.8573331854997797,4,1,1,1,1,0,0,0.9387812785927407,0.7479905836365284,0.7597339487296325,25.004317893157438,0,540.0
431,0.0431,load_step,protected_ai_pwm_h1_baseline,94.2477796076938,74.49084623186003,19.756933375833768,0.35,2.229398001270146,-0.40841141498370237,2.26649847384822,3.651283733261723,6,1,1,1,1,0,0,0.9389781363177649,0.6349855174530893,0.8299769422618333,25.004326164140906,1,540.0
432,0.0432,load_step,protected_ai_pwm_h1_baseline,94.2477796076938,74.6826847582597,19.565094849434104,0.35,2.3141455141340965,-0.38238381671344485,2.3455248546692706,3.7752886634127383,4,1,1,1,1,0,0,0.938907758589007,0.6785133474752191,0.7099957538104876,25.00433323525735,1,540.0
433,0.043300000000000005,load_step,protected_ai_pwm_h1_baseline,94.2477796076938,74.88192948653558,19.365850121158218,0.35,2.2103431910008626,-0.04767050707088386,2.2108571865338273,3.620208289569412,6,1,1,1,1,0,0,0.9390046403811653,0.5995863101140362,0.7558164418085824,25.00434076453353,1,540.0
434,0.0434,load_step,protected_ai_pwm_h1_baseline,94.2477796076938,75.07187828912124,19.175901318572556,0.35,2.2966530973536665,-0.05858703723921503,2.297400246042613,3.748696591007478,4,1,1,1,1,0,0,0.9390009902386146,0.648105164493745,0.6753261833912929,25.004347488856933,1,540.0
435,0.043500000000000004,load_step,protected_ai_pwm_h1_baseline,94.2477796076938,75.26950174128471,18.978277866409087,0.35,2.1947013729432876,0.2423284427185233,2.208039218526142,3.636450666477883,6,1,1,1,1,0,0,0.939168900089122,0.5955670018420525,0.7250286815449765,25.004354710160488,1,540.0
436,0.0436,load_step,protected_ai_pwm_h1_baseline,94.2477796076938,75.46039277367042,18.78738683402338,0.35,2.283093738151043,0.20049535536695204,2.2918803207646388,3.759524304552315,4,1,1,1,1,0,0,0.9392264412589715,0.6434686301646403,0.6721176505523904,25.00436140230559,1,540.0
437,0.0437,load_step,protected_ai_pwm_h1_baseline,94.2477796076938,75.65863434856128,18.589145259132522,0.35,2.1834062704859023,0.4731343313420916,2.234081251318243,3.683474432845803,6,1,1,1,1,0,0,0.9393845580413148,0.6097274192589314,0.7208174053886413,25.00436858140363,1,540.0
438,0.0438,load_step,protected_ai_pwm_h1_baseline,94.2477796076938,75.85230956986388,18.395470037829924,0.35,2.0928486884150383,0.7195563919546581,2.2130921882748926,3.634825672813962,6,1,1,1,1,0,0,0.9394058703213346,0.5961196626744918,0.6535815544575254,25.004375088095298,0,540.0
439,0.0439,load_step,protected_ai_pwm_h1_baseline,94.2477796076938,76.04305857834568,18.20472102934812,0.35,2.1922982365441643,0.6279762453069412,2.2804661195958285,3.7450144349909467,4,1,1,1,1,0,0,0.9394659495704252,0.6357041551125142,0.6733346055474594,25.0043817922741,1,540.0
440,0.044000000000000004,load_step,protected_ai_pwm_h1_baseline,94.2477796076938,76.24038705876524,18.007392548928564,0.35,2.1033090026399175,0.8552090176435114,2.270526640329266,3.7217623135942297,6,1,1,1,1,0,0,0.9396095498747795,0.6299135188151107,0.7132203696431197,25.004388895265848,1,540.0
441,0.0441,load_step,protected_ai_pwm_h1_baseline,94.2477796076938,76.43630888008377,17.81147072761003,0.35,2.0230775747971985,1.0601925503695568,2.284042713590624,3.718385479914435,6,1,1,1,1,0,0,0.9396278868603832,0.6372659230852,0.6737272129855763,25.004395603278677,0,540.0
442,0.0442,load_step,protected_ai_pwm_h1_baseline,94.2477796076938,76.6320135655001,17.615766042193698,0.35,1.9511163916270877,1.2449160632029315,2.31444835286869,3.731695078631518,6,1,1,1,1,0,0,0.9396156324121512,0.6546469332915815,0.681053362384636,25.00440238450828,0,540.0
443,0.0443,load_step,protected_ai_pwm_h1_baseline,94.2477796076938,76.82849971321848,17.419279894475324,0.35,1.8911224485152007,1.4039818126199326,2.355315062883452,3.7597223657132757,6,1,1,1,1,0,0,0.9395939520399433,0.678651871380153,0.6984320175070423,25.004409339479224,0,540.0
444,0.0444,load_step,protected_ai_pwm_h1_baseline,94.2477796076938,77.02664802735963,17.221131580334173,0.35,1.8381334892384822,1.546866538228806,2.4024010513134577,3.798123176813493,6,1,1,1,1,0,0,0.9395503880473071,0.7067551967200644,0.7226496906923725,25.004416536580536,0,540.0
445,0.044500000000000005,load_step,protected_ai_pwm_h1_baseline,94.2477796076938,77.22707917255602,17.020700435137783,0.35,1.7917462531913586,1.6750251429252294,2.4527665737401425,3.844623591654417,6,1,1,1,1,0,0,0.9394597274859091,0.7371820416894761,0.7513998260448898,25.00442402113522,0,540.0
446,0.0446,load_step,protected_ai_pwm_h1_baseline,94.2477796076938,77.43027768545099,16.817501922242812,0.35,1.7515765356918,1.7897846030909879,2.5042662170479506,3.8971711607991457,6,1,1,1,1,0,0,0.939298629386346,0.7686001894365961,0.7830319640482258,25.004431821961383,0,540.0
447,0.044700000000000004,load_step,protected_ai_pwm_h1_baseline,94.2477796076938,77.63660523884087,16.61117436885293,0.35,1.898613306851636,1.5782402281123284,2.4689217700417645,3.8969682444793285,4,1,1,1,1,0,0,0.9390498225998594,0.7514147593840378,0.8531345783291169,25.004440323761685,1,540.0
448,0.0448,load_step,protected_ai_pwm_h1_baseline,94.2477796076938,77.84290479649789,16.40487481119591,0.35,2.0358799283281344,1.3820685361491567,2.4606748101248246,3.873064079915435,4,1,1,1,1,0,0,0.9387033670463664,0.7474737336914548,0.7966233591048405,25.00444826039312,0,540.0
449,0.0449,load_step,protected_ai_pwm_h1_baseline,94.2477796076938,78.04775798497492,16.20002162271888,0.35,2.164065224296734,1.1998461334039472,2.474431053566633,3.8278645999485525,4,1,1,1,1,0,0,0.9383403720087349,0.755539268740954,0.7922212374992518,25.004456152950425,0,540.0
450,0.045000000000000005,load_step,protected_ai_pwm_h1_baseline,94.2477796076938,78.24989052025225,15.99788908744155,0.35,2.2796509652757657,1.037491674020816,2.504635202408775,3.766443444582146,4,1,1,1,1,0,0,0.9380344550031461,0.7732417448449939,0.8009992947104155,25.004464133235686,0,540.0
451,0.0451,load_step,protected_ai_pwm_h1_baseline,94.2477796076938,78.44833184272039,15.799447764973408,0.35,2.3877580111778665,0.886008014612366,2.5468408905743263,3.6880542412357684,4,1,1,1,1,0,0,0.9378461768273365,0.7982259368328493,0.820297785523297,25.00447230645265,0,540.0
452,0.045200000000000004,load_step,protected_ai_pwm_h1_baseline,94.2477796076938,78.64206680147845,15.605712806215351,0.35,2.3075758874041608,1.0584965917091105,2.538763776090423,3.7739449053085656,6,1,1,1,1,0,0,0.9378178190323996,0.7959862069223137,0.8854190118108882,25.004481130827394,1,540.0
453,0.0453,load_step,protected_ai_pwm_h1_baseline,94.2477796076938,78.84092690932644,15.40685269836736,0.35,2.2362433103341495,1.213463972456163,2.5442639319581857,3.861487907644505,6,1,1,1,1,0,0,0.9379806726240568,0.7998550855881859,0.8443536361734314,25.004489544489548,0,540.0
454,0.0454,load_step,protected_ai_pwm_h1_baseline,94.2477796076938,79.04501065489066,15.20276895280314,0.35,1.8105091150361954,1.3524994145447276,2.259911042933544,3.5853827028822653,2,1,1,1,1,0,0,0.9381015168495886,0.6364126268811623,0.8860541732659142,25.004498375100983,1,540.0
455,0.0455,load_step,protected_ai_pwm_h1_baseline,94.2477796076938,79.23255550270615,15.015224104987652,0.35,1.78999350697526,1.4698381921541086,2.3161392587943515,3.702144388422842,6,1,1,1,1,0,0,0.9380672073381245,0.6648296160636541,0.7093893358137097,25.004505439005175,1,540.0
456,0.0456,load_step,protected_ai_pwm_h1_baseline,94.2477796076938,79.42707341813774,14.820706189556063,0.35,1.7738384820934403,1.5749838041549309,2.37214606293666,3.811693888092567,6,1,1,1,1,0,0,0.9383519263655135,0.695273450579498,0.7057585993735461,25.00451246655491,0,540.0
457,0.045700000000000005,load_step,protected_ai_pwm_h1_baseline,94.2477796076938,79.62813225996267,14.619647347731132,0.35,1.3991166899980316,1.669023530933357,2.177881323451831,3.60337877222288,2,1,1,1,1,0,0,0.938606115878073,0.5822279636156585,0.7729407052379349,25.00452016587885,1,540.0
458,0.0458,load_step,protected_ai_pwm_h1_baseline,94.2477796076938,79.8167092610864,14.431070346607399,0.35,1.4215859336716339,1.7529500899222668,2.2569316747680985,3.7294386968083053,6,1,1,1,1,0,0,0.9386695670638955,0.6252941366115917,0.657625668524514,25.0045267120011,1,540.0
459,0.0459,load_step,protected_ai_pwm_h1_baseline,94.2477796076938,80.01281569359578,14.234963914098017,0.35,1.4451809290853768,1.8280342471685855,2.3302912106887606,3.842699968163364,6,1,1,1,1,0,0,0.9389304040903699,0.66702172886083,0.6681663539860208,25.00453336348656,0,540.0
460,0.046,load_step,protected_ai_pwm_h1_baseline,94.2477796076938,80.2156850574175,14.032094550276298,0.35,1.107213835938448,1.8950432765932683,2.194791903268937,3.694331046003913,2,1,1,1,1,0,0,0.939089472195946,0.5888148634659203,0.7448844753270637,25.00454078210889,1,540.0
461,0.0461,load_step,protected_ai_pwm_h1_baseline,94.2477796076938,80.40965985663938,13.838119751054421,0.35,0.8009566792239884,1.9546800505759723,2.112417028456551,3.583139743049028,2,1,1,1,1,0,0,0.9390251719127506,0.5386740322487409,0.6328516862540985,25.004547080353873,0,540.0
462,0.046200000000000005,load_step,protected_ai_pwm_h1_baseline,94.2477796076938,80.59696562910332,13.650813978590477,0.35,0.8865159888526079,2.0079527873492,2.194945328411334,3.709453261007174,6,1,1,1,1,0,0,0.9390669999372916,0.5854306631419375,0.6173485362475494,25.004553223525367,1,540.0
463,0.0463,load_step,protected_ai_pwm_h1_baseline,94.2477796076938,80.79181610664457,13.455963501049226,0.35,0.6055291589522104,2.0557546878703854,2.143080236258651,3.634359299129173,2,1,1,1,1,0,0,0.9393163911912111,0.5544549256338449,0.663077178320547,25.004559823942326,1,540.0
464,0.046400000000000004,load_step,protected_ai_pwm_h1_baseline,94.2477796076938,80.98215769653123,13.265621911162569,0.35,0.35166279645970583,2.098512425682461,2.1277737481126953,3.587092171636937,2,1,1,1,1,0,0,0.9394699866185949,0.543791925722328,0.6015102924409375,25.004565808646426,0,540.0
465,0.0465,load_step,protected_ai_pwm_h1_baseline,94.2477796076938,81.16965601203134,13.078123595662461,0.35,0.4853845158848842,2.136984948240915,2.1914157061746704,3.699527435150539,6,1,1,1,1,0,0,0.939670644233664,0.581254320884797,0.6234273352269251,25.004572012481052,1,540.0
466,0.0466,load_step,protected_ai_pwm_h1_baseline,94.2477796076938,81.36386848867006,12.883911119023736,0.35,0.24866564814186579,2.1718411367908073,2.1860303126952747,3.6774630085602285,2,1,1,1,1,0,0,0.9399456776405777,0.5778990544018877,0.6598297042353461,25.004578580298013,1,540.0
467,0.046700000000000005,load_step,protected_ai_pwm_h1_baseline,94.2477796076938,81.55674562192723,12.691033985766566,0.35,0.035484006301524706,2.203307876258247,2.2035935905435995,3.675592322088578,2,1,1,1,1,0,0,0.9400771873293179,0.5875150066111713,0.6243260355629887,25.0045847930345,0,540.0
468,0.0468,load_step,protected_ai_pwm_h1_baseline,94.2477796076938,81.74949598696237,12.498283620731428,0.35,-0.15611671503069252,2.231963078941885,2.2374162809972833,3.690674360279523,2,1,1,1,1,0,0,0.9401583157230033,0.606870784096191,0.6336300419912864,25.004591098769634,0,540.0
469,0.046900000000000004,load_step,protected_ai_pwm_h1_baseline,94.2477796076938,81.94313411100964,12.30464549668416,0.35,-0.31960477682064414,2.258313234817717,2.2808169325746936,3.7206652319188205,2,1,1,1,1,0,0,0.9402106286443563,0.6323829853096149,0.6523649120554422,25.00459759181143,0,540.0
470,0.047,load_step,protected_ai_pwm_h1_baseline,94.2477796076938,82.13855212889389,12.109227478799909,0.35,-0.46566105475474484,2.2828013433064163,2.329811621336987,3.7611652570226477,2,1,1,1,1,0,0,0.9402230524008331,0.6616463168960354,0.6772952662025292,25.004604334113477,0,540.0
471,0.0471,load_step,protected_ai_pwm_h1_baseline,94.2477796076938,82.33637881280012,11.91140079489368,0.35,-0.5957409280332137,2.3058058247521007,2.3815221508091398,3.8098507762781755,2,1,1,1,1,0,0,0.9401722347831603,0.692909565922992,0.706321748259837,25.004611366635398,0,540.0
472,0.0472,load_step,protected_ai_pwm_h1_baseline,94.2477796076938,82.53710382972247,11.710675777971332,0.35,-0.7111803940888403,2.3276565869921986,2.433878127578398,3.8646209950419737,2,1,1,1,1,0,0,0.9400368585432676,0.7248776006471566,0.7378661745085137,25.0046187145547,0,540.0
473,0.0473,load_step,protected_ai_pwm_h1_baseline,94.2477796076938,82.74109108924722,11.50668851844658,0.35,-0.9945598344031531,2.0345258126593575,2.2646069298192226,3.4461367817003077,3,1,1,1,1,0,0,0.9398016647450849,0.6282909621878969,0.8065380855690039,25.004626749144123,1,540.0
474,0.047400000000000005,load_step,protected_ai_pwm_h1_baseline,94.2477796076938,82.9200189404717,11.327760667222094,0.35,-1.0690200187574264,2.0813504921410066,2.339834111991647,3.5522136047730974,2,1,1,1,1,0,0,0.939458627153542,0.6711276811893881,0.7042417271105178,25.0046337607164,1,540.0
475,0.0475,load_step,protected_ai_pwm_h1_baseline,94.2477796076938,83.10528109731564,11.14249851037816,0.35,-1.133845107467991,2.125720429284431,2.4092098437467593,3.6542999430092458,2,1,1,1,1,0,0,0.9396831600969746,0.7115381839606748,0.7139598482769286,25.00464086942314,0,540.0
476,0.0476,load_step,protected_ai_pwm_h1_baseline,94.2477796076938,83.29663826685139,10.951141340842412,0.35,-0.8271144036670407,2.1679735473369974,2.320393832672904,3.623925870284367,6,1,1,1,1,0,0,0.9400201407141947,0.6624583599128758,0.791404374265396,25.004648752527753,1,540.0
477,0.0477,load_step,protected_ai_pwm_h1_baseline,94.2477796076938,83.4861630305862,10.761616577107603,0.35,-0.5428121037561062,2.208411048839838,2.274142550637933,3.568877001994797,6,1,1,1,1,0,0,0.94024100346261,0.6347558319259241,0.7050526117451237,25.004655772062186,0,540.0
478,0.0478,load_step,protected_ai_pwm_h1_baseline,94.2477796076938,83.67237889282046,10.57540071487334,0.35,-0.6417015356924904,2.24694726229177,2.3367825873261254,3.6657552172958807,2,1,1,1,1,0,0,0.9404340938507155,0.6702152960740605,0.7116948424170589,25.00466285797213,1,540.0
479,0.047900000000000005,load_step,protected_ai_pwm_h1_baseline,94.2477796076938,83.86437801998105,10.383401587712754,0.35,-0.3660338180934564,2.2835270282238542,2.3126773325773184,3.5611561817670707,6,1,1,1,1,0,0,0.9406787951558718,0.6561158073985669,0.7487221638252535,25.004670314108047,1,540.0
480,0.048,load_step,protected_ai_pwm_h1_baseline,94.2477796076938,84.05010277930012,10.197676828393682,0.35,-0.47275765534435227,2.3184742066499315,2.3661830968012003,3.658557502539843,2,1,1,1,1,0,0,0.9407901837246244,0.6873330537282355,0.734643513031511,25.00467762940775,1,540.0
481,0.048100000000000004,load_step,protected_ai_pwm_h1_baseline,94.2477796076938,84.24164214595949,10.006137461734312,0.35,-0.748259419233519,2.0376073299651534,2.1706533093977503,3.422539985494197,3,1,1,1,1,0,0,0.9409770020795994,0.5756917930870016,0.7673109946810325,25.004685271333503,1,540.0
482,0.0482,load_step,protected_ai_pwm_h1_baseline,94.2477796076938,84.41904258303873,9.82873702465507,0.35,-0.8155994730305487,2.0959258215730725,2.249023688168817,3.54250220989572,2,1,1,1,1,0,0,0.9410462789824899,0.6183632241928476,0.653062403065629,25.004691770722392,1,540.0
483,0.0483,load_step,protected_ai_pwm_h1_baseline,94.2477796076938,84.60360839993365,9.644171207760152,0.35,-0.8739999698763538,2.1510691480652184,2.3218472014975258,3.651594425105133,2,1,1,1,1,0,0,0.9413873286897311,0.6596709673081945,0.6631633461765059,25.00469837107738,0,540.0
484,0.048400000000000006,load_step,protected_ai_pwm_h1_baseline,94.2477796076938,84.79468854216054,9.453091065533258,0.35,-1.1055340107649858,1.8893163657732364,2.1890001779206654,3.481597321918016,3,1,1,1,1,0,0,0.941664905217512,0.5830720450816743,0.7392386552252919,25.00470573214146,1,540.0
485,0.0485,load_step,protected_ai_pwm_h1_baseline,94.2477796076938,84.97558071043949,9.272198897254313,0.35,-1.1328793896060552,1.9657088634673778,2.2687941835495784,3.5978890409513196,2,1,1,1,1,0,0,0.9417337227923332,0.6280168593826756,0.6616215871052552,25.004712316985785,1,540.0
486,0.048600000000000004,load_step,protected_ai_pwm_h1_baseline,94.2477796076938,85.16341833283094,9.084361274862857,0.35,-1.3362653102842648,1.7238111576540516,2.1810845666139826,3.4745612368572534,3,1,1,1,1,0,0,0.9419360924723164,0.5767518324559753,0.7071126895609822,25.004719356697233,1,540.0
487,0.0487,load_step,protected_ai_pwm_h1_baseline,94.2477796076938,85.34386110419175,8.903918503502055,0.35,-1.3381065093088975,1.8187491502827884,2.2579587024366075,3.5873174288678236,2,1,1,1,1,0,0,0.9420234123933631,0.620647128919309,0.6560337502063645,25.004725885572356,1,540.0
488,0.0488,load_step,protected_ai_pwm_h1_baseline,94.2477796076938,85.53103778439737,8.71674182329643,0.35,-1.518393395172331,1.5941657080224807,2.201563718618604,3.5031472742009364,3,1,1,1,1,0,0,0.9422226707296877,0.5876987012185335,0.7001106085692681,25.004732855172538,1,540.0
489,0.0489,load_step,protected_ai_pwm_h1_baseline,94.2477796076938,85.71316301158366,8.53461659611014,0.35,-1.6806764219507175,1.391148932664563,2.1817352241174497,3.4478545606006334,3,1,1,1,1,0,0,0.9423016922572176,0.5747215429545015,0.6346752873269548,25.004739170373043,0,540.0
490,0.049,load_step,protected_ai_pwm_h1_baseline,94.2477796076938,85.89196531312659,8.35581429456721,0.35,-1.645408867691407,1.5222153968104928,2.241541892574048,3.549541621083821,2,1,1,1,1,0,0,0.9424348477895841,0.6098586955231429,0.6548066779523477,25.004745686845354,1,540.0
491,0.049100000000000005,load_step,protected_ai_pwm_h1_baseline,94.2477796076938,86.07683922933494,8.170940378358864,0.35,-1.7922103010818522,1.3311917728796296,2.23250740188836,3.5215088264426546,3,1,1,1,1,0,0,0.9426628994877814,0.6044305153345275,0.6897448417162511,25.00475255265586,1,540.0
492,0.0492,load_step,protected_ai_pwm_h1_baseline,94.2477796076938,86.26002134911724,7.987758258576562,0.35,-1.9242937517370857,1.1593422787647145,2.24654867792927,3.5142629907998044,3,1,1,1,1,0,0,0.9427762303145603,0.611968662011338,0.6513850345963198,25.00475903482252,0,540.0
493,0.049300000000000004,load_step,protected_ai_pwm_h1_baseline,94.2477796076938,86.44275577556282,7.805023832130985,0.35,-2.043159876522657,1.0052310673240261,2.27705770233112,3.524448869185743,3,1,1,1,1,0,0,0.9428634456436297,0.6293169451194253,0.6588716634738042,25.004765591812255,0,540.0
494,0.0494,load_step,protected_ai_pwm_h1_baseline,94.2477796076938,86.62608572516413,7.621693882529669,0.35,-2.1460003795135782,0.8747385592516629,2.3174307273172365,3.5498153806568533,3,1,1,1,1,0,0,0.9429409826498805,0.652955813577028,0.6760294521812132,25.004772320336166,0,540.0
495,0.0495,load_step,protected_ai_pwm_h1_baseline,94.2477796076938,86.81091962075456,7.43685998693924,0.35,-2.2385555332921823,0.7588080368409713,2.3636667515551966,3.58597281569437,3,1,0,1,1,0,0,0.9429929325401597,0.6804878659343018,0.6995805367805581,25.004779284326066,0,540.0
496,0.049600000000000005,load_step,protected_ai_pwm_h1_baseline,94.2477796076938,86.99790311794794,7.2498764897458585,0.35,-2.321894081871592,0.65634098211979,2.412877040431255,3.6305073586472396,3,0,0,1,1,0,0,0.9336099960880255,0.7485286149967495,0.758952653023235,25.0047868419907,0,540.0
497,0.0497,load_step,protected_ai_pwm_h1_baseline,94.2477796076938,87.18753737056136,7.060242237132442,0.35,-2.2156266759665635,0.2522044857012657,2.229934678384657,3.220857816366349,1,0,0,1,1,0,0,0.9243204214135111,0.6796067094648621,0.8584982657158996,25.004795395061077,1,540.0
498,0.049800000000000004,load_step,protected_ai_pwm_h1_baseline,94.2477796076938,87.3526420189815,6.895137588712302,0.35,-2.298608482079561,0.20014333684124228,2.307305421735504,3.318718787399218,3,0,0,1,1,0,0,0.9151232795514077,0.7588601574130862,0.772106152916479,25.004803084153306,1,540.0
499,0.0499,load_step,protected_ai_pwm_h1_baseline,94.2477796076938,87.52359036628621,6.724189241407586,0.35,-2.1926882659853666,0.47038486095960885,2.242575249397421,3.3293372669879355,2,0,1,1,1,0,0,0.9060176507798646,0.7596831206906691,0.8476685896751206,25.004811528818642,1,540.0
500,0.05,load_step,protected_ai_pwm_h1_baseline,94.2477796076938,87.69516103083873,6.5526185768550675,0.35,-2.095254313887068,0.7217623669788049,2.216084735349534,3.3136484020005286,2,1,0,1,1,0,0,0.8991523609914569,0.7070663793129205,0.7288135423842725,25.00481878487721,0,540.0
501,0.050100000000000006,load_step,protected_ai_pwm_h1_baseline,94.2477796076938,87.86577963020773,6.381999977486075,0.35,-2.0053630518232732,0.9557988378453905,2.2214932788654913,3.274379201019076,2,0,0,1,1,0,0,0.8902056455147639,0.7418083846779836,0.7400772317102058,25.004826153524295,0,540.0
502,0.0502,load_step,protected_ai_pwm_h1_baseline,94.2477796076938,88.03403509780654,6.213744509887263,0.35,-1.9221706104245084,1.1738998759401615,2.2522834578072213,3.2138777819368434,2,0,0,1,1,0,0,0.8813479513444628,0.7878406482923178,0.7661088800008075,25.004833782438737,0,540.0
503,0.050300000000000004,load_step,protected_ai_pwm_h1_baseline,94.2477796076938,88.19865699604146,6.0491226116523364,0.35,-1.8490873770979352,1.370149179413487,2.301398032064504,3.1382462577252577,2,0,0,1,1,0,0,0.8725783927037553,0.8427339129579603,0.804824039861259,25.00484179845392,0,540.0
504,0.0504,load_step,protected_ai_pwm_h1_baseline,94.2477796076938,88.35874015928725,5.88903944840655,0.35,-1.780925017789133,1.553563050348648,2.3633137900828616,3.04548178041371,2,0,1,1,1,0,0,0.8638960926294692,0.9036895185663072,0.8543951062564795,25.004850310126326,0,540.0
505,0.0505,load_step,protected_ai_pwm_h1_baseline,94.2477796076938,88.51325963319051,5.734519974503286,0.35,-1.8984749148218423,1.4110812489988775,2.365450759048692,3.1621259254909915,3,1,0,1,1,0,0,0.8590902182750155,0.8574321428060963,0.8618944987281595,25.00485889673591,1,540.0
506,0.0506,load_step,protected_ai_pwm_h1_baseline,94.2477796076938,88.67474767801195,5.5730319296818465,0.35,-2.0046060428952295,1.2842484083711427,2.3807014431918767,3.275667094665306,3,0,0,1,1,0,0,0.8505421277787156,0.9023404946120368,0.8581746000332371,25.004867446089268,0,540.0
507,0.0507,load_step,protected_ai_pwm_h1_baseline,94.2477796076938,88.84301806410589,5.4047615435879095,0.35,-1.9191438385906818,0.8577725247642913,2.1021148345038347,3.0826572711134306,1,0,0,1,1,0,0,0.842079092203981,0.7776968645655706,0.9365136626869907,25.004876778776254,1,540.0
508,0.050800000000000005,load_step,protected_ai_pwm_h1_baseline,94.2477796076938,88.99972505736537,5.248054550328433,0.35,-1.8356194741187666,0.47834885754476436,1.8969228986119702,2.926950271308703,1,0,0,1,1,0,0,0.8337002652402018,0.6856778273323079,0.7498102381782537,25.004884244366778,0,540.0
509,0.0509,load_step,protected_ai_pwm_h1_baseline,94.2477796076938,89.14710189341257,5.1006777142812325,0.35,-1.9399118082458777,0.4488051549042566,1.9911513982719709,3.0770334960998573,3,0,1,1,1,0,0,0.8254048089976991,0.7632566687167304,0.6793547225090595,25.004891005352373,1,540.0
510,0.051000000000000004,load_step,protected_ai_pwm_h1_baseline,94.2477796076938,89.30344897475965,4.944330632934154,0.35,-2.035317726392815,0.4254412980841385,2.0793072272957485,3.212570246110972,3,1,0,1,1,0,0,0.8257674564083197,0.7398171730172017,0.6262336230093315,25.004897235081902,0,540.0
511,0.0511,load_step,protected_ai_pwm_h1_baseline,94.2477796076938,89.46789509414103,4.779884513552773,0.35,-1.9413297437186534,0.09373801062581484,1.9435915179077157,3.1059638556339246,1,0,0,1,1,0,0,0.8175509329325303,0.6874026727091115,0.7292705528258049,25.004904495139197,1,540.0
