k,t_s,scenario,controller,omega_ref_rad_s,omega_m_rad_s,speed_error_rad_s,load_torque_nm,i_s_alpha_a,i_s_beta_a,i_abs_a,torque_nm,vector_id,feedback_used,feedback_requested,accepted,pwm_enabled,fallback,fault_latched,confidence,predicted_risk,loss_w,tj_c,switch_events,vdc_v
0,0.0,load_step,fcs_mpc_one_step_baseline,0.0,0.0,0.0,0.0,-0.18135426080153716,-0.3141147938773592,0.36270852160307426,0.0,1,1,1,1,1,0,0,0.8935973471085157,0.0,0.0,25.0,1,540.0
1,0.0001,load_step,fcs_mpc_one_step_baseline,0.9239978392911157,0.0,0.9239978392911157,0.0,-0.34326834954596336,-0.5945582220439215,0.6865366990919267,0.0,1,1,1,1,1,0,0,0.919086534013519,0.0,0.015823606818430154,25.00000015823607,0,540.0
2,0.0002,load_step,fcs_mpc_one_step_baseline,1.8479956785822313,0.0,1.8479956785822313,0.0,-0.49156394426989963,-0.8514137266444223,0.9831278885397993,0.0,1,1,1,1,1,0,0,0.9386052230201811,0.0,0.05669980855499973,25.0000007252331,0,540.0
3,0.00030000000000000003,load_step,fcs_mpc_one_step_baseline,2.771993517873347,0.0,2.771993517873347,0.0,-0.627405767637544,-1.0866986665099794,1.254811535275088,0.0,1,1,1,1,1,0,0,0.9534472040977185,0.0,0.11628921101913227,25.000001888120376,0,540.0
4,0.0004,load_step,fcs_mpc_one_step_baseline,3.6959913571644627,0.0,3.6959913571644627,0.0,-0.7518589190772668,-1.302257847965643,1.5037178381545335,0.0,1,1,1,1,1,0,0,0.9646678797902402,0.02898836454017928,0.18947122199850783,25.00000378282001,0,540.0
5,0.0005,load_step,fcs_mpc_one_step_baseline,4.619989196455578,0.0,4.619989196455578,0.0,-0.5031888743447004,-1.499778283923131,1.5819399306521404,0.02669903661978637,5,1,1,1,1,0,0,0.9731093313675299,0.07706843819576525,0.2934338696047877,25.000006717133488,1,540.0
6,0.0006000000000000001,load_step,fcs_mpc_one_step_baseline,5.543987035746694,0.0015977750050961445,5.542389260741598,0.0,-0.09419206361411576,-1.3666878966931,1.3699299076285967,0.06077527507554033,4,1,1,1,1,0,0,0.9794321777886172,0.0,0.32365872987059086,25.000009953676006,1,540.0
7,0.0007,load_step,fcs_mpc_one_step_baseline,6.467984875037811,0.005234682930786293,6.462750192107024,0.0,0.2802998414634548,-1.2449705460831268,1.276134656585643,0.10076046289769426,4,1,1,1,1,0,0,0.9800170931720671,0.0,0.22599651573453905,25.000012213574806,0,540.0
8,0.0008,load_step,fcs_mpc_one_step_baseline,7.391982714328925,0.011264181799469303,7.380718532529456,0.0,0.6149088465433106,-1.133653381327015,1.289683247371772,0.14416626933800347,4,1,1,1,1,0,0,0.9799912687193795,0.0,0.196141239690708,25.00001417490578,0,540.0
9,0.0009000000000000001,load_step,fcs_mpc_one_step_baseline,8.315980553620042,0.019890791011256417,8.296089762608785,0.0,0.9213637177956824,-1.031846794412211,1.3833361513417617,0.19105208333443566,4,1,1,1,1,0,0,0.9799685338489541,0.0,0.2003158000993146,25.00001617796928,0,540.0
10,0.001,load_step,fcs_mpc_one_step_baseline,9.239978392911157,0.03132256831959511,9.208655824591562,0.0,1.2020719012179548,-0.9387373598790592,1.5251900493153157,0.24049531623004688,4,1,1,1,1,0,0,0.9799426680604555,0.04299004756539282,0.23042816287170362,25.000018482143055,0,540.0
11,0.0011,load_step,fcs_mpc_one_step_baseline,10.163976232202273,0.04571234417101836,10.118263888031255,0.0,1.4592348265025161,-0.8535813751710332,1.6905524076220473,0.2917059156462027,4,1,1,1,1,0,0,0.9799101876510741,0.1398246614680171,0.2800742569583784,25.00002128276241,0,540.0
12,0.0012000000000000001,load_step,fcs_mpc_one_step_baseline,11.087974071493388,0.0631656574387375,11.02480841405465,0.0,1.694865541934256,-0.7756989533469167,1.863941541856826,0.34401031426395556,4,1,1,1,1,0,0,0.9798698332804219,0.24157593796579546,0.344080128804661,25.000024723421813,0,540.0
13,0.0013000000000000002,load_step,fcs_mpc_one_step_baseline,12.011971910784503,0.08374772997868271,11.92822418080582,0.0,1.9066404112351443,-0.7116816224203942,2.0351335065409946,0.3954728455384086,4,1,1,1,1,0,0,0.979821616566593,0.34219230613117013,0.41828522620333786,25.000028906109254,0,540.0
14,0.0014,load_step,fcs_mpc_one_step_baseline,12.935969750075621,0.1074079407623093,12.828561809313312,0.0,1.9194036714466614,-0.3390259988512576,1.9491149483445085,0.4316960450583527,6,1,1,1,1,0,0,0.9797661724440352,0.29508767594075,0.527511036774408,25.000034181026916,1,540.0
15,0.0015,load_step,fcs_mpc_one_step_baseline,13.859967589366736,0.1332340719454085,13.726733517421328,0.0,1.9312946006113487,0.0021619108526867896,1.931295810643487,0.47644153331698136,6,1,1,1,1,0,0,0.979704718887876,0.28365277669097766,0.45743052928002687,25.000038755104335,0,540.0
16,0.0016,load_step,fcs_mpc_one_step_baseline,14.78396542865785,0.16173596428082176,14.622229464377028,0.0,1.9423875358272684,0.3145721799180816,1.967695351347749,0.5279712920046757,6,1,1,1,1,0,0,0.9796466899325448,0.3042693589206663,0.44908451152360856,25.00004324569108,0,540.0
17,0.0017000000000000001,load_step,fcs_mpc_one_step_baseline,15.707963267948966,0.19331940952137694,15.514643858427588,0.0,1.9527506316150278,0.6006645801104035,2.0430450232611364,0.5847824069092122,6,1,1,1,1,0,0,0.9795879587604688,0.34798478982654546,0.4661373940171595,25.000047906776718,0,540.0
18,0.0018000000000000002,load_step,fcs_mpc_one_step_baseline,16.631961107240084,0.2283002279648531,16.403660879275233,0.0,1.9624464317573742,0.8626882466554768,2.143694709709093,0.6455793519899774,6,1,1,1,1,0,0,0.9795258644282259,0.4067566837221649,0.5024901479128692,25.00005293135882,0,540.0
19,0.0019,load_step,fcs_mpc_one_step_baseline,17.5559589465312,0.2669166862877097,17.289042260243487,0.0,1.9715323999207608,1.1026996707109356,2.2589569645576075,0.709249267472283,6,1,1,1,1,0,0,0.9794588889965616,0.47426743458595844,0.5532054633767223,25.00005846306058,0,540.0
20,0.002,load_step,fcs_mpc_one_step_baseline,18.479956785822313,0.30934043496899666,18.170616350853315,0.0,1.6173528847999528,1.3225791609564659,2.0892692480786286,0.7048026205656543,2,1,1,1,1,0,0,0.9793863436626186,0.37847697030997296,0.6463012805446134,25.00006492568363,1,540.0
21,0.0021000000000000003,load_step,fcs_mpc_one_step_baseline,19.40395462511343,0.3514948193956392,19.05245980571779,0.0,1.2973810403324766,1.516832897563279,1.9959908824802763,0.712496948870226,2,1,1,1,1,0,0,0.9793081110169151,0.3225471375858321,0.525448878305698,25.000070179739577,0,540.0
22,0.0022,load_step,fcs_mpc_one_step_baseline,20.327952464404547,0.3941064238095828,19.933846040594965,0.0,1.004534162035147,1.6948557477551502,1.9701839732355768,0.7314967164470243,2,1,1,1,1,0,0,0.9792452197255,0.3063564972131908,0.4795020513253993,25.000074974292225,0,540.0
23,0.0023,load_step,fcs_mpc_one_step_baseline,21.25195030369566,0.43785177488263605,20.814098528813027,0.0,0.7364944852307447,1.8580356146684474,1.998679682228159,0.7597979084669577,2,1,1,1,1,0,0,0.9791912799833071,0.3222664291459624,0.46708437784594287,25.000079644636177,0,540.0
24,0.0024000000000000002,load_step,fcs_mpc_one_step_baseline,22.175948142986776,0.48328741920552243,21.692660723781255,0.0,0.49114267277099594,2.0076418509270915,2.0668446788790384,0.7956564473890076,2,1,1,1,1,0,0,0.9791412670234937,0.36170295209028536,0.4805985319526888,25.000084450090533,0,540.0
25,0.0025,load_step,fcs_mpc_one_step_baseline,23.09994598227789,0.5308654881723214,22.56908049410557,0.0,0.26654088939588794,2.144835373056808,2.1613335751881726,0.8375581559194261,2,1,1,1,1,0,0,0.9790916178847503,0.41680627487817856,0.5138682658325605,25.00008958821019,0,540.0
26,0.0026000000000000003,load_step,fcs_mpc_one_step_baseline,24.023943821569006,0.5809474641347793,23.442996357434225,0.0,0.060917322775044476,2.2706779334019176,2.271494925693756,0.8841919487616836,2,1,1,1,1,0,0,0.979039940231802,0.48128081517479304,0.5618908330129615,25.000095206521266,0,540.0
27,0.0027,load_step,fcs_mpc_one_step_baseline,24.947941660860124,0.633816341188183,24.31412531967194,0.0,-0.12734797523065244,2.386140613210059,2.3895364681891387,0.9344259108310351,2,1,1,1,1,0,0,0.978984747153125,0.5505096786196076,0.6206311942694248,25.0001014121985,0,540.0
28,0.0028,load_step,fcs_mpc_one_step_baseline,25.871939500151242,0.6896873534494957,25.182252146701746,0.0,-0.2914071793366221,2.4921115973814127,2.5090911418224455,0.9866292052515431,2,1,1,1,1,0,0,0.9789252302624822,0.6207465818113046,0.6868510644461756,25.000108280033064,0,540.0
29,0.0029000000000000002,load_step,fcs_mpc_one_step_baseline,26.795937339442354,0.7486781228278103,26.047259216614542,0.0,-0.4416446819408095,2.5894032879514066,2.6267964163102087,1.0403563948332115,2,1,1,1,1,0,0,0.9788610754184027,0.6899515542295315,0.7573808876831332,25.000115853120075,0,540.0
30,0.003,load_step,fcs_mpc_one_step_baseline,27.719935178733472,0.8108796054877139,26.90905557324576,0.0,-0.5792382478634245,2.678758745374185,2.74066878037215,1.0949447550087994,2,1,1,1,1,0,0,0.9787924893800047,0.7569496624186375,0.8302182269033935,25.00012415452999,0,540.0
31,0.0031000000000000003,load_step,fcs_mpc_one_step_baseline,28.643933018024583,0.8763430905696844,27.7675899274549,0.0,-0.7052644876899989,2.7608576981090516,2.8495145598513174,1.1498316378241227,2,1,1,1,1,0,0,0.9787197968208785,0.8210279098930277,0.9038969909491408,25.0001331926722,0,540.0
32,0.0032,load_step,fcs_mpc_one_step_baseline,29.5679308573157,0.9450861922145637,28.622844665101137,0.0,-1.0020617620902237,2.5222071835485442,2.7139743646149723,1.143329293771283,3,1,1,1,1,0,0,0.9786434570800815,0.7447801927008001,1.0176409701976987,25.000143368193953,1,540.0
33,0.0033,load_step,fcs_mpc_one_step_baseline,30.49192869660682,1.0134348864782596,29.478493810128562,0.0,-1.2738995682862133,2.3039492556597514,2.632679677198676,1.1534374416297093,3,1,1,1,1,0,0,0.9785640096167363,0.6962710677819949,0.8865404315038481,25.00015223264248,0,540.0
34,0.0034000000000000002,load_step,fcs_mpc_one_step_baseline,31.41592653589793,1.082383240608707,30.333543295289225,0.0,-1.5229110917510431,2.104344563923696,2.597599706862773,1.1773423569221668,3,1,1,1,1,0,0,0.9784997377855674,0.6750115533382001,0.8342106470381073,25.000160573734068,0,540.0
35,0.0035,load_step,fcs_mpc_one_step_baseline,32.33992437518905,1.1527568611764725,31.18716751401258,0.0,-1.7510471890999013,1.9218027059135712,2.599902286416047,1.212588952483023,3,1,1,1,1,0,0,0.9784436369980698,0.6758335252014273,0.8120984699252018,25.000168693648277,0,540.0
36,0.0036000000000000003,load_step,fcs_mpc_one_step_baseline,33.26392221448017,1.2252343692803138,32.03868784519985,0.0,-1.9600918792102358,1.7548695319002545,2.630879558044749,1.2570396741412666,3,1,1,1,1,0,0,0.9783905523991987,0.6936257311058144,0.8135108618563122,25.00017682763227,0,540.0
37,0.0037,load_step,fcs_mpc_one_step_baseline,34.18792005377128,1.3003664142593236,32.88755363951196,0.0,-2.1516765503535984,1.6022155479058335,2.6826864593710447,1.3088378098347662,3,1,1,1,1,0,0,0.9783368188505605,0.7237714591254792,0.8329971607887899,25.000185156425026,0,540.0
38,0.0038,load_step,fcs_mpc_one_step_baseline,35.1119178930624,1.378592490217801,33.7333254028446,0.0,-2.3272929816829424,1.4626253149899073,2.748738880766961,1.3663747403378388,3,1,1,1,1,0,0,0.9782799521573466,0.7623880100957944,0.8661333550586175,25.0001938165242,0,540.0
39,0.0039000000000000003,load_step,fcs_mpc_one_step_baseline,36.03591573235351,1.4602557914132555,34.575659940940255,0.0,-2.4883052717460776,1.3349877538706787,2.823801591540029,1.4282607161022733,3,1,1,1,1,0,0,0.9782183881024099,0.8063830259886505,0.9093427019141334,25.00020290865911,0,540.0
40,0.004,load_step,fcs_mpc_one_step_baseline,36.95991357164463,1.5456163176746702,35.414297253969956,0.0,-2.6317963297387106,1.2255002800767556,2.9031367273510136,1.4917252875344071,3,1,1,1,1,0,0,0.9781512660437329,0.852980326915601,0.959746660325098,25.00021250477299,0,540.0
41,0.0041,load_step,fcs_mpc_one_step_baseline,37.883911410935745,1.6347682542917132,36.24914315664403,0.0,-2.582067681962948,0.81129930874487,2.7065254631367157,1.445547777304881,1,1,1,1,1,0,0,0.9780782528123101,0.741320531047669,1.055650897082397,25.000223059865263,1,540.0
42,0.004200000000000001,load_step,fcs_mpc_one_step_baseline,38.80790925022686,1.7211498980281164,37.08675935219874,0.0,-2.5367621903513133,0.4321615887547559,2.573310328971426,1.420154677365972,1,1,1,1,1,0,0,0.9779997972053006,0.6621196491359821,0.8817298940990601,25.000231875677137,0,540.0
43,0.0043,load_step,fcs_mpc_one_step_baseline,39.731907089517975,1.806005282310881,37.9259018072071,0.0,-2.4955085727780193,0.08509273940057677,2.496958912578916,1.412316888357645,1,1,1,1,1,0,0,0.9779464704482929,0.6163926106929482,0.7969745631009303,25.00023984387693,0,540.0
44,0.0044,load_step,fcs_mpc_one_step_baseline,40.65590492880909,1.8903851030232446,38.76551982578585,0.0,-2.6393216827245554,0.08146900751197683,2.640578751729432,1.4917404186480603,3,1,1,1,1,0,0,0.9779087180719807,0.6979077486859665,0.7856195212026063,25.00024769847318,1,540.0
45,0.0045000000000000005,load_step,fcs_mpc_one_step_baseline,41.579902768100204,1.9795114560935094,39.60039131200669,0.0,-2.771261179684725,0.07821279936385234,2.7723646527850376,1.5643897341368378,3,1,1,1,1,0,0,0.9778793025583713,0.7755809025522372,0.8392387250085172,25.00025608920911,0,540.0
46,0.0046,load_step,fcs_mpc_one_step_baseline,42.50390060739132,2.0729785812721624,40.43092202611916,0.0,-2.892340682468636,0.07530145058303059,2.893320744736581,1.6308000681419257,3,1,1,1,1,0,0,0.9778333246269778,0.8468926707244978,0.9253066259978444,25.00026534056811,0,540.0
47,0.0047,load_step,fcs_mpc_one_step_baseline,43.427898446682434,2.1704127799445305,41.25748566673791,0.0,-3.0034872728188557,0.07271477430896726,3.004367360425095,1.6914593153976445,3,1,1,1,1,0,0,0.9777750610396042,0.9123835102728547,1.008032957182828,25.000275419128744,0,540.0
48,0.0048000000000000004,load_step,fcs_mpc_one_step_baseline,44.35189628597355,2.271469579741042,42.08042670623251,0.0,-2.9241946257096427,-0.2436799782166915,2.934330271256602,1.7371574314563818,1,1,1,1,1,0,0,0.97770800492131,0.8736808643933697,1.1297015694794341,25.000286714308313,1,540.0
49,0.0049,load_step,fcs_mpc_one_step_baseline,45.27589412526467,2.37525336959751,42.90064075566716,0.0,-2.851868292406776,-0.5333256040805825,2.9013081458547383,1.794154011082881,1,1,1,1,1,0,0,0.9776349955940309,0.853752459424954,1.037025030066661,25.000297082647187,0,540.0
50,0.005,load_step,fcs_mpc_one_step_baseline,46.19989196455578,2.4824400843427417,43.71745188021304,0.0,-2.785920282901316,-0.7985044153086106,2.8980961205502305,1.8601472023019248,1,1,1,1,1,0,0,0.9775622602176889,0.8514324698081416,1.013778876198252,25.000307218455397,0,540.0
51,0.0051,load_step,fcs_mpc_one_step_baseline,47.1238898038469,2.5935678550276564,44.53032194881924,0.0,-2.7258130508051344,-1.0413031516226858,2.9179391771452217,1.9331422395019284,1,1,1,1,1,0,0,0.9774865723654401,0.8627531625766028,1.011493688842587,25.000317331344164,0,540.0
52,0.005200000000000001,load_step,fcs_mpc_one_step_baseline,48.04788764313801,2.7090553967646422,45.33883224637337,0.0,-2.3083467271352847,-1.2636296597427246,2.6315821343172425,1.8235682280562706,5,1,1,1,1,0,0,0.9774058475828994,0.6988527439341493,1.0666983014711378,25.000327996211634,1,540.0
53,0.0053,load_step,fcs_mpc_one_step_baseline,48.97188548242914,2.8179767270891096,46.15390875534003,0.0,-2.289040811343819,-1.4672281674912016,2.7189090333214825,1.919860112304288,1,1,1,1,1,0,0,0.977318883932745,0.7448715762622155,0.8711749372923757,25.000336705774366,1,540.0
54,0.0054,load_step,fcs_mpc_one_step_baseline,49.89588332172025,2.9326521726348047,46.963231149085445,0.0,-2.2757802706101407,-1.6464965798451865,2.808936956846889,2.0134046458408212,1,1,1,1,1,0,0,0.9772746241177968,0.7977218832437435,0.8901173057682147,25.00034560470272,0,540.0
55,0.0055000000000000005,load_step,fcs_mpc_one_step_baseline,50.81988116101136,3.052916879069749,47.76696428194161,0.0,-1.9011891338211175,-1.8107120780240762,2.6254901165423874,1.9472780926529416,5,1,1,1,1,0,0,0.9772122675519432,0.693634801487531,0.9898439069945795,25.00035550083776,1,540.0
56,0.0056,load_step,fcs_mpc_one_step_baseline,51.743879000302485,3.1692150732618294,48.57466392704065,0.0,-1.921127004650218,-1.9611542109417643,2.745333277962975,2.0493345541475914,1,1,1,1,1,0,0,0.9771351983216922,0.7598988492276243,0.8670250087873637,25.00036416871784,1,540.0
57,0.0057,load_step,fcs_mpc_one_step_baseline,52.667876839593596,3.2916117907988998,49.37626504879469,0.0,-1.9396244495236685,-2.0990106155896804,2.8579693087134723,2.146300861099233,1,1,1,1,1,0,0,0.9770876355014813,0.8262069290330286,0.9073965138687575,25.00037324025519,0,540.0
58,0.0058000000000000005,load_step,fcs_mpc_one_step_baseline,53.59187467888471,3.4198019483231374,50.17207273056157,0.0,-1.5941055739179446,-2.225349077463486,2.7373986003802675,2.119061843630444,5,1,1,1,1,0,0,0.9770207856569172,0.7584439969836413,1.0239777140894852,25.000383477544062,1,540.0
59,0.0059,load_step,fcs_mpc_one_step_baseline,54.51587251817583,3.546352167248556,50.969520350927276,0.0,-1.2779523034802378,-2.3411457898242114,2.6672318420381225,2.110064401308857,5,1,1,1,1,0,0,0.9769388764278697,0.7163840928470474,0.9020754767131197,25.00039249574231,0,540.0
60,0.006,load_step,fcs_mpc_one_step_baseline,55.439870357466944,3.6723542209332276,51.767516136533715,0.0,-1.3513737263520078,-2.447312175386915,2.795630131485842,2.2053135062474096,1,1,1,1,1,0,0,0.9768769692785406,0.789268760935747,0.8939841826575537,25.0004014329675,1,540.0
61,0.0061,load_step,fcs_mpc_one_step_baseline,56.363868196758055,3.804046673502736,52.55982152325532,0.0,-1.0561154356379001,-2.5446815028464735,2.7551377033320166,2.2185036249416776,5,1,1,1,1,0,0,0.9768271211775703,0.7676233860659539,0.9804723373994854,25.000411235014653,1,540.0
62,0.006200000000000001,load_step,fcs_mpc_one_step_baseline,57.28786603604917,3.936518356367797,53.35134767968137,0.0,-0.7859591800025147,-2.633996234696554,2.74875753696572,2.2444811237246567,5,1,1,1,1,0,0,0.9767599926761912,0.7632903838588855,0.9136259182674158,25.000420368532268,0,540.0
63,0.0063,load_step,fcs_mpc_one_step_baseline,58.21186387534029,4.0705344566070405,54.14132941873325,0.0,-0.5387702252322133,-2.715954776108665,2.7688776970939397,2.2809379571840473,5,1,1,1,1,0,0,0.9766999257640702,0.7746449044239797,0.9092219849958226,25.00042945794966,0,540.0
64,0.0064,load_step,fcs_mpc_one_step_baseline,59.1358617146314,4.206721980024286,54.92913973460712,0.0,-0.3125964833753754,-2.791195524970557,2.8086454066033886,2.3258614588026383,5,1,1,1,1,0,0,0.9766424159199718,0.7976559667513116,0.9224325043053486,25.00043867941165,0,540.0
65,0.006500000000000001,load_step,fcs_mpc_one_step_baseline,60.059859553922514,4.345587438396093,55.71427211552642,0.0,-0.10565298432387456,-2.8603020279625073,2.86225265206672,2.3775003582079774,5,1,1,1,1,0,0,0.9765842703203821,0.8288998420732118,0.949010193525754,25.000448166589056,0,540.0
66,0.0066,load_step,fcs_mpc_one_step_baseline,60.98385739321364,4.487532501699394,56.49632489151425,0.0,0.08369233957205004,-2.9238077141957453,2.9250052918402716,2.4343344214745315,5,1,1,1,1,0,0,0.976523328726345,0.8656044743240031,0.9855178380998902,25.00045801877966,0,540.0
67,0.0067,load_step,fcs_mpc_one_step_baseline,61.90785523250475,4.632867832293218,57.27498740021153,0.0,0.2486028052178988,-2.982200234239366,2.992544334151048,2.494237447301691,5,1,1,1,1,0,0,0.9764582344190716,0.9052198934678143,1.029186020149634,25.000468307586402,0,540.0
68,0.0068000000000000005,load_step,fcs_mpc_one_step_baseline,62.83185307179586,4.781776828447965,58.050076243347895,0.0,0.03676451133731752,-3.0359254323184475,3.036148029970183,2.50182180640208,1,1,1,1,1,0,0,0.9763882475903788,0.9315037416089126,1.1196749151268854,25.0004795012135,1,540.0
69,0.006900000000000001,load_step,fcs_mpc_one_step_baseline,63.75585091108699,4.931128261500623,58.82472264958636,0.0,0.20533312658812852,-3.0853905298198865,3.092215454067956,2.5720267097735645,5,1,1,1,1,0,0,0.9763133030972001,0.9643099016750601,1.1525725116663046,25.000491023741944,1,540.0
70,0.007,load_step,fcs_mpc_one_step_baseline,64.6798487503781,5.084669556284743,59.595179194093355,0.0,0.3595213618167209,-3.1309483600211316,3.151522369065713,2.6441813772161744,5,1,1,1,1,0,0,0.9762474815156281,0.9991342751662703,1.1509683086003861,25.00050253015154,0,540.0
71,0.0071,load_step,fcs_mpc_one_step_baseline,65.60384658966922,5.242517072412202,60.36132951725702,0.0,0.681899058891994,-2.8588267487663606,2.939026489499512,2.5214815317296027,4,1,1,1,1,0,0,0.9761735610723149,0.8780165428465018,1.24025666688231,25.00051492936801,1,540.0
72,0.007200000000000001,load_step,fcs_mpc_one_step_baseline,66.52784442896034,5.393009621193932,61.1348348077664,0.0,0.7955930893110057,-2.9240269742171625,3.0303303631302323,2.610002256384904,5,1,1,1,1,0,0,0.9760922482685634,0.927502255540419,1.081259013658562,25.000525738525283,1,540.0
73,0.0073,load_step,fcs_mpc_one_step_baseline,67.45184226825144,5.548788034572874,61.90305423367857,0.0,0.899578717532182,-2.984017560941859,3.116665312966127,2.695021951905183,5,1,1,1,1,0,0,0.9760554045920405,0.978355453449501,1.1053574185432553,25.000536788594545,0,540.0
74,0.0074,load_step,fcs_mpc_one_step_baseline,68.37584010754256,5.7096423911222765,62.666197716420285,0.0,1.1760247627393121,-2.725136859778922,2.9680642087228803,2.623911897694623,4,1,1,1,1,0,0,0.976001282032521,0.8941905137030762,1.2135445806749217,25.00054892046176,1,540.0
75,0.007500000000000001,load_step,fcs_mpc_one_step_baseline,69.29983794683368,5.8662288846358,63.433609062197874,0.0,1.2476914016301797,-2.8024874651561134,3.067681506620109,2.7129716388158087,5,1,1,1,1,0,0,0.9759333897078962,0.9494231824008917,1.1023822721772358,25.000559940625013,1,540.0
76,0.0076,load_step,fcs_mpc_one_step_baseline,70.2238357861248,6.028133031398655,64.19570275472614,0.0,1.3132206927074177,-2.8736300523255913,3.1594775304445086,2.7954574874145255,5,1,1,1,1,0,0,0.9758945496145043,1.0035736587368356,1.132940356065217,25.000571266295637,0,540.0
77,0.0077,load_step,fcs_mpc_one_step_baseline,71.14783362541591,6.194961015351738,64.95287261006418,0.0,1.5544744185464947,-2.624988151725046,3.0507299970027395,2.7690123693059183,4,1,1,1,1,0,0,0.9758385507676659,0.9423359764646432,1.2467632542488096,25.000583730119736,1,540.0
78,0.0078000000000000005,load_step,fcs_mpc_one_step_baseline,72.07183146470702,6.360193602159163,65.71163786254786,0.0,1.775286389063192,-2.3976276154346836,2.983330344679924,2.7616422803851535,4,1,1,1,1,0,0,0.975769675634525,0.9020586381867141,1.1205090801608948,25.000594931319004,0,540.0
79,0.0079,load_step,fcs_mpc_one_step_baseline,72.99582930399814,6.5249724389135535,66.47085686508458,0.0,1.9774135977987881,-2.189753031624757,2.95045468975027,2.7702621322808123,4,1,1,1,1,0,0,0.9757184945567772,0.8821560145284782,1.0713485534686387,25.00060564083833,0,540.0
80,0.008,load_step,fcs_mpc_one_step_baseline,73.91982714328925,6.6902544612122945,67.22957268207696,0.0,2.162462198799854,-1.999721772539378,2.9453573516309244,2.7921655718981118,4,1,1,1,1,0,0,0.9756772910305253,0.8786743505978886,1.047672004185681,25.000616113520767,0,540.0
81,0.0081,load_step,fcs_mpc_one_step_baseline,74.84382498258037,6.8568345723526765,67.98699041022769,0.0,2.3319003350521936,-1.826031067050957,2.961781327250847,2.824982538465213,4,1,1,1,1,0,0,0.9756403317524777,0.8879380135136493,1.043881681371487,25.00062654823016,0,540.0
82,0.0082,load_step,fcs_mpc_one_step_baseline,75.76782282187149,7.025365780831842,68.74245704103964,0.0,2.4870699150668925,-1.6673061795168667,2.9942322319228962,2.866641288100199,4,1,1,1,1,0,0,0.9756034695754907,0.9067128677233937,1.0554168463628413,25.000637098221635,0,540.0
83,0.0083,load_step,fcs_mpc_one_step_baseline,76.69182066116261,7.196377063700777,69.49544359746183,0.0,2.629197414500182,-1.5222895939362833,3.0380988549125814,2.915334416703121,4,1,1,1,1,0,0,0.9755638155505908,0.932279894780751,1.078573856799441,25.000647879712883,0,540.0
84,0.008400000000000001,load_step,fcs_mpc_one_step_baseline,77.61581850045371,7.3702891952225205,70.24552930523119,0.0,2.7594037761973214,-1.3898311132367727,3.0896504209073563,2.9694884673308244,4,1,1,1,1,0,0,0.9755194692124619,0.9624359013215006,1.1103565403944617,25.000658978959088,0,540.0
85,0.0085,load_step,fcs_mpc_one_step_baseline,78.53981633974483,7.5474287555004045,70.99238758424443,0.0,2.8745490470251003,-1.27609179925363,3.1450663751144075,3.0265731383589163,4,1,1,1,1,0,0,0.9754692979157447,0.9949533521094475,1.1483518385347313,25.00067045808428,0,540.0
86,0.0086,load_step,fcs_mpc_one_step_baseline,79.46381417903595,7.727970876378796,71.73584330265716,0.0,2.9800847491251443,-1.1722890864972237,3.2023689378784526,3.0862285341723887,4,1,1,1,1,0,0,0.9754127573457418,1.028620130382671,1.189967696304582,25.000682353291523,0,540.0
87,0.008700000000000001,load_step,fcs_mpc_one_step_baseline,80.38781201832707,7.912069138682142,72.47574287964493,0.0,3.0768360066018077,-1.0775949091186259,3.2600813793032435,3.147496204039057,4,1,1,1,1,0,0,0.9753500453334429,1.0625677178517172,1.2338167163538805,25.000694686909664,0,540.0
88,0.0088,load_step,fcs_mpc_one_step_baseline,81.31180985761819,8.099819753986354,73.21199010363183,0.0,3.1655569705205298,-0.9912521585651798,3.3171270363782033,3.2095507438332724,4,1,1,1,1,0,0,0.9752814316957455,1.0961567210357326,1.2788168196306449,25.000707470446613,0,540.0
89,0.0089,load_step,fcs_mpc_one_step_baseline,82.23580769690929,8.29126953105702,73.94453816585226,0.0,3.2469369427722996,-0.9125686665429185,3.372740885614465,3.271683517679131,4,1,1,1,1,0,0,0.9752073959866069,1.1289320219570542,1.3241238477684174,25.00072070696862,0,540.0
90,0.009000000000000001,load_step,fcs_mpc_one_step_baseline,83.15980553620041,8.486422867514847,74.67338266868556,0.0,3.3216059743365185,-0.8409116906761579,3.4263973383517397,3.3332881656697055,4,1,1,1,1,0,0,0.9751285601329437,1.1605801931868442,1.369087492481323,25.000734393038833,0,540.0
91,0.0091,load_step,fcs_mpc_one_step_baseline,84.08380337549153,8.685247873689054,75.39855550180248,0.0,3.3901399820457434,-0.7757028608794836,3.4777527264372505,3.39384771624987,4,1,1,1,1,0,0,0.9750456357852842,1.1908955397244898,1.4132148770601647,25.00074852029165,0,540.0
92,0.0092,load_step,fcs_mpc_one_step_baseline,85.00780121478265,8.887681724754724,76.12011949002792,0.0,3.271711163719177,-0.40229875422856637,3.296352260675207,3.2854160607138194,6,1,1,1,1,0,0,0.9749593836398445,1.0875000890750322,1.5054040855990816,25.00076356934237,1,540.0
93,0.009300000000000001,load_step,fcs_mpc_one_step_baseline,85.93179905407376,9.083611047260764,76.848188006813,0.0,3.163430793993948,-0.06078939199722498,3.1640148132662986,3.2059905721636324,6,1,1,1,1,0,0,0.9748705824522269,1.0089720532935913,1.3080297413608393,25.000776644549322,0,540.0
94,0.0094,load_step,fcs_mpc_one_step_baseline,86.85579689336487,9.27477218368849,77.58102470967637,0.0,3.064473357701341,0.25155006612134617,3.0747803817227313,3.1514247923296974,6,1,1,1,1,0,0,0.9748235164182009,0.9558293663463869,1.204893924692639,25.00078868831094,0,540.0
95,0.0095,load_step,fcs_mpc_one_step_baseline,87.77979473265599,9.462653202797716,78.31714152985828,0.0,2.9740818818160335,0.537211767184451,3.022211032100148,3.118055435771887,6,1,1,1,1,0,0,0.9748043274122682,0.9243114459239731,1.1376487090514074,25.000800059540108,0,540.0
96,0.009600000000000001,load_step,fcs_mpc_one_step_baseline,88.7037925719471,9.648522833657985,79.05526973828913,0.0,2.8915621247756764,0.7984747940722612,2.9997822451314637,3.10265005611687,6,1,1,1,1,0,0,0.9748023235061299,0.9105981235197916,1.0988431325835788,25.000811042637704,0,540.0
97,0.0097,load_step,fcs_mpc_one_step_baseline,89.62779041123822,9.833456265599288,79.79433414563894,0.0,2.8162773217242982,1.037423183417515,3.001277197186344,3.1023601493546664,6,1,1,1,1,0,0,0.9748093803062989,0.911041025052126,1.0823800822070826,25.000821861031575,0,540.0
98,0.0098,load_step,fcs_mpc_one_step_baseline,90.55178825052934,10.018358139697957,80.53343011083139,0.0,2.747643416051634,1.2559624567583105,3.0210902062927985,3.114679107803277,6,1,1,1,1,0,0,0.974819444683497,0.9223435191726103,1.0832834561778868,25.000832688387064,0,540.0
99,0.0099,load_step,fcs_mpc_one_step_baseline,91.47578608982046,10.203983022296542,81.27180306752392,0.0,2.6851247191998264,1.4558347811613312,3.054398413386343,3.1374045141958793,6,1,1,1,1,0,0,0.974828123962385,0.941664090680347,1.0975043258335495,25.000843657879066,0,540.0
100,0.01,load_step,fcs_mpc_one_step_baseline,92.39978392911156,10.390953620481053,82.00883030863051,0.0,2.628229950074815,1.6386328676746653,3.097210090628978,3.168604327936063,6,1,1,1,1,0,0,0.9748323466952046,0.9666471220115068,1.1217596589348373,25.00085486985127,0,540.0
101,0.010100000000000001,load_step,fcs_mpc_one_step_baseline,93.32378176840268,10.579776972611645,82.74400479579104,0.0,2.5806730441486057,1.798599701999979,3.145605545650892,3.2064063281027355,6,1,1,1,1,0,0,0.9748300835011403,0.9950052022196586,1.1533982197609647,25.000866398134335,0,540.0
102,0.0102,load_step,fcs_mpc_one_step_baseline,94.2477796076938,10.770848037053465,83.47693157064033,0.0,2.537525765162421,1.9448867951162967,3.1971270939205514,3.24907308311222,6,1,1,1,1,0,0,0.9748201182997169,1.0252487249555844,1.189761322045863,25.000878289971567,0,540.0
103,0.0103,load_step,fcs_mpc_one_step_baseline,94.2477796076938,10.964457767110195,83.28332184058361,0.0,2.4984385846311636,2.078658233417165,3.2500792932675875,3.295387816486244,6,1,1,1,1,0,0,0.9748019112767832,1.0563770598995563,1.2291341893078052,25.000890575458193,0,540.0
104,0.010400000000000001,load_step,fcs_mpc_one_step_baseline,94.2477796076938,11.160824277057248,83.08695533063656,0.0,2.4630911579340773,2.2009780464790443,3.303198815296431,3.34429143417762,6,1,1,1,1,0,0,0.9747754553583625,1.087640589617723,1.2703054846637085,25.00090327257587,0,540.0
105,0.0105,load_step,fcs_mpc_one_step_baseline,94.2477796076938,11.36010228407285,82.88767732362095,0.0,2.4311899531616565,2.3128187799726074,3.3555648253830768,3.394864043827032,6,1,1,1,1,0,0,0.9747410610964812,1.1184921122847973,1.3123238919089317,25.00091638979297,0,540.0
106,0.0106,load_step,fcs_mpc_one_step_baseline,94.2477796076938,11.562391443483559,82.68538816421024,0.0,2.4024660687396597,2.4150693423483904,3.4065236150357863,3.44630844209227,6,1,1,1,1,0,0,0.9746992668808727,1.1485424339935744,1.3544503080344812,25.000929928186785,0,540.0
107,0.010700000000000001,load_step,fcs_mpc_one_step_baseline,94.2477796076938,11.767743695186436,82.48003591250736,0.0,2.013964702239935,2.508542185618184,3.2169609445708924,3.2695569705893535,2,1,1,1,1,0,0,0.974650767718569,1.0404387828423296,1.4443558879824072,25.000944365546143,1,540.0
108,0.0108,load_step,fcs_mpc_one_step_baseline,94.2477796076938,11.962502668520397,82.2852769391734,0.0,2.0214288674970042,2.5939798757566446,3.2886024785888424,3.3390996810186087,6,1,1,1,1,0,0,0.9745963592491582,1.0790475325249052,1.2903563310786665,25.000957262813685,1,540.0
109,0.0109,load_step,fcs_mpc_one_step_baseline,94.2477796076938,12.161408386641806,82.08637122105199,0.0,2.0287845158796753,2.6721206542895586,3.355025395277059,3.404450732530763,6,1,1,1,1,0,0,0.9745958010956938,1.1182748501552817,1.3011460374881234,25.000970267892306,0,540.0
110,0.011000000000000001,load_step,fcs_mpc_one_step_baseline,94.2477796076938,12.364209685650767,81.88356992204304,0.0,1.673355766018788,2.7435770287396894,3.2136170326123845,3.290717480596,2,1,1,1,1,0,0,0.9745774611808201,1.0379729334125534,1.4020490904646006,25.000984281914757,1,540.0
111,0.0111,load_step,fcs_mpc_one_step_baseline,94.2477796076938,12.5601891595591,81.6875904481347,0.0,1.7111410199014827,2.808909058920186,3.2890688182635173,3.3615561903515436,6,1,1,1,1,0,0,0.9745450950171038,1.079498920541555,1.28803955822835,25.00099715574846,1,540.0
112,0.0112,load_step,fcs_mpc_one_step_baseline,94.2477796076938,12.76039284216186,81.48738676553194,0.0,1.7462977210029833,2.868689911255267,3.3584129491945993,3.4253551541939986,6,1,1,1,1,0,0,0.9745471042745133,1.120496554176091,1.3019216538635714,25.001010168317293,0,540.0
113,0.011300000000000001,load_step,fcs_mpc_one_step_baseline,94.2477796076938,12.964399122917841,81.28338048477596,0.0,1.4163645409401346,2.923379584343745,3.248420648098144,3.3653989604084185,2,1,1,1,1,0,0,0.9745306023463653,1.0582549933496077,1.405336111916135,25.001024214943957,1,540.0
114,0.0114,load_step,fcs_mpc_one_step_baseline,94.2477796076938,13.16480171594553,81.08297789174827,0.0,1.1148276990339119,2.973399036423874,3.1755224181762074,3.3282569222367786,2,1,1,1,1,0,0,0.9745001776730275,1.0148214252161862,1.2700990003050765,25.00103690910586,0,540.0
115,0.0115,load_step,fcs_mpc_one_step_baseline,94.2477796076938,13.362966186619037,80.88481342107477,0.0,0.8392825201196443,3.0191954002083103,3.133677713680429,3.310453924944586,2,1,1,1,1,0,0,0.9744900914749819,0.9897144191952699,1.2135368271487208,25.001049037561405,0,540.0
116,0.011600000000000001,load_step,fcs_mpc_one_step_baseline,94.2477796076938,13.56005003090692,80.68772957678688,0.0,0.5875289141563332,3.061174637997054,3.1170467415946965,3.308922793924184,2,1,1,1,1,0,0,0.9744913356866524,0.9795093084956544,1.181578190160657,25.001060846349723,0,540.0
117,0.0117,load_step,fcs_mpc_one_step_baseline,94.2477796076938,13.757027104094652,80.49075250359915,0.0,0.35755412419288063,3.09970520462354,3.1202591730972604,3.32096017082793,2,1,1,1,1,0,0,0.9744971656419972,0.9810508114875772,1.1689081773755374,25.001072528359188,0,540.0
118,0.0118,load_step,fcs_mpc_one_step_baseline,94.2477796076938,13.954709407085051,80.29307020060875,0.0,0.14751691544528645,3.1351214348093506,3.1385900737980315,3.344186875683498,2,1,1,1,1,0,0,0.9745026546869937,0.991558068618357,1.1711934655507275,25.001084233143654,0,540.0
119,0.0119,load_step,fcs_mpc_one_step_baseline,94.2477796076938,14.153766498938456,80.09401310875535,0.0,-0.04426691507993121,3.1677266623668134,3.1680359479084648,3.376512300174068,2,1,1,1,1,0,0,0.9745043261928026,1.008671209324354,1.184912128158133,25.001096075036713,0,540.0
120,0.012,load_step,fcs_mpc_one_step_baseline,94.2477796076938,14.35474277707572,79.89303683061809,0.0,-0.21100895621512675,3.1977960822396234,3.2047503121444705,3.415444163300257,2,1,1,1,1,0,0,0.9744998504426169,1.0301457537591352,1.2072120843716923,25.00110813985039,0,540.0
121,0.012100000000000001,load_step,fcs_mpc_one_step_baseline,94.2477796076938,14.55803344922676,79.68974615846705,0.0,-0.00043997092000848175,3.2255793686966867,3.2255793987028323,3.4092624524907666,6,1,1,1,1,0,0,0.9744877959082057,1.0430112492622206,1.2807548789044636,25.00112094001158,1,540.0
122,0.0122,load_step,fcs_mpc_one_step_baseline,94.2477796076938,14.760938564474946,79.48684104321886,0.0,0.1929515936585402,3.2513016437225675,3.257022059484467,3.390375695818395,6,1,1,1,1,0,0,0.9744675954697307,1.061477559781666,1.2522804321396996,25.00113345534297,0,540.0
123,0.0123,load_step,fcs_mpc_one_step_baseline,94.2477796076938,14.962697832697991,79.2850817749958,0.0,-0.0003824786254214118,3.275105434013924,3.2751054563475406,3.456991366903059,2,1,1,1,1,0,0,0.9744509035021096,1.0725698404156012,1.323702970071638,25.0011466848163,1,540.0
124,0.012400000000000001,load_step,fcs_mpc_one_step_baseline,94.2477796076938,15.168428142358696,79.07935146533511,0.0,-0.34981567166342253,2.983008570477052,3.003449872343615,3.252627481411909,3,1,1,1,1,0,0,0.9744424676198775,0.9175068415905462,1.3381653715260586,25.00116005882545,1,540.0
125,0.0125,load_step,fcs_mpc_one_step_baseline,94.2477796076938,15.361912709516739,78.88586689817706,0.0,-0.4878211899189052,3.029885536113979,3.0689046702832905,3.345750724030488,2,1,1,1,1,0,0,0.9744173981184195,0.9507141756795817,1.128668845568997,25.001171337780182,1,540.0
126,0.0126,load_step,fcs_mpc_one_step_baseline,94.2477796076938,15.560955270852773,78.68682433684103,0.0,-0.6136421183314251,3.0731124375562606,3.133779938549173,3.4367467068308057,2,1,1,1,1,0,0,0.9744501938781122,0.9888616625302636,1.134010144050486,25.001182670072705,0,540.0
127,0.012700000000000001,load_step,fcs_mpc_one_step_baseline,94.2477796076938,15.765428095772723,78.48235151192108,0.0,-0.9096512448017349,2.7989124045827287,2.9430215826079866,3.294183831832849,3,1,1,1,1,0,0,0.9744542745377748,0.8801693512157868,1.2269291922867047,25.00119493148016,1,540.0
128,0.0128,load_step,fcs_mpc_one_step_baseline,94.2477796076938,15.961353689517196,78.2864259181766,0.0,-0.9987956227230844,2.8622813903357462,3.031542091647933,3.398323679112152,2,1,1,1,1,0,0,0.9744344895088658,0.9283956742162552,1.0843179362931938,25.001205766693314,1,540.0
129,0.0129,load_step,fcs_mpc_one_step_baseline,94.2477796076938,16.16349636669761,78.08428324099619,0.0,-1.2612825171384037,2.606593252450487,2.895714414744554,3.296728690340317,3,1,1,1,1,0,0,0.9744547011031661,0.8514730762329094,1.1493929502508875,25.00121725258437,1,540.0
130,0.013000000000000001,load_step,fcs_mpc_one_step_baseline,94.2477796076938,16.35954367062693,77.88823593706687,0.0,-1.3197859918456196,2.68697833287009,2.9936077942150763,3.403746870135838,2,1,1,1,1,0,0,0.9744451889688519,0.9059177391173457,1.0501824936519404,25.00122774629429,1,540.0
131,0.0131,load_step,fcs_mpc_one_step_baseline,94.2477796076938,16.561980299341172,77.68579930835263,0.0,-1.5542655475904383,2.4469331522244833,2.8988313583031786,3.3368287349971926,3,1,1,1,1,0,0,0.974463504418232,0.8526558416629365,1.1212113955311465,25.00123895022327,1,540.0
132,0.0132,load_step,fcs_mpc_one_step_baseline,94.2477796076938,16.760396731065914,77.48738287662789,0.0,-1.7685212729787578,2.22758674178641,2.8442591627981093,3.292464069645714,3,1,1,1,1,0,0,0.9744516094837877,0.8198306543882868,1.0112340452029056,25.001249054304054,0,540.0
133,0.013300000000000001,load_step,fcs_mpc_one_step_baseline,94.2477796076938,16.95614296271454,77.29163664497926,0.0,-1.7829669741689609,2.3413417480527547,2.9429326210689823,3.3948943993790603,2,1,1,1,1,0,0,0.9744589328255974,0.8759579638104643,1.0134458857833417,25.001259180435884,1,540.0
134,0.0134,load_step,fcs_mpc_one_step_baseline,94.2477796076938,17.1580039873489,77.08977562034491,0.0,-1.9772010687042065,2.13194086839909,2.907661591801103,3.375719047964096,3,1,1,1,1,0,0,0.9744766968755645,0.8568603677347216,1.0839727509577588,25.001270011768856,1,540.0
135,0.0135,load_step,fcs_mpc_one_step_baseline,94.2477796076938,17.35870197453639,76.88907763315741,0.0,-2.1546919765261228,1.9407403551571591,2.899857003343714,3.3728068264398923,3,1,1,1,1,0,0,0.9744654929522437,0.8517327080776055,1.017158428720991,25.001280174886396,0,540.0
136,0.013600000000000001,load_step,fcs_mpc_one_step_baseline,94.2477796076938,17.559210263074956,76.68856934461884,0.0,-2.316906236763314,1.7662352717697216,2.913355718959874,3.383497440994308,3,1,1,1,1,0,0,0.9744610472888388,0.8592291561894626,1.0114390342333295,25.00129028074224,0,540.0
137,0.0137,load_step,fcs_mpc_one_step_baseline,94.2477796076938,17.760342914570174,76.48743669312363,0.0,-2.4651822915408865,1.607046536152683,2.942740610364276,3.4054423703776466,3,1,1,1,1,0,0,0.97445810432755,0.876161100446594,1.0206599714125613,25.00130047874008,0,540.0
138,0.013800000000000002,load_step,fcs_mpc_one_step_baseline,94.2477796076938,17.962773383364947,76.28500622432885,0.0,-2.600741588571674,1.461910493941235,2.9834609269809147,3.436571403789877,3,1,1,1,1,0,0,0.9744528992042536,0.8998447156520942,1.0411920327987303,25.001310881990552,0,540.0
139,0.013900000000000001,load_step,fcs_mpc_one_step_baseline,94.2477796076938,18.167051182530773,76.08072842516303,0.0,-2.720534319924314,1.3368823655243327,3.0312640012272083,3.47523453592005,3,1,1,1,1,0,0,0.9744428512401829,0.9277958073237412,1.0701038953388182,25.00132157429029,0,540.0
140,0.014,load_step,fcs_mpc_one_step_baseline,94.2477796076938,18.373627040133893,75.8741525675599,0.0,-2.8300928007556947,1.223080896217776,3.083075110921252,3.519172193199684,3,1,1,1,1,0,0,0.9744263118303359,0.9581635954563862,1.1046429702880445,25.001332611909497,0,540.0
141,0.014100000000000001,load_step,fcs_mpc_one_step_baseline,94.2477796076938,18.582816427871176,75.66496317982262,0.0,-2.7489592871881117,0.8054707046325401,2.8645349044197403,3.227554152590776,1,1,1,1,1,0,0,0.9744023173493288,0.8333471179635626,1.1863924116877755,25.001344466949533,1,540.0
142,0.0142,load_step,fcs_mpc_one_step_baseline,94.2477796076938,18.77453817668271,75.47324143101109,0.0,-2.855936147110556,0.7378965185584806,2.949722452786603,3.3063016478358467,3,1,1,1,1,0,0,0.9743706347633723,0.8792276198602188,1.026556388307094,25.001354723550303,1,540.0
143,0.0143,load_step,fcs_mpc_one_step_baseline,94.2477796076938,18.97095775403967,75.27682185365413,0.0,-2.953918279755123,0.6767152021547086,3.0304416622497046,3.382768182373972,3,1,1,1,1,0,0,0.9744185619541216,0.9267598729169172,1.045671711495044,25.00136517123593,0,540.0
144,0.014400000000000001,load_step,fcs_mpc_one_step_baseline,94.2477796076938,19.171938297372016,75.07584131032178,0.0,-3.0436859182451936,0.6214164301034292,3.10647426329699,3.4565733203608007,3,1,1,1,1,0,0,0.9744390458015837,0.9715642278319773,1.1038574268327215,25.001376200709053,0,540.0
145,0.0145,load_step,fcs_mpc_one_step_baseline,94.2477796076938,19.377320187852906,74.8704594198409,0.0,-2.94459747172056,0.8856474611485174,3.0749025506350485,3.41297345053181,2,1,1,1,1,0,0,0.9744368013993735,0.95500656918797,1.2041210563704887,25.001388232744947,1,540.0
146,0.0146,load_step,fcs_mpc_one_step_baseline,94.2477796076938,19.580077111453946,74.66770249623985,0.0,-2.8539339341734804,1.128406851429208,3.068915268132911,3.35588117755867,2,1,1,1,1,0,0,0.9744159353934204,0.951676821345602,1.1376139861708918,25.001399599629924,0,540.0
147,0.014700000000000001,load_step,fcs_mpc_one_step_baseline,94.2477796076938,19.779401831563785,74.46837777613001,0.0,-2.9522693165686804,1.0374088677609608,3.1292349346864294,3.443375103735139,3,1,1,1,1,0,0,0.9744094595089768,0.9862900922509005,1.1775445168686762,25.001411365744428,1,540.0
148,0.0148,load_step,fcs_mpc_one_step_baseline,94.2477796076938,19.983947216783314,74.2638323909105,0.0,-2.860909888551635,0.6407858061780551,2.9317932805386855,3.2951016806992888,1,1,1,1,1,0,0,0.9744185011717087,0.8737068935137843,1.2234893742596449,25.001423591229067,1,540.0
149,0.0149,load_step,fcs_mpc_one_step_baseline,94.2477796076938,20.179603623673902,74.0681759840199,0.0,-2.958569272351954,0.59253731232297,3.017322091822499,3.397007849778842,3,1,1,1,1,0,0,0.9744038412060927,0.9201214466702831,1.0762681736479507,25.001434344420193,1,540.0
150,0.015000000000000001,load_step,fcs_mpc_one_step_baseline,94.2477796076938,20.381343462623473,73.86643614507032,0.0,-2.866708949879582,0.2350389009453498,2.876328125975424,3.290986200909452,1,1,1,1,1,0,0,0.9744298835039956,0.8401936442866881,1.1388848923287505,25.00144572370682,1,540.0
151,0.0151,load_step,fcs_mpc_one_step_baseline,94.2477796076938,20.576723050580878,73.67105655711292,0.0,-2.9640192704291035,0.22260024758537236,2.972366246898276,3.3966745380767893,3,1,1,1,1,0,0,0.9744259071552214,0.8935018947040952,1.0364816348408257,25.00145607888501,1,540.0
152,0.0152,load_step,fcs_mpc_one_step_baseline,94.2477796076938,20.778412431629196,73.46936717606461,0.0,-2.871941357352809,-0.10212135241226149,2.8737564146412975,3.3263183650937225,1,1,1,1,1,0,0,0.9744500708353019,0.838011280087739,1.1056968255913422,25.001467126146075,1,540.0
153,0.015300000000000001,load_step,fcs_mpc_one_step_baseline,94.2477796076938,20.975875927439176,73.27190368025462,0.0,-2.7877931723466154,-0.3986711809176208,2.816155088463108,3.2791698677704852,1,1,1,1,1,0,0,0.9744434922149201,0.8033901811514511,0.9938452897193618,25.00147705481813,0,540.0
154,0.0154,load_step,fcs_mpc_one_step_baseline,94.2477796076938,21.170502700971255,73.07727690672255,0.0,-2.892338366069389,-0.35535311601260255,2.914085973490969,3.3813086469713207,3,1,1,1,1,0,0,0.9744562210323631,0.8590527831745328,0.9939287647281139,25.001486984258747,1,540.0
155,0.0155,load_step,fcs_mpc_one_step_baseline,94.2477796076938,21.371226905971874,72.87655270172192,0.0,-2.807046513173699,-0.6290661324030207,2.8766707017065953,3.3599478241932625,1,1,1,1,1,0,0,0.9744792975439001,0.8387081109090574,1.0632546696290202,25.001497606892215,1,540.0
156,0.015600000000000001,load_step,fcs_mpc_one_step_baseline,94.2477796076938,21.57065737369613,72.67712223399766,0.0,-2.7292630001644134,-0.878947376174564,2.8673027419773107,3.3553194885266127,1,1,1,1,1,0,0,0.9744726861856903,0.8326489467029211,0.9956023295066098,25.001507552931464,0,540.0
157,0.015700000000000002,load_step,fcs_mpc_one_step_baseline,94.2477796076938,21.769795541159656,72.47798406653415,0.0,-2.6584229046977175,-1.1070441289711441,2.8797150976634702,3.364701599854338,1,1,1,1,1,0,0,0.9744727062655039,0.8394959930836797,0.9888563457382441,25.00151743144457,0,540.0
158,0.0158,load_step,fcs_mpc_one_step_baseline,94.2477796076938,21.969479870885987,72.27829973680781,0.0,-2.594004486718387,-1.315227412231777,2.90838140947865,3.3856850981757294,1,1,1,1,1,0,0,0.9744740000176079,0.8559967560182887,0.9972131304023077,25.001527393459664,0,540.0
159,0.0159,load_step,fcs_mpc_one_step_baseline,94.2477796076938,22.170404593385072,72.07737501430873,0.0,-2.53552597508217,-1.505207036751221,2.948650571668637,3.4161410171957747,1,1,1,1,1,0,0,0.9744727316938355,0.8794084175778948,1.0169993037059206,25.00153755327008,0,540.0
160,0.016,load_step,fcs_mpc_one_step_baseline,94.2477796076938,22.37313648014006,71.87464312755374,0.0,-2.486707038946343,-1.671332385495655,2.996174868119664,3.454386878972937,1,1,1,1,1,0,0,0.9744662760867827,0.9071911594832135,1.0452497506079963,25.00154799551723,0,540.0
161,0.0161,load_step,fcs_mpc_one_step_baseline,94.2477796076938,22.578141573013358,71.66963803468045,0.0,-2.4426219844473818,-1.8228516257111247,3.047817285905334,3.498071687657033,1,1,1,1,1,0,0,0.9744529620020628,0.9374566915854875,1.07918337082585,25.00155877703097,0,540.0
162,0.0162,load_step,fcs_mpc_one_step_baseline,94.2477796076938,22.785745185253734,71.46203442244007,0.0,-2.0402115961644234,-1.9610160410695332,2.82984933705945,3.2038075752156376,5,1,1,1,1,0,0,0.9744318152211786,0.8129532496281698,1.1598682503312485,25.001570365321626,1,540.0
163,0.016300000000000002,load_step,fcs_mpc_one_step_baseline,94.2477796076938,22.975722929095223,71.27205667859857,0.0,-2.035120847482522,-2.0869688911442448,2.914988167465147,3.2828950736525178,1,1,1,1,1,0,0,0.9744026171273727,0.8588189203268869,1.0022788471004305,25.001580377640995,1,540.0
164,0.0164,load_step,fcs_mpc_one_step_baseline,94.2477796076938,23.170418982600122,71.07736062509368,0.0,-2.0311908027216754,-2.2018638718039285,2.9956536159937635,3.3597217295103095,1,1,1,1,1,0,0,0.9744533253164134,0.9063201840803602,1.0211386178183648,25.00159057849132,0,540.0
165,0.0165,load_step,fcs_mpc_one_step_baseline,94.2477796076938,23.369697685572433,70.87808192212137,0.0,-2.0283661117218785,-2.3066393833501424,3.0716207982112076,3.4338654776244013,1,1,1,1,1,0,0,0.9744760862996004,0.9510871578985435,1.078608967960949,25.001601353977144,0,540.0
166,0.0166,load_step,fcs_mpc_one_step_baseline,94.2477796076938,23.57339813020527,70.67438147748854,0.0,-2.207948681106302,-2.08803846477815,3.0389047383542893,3.3908591575327245,3,1,1,1,1,0,0,0.9744756855170804,0.9338785239164161,1.1776918761455504,25.001613120220213,1,540.0
167,0.0167,load_step,fcs_mpc_one_step_baseline,94.2477796076938,23.774509257488866,70.47327035020493,0.0,-2.373259099523071,-1.8874184630919706,3.0322775612218473,3.3338121308968907,3,1,1,1,1,0,0,0.9744563000441506,0.9301737362713837,1.111109739123332,25.00162422056347,0,540.0
168,0.016800000000000002,load_step,fcs_mpc_one_step_baseline,94.2477796076938,23.972191015448196,70.27558859224561,0.0,-2.3441171351482835,-2.017300561962921,3.0926342655722667,3.4206950901379387,1,1,1,1,1,0,0,0.9744509381122599,0.9648017361465796,1.150108555533147,25.00163571082089,1,540.0
169,0.016900000000000002,load_step,fcs_mpc_one_step_baseline,94.2477796076938,24.17505700209196,70.07272260560184,0.0,-1.955522075791157,-2.135657816874913,2.895703869473789,3.2700492431826405,5,1,1,1,1,0,0,0.9744609192881625,0.8525028297133187,1.195548002697926,25.001647655396177,1,540.0
170,0.017,load_step,fcs_mpc_one_step_baseline,94.2477796076938,24.368892164290582,69.87888744340322,0.0,-1.9632120135281592,-2.243473513396865,2.9811700413385616,3.3715367759507133,1,1,1,1,1,0,0,0.9744472103466165,0.8988933296652614,1.0504251416956798,25.001658148663225,1,540.0
171,0.0171,load_step,fcs_mpc_one_step_baseline,94.2477796076938,24.568785845639045,69.67899376205476,0.0,-1.971107059515577,-2.341760912691783,3.060899739011913,3.466335937119869,1,1,1,1,1,0,0,0.9744746586832227,0.9458980187824281,1.0700229427930068,25.001668837838327,0,540.0
172,0.0172,load_step,fcs_mpc_one_step_baseline,94.2477796076938,24.77433732227985,69.47344228541395,0.0,-1.6165236368650708,-2.431323563498907,2.919671717671098,3.3690029043597027,5,1,1,1,1,0,0,0.9744719818380573,0.8657732901099146,1.1715673790097576,25.00168054238653,1,540.0
173,0.0173,load_step,fcs_mpc_one_step_baseline,94.2477796076938,24.974048215920465,69.27373139177334,0.0,-1.2927432350118748,-2.5128963264109974,2.8259216229327473,3.298754053132186,5,1,1,1,1,0,0,0.9744454201136413,0.8098206099009616,1.026171619200276,25.001690792899108,0,540.0
174,0.017400000000000002,load_step,fcs_mpc_one_step_baseline,94.2477796076938,25.169539798887133,69.07823980880667,0.0,-1.3598833471000786,-2.587267564691256,2.9228814839167763,3.400879538263113,1,1,1,1,1,0,0,0.9744481900300653,0.8643867889165863,1.000991214199637,25.001700791539296,1,540.0
175,0.0175,load_step,fcs_mpc_one_step_baseline,94.2477796076938,25.37112795130861,68.87665165638519,0.0,-1.0596027004957809,-2.6551507106349215,2.8587730198606325,3.360984353229603,5,1,1,1,1,0,0,0.9744688137685309,0.8287012392095224,1.0697956761625484,25.001711478157446,1,540.0
176,0.0176,load_step,fcs_mpc_one_step_baseline,94.2477796076938,25.570313131187888,68.67746647650591,0.0,-0.7855993890792315,-2.7170744939044424,2.8283670563679926,3.3406957785897626,5,1,1,1,1,0,0,0.9744601249539028,0.8101814589841821,0.9834485826622921,25.00172130123342,0,540.0
177,0.0177,load_step,fcs_mpc_one_step_baseline,94.2477796076938,25.76826885956773,68.47951074812607,0.0,-0.5356621296999007,-2.7736407730822057,2.8248923971186386,3.3369707027120485,5,1,1,1,1,0,0,0.9744631913767419,0.8075965269465782,0.962329100684824,25.001730913049087,0,540.0
178,0.0178,load_step,fcs_mpc_one_step_baseline,94.2477796076938,25.96598645559939,68.28179315209441,0.0,-0.3077664672160839,-2.825393242042825,2.842106115282104,3.3471060183914196,5,1,1,1,1,0,0,0.9744711329150556,0.8172787951305244,0.9596952393716421,25.00174049846206,0,540.0
179,0.0179,load_step,fcs_mpc_one_step_baseline,94.2477796076938,26.164295397739057,68.08348420995475,0.0,-0.10005913733519456,-2.8728229139095967,2.8745648932748566,3.3687039783629773,5,1,1,1,1,0,0,0.9744789039790733,0.8360230277867174,0.971209354608327,25.001750198952283,0,540.0
180,0.018000000000000002,load_step,fcs_mpc_one_step_baseline,94.2477796076938,26.363881610118053,67.88389799757574,0.0,0.0891562733072625,-2.9163731318059734,2.917735609165063,3.399640761114723,5,1,1,1,1,0,0,0.9744829286978873,0.8611546269754963,0.9933620877259265,25.001760120905168,0,540.0
181,0.0181,load_step,fcs_mpc_one_step_baseline,94.2477796076938,26.56530386636307,67.68247574133073,0.0,0.253103616112015,-2.95644413685233,2.9672585621778054,3.4382248153064467,5,1,1,1,1,0,0,0.9744807992180621,0.8901282696996197,1.023326406853743,25.001770342435098,0,540.0
182,0.0182,load_step,fcs_mpc_one_step_baseline,94.2477796076938,26.7690196681068,67.47875993958701,0.0,0.40223438182745264,-2.9933972243138354,3.0203012168414407,3.4820997246081036,5,1,1,1,1,0,0,0.9744710271341802,0.9212294981016435,1.0583393060552695,25.001780914025876,0,540.0
183,0.0183,load_step,fcs_mpc_one_step_baseline,94.2477796076938,26.97534546464169,67.27243414305211,0.0,0.5377890697981834,-3.0275558461299297,3.0749490215335133,3.529882031507502,5,1,1,1,1,0,0,0.9744527959231497,0.9533266042180094,1.0965471555735211,25.00179186762467,0,540.0
184,0.0184,load_step,fcs_mpc_one_step_baseline,94.2477796076938,27.18451488942662,67.06326471826718,0.0,0.8422571290908035,-2.745097336157845,2.871403220811243,3.251516566024904,4,1,1,1,1,0,0,0.9744260210152023,0.8371314962219835,1.1801912015960068,25.001803657590905,1,540.0
185,0.018500000000000003,load_step,fcs_mpc_one_step_baseline,94.2477796076938,27.37700976286203,66.87076984483177,0.0,0.9386930474800396,-2.8009734906229133,2.9540814363452594,3.3312667202218798,5,1,1,1,1,0,0,0.974390989879551,0.8818314127363832,1.0313380396326959,25.00181395894692,1,540.0
186,0.018600000000000002,load_step,fcs_mpc_one_step_baseline,94.2477796076938,27.57426240848452,66.67351719920929,0.0,1.0260893417078074,-2.852660757893966,3.0315891437981066,3.407752785578242,5,1,1,1,1,0,0,0.9744326499620429,0.9275168252662404,1.0487652284652706,25.001824434506144,0,540.0
187,0.0187,load_step,fcs_mpc_one_step_baseline,94.2477796076938,27.77607712487735,66.47170248281645,0.0,0.7424805471863212,-2.9005550572551306,2.994076986838918,3.3637711166886284,1,1,1,1,1,0,0,0.9744475656085133,0.9075904231467763,1.147650285040825,25.001835898846096,1,540.0
188,0.0188,load_step,fcs_mpc_one_step_baseline,94.2477796076938,27.975244300108795,66.272535307585,0.0,0.8445155103857938,-2.9450166485853218,3.0637117207281266,3.4427175045321823,5,1,1,1,1,0,0,0.9744405994934432,0.9471600264442409,1.1209023742016446,25.001847095630513,1,540.0
189,0.0189,load_step,fcs_mpc_one_step_baseline,94.2477796076938,28.179120634356188,66.06865897333762,0.0,1.1183002027916231,-2.6721423159306656,2.8967119118322913,3.270688932048506,4,1,1,1,1,0,0,0.9744460629673464,0.8521237737246327,1.172792547392151,25.001858811242016,1,540.0
190,0.019,load_step,fcs_mpc_one_step_baseline,94.2477796076938,28.372686440421333,65.87509316727247,0.0,1.1866436906421545,-2.7369364999949375,2.9831098963238634,3.3640438999668523,5,1,1,1,1,0,0,0.9744304776620638,0.8995269483597205,1.0502829204187463,25.001869301679147,1,540.0
191,0.019100000000000002,load_step,fcs_mpc_one_step_baseline,94.2477796076938,28.571824101773018,65.67595550592078,0.0,1.2483199457577572,-2.7969222234155144,3.0628543241251673,3.4500974940327933,5,1,1,1,1,0,0,0.9744615959262513,0.9465903854983387,1.0706170765414273,25.001879995387903,0,540.0
192,0.019200000000000002,load_step,fcs_mpc_one_step_baseline,94.2477796076938,28.77609624748712,65.47168336020668,0.0,1.4852198190006887,-2.538426719526853,2.9410012106696417,3.334517918194147,4,1,1,1,1,0,0,0.9744640927400511,0.877582882116862,1.1722642507739942,25.00189170549711,1,540.0
193,0.0193,load_step,fcs_mpc_one_step_baseline,94.2477796076938,28.973435963833904,65.2743436438599,0.0,1.5198508142940275,-2.616541158742488,3.0259269874046364,3.4231898823675895,5,1,1,1,1,0,0,0.9744441415951537,0.9248416518224153,1.0821654925752933,25.001902514540664,1,540.0
194,0.0194,load_step,fcs_mpc_one_step_baseline,94.2477796076938,29.176066996212263,65.07171261148153,0.0,1.7320682060462196,-2.3747526655302353,2.9393044233013916,3.34582928946259,4,1,1,1,1,0,0,0.9744570577950764,0.8761124451547581,1.144686957400429,25.00191394872681,1,540.0
195,0.0195,load_step,fcs_mpc_one_step_baseline,94.2477796076938,29.374052899060178,64.87372670863363,0.0,1.9255264569469812,-2.1541512243073613,2.8892939680115104,3.2926100560492886,4,1,1,1,1,0,0,0.9744452772038256,0.8460592517088489,1.0393474521064918,25.00192432944167,0,540.0
196,0.0196,load_step,fcs_mpc_one_step_baseline,94.2477796076938,29.568838742849508,64.6789408648443,0.0,1.9205543593580827,-2.267130369199884,2.9712638991172993,3.376053259609929,5,1,1,1,1,0,0,0.9744553039367158,0.8927070416045976,1.044894537503886,25.001934765558183,1,540.0
197,0.019700000000000002,load_step,fcs_mpc_one_step_baseline,94.2477796076938,29.768603189357346,64.47917641833645,0.0,2.0966696030384635,-2.0574213065282003,2.9375169543105066,3.3506574701105674,4,1,1,1,1,0,0,0.9744775866670279,0.874296968131789,1.1043385812927526,25.001945796045558,1,540.0
198,0.0198,load_step,fcs_mpc_one_step_baseline,94.2477796076938,29.966832504103667,64.28094710359014,0.0,2.2572170445354898,-1.8663401512576083,2.928865709850454,3.3424951175590087,4,1,1,1,1,0,0,0.9744751054120127,0.8687431989797684,1.038022414702511,25.00195616329773,0,540.0
199,0.0199,load_step,fcs_mpc_one_step_baseline,94.2477796076938,30.164558121452583,64.08322148624121,0.0,2.403598536712065,-1.6923722562721075,2.9396274899183954,3.348748417398322,4,1,1,1,1,0,0,0.9744796424698519,0.8746949784069248,1.0317073346845134,25.00196646732999,0,540.0
200,0.02,load_step,fcs_mpc_one_step_baseline,94.2477796076938,30.362642769248787,63.885136838445014,0.0,2.5370907051414506,-1.534127054215881,2.964856668473577,3.3669142363591114,4,1,1,1,1,0,0,0.9744856676168439,0.8892400201726746,1.039140660710882,25.001976845626814,0,540.0
201,0.0201,load_step,fcs_mpc_one_step_baseline,94.2477796076938,30.561799311745908,63.68598029594789,0.0,2.6588560159868773,-1.3903280291058129,3.000421194143726,3.3947721262335566,4,1,1,1,1,0,0,0.9744892201491359,0.9099408747646901,1.0569443294358296,25.00198740189114,0,540.0
202,0.020200000000000003,load_step,fcs_mpc_one_step_baseline,94.2477796076938,30.762607678102874,63.485171929590926,0.0,2.765788469485742,-1.2670165041319892,3.042189454929316,3.430086570376276,4,1,1,1,1,0,0,0.9744875901211568,0.9343882971392622,1.0823975418200942,25.00199821261721,0,540.0
203,0.020300000000000002,load_step,fcs_mpc_one_step_baseline,94.2477796076938,30.96551397084313,63.28226563685067,0.0,2.863366924263824,-1.1552965818011116,3.087649645748268,3.470892785096459,4,1,1,1,1,0,0,0.974479055440357,0.9610567120987369,1.1127570498345327,25.00200932686629,0,540.0
204,0.0204,load_step,fcs_mpc_one_step_baseline,94.2477796076938,31.170846677857924,63.07693292983588,0.0,2.7710817858493204,-1.3683467077714089,3.090512413263327,3.45980886501509,5,1,1,1,1,0,0,0.9744627379195725,0.9637892761311432,1.19003222542197,25.002021213793032,1,540.0
205,0.0205,load_step,fcs_mpc_one_step_baseline,94.2477796076938,31.37550030365926,62.87227930403454,0.0,2.6863320966015585,-1.56473456869211,3.1088220283077974,3.433504883377995,5,1,1,1,1,0,0,0.9744384000582302,0.9748136141705811,1.1493038577777839,25.002032693356853,0,540.0
206,0.0206,load_step,fcs_mpc_one_step_baseline,94.2477796076938,31.578564072279406,62.669215535414395,0.0,2.6125606367952123,-1.7386546270118928,3.138214937342831,3.3963377060407867,5,1,1,1,1,0,0,0.974420584643532,0.9923724391911425,1.1637712048900604,25.002044317517612,0,540.0
207,0.0207,load_step,fcs_mpc_one_step_baseline,94.2477796076938,31.779388009657445,62.468391598036355,0.0,2.725952184351142,-1.585102606366275,3.1533102581379335,3.471299493263431,4,1,1,1,1,0,0,0.974412086186751,1.001437341449634,1.2310940125992853,25.002056614828955,1,540.0
208,0.020800000000000003,load_step,fcs_mpc_one_step_baseline,94.2477796076938,31.984682524640334,62.26309708305347,0.0,2.6479620729596083,-1.131668563113828,2.8796487418733316,3.277261180576216,6,1,1,1,1,0,0,0.9744141943804566,0.8445868791248722,1.2427174076771474,25.002069028292265,1,540.0
209,0.020900000000000002,load_step,fcs_mpc_one_step_baseline,94.2477796076938,32.17834925335359,62.06943035434021,0.0,2.753323171190172,-1.0390958115617626,2.94287420570739,3.3762391688696556,4,1,1,1,1,0,0,0.9743970296875539,0.8770442569264262,1.039670165145329,25.002079411200395,1,540.0
210,0.021,load_step,fcs_mpc_one_step_baseline,94.2477796076938,32.377924333179486,61.869855274514315,0.0,2.8495784410804688,-0.9555980261507048,3.0055390330943497,3.471791205030321,4,1,1,1,1,0,0,0.9744328797444366,0.9138932329414854,1.0432289157874184,25.00208982962681,0,540.0
211,0.0211,load_step,fcs_mpc_one_step_baseline,94.2477796076938,32.583202287766895,61.664577319926906,0.0,2.756186861319767,-0.5663397487217385,2.813770908495201,3.3354328057077027,6,1,1,1,1,0,0,0.9744380824077649,0.8045486460864092,1.1307764625643155,25.00210112345924,1,540.0
212,0.0212,load_step,fcs_mpc_one_step_baseline,94.2477796076938,32.78030424946408,61.46747535822972,0.0,2.8518738841652254,-0.5253474897224929,2.899857692394814,3.442502469591515,4,1,1,1,1,0,0,0.9744181055047901,0.8513800655548817,0.9932890825846188,25.002111042342577,1,540.0
213,0.0213,load_step,fcs_mpc_one_step_baseline,94.2477796076938,32.98379853592506,61.26398107176874,0.0,2.758158525071936,-0.17499211337894352,2.763704160935433,3.347112126583367,6,1,1,1,1,0,0,0.9744365730925134,0.7741908010405568,1.0538891809319644,25.00212156716077,1,540.0
214,0.021400000000000002,load_step,fcs_mpc_one_step_baseline,94.2477796076938,33.18156865561218,61.06621095208162,0.0,2.672376447045516,0.14450724760101685,2.676280669013031,3.278821778687531,6,1,1,1,1,0,0,0.9744248482090839,0.7218848548720312,0.9195559556332047,25.002130748576548,0,540.0
215,0.021500000000000002,load_step,fcs_mpc_one_step_baseline,94.2477796076938,33.37523681825387,60.87254278943993,0.0,2.7753540171780595,0.1216974399177082,2.778020912007128,3.3919523085473386,4,1,1,1,1,0,0,0.9744397012582012,0.7792961269483362,0.8997922371851906,25.00213973229393,1,540.0
216,0.0216,load_step,fcs_mpc_one_step_baseline,94.2477796076938,33.5756602754599,60.6721193322339,0.0,2.6886127571565814,0.41369926329035717,2.7202547010146123,3.352624298501767,6,1,1,1,1,0,0,0.974470063805675,0.7472608025547903,0.968357663266136,25.00214940160568,1,540.0
217,0.0217,load_step,fcs_mpc_one_step_baseline,94.2477796076938,33.773714791583316,60.474064816110484,0.0,2.6094929765161154,0.6798258353067329,2.696593547577653,3.333074494870982,6,1,1,1,1,0,0,0.9744668465434339,0.7326588792822303,0.8903989789591953,25.002158291266127,0,540.0
218,0.0218,load_step,fcs_mpc_one_step_baseline,94.2477796076938,33.9705841540307,60.2771954536631,0.0,2.5374725873150084,0.9223130872527726,2.6998941761285504,3.3302559210434906,6,1,1,1,1,0,0,0.9744743854872122,0.734021353846613,0.8746255509940051,25.00216702313303,0,540.0
219,0.0219,load_step,fcs_mpc_one_step_baseline,94.2477796076938,34.16726971623283,60.08050989146097,0.0,2.472064438115094,1.1432040405771875,2.7236038743887305,3.3414488129839346,6,1,1,1,1,0,0,0.9744859088816511,0.7474977335802394,0.8764646017515529,25.002175773332226,0,540.0
220,0.022000000000000002,load_step,fcs_mpc_one_step_baseline,94.2477796076938,34.36460999334442,59.88316961434938,0.0,2.412814182587877,1.3443652760025904,2.7620626848460055,3.364228921040653,6,1,1,1,1,0,0,0.9744964646352923,0.769753659069463,0.8916842082770865,25.002184675669152,0,540.0
221,0.0221,load_step,fcs_mpc_one_step_baseline,94.2477796076938,34.56329835949434,59.68448124819946,0.0,2.359298286738889,1.5275020269999102,2.810613962873217,3.3964385149838483,6,1,1,1,1,0,0,0.974502560863216,0.7980398558561651,0.9168698079099302,25.002193829802728,0,540.0
222,0.0222,load_step,fcs_mpc_one_step_baseline,94.2477796076938,34.76389900850383,59.48388059918997,0.0,2.3152865879277824,1.686959002132423,2.8646784564962773,3.436541262178901,6,1,1,1,1,0,0,0.9745018679759633,0.8296835404012247,0.9492793398973223,25.002203307970596,0,540.0
223,0.0223,load_step,fcs_mpc_one_step_baseline,94.2477796076938,34.96688415067945,59.28089545701435,0.0,2.275896459801258,1.831979633004428,2.9216183993600082,3.481905329649922,6,1,1,1,1,0,0,0.9744929727193672,0.8630766336996128,0.9861260777524052,25.002213154542655,0,540.0
224,0.0224,load_step,fcs_mpc_one_step_baseline,94.2477796076938,35.17256846084579,59.07521114684801,0.0,2.2408129607204423,1.9638098180312569,2.9795623380504517,3.531104698435716,6,1,1,1,1,0,0,0.9744750837430578,0.8971144512176744,1.0257475588748364,25.00222339726388,0,540.0
225,0.022500000000000003,load_step,fcs_mpc_one_step_baseline,94.2477796076938,35.381181251086254,58.86659835660755,0.0,1.847034491181736,2.0835875274588647,2.7843982107804046,3.236188468323647,2,1,1,1,1,0,0,0.974448206724034,0.7857216758198761,1.1090864651277155,25.002234473305883,1,540.0
226,0.022600000000000002,load_step,fcs_mpc_one_step_baseline,94.2477796076938,35.57212907011376,58.67565053758004,0.0,1.8502570139398031,2.192352114187274,2.86877304961805,3.3190299415504865,6,1,1,1,1,0,0,0.9744127164134172,0.8315327802738296,0.970614814989481,25.002244164557546,1,540.0
227,0.0227,load_step,fcs_mpc_one_step_baseline,94.2477796076938,35.7680197768386,58.4797598308552,0.0,1.8543669656699702,2.2912174417490325,2.947601433155954,3.3982967109465285,6,1,1,1,1,0,0,0.9744581421882869,0.8780039634899469,0.988713445542918,25.002254036730903,0,540.0
228,0.0228,load_step,fcs_mpc_one_step_baseline,94.2477796076938,35.96863906720281,58.27914054049099,0.0,2.0407022032785784,2.066910233552156,2.9045797279518206,3.3644354525321223,4,1,1,1,1,0,0,0.9744754690408175,0.8549614785398,1.0857421816033563,25.002264879125807,1,540.0
229,0.0229,load_step,fcs_mpc_one_step_baseline,94.2477796076938,36.16721655328423,58.08056305440957,0.0,2.0312605489243256,2.1748878695061054,2.9759295459639428,3.4440477617439202,6,1,1,1,1,0,0,0.9744698427799012,0.895446214211335,1.0558449024199756,25.002275422475638,1,540.0
230,0.023,load_step,fcs_mpc_one_step_baseline,94.2477796076938,36.370543095033135,57.877236512660666,0.0,2.2051813830383944,1.958828470492148,2.949548085539501,3.3692174298468025,4,1,1,1,1,0,0,0.9744739104296414,0.8818170573191432,1.1074801420065137,25.002286482107575,1,540.0
231,0.023100000000000002,load_step,fcs_mpc_one_step_baseline,94.2477796076938,36.5693758745514,57.6784037331424,0.0,2.184370430924767,2.074268227394916,3.01231851879553,3.453672925917502,6,1,1,1,1,0,0,0.9744569614397006,0.917592368662781,1.0892606408194603,25.00229735947077,1,540.0
232,0.023200000000000002,load_step,fcs_mpc_one_step_baseline,94.2477796076938,36.773247525408365,57.474532082285435,0.0,1.8038188921584593,2.179072796004144,2.8288020160472684,3.3024891973777297,2,1,1,1,1,0,0,0.9744616935020316,0.8129832550243047,1.1353141689325328,25.00230869729673,1,540.0
233,0.0233,load_step,fcs_mpc_one_step_baseline,94.2477796076938,36.96805608561127,57.27972352208253,0.0,1.8193074705734265,2.274155531889631,2.9123294895510172,3.3998825815500817,6,1,1,1,1,0,0,0.9744441239242853,0.8584912310005098,1.0032901713150164,25.002318714807128,1,540.0
234,0.0234,load_step,fcs_mpc_one_step_baseline,94.2477796076938,37.16867808027649,57.07910152741731,0.0,1.4720851074616557,2.360520613670166,2.781922380508157,3.292323347672601,2,1,1,1,1,0,0,0.9744683561259878,0.7845766826163504,1.062393025362797,25.002329323279284,1,540.0
235,0.0235,load_step,fcs_mpc_one_step_baseline,94.2477796076938,37.36284789472119,56.88493171297261,0.0,1.5181775506610342,2.4389035245174755,2.8728232589623226,3.3919845140651703,6,1,1,1,1,0,0,0.9744639911614731,0.835130927595288,0.9707718772231555,25.002339015469236,1,540.0
236,0.0236,load_step,fcs_mpc_one_step_baseline,94.2477796076938,37.56296690568112,56.68481270201268,0.0,1.199057135142199,2.5101477989556664,2.7818303301850373,3.321199974266709,2,1,1,1,1,0,0,0.9744881597667607,0.7839191499111776,1.0342181488819384,25.00234934205729,1,540.0
237,0.023700000000000002,load_step,fcs_mpc_one_step_baseline,94.2477796076938,37.758834516907044,56.48894509078676,0.0,1.2709565368767912,2.574842101371482,2.871435593152832,3.4146679231692643,6,1,1,1,1,0,0,0.9744831340071366,0.8343359732900545,0.9706277846745611,25.002359032672857,1,540.0
238,0.0238,load_step,fcs_mpc_one_step_baseline,94.2477796076938,37.96028056779366,56.28749903990014,0.0,0.9755365984923943,2.6336972252478303,2.8085641757446513,3.3753110801210093,2,1,1,1,1,0,0,0.9744972527165212,0.7992580031078568,1.0332469682480965,25.002369349415655,1,540.0
239,0.0239,load_step,fcs_mpc_one_step_baseline,94.2477796076938,38.1593558735505,56.0884237341433,0.0,0.7064961124191188,2.6871808569637725,2.7785027829562963,3.356056440517153,2,1,1,1,1,0,0,0.9744852600247619,0.7809550374251973,0.9492618798913159,25.002378826238793,0,540.0
240,0.024,load_step,fcs_mpc_one_step_baseline,94.2477796076938,38.35726361097501,55.89051599671879,0.0,0.46162349700897903,2.7358942504328025,2.774565479952143,3.3537689640413473,2,1,1,1,1,0,0,0.9744853743936575,0.7781127660974384,0.9287471748781388,25.0023880978517,0,540.0
241,0.0241,load_step,fcs_mpc_one_step_baseline,94.2477796076938,38.5550192513218,55.692760356372,0.0,0.23889273397632263,2.7803765596837153,2.7906206392100907,3.3656472321965456,2,1,1,1,1,0,0,0.9744905425532261,0.7871283915228461,0.9258546924018859,25.002397340477973,0,540.0
242,0.024200000000000003,load_step,fcs_mpc_one_step_baseline,94.2477796076938,38.75347053996171,55.49430906773209,0.0,0.03644798759594533,2.8211109972355852,2.821346436459612,3.389191601766676,2,1,1,1,1,0,0,0.9744955943902648,0.8048677578301805,0.9363919927254921,25.00240668841563,0,540.0
243,0.024300000000000002,load_step,fcs_mpc_one_step_baseline,94.2477796076938,38.953315568684104,55.294464039009696,0.0,-0.1474105175199477,2.8585304356275123,2.8623287917505764,3.422174995144738,2,1,1,1,1,0,0,0.9744968724123825,0.8287261063610564,0.9569764072895932,25.002416242135112,0,540.0
244,0.0244,load_step,fcs_mpc_one_step_baseline,94.2477796076938,39.15511909858941,55.09266050910439,0.0,-0.30591060165941897,2.893022491349489,2.909151153113504,3.4624573574725916,2,1,1,1,1,0,0,0.9744919245129174,0.8561276824876135,0.9848914085503003,25.002426074940917,0,540.0
245,0.0245,load_step,fcs_mpc_one_step_baseline,94.2477796076938,39.35931777811548,54.88846182957832,0.0,-0.4495081773228581,2.924934130020993,2.959273097644383,3.5079144242381624,2,1,1,1,1,0,0,0.9744792501639888,0.8855239648192011,1.0173649997475065,25.002436232417082,0,540.0
246,0.0246,load_step,fcs_mpc_one_step_baseline,94.2477796076938,39.56622109783687,54.68155850985693,0.0,-0.7608027519625652,2.6404571277998437,2.747878212574715,3.213171248444252,3,1,1,1,1,0,0,0.9744581361371345,0.7647220463278633,1.0946508829782604,25.002447162684362,1,540.0
247,0.0247,load_step,fcs_mpc_one_step_baseline,94.2477796076938,39.755469933934975,54.492309673758825,0.0,-0.8629502047518934,2.69455391272284,2.8293645654901565,3.294295555058693,2,1,1,1,1,0,0,0.9744285254868954,0.8086246998438961,0.946115543732471,25.00245660752538,1,540.0
248,0.024800000000000003,load_step,fcs_mpc_one_step_baseline,94.2477796076938,39.9495590262846,54.298220581409204,0.0,-0.9550828310035955,2.7447363657234214,2.9061591373155147,3.3726354494082535,2,1,1,1,1,0,0,0.9744789802673438,0.8538734397937106,0.9619933977715319,25.002466211081977,0,540.0
249,0.024900000000000002,load_step,fcs_mpc_one_step_baseline,94.2477796076938,40.14832137285815,54.09945823483565,0.0,-1.0380221544542505,2.7913995031649246,2.978153988531693,3.44766900556556,2,1,1,1,1,0,0,0.9745010286665926,0.8963263637738351,1.01511672684393,25.00247634580784,0,540.0
250,0.025,load_step,fcs_mpc_one_step_baseline,94.2477796076938,40.351558750365726,53.896220857328075,0.0,-0.7498125089128559,2.8349010819382503,2.9323851968827106,3.384951197643984,6,1,1,1,1,0,0,0.9744996583751057,0.87161514442267,1.108415483870419,25.002487413453707,1,540.0
251,0.0251,load_step,fcs_mpc_one_step_baseline,94.2477796076938,40.55102723340613,53.69675237428767,0.0,-0.8471123239906714,2.875565142377541,2.9977448486343268,3.462437049085832,2,1,1,1,1,0,0,0.9744792431039193,0.908633580856317,1.076228024030642,25.00249815915119,1,540.0
252,0.0252,load_step,fcs_mpc_one_step_baseline,94.2477796076938,40.75511744808937,53.49266215960443,0.0,-1.1160374276673217,2.59940046729969,2.828855303714232,3.292497999438001,3,1,1,1,1,0,0,0.9744780556062543,0.8124339862153794,1.1239503559772763,25.002509382000355,1,540.0
253,0.0253,load_step,fcs_mpc_one_step_baseline,94.2477796076938,40.94902216339456,53.29875744429924,0.0,-1.1794052350127067,2.6613882316018524,2.9110108257586766,3.384030680633578,2,1,1,1,1,0,0,0.9744572059984149,0.8573953408677103,1.0027524287249856,25.002519392795428,1,540.0
254,0.025400000000000002,load_step,fcs_mpc_one_step_baseline,94.2477796076938,41.14838965516702,53.09938995252678,0.0,-1.236045548725222,2.719056015619931,2.986816736025558,3.4677022312814354,2,1,1,1,1,0,0,0.9744833290490681,0.9021526070678768,1.0196745133551546,25.00252957274461,0,540.0
255,0.025500000000000002,load_step,fcs_mpc_one_step_baseline,94.2477796076938,41.35274906282855,52.89503054486525,0.0,-1.4678494450725077,2.458703624559169,2.8635302524716,3.3552273303823332,3,1,1,1,1,0,0,0.9744820607276482,0.8322485957493192,1.1160473329033231,25.002540716354122,1,540.0
256,0.0256,load_step,fcs_mpc_one_step_baseline,94.2477796076938,41.52941645842088,52.71836314927292,0.35,-1.6786796635649788,2.2212814760754807,2.7842515706779616,3.271955365242977,3,1,1,1,1,0,0,0.9744595305025281,0.7848602401606987,0.9865951648666026,25.002550565367663,0,540.0
257,0.0257,load_step,fcs_mpc_one_step_baseline,94.2477796076938,41.701086959618436,52.546692648075364,0.35,-1.6891118912463547,2.3190952477699085,2.8690245292396526,3.3625016138994974,2,1,1,1,1,0,0,0.9745579530613724,0.8326941502653215,0.9717977783185926,25.00256026634168,1,540.0
258,0.0258,load_step,fcs_mpc_one_step_baseline,94.2477796076938,41.87816291357829,52.369616694115514,0.35,-1.697523707294061,2.4098914945818186,2.9477387524139864,3.4400668194323507,2,1,1,1,1,0,0,0.9746631161169138,0.8792566358230735,0.9904529614510986,25.00257015380285,0,540.0
259,0.025900000000000003,load_step,fcs_mpc_one_step_baseline,94.2477796076938,42.05986706848911,52.18791253920469,0.35,-1.8853905627357626,2.180175213127476,2.8823361243943273,3.398299900904364,3,1,1,1,1,0,0,0.9747292672716279,0.8426186137435475,1.0877286121094631,25.00258101395461,1,540.0
260,0.026000000000000002,load_step,fcs_mpc_one_step_baseline,94.2477796076938,42.2390577667031,52.0087218409907,0.35,-2.056196508026911,1.9710867539617951,2.8483551518842782,3.377052972809512,3,1,1,1,1,0,0,0.9747655647379456,0.8220664665286602,0.9997976322668727,25.002590994724173,0,540.0
261,0.0261,load_step,fcs_mpc_one_step_baseline,94.2477796076938,42.41696319799345,51.830816409700354,0.35,-2.211517698510505,1.7809771953840938,2.8394876828934112,3.3731021426693295,3,1,1,1,1,0,0,0.9748073621175906,0.8163729445489877,0.976102650036734,25.002600738477376,0,540.0
262,0.0262,load_step,fcs_mpc_one_step_baseline,94.2477796076938,42.59461852740708,51.65316108028672,0.35,-2.352786782802444,1.6083292833041631,2.8499699522738053,3.3835637464774884,3,1,1,1,1,0,0,0.9748484887050355,0.82215101655001,0.9698112942266583,25.00261041925206,0,540.0
263,0.0263,load_step,fcs_mpc_one_step_baseline,94.2477796076938,42.77288627070039,51.47489333699341,0.35,-2.4813057603322677,1.4517471186898316,2.8747952923438427,3.4058623966104022,3,1,1,1,1,0,0,0.9748845466912494,0.8364524132214147,0.9768099687440526,25.002620169948955,0,540.0
264,0.0264,load_step,fcs_mpc_one_step_baseline,94.2477796076938,42.952474756071226,51.295304851622575,0.35,-2.5982577362781116,1.3099466512901377,2.9097944074032625,3.437701588573221,3,1,1,1,1,0,0,0.9749125560618138,0.8568174523143172,0.9937807986463565,25.00263009028914,0,540.0
265,0.026500000000000003,load_step,fcs_mpc_one_step_baseline,94.2477796076938,43.133954825464905,51.113824782228896,0.35,-2.7005532278460738,1.188959917186234,2.9506971076519095,3.476480840726781,3,1,1,1,1,0,0,0.9749306601797589,0.8807577337371982,1.0180602629312776,25.002640253357836,0,540.0
266,0.026600000000000002,load_step,fcs_mpc_one_step_baseline,94.2477796076938,43.31774165395364,50.93003795374016,0.35,-2.61232977358193,1.3939951585182828,2.960994655164887,3.4736587866550277,2,1,1,1,1,0,0,0.974937882714596,0.8877086176312584,1.088660773720235,25.002651122363883,1,540.0
267,0.0267,load_step,fcs_mpc_one_step_baseline,94.2477796076938,43.50134547907442,50.74643412861938,0.35,-2.531070839950224,1.583530572461447,2.985613617125701,3.4542117566851855,2,1,1,1,1,0,0,0.9749340734176645,0.9024678901743818,1.0550579814755223,25.00266165526955,0,540.0
268,0.0268,load_step,fcs_mpc_one_step_baseline,94.2477796076938,43.68377141116403,50.56400819652977,0.35,-2.460248560356926,1.7516504508549935,3.020116269404016,3.4222472259942314,2,1,1,1,1,0,0,0.9749315722536612,0.9230560140291194,1.07347684143941,25.002672372293596,0,540.0
269,0.0269,load_step,fcs_mpc_one_step_baseline,94.2477796076938,43.864270444412846,50.383509163280955,0.35,-2.3947223257611765,1.907365961749593,3.0614930882724476,3.3777452624656323,2,1,1,1,1,0,0,0.9749343093394337,0.9476832562959266,1.0991630131759818,25.00268334610791,0,540.0
270,0.027,load_step,fcs_mpc_one_step_baseline,94.2477796076938,44.0420924377424,50.2056871699514,0.35,-2.5153153194782245,1.7376049997215408,3.0571362893170364,3.460305308874596,3,1,1,1,1,0,0,0.9749446042837262,0.9457304066285815,1.1735710837604725,25.002695063929774,1,540.0
271,0.027100000000000003,load_step,fcs_mpc_one_step_baseline,94.2477796076938,44.224841485560304,50.022938122133496,0.35,-2.4435640083869834,1.2697825032130912,2.7537887843025226,3.26044494502791,1,1,1,1,1,0,0,0.9749644428820828,0.771604009946708,1.1702250221045079,25.0027067482129,1,540.0
272,0.027200000000000002,load_step,fcs_mpc_one_step_baseline,94.2477796076938,44.39561606494489,49.85216354274891,0.35,-2.5543214820417193,1.1645086962631896,2.8072475375877346,3.3687578888524703,3,1,1,1,1,0,0,0.9749605411735973,0.7979845187661837,0.9532067073677224,25.002716262234987,1,540.0
273,0.0273,load_step,fcs_mpc_one_step_baseline,94.2477796076938,44.57285939460665,49.67492021308715,0.35,-2.655285235958611,1.0698466538219358,2.8627105244844038,3.4733166128698323,3,1,1,1,1,0,0,0.9750093469142479,0.8305361706508446,0.9499570163100595,25.002725743696736,0,540.0
274,0.0274,load_step,fcs_mpc_one_step_baseline,94.2477796076938,44.75634631031387,49.49143329737993,0.35,-2.5659998732175557,0.6708483676104208,2.6522429906926095,3.33073929445543,1,1,1,1,1,0,0,0.9750232380647111,0.7103293987250788,1.0284313727822187,25.002736009838838,1,540.0
275,0.0275,load_step,fcs_mpc_one_step_baseline,94.2477796076938,44.93128674287074,49.31649286482306,0.35,-2.6652672661120476,0.6214353987541318,2.7367556622090135,3.4481365695032076,3,1,1,1,1,0,0,0.9750083889451256,0.7559652800615545,0.8851923277963696,25.00274484352205,1,540.0
276,0.027600000000000003,load_step,fcs_mpc_one_step_baseline,94.2477796076938,45.11323924762543,49.13454036006837,0.35,-2.574721789225855,0.26385442913450896,2.5882062227898857,3.3471657827905608,1,1,1,1,1,0,0,0.9750329115415045,0.6715781176306167,0.9413457308854504,25.0027542386804,1,540.0
277,0.027700000000000002,load_step,fcs_mpc_one_step_baseline,94.2477796076938,45.289135285065214,48.95864432262859,0.35,-2.49175118003389,-0.06176269567259121,2.4925165142435923,3.2748276310751647,1,1,1,1,1,0,0,0.9750237046074984,0.6142802195309666,0.8068253379487678,25.00276228857219,0,540.0
278,0.027800000000000002,load_step,fcs_mpc_one_step_baseline,94.2477796076938,45.460688809627904,48.7870907980659,0.35,-2.5972753690677135,-0.04407058857599609,2.597649237203372,3.400491955008773,3,1,1,1,1,0,0,0.9750421873626778,0.6735286250861564,0.7831033569252208,25.0027701011905,1,540.0
279,0.0279,load_step,fcs_mpc_one_step_baseline,94.2477796076938,45.639749399219305,48.608030208474496,0.35,-2.5128957055738512,-0.3402884782456605,2.5358314367319945,3.3573185060813184,1,1,1,1,1,0,0,0.9750767063563094,0.6391314842898369,0.8493136733354179,25.002778575859892,1,540.0
280,0.028,load_step,fcs_mpc_one_step_baseline,94.2477796076938,45.816212562930204,48.4315670447636,0.35,-2.435973597715559,-0.609792989616789,2.51113816006867,3.335255869843527,1,1,1,1,1,0,0,0.9750738060205936,0.6238108182140908,0.7738590602995532,25.002786295926658,0,540.0
281,0.0281,load_step,fcs_mpc_one_step_baseline,94.2477796076938,45.991341854104974,48.25643775358883,0.35,-2.3660528043031186,-0.8549058129765702,2.5157642619712566,3.3311300551006684,1,1,1,1,1,0,0,0.9750826087713919,0.625855851839949,0.7584395749112656,25.0027938617471,0,540.0
282,0.028200000000000003,load_step,fcs_mpc_one_step_baseline,94.2477796076938,46.16621078493311,48.081568822760694,0.35,-2.302701599515471,-1.0777480695045858,2.542434966273861,3.34208679980339,1,1,1,1,1,0,0,0.9750958429472022,0.6409946995053429,0.7608673594796146,25.00280145179495,0,540.0
283,0.028300000000000002,load_step,fcs_mpc_one_step_baseline,94.2477796076938,46.341721974895655,47.906057632798145,0.35,-2.245511952187148,-1.280257410400752,2.584837125294624,3.3655634459858996,1,1,1,1,1,0,0,0.9751081681725186,0.6655086556599826,0.7767866159986909,25.002809200984768,0,540.0
284,0.0284,load_step,fcs_mpc_one_step_baseline,94.2477796076938,46.51862461462651,47.72915499306729,0.35,-2.194098700217093,-1.4642036936804035,2.637794829565346,3.399262791026768,1,1,1,1,1,0,0,0.975115801033964,0.6963409068987597,0.8026917495524453,25.002817209174257,0,540.0
285,0.0285,load_step,fcs_mpc_one_step_baseline,94.2477796076938,46.6975303635889,47.5502492441049,0.35,-2.1522631469562725,-1.623990346538738,2.6962161076955846,3.4418307534136057,1,1,1,1,1,0,0,0.9751162032195433,0.7305183598761026,0.8357758670904053,25.002825548151534,0,540.0
286,0.0286,load_step,fcs_mpc_one_step_baseline,94.2477796076938,46.87896980070606,47.36880980698774,0.35,-2.1151481462725843,-1.768914113048468,2.7573372699077634,3.490116304203263,1,1,1,1,1,0,0,0.9751078227396206,0.7663494731310433,0.8731554528908921,25.002834260869076,0,540.0
287,0.0287,load_step,fcs_mpc_one_step_baseline,94.2477796076938,47.06328489421288,47.18449471348092,0.35,-2.0824580229359713,-1.9002686592967117,2.8191581003547346,3.5425670461050873,1,1,1,1,1,0,0,0.9750897077495374,0.8026534732746818,0.913202099440101,25.002843373995,0,540.0
288,0.028800000000000003,load_step,fcs_mpc_one_step_baseline,94.2477796076938,47.25072468453149,46.99705492316231,0.35,-1.6912061914787044,-2.01923529533762,2.633911456376829,3.2179731336675035,5,1,1,1,1,0,0,0.9750618601546035,0.6969075508408321,0.994564160708919,25.00285330068078,1,540.0
289,0.028900000000000002,load_step,fcs_mpc_one_step_baseline,94.2477796076938,47.41872510154766,46.82905450614614,0.35,-1.6970999829477684,-2.126892671090811,2.720996285638979,3.3078476032856208,1,1,1,1,1,0,0,0.9750246845996117,0.7444387838257068,0.869995458648285,25.00286198161336,1,540.0
290,0.029,load_step,fcs_mpc_one_step_baseline,94.2477796076938,47.59209105141278,46.65568855628102,0.35,-1.7040366872952764,-2.2244427639712483,2.802121810669962,3.3939205685936775,1,1,1,1,1,0,0,0.9750761560603052,0.7922660154829541,0.8889287264309849,25.00287085182075,0,540.0
291,0.0291,load_step,fcs_mpc_one_step_baseline,94.2477796076938,47.77059462496682,46.47718498272698,0.35,-1.8933582694500966,-1.9986354780801685,2.7530618065593457,3.379025127483886,3,1,1,1,1,0,0,0.9750968058874272,0.7658376737641494,0.9826102493712496,25.002880658784232,1,540.0
292,0.0292,load_step,fcs_mpc_one_step_baseline,94.2477796076938,47.948193082267416,46.299586525426385,0.35,-2.0684189694594477,-1.7908346666230313,2.735954282585604,3.3447196399898766,3,1,1,1,1,0,0,0.9750922490652856,0.7559949415147306,0.9111979993786723,25.002889751559835,0,540.0
293,0.029300000000000003,load_step,fcs_mpc_one_step_baseline,94.2477796076938,48.12372491959755,46.12405468809625,0.35,-2.048975911510078,-1.913514783994472,2.803540817344018,3.432520511110309,1,1,1,1,1,0,0,0.9750924628121752,0.7946383386914214,0.9395948653227368,25.002899128243477,1,540.0
294,0.029400000000000003,load_step,fcs_mpc_one_step_baseline,94.2477796076938,48.30449761886533,45.943281988828474,0.35,-2.21404050952999,-1.7104949989457228,2.797814954434647,3.3567345431026743,3,1,1,1,1,0,0,0.9751014822093123,0.7928122460312074,0.9856728991556967,25.00290896564495,1,540.0
295,0.029500000000000002,load_step,fcs_mpc_one_step_baseline,94.2477796076938,48.480721099733955,45.767058507959845,0.35,-2.1854480058517947,-1.8374669869681275,2.8552526883761646,3.449351463753115,1,1,1,1,1,0,0,0.9750866675367521,0.8257826109065346,0.9826756875668253,25.00291877300872,1,540.0
296,0.0296,load_step,fcs_mpc_one_step_baseline,94.2477796076938,48.662473600681935,45.585306007011866,0.35,-1.798078519360078,-1.9524129647440225,2.6542424054115092,3.287729597252228,5,1,1,1,1,0,0,0.9750933469763268,0.7110172560715505,1.022636068586427,25.00292897991092,1,540.0
297,0.0297,load_step,fcs_mpc_one_step_baseline,94.2477796076938,48.834540051329476,45.413239556364324,0.35,-1.8076574458282564,-2.0563790432617957,2.737940870622416,3.3954511794401068,1,1,1,1,1,0,0,0.9750753772536759,0.7563502724640195,0.8859923327554065,25.002937820307714,1,540.0
298,0.0298,load_step,fcs_mpc_one_step_baseline,94.2477796076938,49.01303976359965,45.23473984409415,0.35,-1.4553816418041057,-2.1505430398991408,2.5967231446111176,3.278572788211598,5,1,1,1,1,0,0,0.9751020249200437,0.6761636183078857,0.9416532986236971,25.002947217255233,1,540.0
299,0.029900000000000003,load_step,fcs_mpc_one_step_baseline,94.2477796076938,49.184531300429434,45.06324830726437,0.35,-1.4972249414991492,-2.235741159836337,2.690765887109739,3.3900463822530726,1,1,1,1,1,0,0,0.975097075718826,0.7283622864552298,0.8484912045539035,25.002955682519165,1,540.0
300,0.030000000000000002,load_step,fcs_mpc_one_step_baseline,94.2477796076938,49.36268067814955,44.88509892954425,0.35,-1.1746111599928577,-2.312961569141349,2.594128485157314,3.310770300356986,5,1,1,1,1,0,0,0.9751231753170572,0.6738747672456639,0.9099265876335936,25.00296476208049,1,540.0
301,0.030100000000000002,load_step,fcs_mpc_one_step_baseline,94.2477796076938,49.53607217692838,44.71170743076542,0.35,-1.243724961743583,-2.382867732297006,2.687919345904254,3.416915211412694,1,1,1,1,1,0,0,0.9751167612329056,0.7266229961434353,0.8466323227917264,25.00297320863864,1,540.0
302,0.0302,load_step,fcs_mpc_one_step_baseline,94.2477796076938,49.71580248134388,44.53197712634992,0.35,-0.9461825630875961,-2.4462915548599318,2.622899886398647,3.369591427664828,5,1,1,1,1,0,0,0.9751318851576468,0.6902928798141316,0.9079417993267547,25.002982268235243,1,540.0
303,0.0303,load_step,fcs_mpc_one_step_baseline,94.2477796076938,49.892686936119816,44.355092671573985,0.35,-0.6756388923193394,-2.503754612805155,2.593313531749988,3.3440059644795617,5,1,1,1,1,0,0,0.9751174934974033,0.6721699587721722,0.8279012197870936,25.002990527365654,0,540.0
304,0.0304,load_step,fcs_mpc_one_step_baseline,94.2477796076938,50.068026666218095,44.179752941475705,0.35,-0.42984174847124,-2.5559602454194708,2.5918519836004474,3.3368701499489655,5,1,1,1,1,0,0,0.9751175994411609,0.6706985760110896,0.8089593912794449,25.002998597022717,0,540.0
305,0.030500000000000003,load_step,fcs_mpc_one_step_baseline,94.2477796076938,50.24292588961566,44.00485371807814,0.35,-0.20672586688571146,-2.6035366980255734,2.611731020225007,3.3452242731250994,5,1,1,1,1,0,0,0.9751243580208271,0.6818943938181811,0.8077249556282604,25.003006654281627,0,540.0
306,0.030600000000000002,load_step,fcs_mpc_one_step_baseline,94.2477796076938,50.41831161874642,43.82946798894738,0.35,-0.004397655686456591,-2.647044731163167,2.6470483841732513,3.3664090118050227,5,1,1,1,1,0,0,0.9751319692146632,0.7022814209851852,0.8199025837023493,25.0030148332631,0,540.0
307,0.0307,load_step,fcs_mpc_one_step_baseline,94.2477796076938,50.59495165055614,43.65282795713766,0.35,0.17887884160920647,-2.6869845271911106,2.6929321360442575,3.398038804476122,5,1,1,1,1,0,0,0.975136284318003,0.7289836147345842,0.8420365456525626,25.00302323352967,0,540.0
308,0.0308,load_step,fcs_mpc_one_step_baseline,94.2477796076938,50.773470961647966,43.474308646045834,0.35,0.33636599492083136,-2.7238019466101946,2.7444925080780536,3.4382434891834115,5,1,1,1,1,0,0,0.9751344778785945,0.7591483079109814,0.8713609104851567,25.003031926983887,0,540.0
309,0.0309,load_step,fcs_mpc_one_step_baseline,94.2477796076938,50.95438256278528,43.293397044908524,0.35,0.4785526031555844,-2.757894184967791,2.7991057374572588,3.4842531708725675,5,1,1,1,1,0,0,0.975124775299165,0.7911689243924503,0.9050129880957836,25.00304095690092,0,540.0
310,0.031,load_step,fcs_mpc_one_step_baseline,94.2477796076938,51.13803366393877,43.10974594375503,0.35,0.6067151246895206,-2.789609795426354,2.8548250477508574,3.534448535192496,5,1,1,1,1,0,0,0.9751061655693825,0.8238977527191266,0.941412504509845,25.003050350752922,0,540.0
311,0.031100000000000003,load_step,fcs_mpc_one_step_baseline,94.2477796076938,51.324674542284455,42.923105065409345,0.35,0.9033774821752525,-2.5051444316199407,2.6630507878329497,3.227853051133043,4,1,1,1,1,0,0,0.9750785030643888,0.7143524593322647,1.0197408024289767,25.003060527825273,1,540.0
312,0.031200000000000002,load_step,fcs_mpc_one_step_baseline,94.2477796076938,51.49295320521282,42.75482640248098,0.35,0.9916270970152257,-2.5594624136906567,2.7448446489063905,3.3139181002769074,5,1,1,1,1,0,0,0.9750420836432302,0.7587610237433083,0.8893070637864701,25.003069400492393,1,540.0
313,0.0313,load_step,fcs_mpc_one_step_baseline,94.2477796076938,51.666369408958936,42.581410198734865,0.35,1.070578621265727,-2.6101027872543314,2.8211301182937407,3.3961992344070793,5,1,1,1,1,0,0,0.975089672089546,0.8037467402836479,0.9049582023590625,25.003078429611747,0,540.0
314,0.031400000000000004,load_step,fcs_mpc_one_step_baseline,94.2477796076938,51.84469631449215,42.403083293201654,0.35,0.7782817034827008,-2.6574537277582633,2.7690761501179817,3.3558656075209505,1,1,1,1,1,0,0,0.9751080107604754,0.7755322844790976,0.9961174756981555,25.00308837026364,1,540.0
315,0.0315,load_step,fcs_mpc_one_step_baseline,94.2477796076938,52.02059579659717,42.22718381109663,0.35,0.8714005086613331,-2.701865818521836,2.838911366667142,3.4370041127933724,5,1,1,1,1,0,0,0.9751024724188367,0.815038658050886,0.9614107465145075,25.003097963781972,1,540.0
316,0.0316,load_step,fcs_mpc_one_step_baseline,94.2477796076938,52.201337410305975,42.046442197387826,0.35,0.5919936397049043,-2.7434357042163704,2.8065808259553533,3.3529935205249912,1,1,1,1,1,0,0,0.9751083015426086,0.7980152257227232,1.0096621411131323,25.00310803975029,1,540.0
317,0.0317,load_step,fcs_mpc_one_step_baseline,94.2477796076938,52.37703761424967,41.87074199344413,0.35,0.6968366417955765,-2.782485572917823,2.8684154630814485,3.4372655251385655,5,1,1,1,1,0,0,0.97509245103395,0.8331873507461457,0.9882390134183706,25.00311790142016,1,540.0
318,0.0318,load_step,fcs_mpc_one_step_baseline,94.2477796076938,52.55776748599111,41.69001212170269,0.35,0.9721540644974924,-2.504970662774061,2.6869986130397825,3.277420570546494,4,1,1,1,1,0,0,0.9751004606900663,0.7297172136560771,1.0314709063471563,25.003128195343216,1,540.0
319,0.031900000000000005,load_step,fcs_mpc_one_step_baseline,94.2477796076938,52.72891772337577,41.51886188431803,0.35,1.0408615353199593,-2.565875757819756,2.768954882311326,3.375073086717874,5,1,1,1,1,0,0,0.9750857114923874,0.7743772790173359,0.9071497969433423,25.00313724598655,1,540.0
320,0.032,load_step,fcs_mpc_one_step_baseline,94.2477796076938,52.90589872039824,41.34188088729556,0.35,1.1019242000566778,-2.6227553736966986,2.8448343876094895,3.4640483124559087,5,1,1,1,1,0,0,0.9751145535596164,0.819162259702643,0.9231132807825349,25.003146456204384,0,540.0
321,0.032100000000000004,load_step,fcs_mpc_one_step_baseline,94.2477796076938,53.088190746000954,41.159588861692846,0.35,1.337309044797073,-2.3619032229663226,2.7142185460929196,3.360151858922154,4,1,1,1,1,0,0,0.9751140268729153,0.7450067367913294,1.014928539876514,25.00315658451341,1,540.0
322,0.0322,load_step,fcs_mpc_one_step_baseline,94.2477796076938,53.26425119483243,40.98352841286137,0.35,1.5509490277758309,-2.1242627753328063,2.6301968035535728,3.2854835058629184,4,1,1,1,1,0,0,0.9750907636801313,0.6947432496763616,0.8868205358193262,25.00316543167487,0,540.0
323,0.0323,load_step,fcs_mpc_one_step_baseline,94.2477796076938,53.43582966977262,40.81194993792118,0.35,1.5635193437398804,-2.222144302314922,2.717078953317231,3.380072837880747,5,1,1,1,1,0,0,0.9750979656794255,0.7437345736921191,0.8696246723220795,25.003174106818715,1,540.0
324,0.0324,load_step,fcs_mpc_one_step_baseline,94.2477796076938,53.613055558501856,40.634724049191945,0.35,1.7548482739834177,-1.9991937586705546,2.660125589029563,3.337313059687026,4,1,1,1,1,0,0,0.975123438660156,0.7119743691869743,0.9271727641321935,25.003183357385645,1,540.0
325,0.0325,load_step,fcs_mpc_one_step_baseline,94.2477796076938,53.78770891799133,40.46007068970247,0.35,1.9284682116761873,-1.7965877958071508,2.6356626019824216,3.3156562087543295,4,1,1,1,1,0,0,0.9751208018901348,0.6969397870013258,0.851472115776239,25.00319185088442,0,540.0
326,0.032600000000000004,load_step,fcs_mpc_one_step_baseline,94.2477796076938,53.96105282777762,40.28672677991618,0.35,2.08604485120178,-1.6127363100074943,2.6367596642170565,3.311835251659546,4,1,1,1,1,0,0,0.9751297082764147,0.6970442599418915,0.8355610133591894,25.003200185215547,0,540.0
327,0.0327,load_step,fcs_mpc_one_step_baseline,94.2477796076938,54.13415475826717,40.11362484942663,0.35,2.2290905231659384,-1.4461722897274158,2.6571147607966865,3.3229086177125513,4,1,1,1,1,0,0,0.9751429294911654,0.7085835195631535,0.8359823784412782,25.003208523704764,0,540.0
328,0.0328,load_step,fcs_mpc_one_step_baseline,94.2477796076938,54.307906062730886,39.939873544962914,0.35,2.3589780446079325,-1.2955425713643343,2.6913208595705522,3.3462322118471115,4,1,1,1,1,0,0,0.9751551823941258,0.7283714476404811,0.8487254207437172,25.003216989568813,0,540.0
329,0.0329,load_step,fcs_mpc_one_step_baseline,94.2477796076938,54.48303979294282,39.76473981475098,0.35,2.472788942618225,-1.166812287991117,2.7342523786479593,3.3797606561713893,4,1,1,1,1,0,0,0.9751627511771368,0.7534144678048574,0.870569405458631,25.00322567381627,0,540.0
330,0.033,load_step,fcs_mpc_one_step_baseline,94.2477796076938,54.660166540925225,39.587613066768576,0.35,2.5761690770288412,-1.0510103598579723,2.7823137655498913,3.420430857279284,4,1,1,1,1,0,0,0.9751631726564021,0.7815462832461563,0.8985007457891209,25.00323463731924,0,540.0
331,0.033100000000000004,load_step,fcs_mpc_one_step_baseline,94.2477796076938,54.839713544271746,39.408066063422055,0.35,2.670109608186746,-0.9471255241519584,2.8331134954730106,3.46642888713569,4,1,1,1,1,0,0,0.9751548961470364,0.8113515373488659,0.9303587934517505,25.003243919342925,0,540.0
332,0.0332,load_step,fcs_mpc_one_step_baseline,94.2477796076938,55.021999455187,39.2257801525068,0.35,2.5741556050427072,-1.1683405761368075,2.826888179751805,3.4623915891406454,5,1,1,1,1,0,0,0.9751373961339573,0.8090137467813051,1.004786403135923,25.003253945580827,1,540.0
333,0.0333,load_step,fcs_mpc_one_step_baseline,94.2477796076938,55.204029753092,39.0437498546018,0.35,2.485753007539913,-1.3732236117963015,2.8398434996472255,3.439581340960999,5,1,1,1,1,0,0,0.9751106969967783,0.816917369935,0.9613518399752596,25.003263537406255,0,540.0
334,0.0334,load_step,fcs_mpc_one_step_baseline,94.2477796076938,55.38468101070137,38.86309859699243,0.35,2.404130880733783,-1.563127711576633,2.867614607020371,3.4001539110617247,5,1,1,1,1,0,0,0.975089131599491,0.8335430430763303,0.9710383564912127,25.003273226032903,0,540.0
335,0.0335,load_step,fcs_mpc_one_step_baseline,94.2477796076938,55.5629588966792,38.6848207110146,0.35,2.5141132544317584,-1.41796861054223,2.886416538996496,3.4715735301764603,4,1,1,1,1,0,0,0.975076582166806,0.8447066024019038,1.0315618971921994,25.00328351983037,1,540.0
336,0.033600000000000005,load_step,fcs_mpc_one_step_baseline,94.2477796076938,55.74549711528147,38.502282492412334,0.35,2.4284105863093006,-0.98038085174637,2.618840313988239,3.2405359766549875,6,1,1,1,1,0,0,0.9750758192044459,0.691317782489551,1.0447888679767547,25.003293945828915,1,540.0
337,0.0337,load_step,fcs_mpc_one_step_baseline,94.2477796076938,55.91419511641153,38.333584491282274,0.35,2.5305033819288067,-0.8960889143821678,2.684478107273691,3.3396428409674197,4,1,1,1,1,0,0,0.9750570776665194,0.7252443787199699,0.8631791616171922,25.00330255566089,1,540.0
338,0.033800000000000004,load_step,fcs_mpc_one_step_baseline,94.2477796076938,56.08881109948147,38.15896850821233,0.35,2.623534692362266,-0.821135020231413,2.7490356497286124,3.43453813510503,4,1,1,1,1,0,0,0.975100955952188,0.7632076228831605,0.8680035740374735,25.003311213679595,0,540.0
339,0.0339,load_step,fcs_mpc_one_step_baseline,94.2477796076938,56.26909257293714,37.97868703475666,0.35,2.526997966364027,-0.44069062129654385,2.56513682787228,3.270098694574218,6,1,1,1,1,0,0,0.9751129179215432,0.6582954193736071,0.9492533293188233,25.00332068413813,1,540.0
340,0.034,load_step,fcs_mpc_one_step_baseline,94.2477796076938,56.43951949443924,37.80826011325456,0.35,2.6196479629899483,-0.40878528138060694,2.6513507607011952,3.378776869070076,4,1,1,1,1,0,0,0.9750988225130549,0.7053509150979344,0.8285089224112613,25.00332894708946,1,540.0
341,0.0341,load_step,fcs_mpc_one_step_baseline,94.2477796076938,56.616437049764535,37.631342557929266,0.35,2.7044735891883374,-0.3818535635607306,2.7312981416574202,3.4780368741143386,4,1,1,1,1,0,0,0.9751293877377722,0.7525121512233065,0.846476664732376,25.003337389663127,0,540.0
342,0.0342,load_step,fcs_mpc_one_step_baseline,94.2477796076938,56.799281120051916,37.448498487641885,0.35,2.6008301666220324,-0.04543082339628289,2.60122692499629,3.368261706235777,6,1,1,1,1,0,0,0.9751275121344026,0.6786671618123451,0.9371824653216972,25.003346739238516,1,540.0
343,0.034300000000000004,load_step,fcs_mpc_one_step_baseline,94.2477796076938,56.97554176584419,37.27223784184961,0.35,2.505994845256209,0.26023428891368905,2.519470589147074,3.288600337976079,6,1,1,1,1,0,0,0.9751004779249339,0.6296586439743482,0.8145351065640425,25.003354862277988,0,540.0
344,0.0344,load_step,fcs_mpc_one_step_baseline,94.2477796076938,57.14702162076277,37.10075798693103,0.35,2.6008299112202558,0.2237156643910541,2.6104338577316786,3.3948312270366796,4,1,1,1,1,0,0,0.9751059523565844,0.6810332074927835,0.7993769963445254,25.003362833682203,1,540.0
345,0.0345,load_step,fcs_mpc_one_step_baseline,94.2477796076938,57.32484557345303,36.92293403424077,0.35,2.5068797403681886,0.5021579612008386,2.5566792232632274,3.3468690901346756,6,1,1,1,1,0,0,0.9751312064425567,0.6511106910271115,0.8572145332626417,25.003371383408645,1,540.0
346,0.0346,load_step,fcs_mpc_one_step_baseline,94.2477796076938,57.49978562141638,36.74799398627742,0.35,2.421406763404167,0.7548434440525168,2.5363358095663338,3.320879123605916,6,1,1,1,1,0,0,0.9751254169948801,0.6384436065994731,0.7864100857502713,25.003379225033612,0,540.0
347,0.0347,load_step,fcs_mpc_one_step_baseline,94.2477796076938,57.673156887027844,36.57462272066596,0.35,2.525262291583662,0.6699186646095608,2.612611846120014,3.410165104540891,4,1,1,1,1,0,0,0.9751329418771999,0.6823393650022919,0.8094874766032168,25.00338729738021,1,540.0
348,0.034800000000000005,load_step,fcs_mpc_one_step_baseline,94.2477796076938,57.85185805536917,36.39592155232463,0.35,2.4399840157592685,0.904136684911478,2.6021116698103954,3.4068988445249984,6,1,1,1,1,0,0,0.9751460654158006,0.6771126720488824,0.858387188837102,25.003395858670117,1,540.0
349,0.0349,load_step,fcs_mpc_one_step_baseline,94.2477796076938,58.030350028055814,36.21742957963799,0.35,2.3628329013194076,1.1164199484355717,2.613306874598231,3.4190948099934406,6,1,1,1,1,0,0,0.9751343266863949,0.6832102870545605,0.8144879869852834,25.003403980910928,0,540.0
350,0.035,load_step,fcs_mpc_one_step_baseline,94.2477796076938,58.20955814134173,36.03822146635207,0.35,2.293306061594782,1.3087017268062575,2.6404455877546598,3.444018052011358,6,1,1,1,1,0,0,0.9751252789202962,0.6987908670966755,0.8212552290914288,25.003412170770012,0,540.0
351,0.0351,load_step,fcs_mpc_one_step_baseline,94.2477796076938,58.39024399032144,35.85753561737236,0.35,2.2309282685824092,1.4827466750102332,2.6787270562366015,3.479209565547781,6,1,1,1,1,0,0,0.9751145037675767,0.7210223345951433,0.8382078212897511,25.00342053010042,0,540.0
352,0.0352,load_step,fcs_mpc_one_step_baseline,94.2477796076938,58.57302195507531,35.67475765261849,0.35,2.1794154446742415,1.632952320429308,2.72330405230119,3.5221170668830353,6,1,1,1,1,0,0,0.9750989653024019,0.7470787578635713,0.862561301610177,25.003429132909904,0,540.0
353,0.035300000000000005,load_step,fcs_mpc_one_step_baseline,94.2477796076938,58.75835362981796,35.48942597787584,0.35,1.7711211030953518,1.7686089300827348,2.502967740383022,3.1846185642649316,2,1,1,1,1,0,0,0.9750767282342343,0.6209487605833882,0.9300100793037508,25.003438410149812,1,540.0
354,0.0354,load_step,fcs_mpc_one_step_baseline,94.2477796076938,58.92347383196826,35.32430577572554,0.35,1.7616407213558267,1.8910026642486826,2.584428197364882,3.2711296536260512,6,1,1,1,1,0,0,0.9750468170373522,0.6647041901828886,0.7878597769362126,25.00344626582485,1,540.0
355,0.035500000000000004,load_step,fcs_mpc_one_step_baseline,94.2477796076938,59.09375851040009,35.15402109729371,0.35,1.7547662205563155,2.0015745528994198,2.6618612247110116,3.355710571735731,6,1,1,1,1,0,0,0.9751079109145948,0.7102921208610461,0.8023258716876842,25.00345426610846,0,540.0
356,0.0356,load_step,fcs_mpc_one_step_baseline,94.2477796076938,59.26909175930628,34.97868784838752,0.35,1.7503839831071202,2.1013522158086935,2.734872067063111,3.437538751105757,6,1,1,1,1,0,0,0.9751376160795826,0.7533161709585058,0.8512718294356123,25.003462755798314,0,540.0
357,0.0357,load_step,fcs_mpc_one_step_baseline,94.2477796076938,59.44930845612207,34.79847115157173,0.35,1.9297370034369457,1.8771598566800185,2.692139303595702,3.392428717933464,4,1,1,1,1,0,0,0.9751411488261316,0.7304177817300347,0.937500322182854,25.003472107716497,1,540.0
358,0.0358,load_step,fcs_mpc_one_step_baseline,94.2477796076938,59.62681174543992,34.62096786225388,0.35,2.096086883687943,1.6704286295222024,2.680282080359464,3.3288328388699986,4,1,1,1,1,0,0,0.9751231549702057,0.723686676039819,0.8719108830714117,25.00348080367794,0,540.0
359,0.0359,load_step,fcs_mpc_one_step_baseline,94.2477796076938,59.80049557025644,34.44728403743736,0.35,2.069061057059197,1.7936699208310756,2.7382960838326227,3.416400519012238,6,1,1,1,1,0,0,0.9751195589564322,0.7569095950482155,0.9031651159056175,25.003489812123743,1,540.0
360,0.036000000000000004,load_step,fcs_mpc_one_step_baseline,94.2477796076938,59.979406443933705,34.268373163760096,0.35,2.046200445133662,1.9048523596822802,2.7956034722135303,3.5006243581666805,6,1,1,1,1,0,0,0.9751327274245993,0.7906254755669525,0.9030811669961426,25.00349881967,0,540.0
361,0.0361,load_step,fcs_mpc_one_step_baseline,94.2477796076938,60.16334385631873,34.08443575137507,0.35,1.6645550162790417,2.005035947126682,2.605937940836257,3.3268464077202298,2,1,1,1,1,0,0,0.9751215424830214,0.682328185106288,0.980960712371831,25.00350860595166,1,540.0
362,0.0362,load_step,fcs_mpc_one_step_baseline,94.2477796076938,60.336867582821405,33.910912024872395,0.35,1.679864723056065,2.0951883777171094,2.685471993130646,3.4264702350276046,6,1,1,1,1,0,0,0.9750905090365021,0.7254805998695749,0.8544699915970878,25.003517127260867,1,540.0
363,0.0363,load_step,fcs_mpc_one_step_baseline,94.2477796076938,60.516339857588946,33.731439750104855,0.35,1.3333387295483936,2.1764659781462643,2.5524099047257085,3.300296202992005,2,1,1,1,1,0,0,0.9751090686913383,0.6498940824399145,0.9064437361905754,25.003526168250716,1,540.0
364,0.0364,load_step,fcs_mpc_one_step_baseline,94.2477796076938,60.688247594610246,33.559532013083555,0.35,1.380959689005008,2.249630556374829,2.639675605606138,3.4036383651021813,6,1,1,1,1,0,0,0.9750993133225359,0.69836424360789,0.8201926833180501,25.00353434666976,1,540.0
365,0.036500000000000005,load_step,fcs_mpc_one_step_baseline,94.2477796076938,60.86632652378464,33.38145308390916,0.35,1.0641586796724247,2.31565263883381,2.548466370046924,3.3173625785728413,2,1,1,1,1,0,0,0.9751236390005243,0.6468883010151422,0.8762569929380722,25.00354308567738,1,540.0
366,0.0366,load_step,fcs_mpc_one_step_baseline,94.2477796076938,61.039228689668,33.2085509180258,0.35,1.1391250546914158,2.3751252854915337,2.634165145165914,3.4150297277322093,6,1,1,1,1,0,0,0.975117807787596,0.6951105378229302,0.8175653671626306,25.00355123771048,1,540.0
367,0.0367,load_step,fcs_mpc_one_step_baseline,94.2477796076938,61.21796235628148,33.02981725141232,0.35,0.8474786977854674,2.428866537324044,2.5724721182809045,3.3624802524843105,2,1,1,1,1,0,0,0.9751351720319896,0.6605754418021573,0.872629078567575,25.003559940326348,1,540.0
368,0.0368,load_step,fcs_mpc_one_step_baseline,94.2477796076938,61.39353752396563,32.854242083728174,0.35,0.5828762992136646,2.477331465714121,2.5449785797138436,3.3327421179698518,2,1,1,1,1,0,0,0.975124869288135,0.6437035928390277,0.796263540411922,25.003567879228815,0,540.0
369,0.0369,load_step,fcs_mpc_one_step_baseline,94.2477796076938,61.567319555436605,32.680460052257196,0.35,0.7057753410873518,2.521213193550349,2.6181357488524766,3.414743976723727,6,1,1,1,1,0,0,0.9751297569283636,0.6857120766087689,0.8150077730383203,25.003576005520685,1,540.0
370,0.037000000000000005,load_step,fcs_mpc_one_step_baseline,94.2477796076938,61.74599554765443,32.50178406003937,0.35,0.4581416301658619,2.561126901372753,2.601781074230926,3.4090827914030903,2,1,1,1,1,0,0,0.9751416212722357,0.677088869255977,0.8620601114684676,25.003584602281762,1,540.0
371,0.0371,load_step,fcs_mpc_one_step_baseline,94.2477796076938,61.92431902443413,32.32346058325967,0.35,0.23395215584565213,2.5973456169384654,2.607860783296203,3.4193884237187877,2,1,1,1,1,0,0,0.975130671334643,0.6801732767783205,0.8143990852633575,25.003592722375267,0,540.0
372,0.037200000000000004,load_step,fcs_mpc_one_step_baseline,94.2477796076938,62.103245529813364,32.14453407788044,0.35,0.03124881024820938,2.630397869393744,2.630583478898375,3.4428414374239114,2,1,1,1,1,0,0,0.9751229276343855,0.6931507255378012,0.817953745663483,25.00360087796124,0,540.0
373,0.0373,load_step,fcs_mpc_one_step_baseline,94.2477796076938,62.28356180829752,31.96421779939628,0.35,-0.15176429246809012,2.6607507074599157,2.66507536998802,3.4769031816735394,2,1,1,1,1,0,0,0.9751137631641374,0.7131472808318721,0.8320741233131633,25.00360917469662,0,540.0
374,0.0374,load_step,fcs_mpc_one_step_baseline,94.2477796076938,62.4659026211279,31.781876986565898,0.35,-0.3084051225326215,2.6888163365000923,2.7064454568740413,3.5188109689239986,2,1,1,1,1,0,0,0.9750999863433625,0.7373115297255283,0.8539054344535276,25.0036176896898,0,540.0
375,0.0375,load_step,fcs_mpc_one_step_baseline,94.2477796076938,62.65073735072456,31.59704225696924,0.35,-0.6305682653630076,2.4008433080304696,2.4822701156396336,3.1821953763642936,3,1,1,1,1,0,0,0.97507955011854,0.6089306818109134,0.918882317907363,25.003626854395048,1,540.0
376,0.0376,load_step,fcs_mpc_one_step_baseline,94.2477796076938,62.81541348270853,31.432366124985272,0.35,-0.7415936202135348,2.451833229373147,2.5615322137735785,3.2681606711567346,2,1,1,1,1,0,0,0.9750514374227423,0.6513716005046527,0.7752649529906144,25.003634582865548,1,540.0
377,0.037700000000000004,load_step,fcs_mpc_one_step_baseline,94.2477796076938,62.98522146260617,31.26255814508763,0.35,-0.8408700310607043,2.4993820342288964,2.637038672860564,3.3522906075810965,2,1,1,1,1,0,0,0.9751138565443596,0.6958236809875243,0.788261436867833,25.003642441249365,0,540.0
378,0.0378,load_step,fcs_mpc_one_step_baseline,94.2477796076938,63.160051061091764,31.087728546602037,0.35,-0.9293621870836014,2.543896303203874,2.7083431238000757,3.433705026503083,2,1,1,1,1,0,0,0.9751448366588504,0.7378424477742677,0.8355588248428839,25.00365077255467,0,540.0
379,0.0379,load_step,fcs_mpc_one_step_baseline,94.2477796076938,63.339739385136056,30.908040222557744,0.35,-0.6452470196071804,2.585740426994702,2.665032321024774,3.3810355078032712,6,1,1,1,1,0,0,0.9751495761565604,0.7145964030958839,0.919866394976919,25.003659946880138,1,540.0
380,0.038,load_step,fcs_mpc_one_step_baseline,94.2477796076938,63.51626195303269,30.73151765466111,0.35,-0.7453057011993712,2.6252409178305967,2.728987076717719,3.4625084775679396,2,1,1,1,1,0,0,0.9751327204754398,0.7508383813796299,0.89229524878807,25.00366884543298,1,540.0
381,0.0381,load_step,fcs_mpc_one_step_baseline,94.2477796076938,63.69764662032682,30.55013298736698,0.35,-0.47170474611356866,2.6624213105566175,2.7038847243201922,3.3654734972123475,6,1,1,1,1,0,0,0.9751320078880429,0.7378995414701482,0.9348201168949701,25.003678169175178,1,540.0
382,0.038200000000000005,load_step,fcs_mpc_one_step_baseline,94.2477796076938,63.873210398013576,30.374569209680224,0.35,-0.5813174099721292,2.697588259420075,2.7595130636577414,3.4504996380438167,2,1,1,1,1,0,0,0.975110538473556,0.7696051603887454,0.9190585859560932,25.00368733523991,1,540.0
383,0.0383,load_step,fcs_mpc_one_step_baseline,94.2477796076938,64.05384898444719,30.193930623246615,0.35,-0.8604587162355624,2.4166318413330696,2.5652482645721864,3.282043536823317,3,1,1,1,1,0,0,0.9751170427770082,0.6586443156153318,0.9565231726161958,25.0036968758894,1,540.0
384,0.038400000000000004,load_step,fcs_mpc_one_step_baseline,94.2477796076938,64.22439261876974,30.02338698892406,0.35,-0.9321259138161406,2.4745284107811485,2.6442673039938023,3.382035182830986,2,1,1,1,1,0,0,0.9751008492900792,0.7014325754921699,0.828756022176117,25.00370513880378,1,540.0
385,0.0385,load_step,fcs_mpc_one_step_baseline,94.2477796076938,64.40090704203446,29.84687256565934,0.35,-0.9954031878638165,2.528848492039359,2.717701639639493,3.4729270175338467,2,1,1,1,1,0,0,0.9751306978312381,0.7447670228541653,0.842147836242519,25.00371353558122,0,540.0
386,0.0386,load_step,fcs_mpc_one_step_baseline,94.2477796076938,64.58284722712001,29.664932380573788,0.35,-1.2323199751934735,2.2658693157207663,2.579297632532108,3.3620368397524447,3,1,1,1,1,0,0,0.9751304459318599,0.6660610998029776,0.9282756501861333,25.003722793580817,1,540.0
387,0.038700000000000005,load_step,fcs_mpc_one_step_baseline,94.2477796076938,64.75813733059402,29.489642277099776,0.35,-1.4468670219537754,2.0265178341347045,2.490019821463958,3.282050321150361,3,1,1,1,1,0,0,0.9751069406939714,0.6126218052205933,0.8010562707860303,25.0037307793249,0,540.0
388,0.0388,load_step,fcs_mpc_one_step_baseline,94.2477796076938,64.92862725949142,29.31915234820238,0.35,-1.4598167466649346,2.1231135292969405,2.5765628251853485,3.3804533885925396,2,1,1,1,1,0,0,0.975115735739758,0.6613648577501793,0.7813973527545289,25.003738568426567,1,540.0
389,0.038900000000000004,load_step,fcs_mpc_one_step_baseline,94.2477796076938,65.10499291468905,29.14278669300475,0.35,-1.6510837016161217,1.8993061432649714,2.516632912362559,3.3333763254394038,3,1,1,1,1,0,0,0.9751439292741935,0.6278358687961437,0.835795651986434,25.003746901459298,1,540.0
390,0.039,load_step,fcs_mpc_one_step_baseline,94.2477796076938,65.27852774348513,28.969251864208672,0.35,-1.64287872449144,2.0103608992710083,2.5962668292578015,3.4175544892489826,2,1,1,1,1,0,0,0.9751426404217668,0.6730718046752883,0.7977938949706749,25.003754854418904,1,540.0
391,0.0391,load_step,fcs_mpc_one_step_baseline,94.2477796076938,65.4570867906461,28.7906928170477,0.35,-1.814926211944728,1.8000007907264985,2.556161184553912,3.3985658260243596,3,1,1,1,1,0,0,0.9751537944327772,0.6508689624875573,0.848417565307588,25.003763313562196,1,540.0
392,0.0392,load_step,fcs_mpc_one_step_baseline,94.2477796076938,65.63449576283573,28.613283844858074,0.35,-1.9706176000251154,1.6094464275323361,2.5443371491658384,3.3981120195789702,3,1,1,1,1,0,0,0.9751416582363771,0.6433130984926704,0.7864081665578686,25.003771152555103,0,540.0
393,0.0393,load_step,fcs_mpc_one_step_baseline,94.2477796076938,65.81186394689765,28.435915660796155,0.35,-2.111534922873243,1.437173261672397,2.5542213519151757,3.4131096458948678,3,1,1,1,1,0,0,0.9751363888060574,0.6486344385843331,0.7788361498910156,25.003778915775584,0,540.0
394,0.039400000000000004,load_step,fcs_mpc_one_step_baseline,94.2477796076938,65.99011602026798,28.257663587425824,0.35,-2.2391119603857192,1.2817721201568355,2.580031422125267,3.4407729963511677,3,1,1,1,1,0,0,0.9751321324850154,0.6634301454940857,0.7846387647615355,25.00378673697046,0,540.0
395,0.0395,load_step,fcs_mpc_one_step_baseline,94.2477796076938,66.17000988161546,28.077769726078344,0.35,-2.3504833982449322,1.1491538610267065,2.616357544705546,3.4784969770071466,3,1,1,1,1,0,0,0.9751247258951938,0.6848548123209456,0.8003786613251298,25.00379471551216,0,540.0
396,0.0396,load_step,fcs_mpc_one_step_baseline,94.2477796076938,66.35214747234568,27.895632135348123,0.35,-2.4513412997031163,1.0302950221333766,2.659056599672707,3.5234906013888283,3,1,1,1,1,0,0,0.9751101349075216,0.7094832065808608,0.8229645218640181,25.003802919859275,0,540.0
397,0.0397,load_step,fcs_mpc_one_step_baseline,94.2477796076938,66.53696366404567,27.71081594364813,0.35,-2.3613615923797893,0.6100186009023905,2.4388832000350744,3.185507558115374,1,1,1,1,1,0,0,0.9750892990131105,0.5833817363281154,0.8876339075511539,25.00381177084555,1,540.0
398,0.0398,load_step,fcs_mpc_one_step_baseline,94.2477796076938,66.70153942594648,27.546240181747322,0.35,-2.45946156572908,0.5420318062913816,2.5184816204074303,3.2745005035916335,3,1,1,1,1,0,0,0.9750600592508996,0.6260848482548821,0.7489547658763522,25.003819234981403,1,540.0
399,0.039900000000000005,load_step,fcs_mpc_one_step_baseline,94.2477796076938,66.8714282299571,27.376351377736697,0.35,-2.548819199567558,0.48245625163526645,2.594078515933193,3.3612673991274273,3,1,1,1,1,0,0,0.9751218542420782,0.6705970517053786,0.7619450118678125,25.003826828969956,0,540.0
400,0.04,load_step,fcs_mpc_one_step_baseline,94.2477796076938,67.04649645231534,27.201283155378462,0.35,-2.6302647422244574,0.43066748471791916,2.6652893082332265,3.444931337401451,3,1,1,1,1,0,0,0.9751515357814862,0.7125673693231506,0.8085193926172497,25.00383488865169,0,540.0
401,0.040100000000000004,load_step,fcs_mpc_one_step_baseline,94.2477796076938,67.22655800195406,27.02122160573974,0.35,-2.523198165417587,0.700202278709369,2.6185515486765714,3.3871451070148915,2,1,1,1,1,0,0,0.9751545034178366,0.6873737449029437,0.891422766283173,25.003843777313428,1,540.0
402,0.0402,load_step,fcs_mpc_one_step_baseline,94.2477796076938,67.40314756268609,26.844632045007714,0.35,-2.6062889022049514,0.6358378167555914,2.6827283818853536,3.4702651130813553,3,1,1,1,1,0,0,0.9751355725421146,0.7237033625302128,0.8621090675887396,25.003852372778923,1,540.0
403,0.0403,load_step,fcs_mpc_one_step_baseline,94.2477796076938,67.58469778277674,26.663081824917057,0.35,-2.5006227277397333,0.8938853243544738,2.655587505540875,3.367295155658904,2,1,1,1,1,0,0,0.9751344082810315,0.7096150951567605,0.9040665868019375,25.003861387762306,1,540.0
404,0.040400000000000005,load_step,fcs_mpc_one_step_baseline,94.2477796076938,67.76007192824903,26.487707679444767,0.35,-2.5849004451522792,0.8190324994501201,2.7115538988749535,3.4533722121143766,3,1,1,1,1,0,0,0.9751121362070342,0.7414934861569357,0.8872678758079983,25.00387023469848,1,540.0
405,0.0405,load_step,fcs_mpc_one_step_baseline,94.2477796076938,67.94058378794816,26.307195819745644,0.35,-2.4802368533871255,0.4392774729220391,2.5188369433364364,3.2838099264569456,1,1,1,1,1,0,0,0.9751194756988337,0.631402397164628,0.9243116226735577,25.00387945201314,1,540.0
406,0.040600000000000004,load_step,fcs_mpc_one_step_baseline,94.2477796076938,68.11093450686012,26.136845100833682,0.35,-2.5653573619883203,0.40860828940315846,2.5976949645554326,3.3846018390528885,3,1,1,1,1,0,0,0.975103722679657,0.6741285468182231,0.7997272857711041,25.003887423422984,1,540.0
407,0.0407,load_step,fcs_mpc_one_step_baseline,94.2477796076938,68.2873039206257,25.960475687068097,0.35,-2.643266662526722,0.3833946784345176,2.6709268295251114,3.475869872831515,3,1,1,1,1,0,0,0.9751342147644293,0.7173488934941078,0.8127957975199717,25.003895525464802,0,540.0
408,0.0408,load_step,fcs_mpc_one_step_baseline,94.2477796076938,68.4691216205807,25.778657987113107,0.35,-2.5332847802495855,0.04913829471366899,2.533761304829553,3.3640185524683734,1,1,1,1,1,0,0,0.9751343071474987,0.6393307910196421,0.8973124053710598,25.003904472618686,1,540.0
409,0.0409,load_step,fcs_mpc_one_step_baseline,94.2477796076938,68.64423172979531,25.603547877898492,0.35,-2.4326558290066127,-0.2539440559705411,2.445874478783124,3.283452794811792,1,1,1,1,1,0,0,0.9751109995938012,0.5866903945793606,0.7730519407561918,25.003912177108276,0,540.0
410,0.041,load_step,fcs_mpc_one_step_baseline,94.2477796076938,68.814507014327,25.433272593366794,0.35,-2.5222549093909588,-0.21448189295909248,2.531357799749792,3.3820067552170405,3,1,1,1,1,0,0,0.9751201970542533,0.6348584887711898,0.7545516816401426,25.00391969654391,1,540.0
411,0.041100000000000005,load_step,fcs_mpc_one_step_baseline,94.2477796076938,68.99066707167673,25.257112536017075,0.35,-2.4236328648414283,-0.4896704658281406,2.472604583964815,3.3345075297537274,1,1,1,1,1,0,0,0.9751488713350707,0.6019737850165104,0.8073775724920942,25.003927744188324,1,540.0
412,0.0412,load_step,fcs_mpc_one_step_baseline,94.2477796076938,69.16397105457385,25.08380855311995,0.35,-2.5153639301173016,-0.4246976935004479,2.5509652745186004,3.4184239681245403,3,1,1,1,1,0,0,0.9751479577736354,0.6465099225267551,0.7707327415897558,25.00393542533078,1,540.0
413,0.0413,load_step,fcs_mpc_one_step_baseline,94.2477796076938,69.3422836108959,24.905495996797896,0.35,-2.418965754862655,-0.6765577427613483,2.511797305215647,3.399089074574216,1,1,1,1,1,0,0,0.9751595307688493,0.6248144309667457,0.8197214958746539,25.003943596309572,1,540.0
414,0.0414,load_step,fcs_mpc_one_step_baseline,94.2477796076938,69.51942539140501,24.728354216288793,0.35,-2.3316310293262665,-0.9043680247240726,2.500876802455568,3.398519724630053,1,1,1,1,1,0,0,0.9751478232508544,0.6177796588668131,0.7593473658620016,25.003951163492587,0,540.0
415,0.0415,load_step,fcs_mpc_one_step_baseline,94.2477796076938,69.69651948973923,24.55126011795457,0.35,-2.252837389844026,-1.1102656962507167,2.5115664875432486,3.4135956158221537,1,1,1,1,1,0,0,0.9751429997383034,0.6235674323921584,0.7524370535333216,25.003958661522034,0,540.0
416,0.041600000000000005,load_step,fcs_mpc_one_step_baseline,94.2477796076938,69.87450218211723,24.373277425576575,0.35,-2.182086365786755,-1.2962013028664696,2.5380383616693387,3.4414929422549556,1,1,1,1,1,0,0,0.9751391466344234,0.6387478168733897,0.758616305246583,25.00396622129401,0,540.0
417,0.0417,load_step,fcs_mpc_one_step_baseline,94.2477796076938,70.05414068520884,24.193638922484965,0.35,-2.123067653766446,-1.4567417499352806,2.5747840275397595,3.4795383891870717,1,1,1,1,1,0,0,0.9751320589166282,0.6601055604599163,0.7744899532707951,25.00397393975207,0,540.0
418,0.041800000000000004,load_step,fcs_mpc_one_step_baseline,94.2477796076938,70.23604217510473,24.011737432589072,0.35,-2.0708147657577167,-1.6013315426906185,2.617734994932853,3.5249192200485315,1,1,1,1,1,0,0,0.9751189044044584,0.6851950614067105,0.7969646564148982,25.003981882905702,0,540.0
419,0.0419,load_step,fcs_mpc_one_step_baseline,94.2477796076938,70.42064545606385,23.82713415162995,0.35,-1.6622149121941836,-1.7313966325761758,2.4001443109981615,3.18145015825922,5,1,1,1,1,0,0,0.9750979784763851,0.5605471032459207,0.8607762270160466,25.003990464122086,1,540.0
420,0.042,load_step,fcs_mpc_one_step_baseline,94.2477796076938,70.58468001873015,23.663099588963647,0.35,-1.6528534205183276,-1.8482377177113303,2.4794973464171974,3.2716496195318108,1,1,1,1,1,0,0,0.9750685630352307,0.6031577985381041,0.7257993874285013,25.003997695512865,1,540.0
421,0.042100000000000005,load_step,fcs_mpc_one_step_baseline,94.2477796076938,70.75409986772185,23.493679739971952,0.35,-1.6465112373913269,-1.9533603452130026,2.5547242303439677,3.3595475970303506,1,1,1,1,1,0,0,0.9751315911723566,0.6474572435087128,0.738451257938481,25.00400505337414,0,540.0
422,0.0422,load_step,fcs_mpc_one_step_baseline,94.2477796076938,70.9287668594698,23.319012748223997,0.35,-1.6430603497925755,-2.0477944675374236,2.6254731943665663,3.44423745922175,1,1,1,1,1,0,0,0.9751620163190592,0.6891608901035503,0.7840891598043044,25.004012867565383,0,540.0
423,0.042300000000000004,load_step,fcs_mpc_one_step_baseline,94.2477796076938,71.10848860463395,23.139291003059853,0.35,-1.823728842058892,-1.8183662730966172,2.5753529452276536,3.384955763865482,3,1,1,1,1,0,0,0.9751653309526037,0.6620385979281697,0.865461599517399,25.004021495428926,1,540.0
424,0.0424,load_step,fcs_mpc_one_step_baseline,94.2477796076938,71.28464889251337,22.963130715180426,0.35,-1.9917630905617494,-1.6065085797021295,2.5589040672875263,3.306337446615366,3,1,1,1,1,0,0,0.9751464369122999,0.6526245485504988,0.7979961378527743,25.004029448580336,0,540.0
425,0.0425,load_step,fcs_mpc_one_step_baseline,94.2477796076938,71.45609081749066,22.79168879020314,0.35,-1.9667320284744014,-1.7247098570394177,2.6158476566489806,3.3953816855094456,1,1,1,1,1,0,0,0.9751456988953968,0.685185044821704,0.825069413889694,25.004037672411485,1,540.0
426,0.0426,load_step,fcs_mpc_one_step_baseline,94.2477796076938,71.63284832664037,22.61493128105343,0.35,-1.9461260803413092,-1.8309188304540847,2.6720161833896108,3.4802997538626474,1,1,1,1,1,0,0,0.9751651298204304,0.7182341594352187,0.824331116100038,25.00404588880483,0,540.0
427,0.0427,load_step,fcs_mpc_one_step_baseline,94.2477796076938,71.81467408534022,22.433105522353586,0.35,-1.5669948915399805,-1.9262024039643706,2.483088538725616,3.303782151992378,5,1,1,1,1,0,0,0.975158894363047,0.6102929604637696,0.8980436596656753,25.004054842268832,1,540.0
428,0.042800000000000005,load_step,fcs_mpc_one_step_baseline,94.2477796076938,71.98592236891893,22.261857238774866,0.35,-1.5850762503671187,-2.0115344034892173,2.561003197166807,3.4038464279727823,1,1,1,1,1,0,0,0.9751318929352674,0.6525475630071526,0.777599609406229,25.004062591232646,1,540.0
429,0.0429,load_step,fcs_mpc_one_step_baseline,94.2477796076938,72.16314573376292,22.084633873930883,0.35,-1.2415757536940855,-2.088127816505281,2.4293596131952446,3.276038864109099,5,1,1,1,1,0,0,0.9751545650479649,0.5776995072932164,0.8262082438810169,25.004070826231143,1,540.0
430,0.043000000000000003,load_step,fcs_mpc_one_step_baseline,94.2477796076938,72.33270697669981,21.91507263099399,0.35,-1.2924696388185994,-2.156740360997422,2.514360107865055,3.3793104879788083,1,1,1,1,1,0,0,0.9751481980417395,0.624919021197149,0.7447527965656439,25.004078246620267,1,540.0
431,0.0431,load_step,fcs_mpc_one_step_baseline,94.2477796076938,72.50843537078931,21.739344236904486,0.35,-0.9791819240589335,-2.2183900505613887,2.424881782032583,3.292239130300562,5,1,1,1,1,0,0,0.9751758077716014,0.5743562161987054,0.7968426414451558,25.00408618785837,1,540.0
432,0.0432,load_step,fcs_mpc_one_step_baseline,94.2477796076938,72.67893957208656,21.568840035607238,0.35,-1.0578928914191223,-2.273657976097425,2.5077196737248264,3.389062764996885,1,1,1,1,1,0,0,0.9751727938117972,0.6209953314868156,0.7419019219793159,25.004093579636336,1,540.0
433,0.043300000000000005,load_step,fcs_mpc_one_step_baseline,94.2477796076938,72.85522497914096,21.392554628552844,0.35,-0.7702132610351488,-2.3234025772766436,2.4477393659395497,3.336272220735756,5,1,1,1,1,0,0,0.9751927437171162,0.5873618297872402,0.79266594827122,25.00410147900529,1,540.0
434,0.0434,load_step,fcs_mpc_one_step_baseline,94.2477796076938,73.02833764885443,21.21944195883937,0.35,-0.5097891548385798,-2.3680609648736826,2.422312472772559,3.307057276244607,5,1,1,1,1,0,0,0.9751848636601791,0.5716678234643394,0.7209465870144718,25.004108661127965,0,540.0
435,0.043500000000000004,load_step,fcs_mpc_one_step_baseline,94.2477796076938,73.19968868129355,21.04809092640025,0.35,-0.27435927219229633,-2.4083612499978284,2.42393830794618,3.297869799175965,5,1,1,1,1,0,0,0.9751918608264712,0.5720063592444656,0.7056645433907288,25.004115690382324,0,540.0
436,0.0436,load_step,fcs_mpc_one_step_baseline,94.2477796076938,73.3704767339607,20.8773028737331,0.35,-0.06184663592510694,-2.444946716048179,2.445728817896626,3.305485466922611,5,1,1,1,1,0,0,0.9752053753648569,0.5843304878097514,0.7062854279927655,25.00412272579867,0,540.0
437,0.0437,load_step,fcs_mpc_one_step_baseline,94.2477796076938,73.54170741616038,20.706072191533423,0.35,0.1296560163750452,-2.4783848577815686,2.481773999755661,3.326980152173066,5,1,1,1,1,0,0,0.9752192347572951,0.6051574074732501,0.7187842365660495,25.004129886156196,0,540.0
438,0.0438,load_step,fcs_mpc_one_step_baseline,94.2477796076938,73.71421126869458,20.533568338999217,0.35,0.29357085794314375,-2.5091755570560266,2.5262909224317167,3.3601699093718675,5,1,1,1,1,0,0,0.9752290401420182,0.6311114627856383,0.7399455738649482,25.00413725807936,0,540.0
439,0.0439,load_step,fcs_mpc_one_step_baseline,94.2477796076938,73.88868807269117,20.359091535002634,0.35,0.44053556637855795,-2.537758462464481,2.5757114743415195,3.401507619021843,5,1,1,1,1,0,0,0.975231819900364,0.6600278371169715,0.7666419576466583,25.004144896917218,0,540.0
440,0.044000000000000004,load_step,fcs_mpc_one_step_baseline,94.2477796076938,74.06562528197827,20.18215432571553,0.35,0.5719651295567806,-2.5645122601079793,2.6275211210707785,3.4489316345768986,5,1,1,1,1,0,0,0.9752256283443338,0.6904205502281079,0.7969080656510394,25.00415283836523,0,540.0
441,0.0441,load_step,fcs_mpc_one_step_baseline,94.2477796076938,74.24538693592184,20.002392671771958,0.35,0.8705121602043112,-2.2756544890231103,2.436471788154874,3.1128462862157478,4,1,1,1,1,0,0,0.9752097265513721,0.5811079107459348,0.8665042836041512,25.004161475722476,1,540.0
442,0.0442,load_step,fcs_mpc_one_step_baseline,94.2477796076938,74.40502211391527,19.842757493778535,0.35,0.9593835043823197,-2.3261642801516107,2.516238654566407,3.2025261442244606,5,1,1,1,1,0,0,0.975184020735773,0.6244022571370117,0.7469317955934688,25.00416891729726,1,540.0
443,0.0443,load_step,fcs_mpc_one_step_baseline,94.2477796076938,74.57001182114873,19.677767786545076,0.35,1.0378905822499624,-2.373641747448634,2.5906354444333095,3.2890328116698493,5,1,1,1,1,0,0,0.9752482019877965,0.6682761387851698,0.7600810792959669,25.00417649031527,0,540.0
444,0.0444,load_step,fcs_mpc_one_step_baseline,94.2477796076938,74.74016575006505,19.507613857628755,0.35,1.106880820295097,-2.4184673832541606,2.659731120658886,3.371546612152203,5,1,1,1,1,0,0,0.9752797343016596,0.7090596606891303,0.8059191184907419,25.004184521663188,0,540.0
445,0.044500000000000005,load_step,fcs_mpc_one_step_baseline,94.2477796076938,74.91524455507997,19.332535052613835,0.35,0.8044244502139155,-2.460981410686559,2.5891172626682564,3.3111750829333517,1,1,1,1,1,0,0,0.9752843438707056,0.6701705268270345,0.8873714372800452,25.00419336748075,1,540.0
446,0.0446,load_step,fcs_mpc_one_step_baseline,94.2477796076938,75.08669703960332,19.161082568090478,0.35,0.5244970389537754,-2.5014879457069035,2.555883230194256,3.2305519550559287,1,1,1,1,1,0,0,0.9752671070627646,0.6508577839322812,0.8062215159384925,25.004201401740126,0,540.0
447,0.044700000000000004,load_step,fcs_mpc_one_step_baseline,94.2477796076938,75.25331154720512,18.994468060488686,0.35,0.6278540659410785,-2.5399399798852826,2.616389846628058,3.3149666617275537,5,1,1,1,1,0,0,0.9752681524003041,0.6852645556938338,0.8228509077212148,25.004209602239857,1,540.0
448,0.0448,load_step,fcs_mpc_one_step_baseline,94.2477796076938,75.42496496052149,18.822814647172308,0.35,0.900803123001184,-2.2622001780145626,2.4349529588511163,3.13321335250268,4,1,1,1,1,0,0,0.9752896814570743,0.5816617132654945,0.861467597163918,25.004218188851816,1,540.0
449,0.0449,load_step,fcs_mpc_one_step_baseline,94.2477796076938,75.58572835502099,18.66205125267281,0.35,0.9663346989600826,-2.323272883051758,2.5162272630940756,3.2339380938440216,5,1,1,1,1,0,0,0.9752863832546367,0.6259629806668764,0.7480783508884057,25.004225641514065,1,540.0
450,0.045000000000000005,load_step,fcs_mpc_one_step_baseline,94.2477796076938,75.75250716119002,18.495272446503776,0.35,1.0235703079487344,-2.380778036614224,2.591486105488306,3.3251406959841288,5,1,1,1,1,0,0,0.9753305020277742,0.6703897234599586,0.762211956032428,25.00423323546268,0,540.0
451,0.0451,load_step,fcs_mpc_one_step_baseline,94.2477796076938,75.9247310747221,18.323048532971697,0.35,1.2545288288692833,-2.121007785405721,2.4642476759075613,3.203144615885601,4,1,1,1,1,0,0,0.9753421763049238,0.5980681311329249,0.8454187732167727,25.004241661428843,1,540.0
452,0.045200000000000004,load_step,fcs_mpc_one_step_baseline,94.2477796076938,76.08964103242981,18.15813857526399,0.35,1.2818380264790665,-2.1990165785538855,2.545345288734435,3.2965754002488357,5,1,1,1,1,0,0,0.9753287132251985,0.6431260010602388,0.7657211547806069,25.004249290362647,1,540.0
453,0.0453,load_step,fcs_mpc_one_step_baseline,94.2477796076938,76.26012958424488,17.98765002344892,0.35,1.485644289832398,-1.958356995415436,2.458109248468055,3.215332081231748,4,1,1,1,1,0,0,0.9753488076266097,0.5938362487260137,0.8161008736478184,25.00425742304278,1,540.0
454,0.0454,load_step,fcs_mpc_one_step_baseline,94.2477796076938,76.42574311852985,17.82203648916395,0.35,1.6696792518985601,-1.7400585487955185,2.4115622648932167,3.161548531669498,4,1,1,1,1,0,0,0.9753419109037604,0.5656413506542669,0.7270864617103274,25.004264665524577,0,540.0
455,0.0455,load_step,fcs_mpc_one_step_baseline,94.2477796076938,76.58812531007874,17.659654297615063,0.35,1.6545233703287923,-1.8565599380129,2.486817722793251,3.2489962588052714,5,1,1,1,1,0,0,0.9753570794909479,0.6085937828177358,0.7335582703816236,25.00427197267618,1,540.0
456,0.0456,load_step,fcs_mpc_one_step_baseline,94.2477796076938,76.75572824035005,17.49205136734375,0.35,1.8199138107019928,-1.6516181982951346,2.45762669079816,3.223747543697908,4,1,1,1,1,0,0,0.9753838584791197,0.5925819557853104,0.7794938871872065,25.00427973913523,1,540.0
457,0.045700000000000005,load_step,fcs_mpc_one_step_baseline,94.2477796076938,76.92180731138075,17.325972296313054,0.35,1.9692090500802812,-1.4664568130973745,2.455255560547169,3.217982910750439,4,1,1,1,1,0,0,0.9753841879254378,0.590605993946617,0.726562536726783,25.004286976229004,0,540.0
458,0.0458,load_step,fcs_mpc_one_step_baseline,94.2477796076938,77.08752864410032,17.160250963593484,0.35,2.104004713870563,-1.2995790785448493,2.473002551025985,3.228479114918591,4,1,1,1,1,0,0,0.9753910482577842,0.6005807203122607,0.72486832433859,25.004294196332406,0,540.0
459,0.0459,load_step,fcs_mpc_one_step_baseline,94.2477796076938,77.25386537822583,16.993914229467975,0.35,2.225744994436978,-1.1495981334297287,2.5050981315402354,3.252311525199192,4,1,1,1,1,0,0,0.9753984006208842,0.6191069781648139,0.7351547265504482,25.004301519251698,0,540.0
460,0.046,load_step,fcs_mpc_one_step_baseline,94.2477796076938,77.42161555732363,16.826164050370167,0.35,2.331572190180005,-1.0224424021737784,2.5459020687732026,3.2868880255560677,4,1,1,1,1,0,0,0.9754019600093035,0.6428929229961448,0.7541988657091857,25.004309032563558,0,540.0
461,0.0461,load_step,fcs_mpc_one_step_baseline,94.2477796076938,77.59142204126125,16.656357566432547,0.35,2.4271835230502514,-0.9091019339956002,2.591849953404165,3.3290939721720743,4,1,1,1,1,0,0,0.9753988520565812,0.6697795812756283,0.7788946264853037,25.00431679278294,0,540.0
462,0.046200000000000005,load_step,fcs_mpc_one_step_baseline,94.2477796076938,77.76374124801973,16.484038359674074,0.35,2.3322569642427693,-1.1226388117304282,2.5883856839471213,3.3319474679704544,5,1,1,1,1,0,0,0.9753873172302999,0.6690050606518664,0.8439303314286213,25.004325203307637,1,540.0
463,0.0463,load_step,fcs_mpc_one_step_baseline,94.2477796076938,77.93621797963415,16.31156162805965,0.35,2.244355886525855,-1.3215058461362759,2.604517430687614,3.3134979267664466,5,1,1,1,1,0,0,0.9753666654650344,0.6788135445834395,0.805985099705633,25.004333234323944,0,540.0
464,0.046400000000000004,load_step,fcs_mpc_one_step_baseline,94.2477796076938,78.10757736676469,16.140202240929113,0.35,2.1668917208384335,-1.499683978980275,2.635236567492235,3.277958548012502,5,1,1,1,1,0,0,0.9753484798649177,0.6972110508354091,0.8169125073895589,25.004341374560788,0,540.0
465,0.0465,load_step,fcs_mpc_one_step_baseline,94.2477796076938,78.27679677239142,15.97098283530238,0.35,2.0946738493238897,-1.6660945975186878,2.676477114216058,3.225485954296177,5,1,1,1,1,0,0,0.9753376886874919,0.7217912619076085,0.8370701224176582,25.004349716319513,0,540.0
466,0.0466,load_step,fcs_mpc_one_step_baseline,94.2477796076938,78.44286301097455,15.804916596719252,0.35,2.208487821316302,-1.5075893834256788,2.6739940549523,3.2981731286476936,4,1,1,1,1,0,0,0.9753374321969149,0.7208951731391927,0.9021407020287897,25.004358708728425,1,540.0
467,0.046700000000000005,load_step,fcs_mpc_one_step_baseline,94.2477796076938,78.61326637589339,15.634513231800412,0.35,2.129840270001044,-1.0515170425725093,2.3752700197111394,3.059934782784426,6,1,1,1,1,0,0,0.9753503504662148,0.5493089067810716,0.9003864421541681,25.004367683534788,1,540.0
468,0.0468,load_step,fcs_mpc_one_step_baseline,94.2477796076938,78.76939953203812,15.478380075655679,0.35,2.233689725700019,-0.9585045307423224,2.4306584964061457,3.1630168804212744,4,1,1,1,1,0,0,0.9753430129094512,0.5768808462685152,0.71395549377027,25.004374793971834,1,540.0
469,0.046900000000000004,load_step,fcs_mpc_one_step_baseline,94.2477796076938,78.93168952904085,15.316090078652948,0.35,2.3279558971381498,-0.8765493896606211,2.4875123098257617,3.2616111891298605,4,1,1,1,1,0,0,0.9753985675539397,0.610250425370705,0.7123082019813266,25.00438188788856,0,540.0
470,0.047,load_step,fcs_mpc_one_step_baseline,94.2477796076938,79.09986732698266,15.14791228071114,0.35,2.232233351025898,-0.49071244664270197,2.2855337316964666,3.0890122718750663,6,1,1,1,1,0,0,0.9754194816546042,0.494775431013288,0.7812600428935556,25.004389671276403,1,540.0
471,0.0471,load_step,fcs_mpc_one_step_baseline,94.2477796076938,79.25770320784233,14.990076399851475,0.35,2.32536608290029,-0.4549178760607083,2.3694467061874644,3.2033319614453317,4,1,1,1,1,0,0,0.9754120795565109,0.5402508080752565,0.6617427269553865,25.004396259439197,1,540.0
472,0.0472,load_step,fcs_mpc_one_step_baseline,94.2477796076938,79.42236830028727,14.825411307406526,0.35,2.229154542768576,-0.11133562059368285,2.231933152215532,3.0783500194462516,6,1,1,1,1,0,0,0.9754504864538609,0.46202954977897714,0.7100909318567201,25.00440333104012,1,540.0
473,0.0473,load_step,fcs_mpc_one_step_baseline,94.2477796076938,79.57954133198231,14.668238275711488,0.35,2.322345138842828,-0.11421477569176944,2.3251520292000767,3.1962645589707828,4,1,1,1,1,0,0,0.9754538419309785,0.5138724457694136,0.6313933001096362,25.00440961561758,1,540.0
474,0.047400000000000005,load_step,fcs_mpc_one_step_baseline,94.2477796076938,79.74375875610245,14.50402085159135,0.35,2.226651999746138,0.1939781568969297,2.2350853794266126,3.11113679714387,6,1,1,1,1,0,0,0.9754890302908712,0.46299025081837886,0.684104751531765,25.004416427267657,1,540.0
475,0.0475,load_step,fcs_mpc_one_step_baseline,94.2477796076938,79.9028691842279,14.344910423465905,0.35,2.1393923915232818,0.47283441422649775,2.1910208096192565,3.0546870326284417,6,1,1,1,1,0,0,0.975488697114469,0.4360635695028344,0.6011969266008241,25.004422409794074,0,540.0
476,0.0476,load_step,fcs_mpc_one_step_baseline,94.2477796076938,80.05858921250599,14.189190395187808,0.35,2.241552565480027,0.41083432395617375,2.2788906831067206,3.1696487284016523,4,1,1,1,1,0,0,0.9755104367094893,0.4863084893550308,0.6082517499149561,25.00442846282884,1,540.0
477,0.0477,load_step,fcs_mpc_one_step_baseline,94.2477796076938,80.2211770351009,14.026602572592907,0.35,2.154781919604487,0.6650372016276299,2.2550741896006676,3.1409037974576535,6,1,1,1,1,0,0,0.9755434638440769,0.47343369136665425,0.6572241086379259,25.004435005546842,1,540.0
478,0.0478,load_step,fcs_mpc_one_step_baseline,94.2477796076938,80.38203215651268,13.865747451181122,0.35,2.0763457186150616,0.8945973760553331,2.260866207553243,3.1329720306554334,6,1,1,1,1,0,0,0.9755420676906742,0.4761297261172094,0.6115262719337288,25.004441091242857,0,540.0
479,0.047900000000000005,load_step,fcs_mpc_one_step_baseline,94.2477796076938,80.54240025119195,13.705379356501851,0.35,2.0058314552272827,1.101711152733678,2.2884770680164066,3.142558036686948,6,1,1,1,1,0,0,0.9755483192771629,0.4918051726484013,0.6143010677132027,25.004447204646258,0,540.0
480,0.048,load_step,fcs_mpc_one_step_baseline,94.2477796076938,80.70332968874943,13.544449918944366,0.35,1.9428367157286204,1.288383968903082,2.3312116496169177,3.1666599514948874,6,1,1,1,1,0,0,0.9755556645225778,0.5165142063743523,0.6291044836259349,25.004453466043064,0,540.0
481,0.048100000000000004,load_step,fcs_mpc_one_step_baseline,94.2477796076938,80.86568911493643,13.38209049275737,0.35,1.8911350022488391,1.4492335616816272,2.38257623446452,3.203327333867068,6,1,1,1,1,0,0,0.9755594023728608,0.546463135750935,0.6526112404742859,25.004459962465695,0,540.0
482,0.0482,load_step,fcs_mpc_one_step_baseline,94.2477796076938,81.0302303867176,13.217549220976196,0.35,1.8458327726412163,1.5937514104211836,2.438676317754341,3.2485704419686128,6,1,1,1,1,0,0,0.9755563276830511,0.5792859237905966,0.6815811589602575,25.004466748544203,0,540.0
483,0.0483,load_step,fcs_mpc_one_step_baseline,94.2477796076938,81.19746654150124,13.050313066192558,0.35,1.8065881212798207,1.7234062271291135,2.4967758537074887,3.3002463193271794,6,1,1,1,1,0,0,0.975544240582716,0.6133644748498647,0.7140219373006821,25.004473858985254,0,540.0
484,0.048400000000000006,load_step,fcs_mpc_one_step_baseline,94.2477796076938,81.36778233436308,12.879997273330716,0.35,1.4103633959348227,1.8395380875202116,2.317978706552397,2.954378771510786,2,1,1,1,1,0,0,0.9755223001892358,0.5110839005221149,0.783797856478099,25.00448166713809,1,540.0
485,0.0485,load_step,fcs_mpc_one_step_baseline,94.2477796076938,81.51738697185378,12.730392635840019,0.35,1.4128112342536912,1.9433694922207028,2.4026486565720737,3.050263217499374,6,1,1,1,1,0,0,0.9754903480107092,0.5573928948583772,0.6772109892929928,25.004488409370204,1,540.0
486,0.048600000000000004,load_step,fcs_mpc_one_step_baseline,94.2477796076938,81.6727182161097,12.5750613915841,0.35,1.4177734904937216,2.0363817573175664,2.4813166528846193,3.14299713867788,6,1,1,1,1,0,0,0.9755516553051627,0.6037849911676801,0.6925830088047471,25.004495305277562,0,540.0
487,0.0487,load_step,fcs_mpc_one_step_baseline,94.2477796076938,81.83358708739398,12.414192520299821,0.35,1.606528668459162,1.8054169372818902,2.416705335783717,3.1296651575839203,4,1,1,1,1,0,0,0.9755791399525354,0.5684901837928057,0.7740097370592697,25.00450301540623,1,540.0
488,0.0488,load_step,fcs_mpc_one_step_baseline,94.2477796076938,81.99364576089857,12.254133846795227,0.35,1.7823675579476177,1.5919228210641798,2.389780822554464,3.092741952423218,4,1,1,1,1,0,0,0.9755787023352416,0.552907852834465,0.7018914709434847,25.004510004300837,0,540.0
489,0.0489,load_step,fcs_mpc_one_step_baseline,94.2477796076938,82.15148250755202,12.096297100141783,0.35,1.9462112140654402,1.3942620852207825,2.394097920311172,3.034872075240372,4,1,1,1,1,0,0,0.9755820918233825,0.5557184314631519,0.687294125986962,25.004516847175402,0,540.0
490,0.049,load_step,fcs_mpc_one_step_baseline,94.2477796076938,82.30584396710826,11.941935640585541,0.35,1.9175672250202118,1.5250624466913418,2.4500774536287415,3.127274980395992,6,1,1,1,1,0,0,0.975594523228645,0.5879767584676837,0.7246169582647604,25.00452406323267,1,540.0
491,0.049100000000000005,load_step,fcs_mpc_one_step_baseline,94.2477796076938,82.46572331890641,11.782056288787388,0.35,1.5311628713093508,1.6424006175537078,2.2454263575136673,2.933532844440435,2,1,1,1,1,0,0,0.9756197897263552,0.47094494983016133,0.7580521317499972,25.004531613593564,1,540.0
492,0.0492,load_step,fcs_mpc_one_step_baseline,94.2477796076938,82.6139960981199,11.633783509573902,0.35,1.5427171922100325,1.747485600984299,2.33102601031989,3.046340666241008,6,1,1,1,1,0,0,0.9756176558694558,0.5173465651042789,0.6389097859780339,25.004537972480666,1,540.0
493,0.049300000000000004,load_step,fcs_mpc_one_step_baseline,94.2477796076938,82.7690083475712,11.478771260122599,0.35,1.5561243723246667,1.8417914358664744,2.4111654350902443,3.1501017891444687,6,1,1,1,1,0,0,0.9756659221315875,0.5645811648611988,0.6543574672963856,25.00454448580219,0,540.0
494,0.0494,load_step,fcs_mpc_one_step_baseline,94.2477796076938,82.93021815953486,11.31756144815894,0.35,1.2086582396068901,1.9262636563240954,2.2740594569722004,3.0167707112590176,2,1,1,1,1,0,0,0.9756780268484393,0.48657793016756135,0.7344144322260652,25.00455179964994,1,540.0
495,0.0495,load_step,fcs_mpc_one_step_baseline,94.2477796076938,83.08343653120444,11.16434307648936,0.35,1.2562614794897742,2.0017674848296862,2.363316730396331,3.1258470019686024,6,1,1,1,1,0,0,0.9756617125753416,0.5361644291806801,0.6546182002631513,25.00455831548661,1,540.0
496,0.049600000000000005,load_step,fcs_mpc_one_step_baseline,94.2477796076938,83.2431706836881,11.004608924005694,0.35,0.9403253982244778,2.069465740128861,2.273081675636209,3.0343937516721944,2,1,1,1,1,0,0,0.9756823056579605,0.48516954956226044,0.7059687993671703,25.00456534478583,1,540.0
497,0.0497,load_step,fcs_mpc_one_step_baseline,94.2477796076938,83.39741964260851,10.850359965085289,0.35,0.6542875503425241,2.1300208308073376,2.2282461574535257,2.972345758823903,2,1,1,1,1,0,0,0.9756718184418762,0.45783891118286146,0.6216529152139435,25.004571530879353,0,540.0
498,0.049800000000000004,load_step,fcs_mpc_one_step_baseline,94.2477796076938,83.54794355526766,10.699836052426136,0.35,0.7584029703893522,2.1844123327023723,2.312321842814623,3.0801420486552447,6,1,1,1,1,0,0,0.9756865366648894,0.5058927236108087,0.6284579008703115,25.00457778498149,1,540.0
499,0.0499,load_step,fcs_mpc_one_step_baseline,94.2477796076938,83.70490685549,10.542872752203806,0.35,0.4944453969452846,2.2335078857128274,2.2875825069495885,3.047173872773871,2,1,1,1,1,0,0,0.9757150174938491,0.4924720697499233,0.6760475131093733,25.004584514938053,1,540.0
500,0.05,load_step,fcs_mpc_one_step_baseline,94.2477796076938,83.85988515113772,10.387894456556083,0.35,0.25620877896070765,2.2777046892796258,2.2920692812353933,3.035440012945441,2,1,1,1,1,0,0,0.9757115857375316,0.4944397600031344,0.6292180082323516,25.004590776554704,0,540.0
501,0.050100000000000006,load_step,fcs_mpc_one_step_baseline,94.2477796076938,84.01414933942742,10.233630268266381,0.35,0.04156664645453392,2.3177430512399058,2.3181157515681448,3.041567119845462,2,1,1,1,1,0,0,0.9757171808325268,0.5092290661807722,0.6313531245446564,25.004597059480773,0,540.0
502,0.0502,load_step,fcs_mpc_one_step_baseline,94.2477796076938,84.16876834548464,10.079011262209164,0.35,-0.15143613210618703,2.3542753681116952,2.359140820511726,3.0624803268640477,2,1,1,1,1,0,0,0.9757249330849812,0.5329610637662178,0.6455230155053561,25.004603484063864,0,540.0
503,0.050300000000000004,load_step,fcs_mpc_one_step_baseline,94.2477796076938,84.32462700023727,9.92315260745653,0.35,-0.31626780899838747,2.3878756092061715,2.408728970235212,3.0960903168735654,2,1,1,1,1,0,0,0.9757298936349285,0.5618877889118118,0.6683930992759365,25.00461013730496,0,540.0
504,0.0504,load_step,fcs_mpc_one_step_baseline,94.2477796076938,84.48248503370394,9.765294573989863,0.35,-0.4636102297711056,2.41904787931461,2.4630726923022244,3.1384190152192524,2,1,1,1,1,0,0,0.9757286658396809,0.5936958685616932,0.6967041276750016,25.00461707361199,0,540.0
505,0.0505,load_step,fcs_mpc_one_step_baseline,94.2477796076938,84.64286405395173,9.604915553742075,0.35,-0.5949205581980418,2.448225691296086,2.519472068924136,3.1872658702674905,2,1,1,1,1,0,0,0.975718923177365,0.6267895345897504,0.7284803630331763,25.004624327635128,0,540.0
506,0.0506,load_step,fcs_mpc_one_step_baseline,94.2477796076938,84.8061539393365,9.441625668357304,0.35,-0.530182984159452,2.1616739990092397,2.2257422300627763,2.8194554736900646,0,1,1,1,1,0,0,0.9756997140425758,0.4598447788050958,0.7979119288151306,25.004632275925566,1,540.0
507,0.0507,load_step,fcs_mpc_one_step_baseline,94.2477796076938,84.94742006307958,9.300359544614224,0.35,-0.648610889626971,2.214412778970028,2.3074488167256173,2.908540878243871,2,1,1,1,1,0,0,0.9756708005277015,0.5022451151188191,0.6265280195634423,25.00463851032392,1,540.0
508,0.050800000000000005,load_step,fcs_mpc_one_step_baseline,94.2477796076938,85.09400655295711,9.15377305473669,0.35,-0.7537180369347529,2.26373302177635,2.385912419407188,2.9964963924801324,2,1,1,1,1,0,0,0.9757408224561959,0.5484070734007339,0.6395790790737806,25.00464487519131,0,540.0
509,0.0509,load_step,fcs_mpc_one_step_baseline,94.2477796076938,85.24584538313268,9.001934224561126,0.35,-0.4838885638650127,2.3101020098646488,2.3602371571984104,2.9763422330855875,6,1,1,1,1,0,0,0.9757774411286768,0.5353909378509504,0.7176822877813341,25.004652021048354,1,540.0
510,0.051000000000000004,load_step,fcs_mpc_one_step_baseline,94.2477796076938,85.39646644342803,8.851313164265775,0.35,-0.23338741444230865,2.35393505180738,2.3654766778278495,2.9341827139221115,6,1,1,1,1,0,0,0.975785968922448,0.5387369221066202,0.6702036553079113,25.004658692071434,0,540.0
511,0.0511,load_step,fcs_mpc_one_step_baseline,94.2477796076938,85.5445529404218,8.703226667272006,0.35,-0.36323576326461726,2.3952360691764487,2.4226217300268473,3.0228792773480073,2,1,1,1,1,0,0,0.9757985161222901,0.5716703286604224,0.7075852138201962,25.004665736865626,1,540.0
