k,t_s,scenario,controller,omega_ref_rad_s,omega_m_rad_s,speed_error_rad_s,load_torque_nm,i_s_alpha_a,i_s_beta_a,i_abs_a,torque_nm,vector_id,feedback_used,feedback_requested,accepted,pwm_enabled,fallback,fault_latched,confidence,predicted_risk,loss_w,tj_c,switch_events,vdc_v
0,0.0,load_step,sensorless_adaptive_foc_baseline,0.0,0.0,0.0,0.0,0.3627085216030743,0.0,0.3627085216030743,0.0,4,1,1,1,1,0,0,0.8935973471085157,0.028124999999999997,0.0,25.0,1,540.0
1,0.0001,load_step,sensorless_adaptive_foc_baseline,0.9239978392911157,0.0,0.9239978392911157,0.0,0.6865366990919267,0.0,0.6865366990919267,0.0,4,0,0,1,1,0,0,0.8847059049434836,0.030624999999999996,0.015823606818430164,25.00000015823607,0,540.0
2,0.0002,load_step,sensorless_adaptive_foc_baseline,1.8479956785822313,0.0,1.8479956785822313,0.0,0.9831278885397993,0.0,0.9831278885397993,0.0,4,0,0,1,1,0,0,0.8759029341062032,0.033124999999999995,0.058253764878095866,25.000000740772663,0,540.0
3,0.00030000000000000003,load_step,sensorless_adaptive_foc_baseline,2.771993517873347,0.0,2.771993517873347,0.0,1.254811535275088,0.0,1.254811535275088,0.0,4,0,0,1,1,0,0,0.8671875542922549,0.035625,0.12263391470898599,25.000001967106872,0,540.0
4,0.0004,load_step,sensorless_adaptive_foc_baseline,3.6959913571644627,0.0,3.6959913571644627,0.0,1.5037178381545335,0.0,1.5037178381545335,0.0,4,0,0,1,1,0,0,0.8585588939563946,0.09412401780877058,0.20492896351658904,25.000004016383393,0,540.0
5,0.0005,load_step,sensorless_adaptive_foc_baseline,4.619989196455578,0.0,4.619989196455578,0.0,1.7317947918955492,0.0,1.7317947918955492,0.0,4,0,0,1,1,0,0,0.8500160902253981,0.2466325895894159,0.30165657594939294,25.000007032922376,0,540.0
6,0.0006000000000000001,load_step,sensorless_adaptive_foc_baseline,5.543987035746694,0.0,5.543987035746694,0.0,1.9408237717110035,0.0,1.9408237717110035,0.0,4,0,0,1,1,0,0,0.8415582888117733,0.39044552575702834,0.40981837075688965,25.000011131059196,0,540.0
7,0.0007,load_step,sensorless_adaptive_foc_baseline,6.467984875037811,0.0,6.467984875037811,0.0,2.13243378492905,0.0,2.13243378492905,0.0,4,0,0,1,1,0,0,0.8331846439283305,0.5260789059116343,0.5268393422141644,25.00001639937841,0,540.0
8,0.0008,load_step,sensorless_adaptive_foc_baseline,7.391982714328925,0.0,7.391982714328925,0.0,2.3081145036160002,0.0,2.3081145036160002,0.0,4,1,1,1,1,0,0,0.8706118290509374,0.5836505079515207,0.592784746236472,25.000022327116543,0,540.0
9,0.0009000000000000001,load_step,sensorless_adaptive_foc_baseline,8.315980553620042,0.0,8.315980553620042,0.0,2.1065196608647634,0.0,2.1065196608647634,0.0,0,0,0,1,1,0,0,0.8619485501960827,0.5002480284381626,0.7539968315569924,25.00002986693601,1,540.0
10,0.001,load_step,sensorless_adaptive_foc_baseline,9.239978392911157,0.0,9.239978392911157,0.0,2.2848635174809364,0.0,2.2848635174809364,0.0,4,0,0,1,1,0,0,0.8533714724061113,0.6294402159787986,0.6662460952746116,25.00003652919785,1,540.0
11,0.0011,load_step,sensorless_adaptive_foc_baseline,10.163976232202273,0.0,10.163976232202273,0.0,2.0857037905967206,0.0,2.0857037905967206,0.0,0,0,0,1,1,0,0,0.8448797379660965,0.543820024961543,0.7975633044521347,25.000044504587365,1,540.0
12,0.0012000000000000001,load_step,sensorless_adaptive_foc_baseline,11.087974071493388,0.0,11.087974071493388,0.0,1.903565723158188,0.0,1.903565723158188,0.0,0,0,0,1,1,0,0,0.8364724976955177,0.4634231645873262,0.6715225673869196,25.00005121951634,0,540.0
13,0.0013000000000000002,load_step,sensorless_adaptive_foc_baseline,12.011971910784503,0.0,12.011971910784503,0.0,1.7369933927817713,0.0,1.7369933927817713,0.0,0,0,0,1,1,0,0,0.8281489108633417,0.38793968019130565,0.5916859541647794,25.000057136034417,0,540.0
14,0.0014,load_step,sensorless_adaptive_foc_baseline,12.935969750075621,0.0,12.935969750075621,0.0,1.5846554078335386,0.0,1.5846554078335386,0.0,0,0,0,1,1,0,0,0.8199081451039493,0.31707801009464415,0.5211919917754729,25.00006234757343,0,540.0
15,0.0015,load_step,sensorless_adaptive_foc_baseline,13.859967589366736,0.0,13.859967589366736,0.0,1.4453342558256248,0.0,1.4453342558256248,0.0,0,0,0,1,1,0,0,0.8117493763338969,0.2505638941482675,0.4589562933273888,25.000066936720714,0,540.0
16,0.0016,load_step,sensorless_adaptive_foc_baseline,14.78396542865785,0.0,14.78396542865785,0.0,1.3179165628861065,0.0,1.3179165628861065,0.0,0,1,1,1,1,0,0,0.8522781762397832,0.059669295902226,0.31626379926028864,25.000070098912463,0,540.0
17,0.0017000000000000001,load_step,sensorless_adaptive_foc_baseline,15.707963267948966,0.0,15.707963267948966,0.0,1.5640927079777087,0.0,1.5640927079777087,0.0,4,0,0,1,1,0,0,0.8437962272547463,0.2153715652544456,0.29966411710882757,25.000073095086307,1,540.0
18,0.0018000000000000002,load_step,sensorless_adaptive_foc_baseline,16.631961107240084,0.0,16.631961107240084,0.0,1.4269631092183641,0.0,1.4269631092183641,0.0,0,0,0,1,1,0,0,0.8353986750722416,0.15469405799242505,0.410041686839987,25.000077195015876,1,540.0
19,0.0019,load_step,sensorless_adaptive_foc_baseline,17.5559589465312,0.0,17.5559589465312,0.0,1.3015492911954225,0.0,1.3015492911954225,0.0,0,0,0,1,1,0,0,0.827084679930053,0.09775734501828484,0.33867568971197176,25.00008058125814,0,540.0
20,0.002,load_step,sensorless_adaptive_foc_baseline,18.479956785822313,0.0,18.479956785822313,0.0,1.1868491642507777,0.0,1.1868491642507777,0.0,0,0,0,1,1,0,0,0.8188534104217376,0.049711504704288395,0.2980361828612645,25.00008356108276,0,540.0
21,0.0021000000000000003,load_step,sensorless_adaptive_foc_baseline,19.40395462511343,0.0,19.40395462511343,0.0,1.0819463513824457,0.0,1.0819463513824457,0.0,0,0,0,1,1,0,0,0.8107040434134855,0.0522115047042884,0.26217324845442297,25.000086182258173,0,540.0
22,0.0022,load_step,sensorless_adaptive_foc_baseline,20.327952464404547,0.0,20.327952464404547,0.0,0.9860028569048243,0.0,0.9860028569048243,0.0,0,0,0,1,1,0,0,0.8026357639618045,0.0547115047042884,0.23053150536909733,25.000088486998678,0,540.0
23,0.0023,load_step,sensorless_adaptive_foc_baseline,21.25195030369566,0.0,21.25195030369566,0.0,0.8982523621872054,0.0,0.8982523621872054,0.0,0,0,0,1,1,0,0,0.7946477652320258,0.0572115047042884,0.20261981272003327,25.000090512606892,0,540.0
24,0.0024000000000000002,load_step,sensorless_adaptive_foc_baseline,22.175948142986776,0.0,22.175948142986776,0.0,0.8179940948340709,0.0,0.8179940948340709,0.0,0,1,1,1,1,0,0,0.8392055092605598,0.04346223691225374,0.13112249487082023,25.000091823228423,0,540.0
25,0.0025,load_step,sensorless_adaptive_foc_baseline,23.09994598227789,0.0,23.09994598227789,0.0,0.7445872222584538,0.0,0.7445872222584538,0.0,0,0,0,1,1,0,0,0.8308527432370537,0.04596223691225374,0.11499461301309236,25.0000929725624,0,540.0
26,0.0026000000000000003,load_step,sensorless_adaptive_foc_baseline,24.023943821569006,0.0,24.023943821569006,0.0,1.0401542463980327,0.0,1.0401542463980327,0.0,4,0,0,1,1,0,0,0.8225830886241359,0.048462236912253744,0.11374680581114953,25.00009410941064,1,540.0
27,0.0027,load_step,sensorless_adaptive_foc_baseline,24.947941660860124,0.0,24.947941660860124,0.0,0.948190747172323,0.0,0.948190747172323,0.0,0,0,0,1,1,0,0,0.8143957184494535,0.050962236912253746,0.19610868030510725,25.000096069870047,1,540.0
28,0.0028,load_step,sensorless_adaptive_foc_baseline,25.871939500151242,0.0,25.871939500151242,0.0,0.8640796112310362,0.0,0.8640796112310362,0.0,0,0,0,1,1,0,0,0.8062898139691662,0.05346223691225375,0.1571453152049501,25.000097640682732,0,540.0
29,0.0029000000000000002,load_step,sensorless_adaptive_foc_baseline,26.795937339442354,0.0,26.795937339442354,0.0,0.787149202263513,0.0,0.787149202263513,0.0,0,0,0,1,1,0,0,0.7982645645860712,0.05596223691225375,0.13801074511693726,25.000099020139245,0,540.0
30,0.003,load_step,sensorless_adaptive_foc_baseline,27.719935178733472,0.0,27.719935178733472,0.0,0.7167853316439435,0.0,0.7167853316439435,0.0,0,0,0,1,1,0,0,0.7903191677685424,0.05846223691225375,0.1211413917222011,25.00010023089303,0,540.0
31,0.0031000000000000003,load_step,sensorless_adaptive_foc_baseline,28.643933018024583,0.0,28.643933018024583,0.0,0.65242634470551,0.0,0.65242634470551,0.0,0,0,0,1,1,0,0,0.7824528289702768,0.060962236912253755,0.10627305913089476,25.000101292955414,0,540.0
32,0.0032,load_step,sensorless_adaptive_foc_baseline,29.5679308573157,0.0,29.5679308573157,0.0,0.593558627304773,0.0,0.593558627304773,0.0,0,1,1,1,1,0,0,0.8301209814306879,0.04612224353146295,0.0691092273092304,25.0001019833724,0,540.0
33,0.0033,load_step,sensorless_adaptive_foc_baseline,30.49192869660682,0.0,30.49192869660682,0.0,0.5397124967272457,0.0,0.5397124967272457,0.0,0,0,0,1,1,0,0,0.8218579759774721,0.04862224353146295,0.06045438156640307,25.000102587236327,0,540.0
34,0.0034000000000000002,load_step,sensorless_adaptive_foc_baseline,31.41592653589793,0.0,31.41592653589793,0.0,0.49045844405992284,0.0,0.49045844405992284,0.0,0,0,0,1,1,0,0,0.8136771888022473,0.051122243531462955,0.05283906482459139,25.00010311494306,0,540.0
35,0.0035,load_step,sensorless_adaptive_foc_baseline,32.33992437518905,0.0,32.33992437518905,0.0,0.44540369796843904,0.0,0.44540369796843904,0.0,0,0,0,1,1,0,0,0.8055778018194787,0.05362224353146296,0.046141243451082156,25.00010357566806,0,540.0
36,0.0036000000000000003,load_step,sensorless_adaptive_foc_baseline,33.26392221448017,0.0,33.26392221448017,0.0,0.4041890823878393,0.0,0.4041890823878393,0.0,0,0,0,1,1,0,0,0.7975590050837184,0.05612224353146296,0.040253058264089515,25.00010397750814,0,540.0
37,0.0037,load_step,sensorless_adaptive_foc_baseline,34.18792005377128,0.0,34.18792005377128,0.0,0.366486142987391,0.0,0.366486142987391,0.0,0,0,0,1,1,0,0,0.7896199967086106,0.05862224353146296,0.03507918657173709,25.00010432760682,0,540.0
38,0.0038,load_step,sensorless_adaptive_foc_baseline,35.1119178930624,0.0,35.1119178930624,0.0,0.33199451942013275,0.0,0.33199451942013275,0.0,0,0,0,1,1,0,0,0.7817599827867018,0.061122243531462964,0.0305353930164639,25.000104632265234,0,540.0
39,0.0039000000000000003,load_step,sensorless_adaptive_foc_baseline,36.03591573235351,0.0,36.03591573235351,0.0,0.6631480639373,0.0,0.6631480639373,0.0,4,1,1,1,1,0,0,0.8301880077855077,0.04608815977011932,0.02461613951691247,25.000104877729083,1,540.0
40,0.004,load_step,sensorless_adaptive_foc_baseline,36.95991357164463,0.0,36.95991357164463,0.0,0.6037270757581306,0.0,0.6037270757581306,0.0,0,1,1,1,1,0,0,0.8690148649745009,0.03468529963419329,0.06841544354852112,25.000105561184334,1,540.0
41,0.0041,load_step,sensorless_adaptive_foc_baseline,37.883911410935745,0.0,37.883911410935745,0.0,0.5493748076733189,0.0,0.5493748076733189,0.0,0,1,1,1,1,0,0,0.8995019333355853,0.026094339423625566,0.04759638543888042,25.000106036444446,0,540.0
42,0.004200000000000001,load_step,sensorless_adaptive_foc_baseline,38.80790925022686,0.0,38.80790925022686,0.0,0.4996577193756554,0.0,0.4996577193756554,0.0,0,1,1,1,1,0,0,0.9231637999659204,0.019631916153258062,0.039102591165726765,25.00010642676345,0,540.0
43,0.0043,load_step,sensorless_adaptive_foc_baseline,39.731907089517975,0.0,39.731907089517975,0.0,0.4541793529574792,0.0,0.4541793529574792,0.0,0,1,1,1,1,0,0,0.9413765831920783,0.014774457022407123,0.03226540304359823,25.000106748707967,0,540.0
44,0.0044,load_step,sensorless_adaptive_foc_baseline,40.65590492880909,0.0,40.65590492880909,0.0,0.4125771611075629,0.0,0.4125771611075629,0.0,0,1,1,1,1,0,0,0.9553124549172806,0.011124569212664082,0.026663710837146328,25.000107014633418,0,540.0
45,0.0045000000000000005,load_step,sensorless_adaptive_foc_baseline,41.579902768100204,0.0,41.579902768100204,0.0,0.3745196066047743,0.0,0.3745196066047743,0.0,0,1,1,1,1,0,0,0.96,0.008382187871135312,0.022036665167200473,25.000107234286638,0,540.0
46,0.0046,load_step,sensorless_adaptive_foc_baseline,42.50390060739132,0.0,42.50390060739132,0.0,0.33970350990340453,0.0,0.33970350990340453,0.0,0,1,1,1,1,0,0,0.96,0.006321389563122397,0.01820115673479803,25.00010741558331,0,540.0
47,0.0047,load_step,sensorless_adaptive_foc_baseline,43.427898446682434,0.0,43.427898446682434,0.0,0.3078516235899497,0.0,0.3078516235899497,0.0,0,1,1,1,1,0,0,0.96,0.005,0.015017599104450378,25.000107565043198,0,540.0
48,0.0048000000000000004,load_step,sensorless_adaptive_foc_baseline,44.35189628597355,0.0,44.35189628597355,0.0,0.2787104143061038,0.0,0.2787104143061038,0.0,0,1,1,1,1,0,0,0.96,0.005,0.012374547259466873,25.00010768807157,0,540.0
49,0.0049,load_step,sensorless_adaptive_foc_baseline,45.27589412526467,0.0,45.27589412526467,0.0,0.25204803439259,0.0,0.25204803439259,0.0,0,1,1,1,1,0,0,0.96,0.005,0.010180907172440155,25.00010778916272,0,540.0
50,0.005,load_step,sensorless_adaptive_foc_baseline,46.19989196455578,0.0,46.19989196455578,0.0,0.22765246702624392,0.0,0.22765246702624392,0.0,0,1,1,1,1,0,0,0.96,0.005,0.008361372354228137,25.00010787205785,0,540.0
51,0.0051,load_step,sensorless_adaptive_foc_baseline,47.1238898038469,0.0,47.1238898038469,0.0,0.20532983001081087,0.0,0.20532983001081087,0.0,0,1,1,1,1,0,0,0.96,0.005,0.0068533596255897665,25.0001079398723,0,540.0
52,0.005200000000000001,load_step,sensorless_adaptive_foc_baseline,48.04788764313801,0.0,48.04788764313801,0.0,0.18490282465115504,0.0,0.18490282465115504,0.0,0,1,1,1,1,0,0,0.96,0.005,0.0056047367724638706,25.000107995200068,0,540.0
53,0.0053,load_step,sensorless_adaptive_foc_baseline,48.97188548242914,0.0,48.97188548242914,0.0,0.1662093173013575,0.0,0.1662093173013575,0.0,0,1,1,1,1,0,0,0.96,0.005,0.004572034417873661,25.000108040200445,0,540.0
54,0.0054,load_step,sensorless_adaptive_foc_baseline,49.89588332172025,0.0,49.89588332172025,0.0,0.14910104223856158,0.0,0.14910104223856158,0.0,0,1,1,1,1,0,0,0.96,0.005,0.003718994196314482,25.00010807667012,0,540.0
55,0.0055000000000000005,load_step,sensorless_adaptive_foc_baseline,50.81988116101136,0.0,50.81988116101136,0.0,0.1334424154851108,0.0,0.1334424154851108,0.0,0,1,1,1,1,0,0,0.96,0.005,0.003015371696294317,25.000108106103326,0,540.0
56,0.0056,load_step,sensorless_adaptive_foc_baseline,51.743879000302485,0.0,51.743879000302485,0.0,0.11910945008912992,0.0,0.11910945008912992,0.0,0,1,1,1,1,0,0,0.96,0.005,0.002435942238267494,25.000108129742042,0,540.0
57,0.0057,load_step,sensorless_adaptive_foc_baseline,52.667876839593596,0.0,52.667876839593596,0.0,0.1059887641854165,0.0,0.1059887641854165,0.0,0,1,1,1,1,0,0,0.96,0.005,0.001959672321927501,25.0001081486179,0,540.0
58,0.0058000000000000005,load_step,sensorless_adaptive_foc_baseline,53.59187467888471,0.0,53.59187467888471,0.0,0.09397667390077363,0.0,0.09397667390077363,0.0,0,1,1,1,1,0,0,0.96,0.005,0.0015690280760865445,25.000108163587193,0,540.0
59,0.0059,load_step,sensorless_adaptive_foc_baseline,54.51587251817583,0.0,54.51587251817583,0.0,0.08297836384671001,0.0,0.08297836384671001,0.0,0,1,1,1,1,0,0,0.96,0.005,0.001249397668737329,25.00010817536008,0,540.0
60,0.006,load_step,sensorless_adaptive_foc_baseline,55.439870357466944,0.0,55.439870357466944,0.0,0.07290712856315086,0.0,0.07290712856315086,0.0,0,1,1,1,1,0,0,0.96,0.005,0.0009886087670570502,25.000108184524997,0,540.0
61,0.0061,load_step,sensorless_adaptive_foc_baseline,56.363868196758055,0.0,56.363868196758055,0.0,0.06368367884444814,0.0,0.06368367884444814,0.0,0,1,1,1,1,0,0,0.96,0.005,0.0007765253727339397,25.00010819156902,0,540.0
62,0.006200000000000001,load_step,sensorless_adaptive_foc_baseline,57.28786603604917,0.0,57.28786603604917,0.0,0.41794402900111915,0.0,0.41794402900111915,0.0,4,1,1,1,1,0,0,0.96,0.005,0.0016086291191846056,25.000108206934033,1,540.0
63,0.0063,load_step,sensorless_adaptive_foc_baseline,58.21186387534029,0.0,58.21186387534029,0.0,0.3796533485976219,0.0,0.3796533485976219,0.0,0,1,1,1,1,0,0,0.96,0.005,0.027738419707133182,25.00010848359685,1,540.0
64,0.0064,load_step,sensorless_adaptive_foc_baseline,59.1358617146314,0.0,59.1358617146314,0.0,0.3446239480839461,0.0,0.3446239480839461,0.0,0,1,1,1,1,0,0,0.96,0.005,0.018366337991527773,25.000108666537006,0,540.0
65,0.006500000000000001,load_step,sensorless_adaptive_foc_baseline,60.059859553922514,0.0,60.059859553922514,0.0,0.3125768846473224,0.0,0.3125768846473224,0.0,0,1,1,1,1,0,0,0.96,0.005,0.015332841415751274,25.000108819140976,0,540.0
66,0.0066,load_step,sensorless_adaptive_foc_baseline,60.98385739321364,0.0,60.98385739321364,0.0,0.2832570745442959,0.0,0.2832570745442959,0.0,0,1,1,1,1,0,0,0.96,0.005,0.012716237958249488,25.000108945577896,0,540.0
67,0.0067,load_step,sensorless_adaptive_foc_baseline,61.90785523250475,0.0,61.90785523250475,0.0,0.2564312523409335,0.0,0.2564312523409335,0.0,0,1,1,1,1,0,0,0.96,0.005,0.010505386298272643,25.000109049905454,0,540.0
68,0.0068000000000000005,load_step,sensorless_adaptive_foc_baseline,62.83185307179586,0.0,62.83185307179586,0.0,0.23188610470721321,0.0,0.23188610470721321,0.0,0,1,1,1,1,0,0,0.96,0.005,0.00865536912937501,25.000109135732146,0,540.0
69,0.006900000000000001,load_step,sensorless_adaptive_foc_baseline,63.75585091108699,0.0,63.75585091108699,0.0,0.2094265638353037,0.0,0.2094265638353037,0.0,0,1,1,1,1,0,0,0.96,0.005,0.007114831289688528,25.00010920615289,0,540.0
70,0.007,load_step,sensorless_adaptive_foc_baseline,64.6798487503781,0.0,64.6798487503781,0.0,0.18887424682847404,0.0,0.18887424682847404,0.0,0,1,1,1,1,0,0,0.96,0.005,0.00583553669249818,25.000109263780214,0,540.0
71,0.0071,load_step,sensorless_adaptive_foc_baseline,65.60384658966922,0.0,65.60384658966922,0.0,0.17006602857519112,0.0,0.17006602857519112,0.0,0,1,1,1,1,0,0,0.96,0.005,0.004775148716783782,25.000109310803275,0,540.0
72,0.007200000000000001,load_step,sensorless_adaptive_foc_baseline,66.52784442896034,0.0,66.52784442896034,0.0,0.1528527366908972,0.0,0.1528527366908972,0.0,0,1,1,1,1,0,0,0.96,0.005,0.003897531953137666,25.000109349049854,0,540.0
73,0.0073,load_step,sensorless_adaptive_foc_baseline,67.45184226825144,0.0,67.45184226825144,0.0,0.13709795808653527,0.0,0.13709795808653527,0.0,0,1,1,1,1,0,0,0.96,0.005,0.003172222487642446,25.000109380043085,0,540.0
74,0.0074,load_step,sensorless_adaptive_foc_baseline,68.37584010754256,0.0,68.37584010754256,0.0,0.12267694761594611,0.0,0.12267694761594611,0.0,0,1,1,1,1,0,0,0.96,0.005,0.0025736834653280723,25.00010940505072,0,540.0
75,0.007500000000000001,load_step,sensorless_adaptive_foc_baseline,69.29983794683368,0.0,69.29983794683368,0.0,0.1094756300709451,0.0,0.1094756300709451,0.0,0,1,1,1,1,0,0,0.96,0.005,0.002080566627012182,25.000109425127018,0,540.0
76,0.0076,load_step,sensorless_adaptive_foc_baseline,70.2238357861248,0.0,70.2238357861248,0.0,0.09738968753966441,0.0,0.09738968753966441,0.0,0,1,1,1,1,0,0,0.96,0.005,0.0016750503442934967,25.00010944114802,0,540.0
77,0.0077,load_step,sensorless_adaptive_foc_baseline,71.14783362541591,0.0,71.14783362541591,0.0,0.08632372482672501,0.0,0.08632372482672501,0.0,0,1,1,1,1,0,0,0.96,0.005,0.00134226914536805,25.0001094538411,0,540.0
78,0.0078000000000000005,load_step,sensorless_adaptive_foc_baseline,72.07183146470702,0.0,72.07183146470702,0.0,0.07619050625829141,0.0,0.07619050625829141,0.0,0,1,1,1,1,0,0,0.96,0.005,0.0010698303247584611,25.000109463809714,0,540.0
79,0.0079,load_step,sensorless_adaptive_foc_baseline,72.99582930399814,0.0,72.99582930399814,0.0,0.0669102577661866,0.0,0.0669102577661866,0.0,0,1,1,1,1,0,0,0.96,0.005,0.000847407430168494,25.00010947155403,0,540.0
80,0.008,load_step,sensorless_adaptive_foc_baseline,73.91982714328925,0.0,73.91982714328925,0.0,0.05841002866748427,0.0,0.05841002866748427,0.0,0,1,1,1,1,0,0,0.96,0.005,0.0006663995835235416,25.000109477488216,0,540.0
81,0.0081,load_step,sensorless_adaptive_foc_baseline,74.84382498258037,0.0,74.84382498258037,0.0,0.050623108033606555,0.0,0.050623108033606555,0.0,0,1,1,1,1,0,0,0.96,0.005,0.0005196464386068712,25.00010948195483,0,540.0
82,0.0082,load_step,sensorless_adaptive_foc_baseline,75.76782282187149,0.0,75.76782282187149,0.0,0.04348849097965532,0.0,0.04348849097965532,0.0,0,1,1,1,1,0,0,0.96,0.005,0.00040118987850653925,25.000109485236848,0,540.0
83,0.0083,load_step,sensorless_adaptive_foc_baseline,76.69182066116261,0.0,76.69182066116261,0.0,0.03695039060411023,0.0,0.03695039060411023,0.0,0,1,1,1,1,0,0,0.96,0.005,0.0003060748720262372,25.000109487567695,0,540.0
84,0.008400000000000001,load_step,sensorless_adaptive_foc_baseline,77.61581850045371,0.0,77.61581850045371,0.0,0.03095779167424601,0.0,0.03095779167424601,0.0,0,1,1,1,1,0,0,0.96,0.005,0.00023018309621048764,25.000109489139607,0,540.0
85,0.0085,load_step,sensorless_adaptive_foc_baseline,78.53981633974483,0.0,78.53981633974483,0.0,0.02546404248657787,0.0,0.02546404248657787,0.0,0,1,1,1,1,0,0,0.96,0.005,0.00017009395913333855,25.00010949011062,0,540.0
86,0.0086,load_step,sensorless_adaptive_foc_baseline,79.46381417903595,0.0,79.46381417903595,0.0,0.02042648163709237,0.0,0.02042648163709237,0.0,0,1,1,1,1,0,0,0.96,0.005,0.00012296852874017983,25.00010949061037,0,540.0
87,0.008700000000000001,load_step,sensorless_adaptive_foc_baseline,80.38781201832707,0.0,80.38781201832707,0.0,0.01580609671527922,0.0,0.01580609671527922,0.0,0,1,1,1,1,0,0,0.96,0.005,8.645260730749617e-05,25.000109490744958,0,540.0
88,0.0088,load_step,sensorless_adaptive_foc_baseline,81.31180985761819,0.0,81.31180985761819,0.0,0.011567212191403636,0.0,0.011567212191403636,0.0,0,1,1,1,1,0,0,0.96,0.005,5.859580653033446e-05,25.000109490600977,0,540.0
89,0.0089,load_step,sensorless_adaptive_foc_baseline,82.23580769690929,0.0,82.23580769690929,0.0,0.0076772040000053915,0.0,0.0076772040000053915,0.0,0,1,1,1,1,0,0,0.96,0.005,3.7783993575956455e-05,25.000109490248878,0,540.0
90,0.009000000000000001,load_step,sensorless_adaptive_foc_baseline,83.15980553620041,0.0,83.15980553620041,0.0,0.004106238536188011,0.0,0.004106238536188011,0.0,0,1,1,1,1,0,0,0.96,0.005,2.2682909606771287e-05,25.00010948974577,0,540.0
91,0.0091,load_step,sensorless_adaptive_foc_baseline,84.08380337549153,0.0,84.08380337549153,0.0,0.0008270339765839629,0.0,0.0008270339765839629,0.0,0,1,1,1,1,0,0,0.96,0.005,1.219112289112702e-05,25.00010948913775,0,540.0
92,0.0092,load_step,sensorless_adaptive_foc_baseline,85.00780121478265,0.0,85.00780121478265,0.0,-0.0021853579845300094,0.0,0.0021853579845300094,0.0,0,1,1,1,1,0,0,0.96,0.005,5.400780177250497e-06,25.000109488461828,0,540.0
93,0.009300000000000001,load_step,sensorless_adaptive_foc_baseline,85.93179905407376,0.0,85.93179905407376,0.0,0.37441249456876924,0.0,0.37441249456876924,0.0,4,1,1,1,1,0,0,0.96,0.005,5.263463086683639e-05,25.00010948825825,1,540.0
94,0.0094,load_step,sensorless_adaptive_foc_baseline,86.85579689336487,0.0,86.85579689336487,0.0,0.3399126492007693,0.0,0.3399126492007693,0.0,0,1,1,1,1,0,0,0.96,0.005,0.021977319996414175,25.00010970730153,1,540.0
95,0.0095,load_step,sensorless_adaptive_foc_baseline,87.77979473265599,0.0,87.77979473265599,0.0,0.30834980349540764,0.0,0.30834980349540764,0.0,0,1,1,1,1,0,0,0.96,0.005,0.014471007900953141,25.000109851280225,0,540.0
96,0.009600000000000001,load_step,sensorless_adaptive_foc_baseline,88.7037925719471,0.0,88.7037925719471,0.0,0.27947275161835744,0.0,0.27947275161835744,0.0,0,1,1,1,1,0,0,0.96,0.005,0.012209469080884067,25.000109972642573,0,540.0
97,0.0097,load_step,sensorless_adaptive_foc_baseline,89.62779041123822,0.0,89.62779041123822,0.0,0.25305177435201787,0.0,0.25305177435201787,0.0,0,1,1,1,1,0,0,0.96,0.005,0.010169542158869616,25.000110073604844,0,540.0
98,0.0098,load_step,sensorless_adaptive_foc_baseline,90.55178825052934,0.0,90.55178825052934,0.0,0.22887680126089271,0.0,0.22887680126089271,0.0,0,1,1,1,1,0,0,0.96,0.005,0.008412832094104294,25.00011015699934,0,540.0
99,0.0099,load_step,sensorless_adaptive_foc_baseline,91.47578608982046,0.0,91.47578608982046,0.0,0.20675573005417305,0.0,0.20675573005417305,0.0,0,1,1,1,1,0,0,0.96,0.005,0.006930678879562756,25.00011022557175,0,540.0
100,0.01,load_step,sensorless_adaptive_foc_baseline,92.39978392911156,0.0,92.39978392911156,0.0,0.1865128896998366,0.0,0.1865128896998366,0.0,0,1,1,1,1,0,0,0.96,0.005,0.005692243791071019,25.00011028175935,0,540.0
101,0.010100000000000001,load_step,sensorless_adaptive_foc_baseline,93.32378176840268,0.0,93.32378176840268,0.0,0.16798763499461752,0.0,0.16798763499461752,0.0,0,1,1,1,1,0,0,0.96,0.005,0.004662605363535009,25.000110327650194,0,540.0
102,0.0102,load_step,sensorless_adaptive_foc_baseline,94.2477796076938,0.0,94.2477796076938,0.0,0.15103306134593142,0.0,0.15103306134593142,0.0,0,1,1,1,1,0,0,0.96,0.005,0.0038090650980884258,25.000110365005327,0,540.0
103,0.0103,load_step,sensorless_adaptive_foc_baseline,94.2477796076938,0.0,94.2477796076938,0.0,0.135514829483536,0.0,0.135514829483536,0.0,0,1,1,1,1,0,0,0.96,0.005,0.0031029641891085025,25.000110395299203,0,540.0
104,0.010400000000000001,load_step,sensorless_adaptive_foc_baseline,94.2477796076938,0.0,94.2477796076938,0.0,0.12131009069822155,0.0,0.12131009069822155,0.0,0,1,1,1,1,0,0,0.96,0.005,0.0025198613131244673,25.000110419761846,0,540.0
105,0.0105,load_step,sensorless_adaptive_foc_baseline,94.2477796076938,0.0,94.2477796076938,0.0,0.10830650400904221,0.0,0.10830650400904221,0.0,0,1,1,1,1,0,0,0.96,0.005,0.00203916303659075,25.000110439417345,0,540.0
106,0.0106,load_step,sensorless_adaptive_foc_baseline,94.2477796076938,0.0,94.2477796076938,0.0,0.0964013373961051,0.0,0.0964013373961051,0.0,0,1,1,1,1,0,0,0.96,0.005,0.0016436150772305464,25.000110455117234,0,540.0
107,0.010700000000000001,load_step,sensorless_adaptive_foc_baseline,94.2477796076938,0.0,94.2477796076938,0.0,0.08550064590842725,0.0,0.08550064590842725,0.0,0,1,1,1,1,0,0,0.96,0.005,0.0013188001534026046,25.000110467568867,0,540.0
108,0.0108,load_step,sensorless_adaptive_foc_baseline,94.2477796076938,0.0,94.2477796076938,0.0,0.07551852007146845,0.0,0.07551852007146845,0.0,0,1,1,1,1,0,0,0.96,0.005,0.0010526887035075655,25.000110477359303,0,540.0
109,0.0109,load_step,sensorless_adaptive_foc_baseline,94.2477796076938,0.0,94.2477796076938,0.0,0.06637639858130223,0.0,0.06637639858130223,0.0,0,1,1,1,1,0,0,0.96,0.005,0.0008352520343388771,25.00011048497531,0,540.0
110,0.011000000000000001,load_step,sensorless_adaptive_foc_baseline,94.2477796076938,0.0,94.2477796076938,0.0,0.05800243978676071,0.0,0.05800243978676071,0.0,0,1,1,1,1,0,0,0.96,0.005,0.0006581346695442772,25.000110490820088,0,540.0
111,0.0111,load_step,sensorless_adaptive_foc_baseline,94.2477796076938,0.0,94.2477796076938,0.0,0.05033094693117677,0.0,0.05033094693117677,0.0,0,1,1,1,1,0,0,0.96,0.005,0.000514378881337322,25.000110495227272,0,540.0
112,0.0112,load_step,sensorless_adaptive_foc_baseline,94.2477796076938,0.0,94.2477796076938,0.0,0.043301842555446154,0.0,0.043301842555446154,0.0,0,1,1,1,1,0,0,0.96,0.005,0.00039819387902059695,25.000110498472576,0,540.0
113,0.011300000000000001,load_step,sensorless_adaptive_foc_baseline,94.2477796076938,0.0,94.2477796076938,0.0,0.03686018785746512,0.0,0.03686018785746512,0.0,0,1,1,1,1,0,0,0.96,0.005,0.00030476272400412155,25.000110500783546,0,540.0
114,0.0114,load_step,sensorless_adaptive_foc_baseline,94.2477796076938,0.0,94.2477796076938,0.0,0.030955743162644638,0.0,0.030955743162644638,0.0,0,1,1,1,1,0,0,0.96,0.005,0.0002300809322866802,25.000110502347685,0,540.0
115,0.0115,load_step,sensorless_adaptive_foc_baseline,94.2477796076938,0.0,94.2477796076938,0.0,0.025542565989092977,0.0,0.025542565989092977,0.0,0,1,1,1,1,0,0,0.96,0.005,0.00017082162145891515,25.000110503319217,0,540.0
116,0.011600000000000001,load_step,sensorless_adaptive_foc_baseline,94.2477796076938,0.0,94.2477796076938,0.0,0.020578643491874507,0.0,0.020578643491874507,0.0,0,1,1,1,1,0,0,0.96,0.005,0.0001242228664307116,25.000110503824757,0,540.0
117,0.0117,load_step,sensorless_adaptive_foc_baseline,94.2477796076938,0.0,94.2477796076938,0.0,0.016025556345741775,0.0,0.016025556345741775,0.0,0,1,1,1,1,0,0,0.96,0.005,8.79936251649722e-05,25.000110503968003,0,540.0
118,0.0118,load_step,sensorless_adaptive_foc_baseline,94.2477796076938,0.0,94.2477796076938,0.0,0.01184817137730283,0.0,0.01184817137730283,0.0,0,1,1,1,1,0,0,0.96,0.005,6.023518706068716e-05,25.00011050383366,0,540.0
119,0.0119,load_step,sensorless_adaptive_foc_baseline,94.2477796076938,0.0,94.2477796076938,0.0,0.008014360487561826,0.0,0.008014360487561826,0.0,0,1,1,1,1,0,0,0.96,0.005,3.937559434408388e-05,25.000110503490724,0,540.0
120,0.012,load_step,sensorless_adaptive_foc_baseline,94.2477796076938,0.0,94.2477796076938,0.0,0.0044947436161198295,0.0,0.0044947436161198295,0.0,0,1,1,1,1,0,0,0.96,0.005,2.4114904230511566e-05,25.000110502995184,0,540.0
121,0.012100000000000001,load_step,sensorless_adaptive_foc_baseline,94.2477796076938,0.0,94.2477796076938,0.0,0.001262453690652719,0.0,0.001262453690652719,0.0,0,1,1,1,1,0,0,0.96,0.005,1.3379509099928293e-05,25.000110502392292,0,540.0
122,0.0122,load_step,sensorless_adaptive_foc_baseline,94.2477796076938,0.0,94.2477796076938,0.0,-0.0017070783188120541,0.0,0.0017070783188120541,0.0,0,1,1,1,1,0,0,0.96,0.005,6.284024317730962e-06,25.00011050171845,0,540.0
123,0.0123,load_step,sensorless_adaptive_foc_baseline,94.2477796076938,0.0,94.2477796076938,0.0,0.012221404735368152,0.0,0.012221404735368152,0.0,0,1,1,1,1,0,0,0.96,0.005,2.0994978713220898e-06,25.000110501002766,0,540.0
124,0.012400000000000001,load_step,sensorless_adaptive_foc_baseline,94.2477796076938,0.0,94.2477796076938,0.0,0.008308802558571322,0.0,0.008308802558571322,0.0,0,1,1,1,1,0,0,0.96,0.005,1.334989930903178e-05,25.000110500399593,0,540.0
125,0.0125,load_step,sensorless_adaptive_foc_baseline,94.2477796076938,0.0,94.2477796076938,0.0,0.00471715822426005,0.0,0.00471715822426005,0.0,0,1,1,1,1,0,0,0.96,0.005,1.4734326950956704e-05,25.000110499810265,0,540.0
126,0.0126,load_step,sensorless_adaptive_foc_baseline,94.2477796076938,0.0,94.2477796076938,0.0,0.0014190261108882165,0.0,0.0014190261108882165,0.0,0,1,1,1,1,0,0,0.96,0.005,1.0422723568754456e-05,25.000110499177826,0,540.0
127,0.012700000000000001,load_step,sensorless_adaptive_foc_baseline,94.2477796076938,0.0,94.2477796076938,0.0,-0.0016106918751480346,0.0,0.0016106918751480346,0.0,0,1,1,1,1,0,0,0.96,0.005,5.46307058161999e-06,25.000110498495793,0,540.0
128,0.0128,load_step,sensorless_adaptive_foc_baseline,94.2477796076938,0.0,94.2477796076938,0.0,0.012262777603060158,0.0,0.012262777603060158,0.0,0,1,1,1,1,0,0,0.96,0.005,1.8994554188990317e-06,25.00011049777813,0,540.0
129,0.0129,load_step,sensorless_adaptive_foc_baseline,94.2477796076938,0.0,94.2477796076938,0.0,0.008299891822391037,0.0,0.008299891822391037,0.0,0,1,1,1,1,0,0,0.96,0.005,1.3063762768744961e-05,25.000110497172116,0,540.0
130,0.013000000000000001,load_step,sensorless_adaptive_foc_baseline,94.2477796076938,0.0,94.2477796076938,0.0,0.0046622892704596556,0.0,0.0046622892704596556,0.0,0,1,1,1,1,0,0,0.96,0.005,1.44621161590044e-05,25.00011049658009,0,540.0
131,0.0131,load_step,sensorless_adaptive_foc_baseline,94.2477796076938,0.0,94.2477796076938,0.0,0.0013221543456948307,0.0,0.0013221543456948307,0.0,0,1,1,1,1,0,0,0.96,0.005,1.0148406203669535e-05,25.000110495944927,0,540.0
132,0.0132,load_step,sensorless_adaptive_foc_baseline,94.2477796076938,0.0,94.2477796076938,0.0,0.3609625722233926,0.0,0.3609625722233926,0.0,4,1,1,1,1,0,0,0.96,0.005,9.843993068197403e-05,25.000110496192686,1,540.0
133,0.013300000000000001,load_step,sensorless_adaptive_foc_baseline,94.2477796076938,0.0,94.2477796076938,0.0,0.3275917571770469,0.0,0.3275917571770469,0.0,0,1,1,1,1,0,0,0.96,0.005,0.021344541919850968,25.000110708901463,1,540.0
134,0.0134,load_step,sensorless_adaptive_foc_baseline,94.2477796076938,0.0,94.2477796076938,0.0,0.29706138258284853,0.0,0.29706138258284853,0.0,0,1,1,1,1,0,0,0.96,0.005,0.013698585917701655,25.000110845149262,0,540.0
135,0.0135,load_step,sensorless_adaptive_foc_baseline,94.2477796076938,0.0,94.2477796076938,0.0,0.26912850168871544,0.0,0.26912850168871544,0.0,0,1,1,1,1,0,0,0.96,0.005,0.011440783113386279,25.000110958818127,0,540.0
136,0.013600000000000001,load_step,sensorless_adaptive_foc_baseline,94.2477796076938,0.0,94.2477796076938,0.0,0.24357094792758738,0.0,0.24357094792758738,0.0,0,1,1,1,1,0,0,0.96,0.005,0.009480941443852727,25.000111052887817,0,540.0
137,0.0137,load_step,sensorless_adaptive_foc_baseline,94.2477796076938,0.0,94.2477796076938,0.0,0.2201855575066811,0.0,0.2201855575066811,0.0,0,1,1,1,1,0,0,0.96,0.005,0.007821196587404928,25.000111130359432,0,540.0
138,0.013800000000000002,load_step,sensorless_adaptive_foc_baseline,94.2477796076938,0.0,94.2477796076938,0.0,0.19878654402565774,0.0,0.19878654402565774,0.0,0,1,1,1,1,0,0,0.96,0.005,0.006431639752079815,25.00011119393496,0,540.0
139,0.013900000000000001,load_step,sensorless_adaptive_foc_baseline,94.2477796076938,0.0,94.2477796076938,0.0,0.1792040121200757,0.0,0.1792040121200757,0.0,0,1,1,1,1,0,0,0.96,0.005,0.005274963126086225,25.000111245943298,0,540.0
140,0.014,load_step,sensorless_adaptive_foc_baseline,94.2477796076938,0.0,94.2477796076938,0.0,0.1612825982387496,0.0,0.1612825982387496,0.0,0,1,1,1,1,0,0,0.96,0.005,0.00431524852503731,25.000111288354145,0,540.0
141,0.014100000000000001,load_step,sensorless_adaptive_foc_baseline,94.2477796076938,0.0,94.2477796076938,0.0,0.14488022768075226,0.0,0.14488022768075226,0.0,0,1,1,1,1,0,0,0.96,0.005,0.0035206743643850583,25.000111322818967,0,540.0
142,0.0142,load_step,sensorless_adaptive_foc_baseline,94.2477796076938,0.0,94.2477796076938,0.0,0.12986697794792174,0.0,0.12986697794792174,0.0,0,1,1,1,1,0,0,0.96,0.005,0.00286397530196909,25.00011135071657,0,540.0
143,0.0143,load_step,sensorless_adaptive_foc_baseline,94.2477796076938,0.0,94.2477796076938,0.0,0.11612403931928547,0.0,0.11612403931928547,0.0,0,1,1,1,1,0,0,0.96,0.005,0.0023221292350268526,25.000111373195523,0,540.0
144,0.014400000000000001,load_step,sensorless_adaptive_foc_baseline,94.2477796076938,0.0,94.2477796076938,0.0,0.10354276433163435,0.0,0.10354276433163435,0.0,0,1,1,1,1,0,0,0.96,0.005,0.001875826797312778,25.000111391211302,0,540.0
145,0.0145,load_step,sensorless_adaptive_foc_baseline,94.2477796076938,0.0,94.2477796076938,0.0,0.09202379856174565,0.0,0.09202379856174565,0.0,0,1,1,1,1,0,0,0.96,0.005,0.0015089244198171995,25.000111405557938,0,540.0
146,0.0146,load_step,sensorless_adaptive_foc_baseline,94.2477796076938,0.0,94.2477796076938,0.0,0.08147628575622025,0.0,0.08147628575622025,0.0,0,1,1,1,1,0,0,0.96,0.005,0.0012079473821364464,25.000111416894708,0,540.0
147,0.014700000000000001,load_step,sensorless_adaptive_foc_baseline,94.2477796076938,0.0,94.2477796076938,0.0,0.071817140949681,0.0,0.071817140949681,0.0,0,1,1,1,1,0,0,0.96,0.005,0.0009616591842717984,25.00011142576852,0,540.0
148,0.0148,load_step,sensorless_adaptive_foc_baseline,94.2477796076938,0.0,94.2477796076938,0.0,0.06297038575601957,0.0,0.06297038575601957,0.0,0,1,1,1,1,0,0,0.96,0.005,0.0007606957931585079,25.00011143263264,0,540.0
149,0.0149,load_step,sensorless_adaptive_foc_baseline,94.2477796076938,0.0,94.2477796076938,0.0,0.05486654051479443,0.0,0.05486654051479443,0.0,0,1,1,1,1,0,0,0.96,0.005,0.0005972577465885935,25.000111437862333,0,540.0
150,0.015000000000000001,load_step,sensorless_adaptive_foc_baseline,94.2477796076938,0.0,94.2477796076938,0.0,0.0474420684297329,0.0,0.0474420684297329,0.0,0,1,1,1,1,0,0,0.96,0.005,0.0004648520146741589,25.000111441767935,0,540.0
151,0.0151,load_step,sensorless_adaptive_foc_baseline,94.2477796076938,0.0,94.2477796076938,0.0,0.04063886725224376,0.0,0.04063886725224376,0.0,0,1,1,1,1,0,0,0.96,0.005,0.0003580759891050952,25.00011144460575,0,540.0
152,0.0152,load_step,sensorless_adaptive_foc_baseline,94.2477796076938,0.0,94.2477796076938,0.0,0.034403804443236596,0.0,0.034403804443236596,0.0,0,1,1,1,1,0,0,0.96,0.005,0.00027243689196972213,25.000111446587155,0,540.0
153,0.015300000000000001,load_step,sensorless_adaptive_foc_baseline,94.2477796076938,0.0,94.2477796076938,0.0,0.028688292094372108,0.0,0.028688292094372108,0.0,0,1,1,1,1,0,0,0.96,0.005,0.0002042008693146067,25.000111447886187,0,540.0
154,0.0154,load_step,sensorless_adaptive_foc_baseline,94.2477796076938,0.0,94.2477796076938,0.0,0.02344789820796972,0.0,0.02344789820796972,0.0,0,1,1,1,1,0,0,0.96,0.005,0.00015026692636641587,25.00011144864587,0,540.0
155,0.0155,load_step,sensorless_adaptive_foc_baseline,94.2477796076938,0.0,94.2477796076938,0.0,0.018641991225662416,0.0,0.018641991225662416,0.0,0,1,1,1,1,0,0,0.96,0.005,0.00010806163680577628,25.000111448983496,0,540.0
156,0.015600000000000001,load_step,sensorless_adaptive_foc_baseline,94.2477796076938,0.0,94.2477796076938,0.0,0.01423341496191782,0.0,0.01423341496191782,0.0,0,1,1,1,1,0,0,0.96,0.005,7.545121831628121e-05,25.000111448995014,0,540.0
157,0.015700000000000002,load_step,sensorless_adaptive_foc_baseline,94.2477796076938,0.0,94.2477796076938,0.0,0.010188191341767279,0.0,0.010188191341767279,0.0,0,1,1,1,1,0,0,0.96,0.005,5.0668122721635287e-05,25.0001114487587,0,540.0
158,0.0158,load_step,sensorless_adaptive_foc_baseline,94.2477796076938,0.0,94.2477796076938,0.0,0.006475248564540056,0.0,0.006475248564540056,0.0,0,1,1,1,1,0,0,0.96,0.005,3.2249755667213044e-05,25.000111448338206,0,540.0
159,0.0159,load_step,sensorless_adaptive_foc_baseline,94.2477796076938,0.0,94.2477796076938,0.0,0.0030661725188260965,0.0,0.0030661725188260965,0.0,0,1,1,1,1,0,0,0.96,0.005,1.898733161826673e-05,25.00011144778509,0,540.0
160,0.016,load_step,sensorless_adaptive_foc_baseline,94.2477796076938,0.0,94.2477796076938,0.0,-6.502054011221706e-05,0.0,6.502054011221706e-05,0.0,0,1,1,1,1,0,0,0.96,0.005,9.88319696308192e-06,25.000111447140938,0,540.0
161,0.0161,load_step,sensorless_adaptive_foc_baseline,94.2477796076938,0.0,94.2477796076938,0.0,0.013715632826710115,0.0,0.013715632826710115,0.0,0,1,1,1,1,0,0,0.96,0.005,4.115227525184158e-06,25.00011144643911,0,540.0
162,0.0162,load_step,sensorless_adaptive_foc_baseline,94.2477796076938,0.0,94.2477796076938,0.0,0.009667849271990287,0.0,0.009667849271990287,0.0,0,1,1,1,1,0,0,0.96,0.005,1.7480527716561058e-05,25.00011144587094,0,540.0
163,0.016300000000000002,load_step,sensorless_adaptive_foc_baseline,94.2477796076938,0.0,94.2477796076938,0.0,0.0059525900076474155,0.0,0.0059525900076474155,0.0,0,1,1,1,1,0,0,0.96,0.005,1.8643562817546028e-05,25.000111445314403,0,540.0
164,0.0164,load_step,sensorless_adaptive_foc_baseline,94.2477796076938,0.0,94.2477796076938,0.0,0.0025414200864565576,0.0,0.0025414200864565576,0.0,0,1,1,1,1,0,0,0.96,0.005,1.3424016031394137e-05,25.000111444705674,0,540.0
165,0.0165,load_step,sensorless_adaptive_foc_baseline,94.2477796076938,0.0,94.2477796076938,0.0,-0.0005916632899587829,0.0,0.0005916632899587829,0.0,0,1,1,1,1,0,0,0.96,0.005,7.467627482728765e-06,25.000111444037387,0,540.0
166,0.0166,load_step,sensorless_adaptive_foc_baseline,94.2477796076938,0.0,94.2477796076938,0.0,0.013187285893488146,0.0,0.013187285893488146,0.0,0,1,1,1,1,0,0,0.96,0.005,3.0169301840084492e-06,25.000111443324595,0,540.0
167,0.0167,load_step,sensorless_adaptive_foc_baseline,94.2477796076938,0.0,94.2477796076938,0.0,0.00913796835593583,0.0,0.00913796835593583,0.0,0,1,1,1,1,0,0,0.96,0.005,1.5520388082558877e-05,25.000111442736845,0,540.0
168,0.016800000000000002,load_step,sensorless_adaptive_foc_baseline,94.2477796076938,0.0,94.2477796076938,0.0,0.005421330738612132,0.0,0.005421330738612132,0.0,0,1,1,1,1,0,0,0.96,0.005,1.6789272128369424e-05,25.000111442161785,0,540.0
169,0.016900000000000002,load_step,sensorless_adaptive_foc_baseline,94.2477796076938,0.0,94.2477796076938,0.0,0.0020089247698945197,0.0,0.0020089247698945197,0.0,0,1,1,1,1,0,0,0.96,0.005,1.1917649174405046e-05,25.000111441538014,0,540.0
170,0.017,load_step,sensorless_adaptive_foc_baseline,94.2477796076938,0.0,94.2477796076938,0.0,0.3615832570697801,0.0,0.3615832570697801,0.0,4,1,1,1,1,0,0,0.96,0.005,0.00010943348749819407,25.000111441889405,1,540.0
171,0.0171,load_step,sensorless_adaptive_foc_baseline,94.2477796076938,0.0,94.2477796076938,0.0,0.3281520128425721,0.0,0.3281520128425721,0.0,0,1,1,1,1,0,0,0.96,0.005,0.021408753611838877,25.000111655233997,1,540.0
172,0.0172,load_step,sensorless_adaptive_foc_baseline,94.2477796076938,0.0,94.2477796076938,0.0,0.29756638164863225,0.0,0.29756638164863225,0.0,0,1,1,1,1,0,0,0.96,0.005,0.013744511382611006,25.000111791934742,0,540.0
173,0.0173,load_step,sensorless_adaptive_foc_baseline,94.2477796076938,0.0,94.2477796076938,0.0,0.26958297430271644,0.0,0.26958297430271644,0.0,0,1,1,1,1,0,0,0.96,0.005,0.011478556557882503,25.00011190597503,0,540.0
174,0.017400000000000002,load_step,sensorless_adaptive_foc_baseline,94.2477796076938,0.0,94.2477796076938,0.0,0.2439792196476492,0.0,0.2439792196476492,0.0,0,1,1,1,1,0,0,0.96,0.005,0.009511835479568145,25.000112000347343,0,540.0
175,0.0175,load_step,sensorless_adaptive_foc_baseline,94.2477796076938,0.0,94.2477796076938,0.0,0.22055158390671306,0.0,0.22055158390671306,0.0,0,1,1,1,1,0,0,0.96,0.005,0.007846356732283555,25.00011207806424,0,540.0
176,0.0176,load_step,sensorless_adaptive_foc_baseline,94.2477796076938,0.0,94.2477796076938,0.0,0.1991139423418117,0.0,0.1991139423418117,0.0,0,1,1,1,1,0,0,0.96,0.005,0.006452051464486482,25.00011214183757,0,540.0
177,0.0177,load_step,sensorless_adaptive_foc_baseline,94.2477796076938,0.0,94.2477796076938,0.0,0.17949609019010407,0.0,0.17949609019010407,0.0,0,1,1,1,1,0,0,0.96,0.005,0.005291457746489016,25.000112194004533,0,540.0
178,0.0178,load_step,sensorless_adaptive_foc_baseline,94.2477796076938,0.0,94.2477796076938,0.0,0.16154238096606294,0.0,0.16154238096606294,0.0,0,1,1,1,1,0,0,0.96,0.005,0.004328521042492881,25.000112236541785,0,540.0
179,0.0179,load_step,sensorless_adaptive_foc_baseline,94.2477796076938,0.0,94.2477796076938,0.0,0.14511048123490913,0.0,0.14511048123490913,0.0,0,1,1,1,1,0,0,0.96,0.005,0.00353130314337114,25.000112271106573,0,540.0
180,0.018000000000000002,load_step,sensorless_adaptive_foc_baseline,94.2477796076938,0.0,94.2477796076938,0.0,0.13007023189514638,0.0,0.13007023189514638,0.0,0,1,1,1,1,0,0,0.96,0.005,0.0028724404174857573,25.000112299082502,0,540.0
181,0.0181,load_step,sensorless_adaptive_foc_baseline,94.2477796076938,0.0,94.2477796076938,0.0,0.1163026068600842,0.0,0.1163026068600842,0.0,0,1,1,1,1,0,0,0.96,0.005,0.002328828487296397,25.000112321622126,0,540.0
182,0.0182,load_step,sensorless_adaptive_foc_baseline,94.2477796076938,0.0,94.2477796076938,0.0,0.10369876080740162,0.0,0.10369876080740162,0.0,0,1,1,1,1,0,0,0.96,0.005,0.0018810893462194373,25.000112339684208,0,540.0
183,0.0183,load_step,sensorless_adaptive_foc_baseline,94.2477796076938,0.0,94.2477796076938,0.0,0.09215915837843398,0.0,0.09215915837843398,0.0,0,1,1,1,1,0,0,0.96,0.005,0.0015130222626910078,25.0001123540655,0,540.0
184,0.0184,load_step,sensorless_adaptive_foc_baseline,94.2477796076938,0.0,94.2477796076938,0.0,0.08159277786045956,0.0,0.08159277786045956,0.0,0,1,1,1,1,0,0,0.96,0.005,0.001211104966145303,25.000112365427523,0,540.0
185,0.018500000000000003,load_step,sensorless_adaptive_foc_baseline,94.2477796076938,0.0,94.2477796076938,0.0,0.0719163829811619,0.0,0.0719163829811619,0.0,0,1,1,1,1,0,0,0.96,0.005,0.0009640614366009868,25.000112374319034,0,540.0
186,0.018600000000000002,load_step,sensorless_adaptive_foc_baseline,94.2477796076938,0.0,94.2477796076938,0.0,0.06305385698937223,0.0,0.06305385698937223,0.0,0,1,1,1,1,0,0,0.96,0.005,0.000762494820744739,25.00011238119482,0,540.0
187,0.0187,load_step,sensorless_adaptive_foc_baseline,94.2477796076938,0.0,94.2477796076938,0.0,0.054935593694498616,0.0,0.054935593694498616,0.0,0,1,1,1,1,0,0,0.96,0.005,0.0005985784215344117,25.000112386431397,0,540.0
188,0.0188,load_step,sensorless_adaptive_foc_baseline,94.2477796076938,0.0,94.2477796076938,0.0,0.04749794059273433,0.0,0.04749794059273433,0.0,0,1,1,1,1,0,0,0.96,0.005,0.0004657966281063751,25.00011239034012,0,540.0
189,0.0189,load_step,sensorless_adaptive_foc_baseline,94.2477796076938,0.0,94.2477796076938,0.0,0.040682689624876194,0.0,0.040682689624876194,0.0,0,1,1,1,1,0,0,0.96,0.005,0.00035872812700211927,25.00011239317813,0,540.0
190,0.019,load_step,sensorless_adaptive_foc_baseline,94.2477796076938,0.0,94.2477796076938,0.0,0.03443661149162091,0.0,0.03443661149162091,0.0,0,1,1,1,1,0,0,0.96,0.005,0.0002728646615295844,25.00011239515749,0,540.0
191,0.019100000000000002,load_step,sensorless_adaptive_foc_baseline,94.2477796076938,0.0,94.2477796076938,0.0,0.028711029800697785,0.0,0.028711029800697785,0.0,0,1,1,1,1,0,0,0.96,0.005,0.0002044595833860822,25.000112396452785,0,540.0
192,0.019200000000000002,load_step,sensorless_adaptive_foc_baseline,94.2477796076938,0.0,94.2477796076938,0.0,0.023461431638872265,0.0,0.023461431638872265,0.0,0,1,1,1,1,0,0,0.96,0.005,0.00015040133579885857,25.000112397207488,0,540.0
193,0.0193,load_step,sensorless_adaptive_foc_baseline,94.2477796076938,0.0,94.2477796076938,0.0,0.018647111453250258,0.0,0.018647111453250258,0.0,0,1,1,1,1,0,0,0.96,0.005,0.0001081077857813249,25.00011239753925,0,540.0
194,0.0194,load_step,sensorless_adaptive_foc_baseline,94.2477796076938,0.0,94.2477796076938,0.0,0.014230845392815758,0.0,0.014230845392815758,0.0,0,1,1,1,1,0,0,0.96,0.005,7.543798535533762e-05,25.000112397544314,0,540.0
195,0.0195,load_step,sensorless_adaptive_foc_baseline,94.2477796076938,0.0,94.2477796076938,0.0,0.010178593504810391,0.0,0.010178593504810391,0.0,0,1,1,1,1,0,0,0.96,0.005,5.061849970950357e-05,25.00011239730118,0,540.0
196,0.0196,load_step,sensorless_adaptive_foc_baseline,94.2477796076938,0.0,94.2477796076938,0.0,0.006459227403426179,0.0,0.006459227403426179,0.0,0,1,1,1,1,0,0,0.96,0.005,3.2181908605535126e-05,25.000112396873686,0,540.0
197,0.019700000000000002,load_step,sensorless_adaptive_foc_baseline,94.2477796076938,0.0,94.2477796076938,0.0,0.003044281232065332,0.0,0.003044281232065332,0.0,0,1,1,1,1,0,0,0.96,0.005,1.8915479581666478e-05,25.00011239631353,0,540.0
198,0.0198,load_step,sensorless_adaptive_foc_baseline,94.2477796076938,0.0,94.2477796076938,0.0,-9.227607322737536e-05,0.0,9.227607322737536e-05,0.0,0,1,1,1,1,0,0,0.96,0.005,9.818339706240885e-06,25.000112395662406,0,540.0
199,0.0199,load_step,sensorless_adaptive_foc_baseline,94.2477796076938,0.0,94.2477796076938,0.0,0.013683475654714061,0.0,0.013683475654714061,0.0,0,1,1,1,1,0,0,0.96,0.005,4.065747143976935e-06,25.00011239495376,0,540.0
200,0.02,load_step,sensorless_adaptive_foc_baseline,94.2477796076938,0.0,94.2477796076938,0.0,0.009631213497977971,0.0,0.009631213497977971,0.0,0,1,1,1,1,0,0,0.96,0.005,1.736391571168088e-05,25.0001123943781,0,540.0
201,0.0201,load_step,sensorless_adaptive_foc_baseline,94.2477796076938,0.0,94.2477796076938,0.0,0.005911862482504833,0.0,0.005911862482504833,0.0,0,1,1,1,1,0,0,0.96,0.005,1.8509470088247983e-05,25.000112393813897,0,540.0
202,0.020200000000000003,load_step,sensorless_adaptive_foc_baseline,94.2477796076938,0.0,94.2477796076938,0.0,0.0024969545702206272,0.0,0.0024969545702206272,0.0,0,1,1,1,1,0,0,0.96,0.005,1.3299692850423853e-05,25.0001123931976,0,540.0
203,0.020300000000000002,load_step,sensorless_adaptive_foc_baseline,94.2477796076938,0.0,94.2477796076938,0.0,-0.0006395432977081449,0.0,0.0006395432977081449,0.0,0,1,1,1,1,0,0,0.96,0.005,7.367785264126646e-06,25.00011239252199,0,540.0
204,0.0204,load_step,sensorless_adaptive_foc_baseline,94.2477796076938,0.0,94.2477796076938,0.0,0.013136287221643375,0.0,0.013136287221643375,0.0,0,1,1,1,1,0,0,0.96,0.005,2.94943704658237e-06,25.0001123918022,0,540.0
205,0.0205,load_step,sensorless_adaptive_foc_baseline,94.2477796076938,0.0,94.2477796076938,0.0,0.00908412154216255,0.0,0.00908412154216255,0.0,0,1,1,1,1,0,0,0.96,0.005,1.535816449120185e-05,25.000112391206503,0,540.0
206,0.0206,load_step,sensorless_adaptive_foc_baseline,94.2477796076938,0.0,94.2477796076938,0.0,0.005364883164284053,0.0,0.005364883164284053,0.0,0,1,1,1,1,0,0,0.96,0.005,1.661230545375522e-05,25.00011239062335,0,540.0
207,0.0207,load_step,sensorless_adaptive_foc_baseline,94.2477796076938,0.0,94.2477796076938,0.0,0.36465862425799084,0.0,0.36465862425799084,0.0,4,1,1,1,1,0,0,0.96,0.005,0.00015177603919752316,25.00011239139184,1,540.0
208,0.020800000000000003,load_step,sensorless_adaptive_foc_baseline,94.2477796076938,0.0,94.2477796076938,0.0,0.330970785516313,0.0,0.330970785516313,0.0,0,1,1,1,1,0,0,0.96,0.005,0.021696622948561832,25.000112607608795,1,540.0
209,0.020900000000000002,load_step,sensorless_adaptive_foc_baseline,94.2477796076938,0.0,94.2477796076938,0.0,0.30015050397019205,0.0,0.30015050397019205,0.0,0,1,1,1,1,0,0,0.96,0.005,0.013968212190719585,25.0001127465402,0,540.0
210,0.021,load_step,sensorless_adaptive_foc_baseline,94.2477796076938,0.0,94.2477796076938,0.0,0.2719525134658566,0.0,0.2719525134658566,0.0,0,1,1,1,1,0,0,0.96,0.005,0.011671504024731147,25.000112862503595,0,540.0
211,0.0211,load_step,sensorless_adaptive_foc_baseline,94.2477796076938,0.0,94.2477796076938,0.0,0.24615252642208418,0.0,0.24615252642208418,0.0,0,1,1,1,1,0,0,0.96,0.005,0.009675054350242861,25.000112958501724,0,540.0
212,0.0212,load_step,sensorless_adaptive_foc_baseline,94.2477796076938,0.0,94.2477796076938,0.0,0.2225454394505915,0.0,0.2225454394505915,0.0,0,1,1,1,1,0,0,0.96,0.005,0.00798317870123012,25.000113037580455,0,540.0
213,0.0213,load_step,sensorless_adaptive_foc_baseline,94.2477796076938,0.0,94.2477796076938,0.0,0.20094369245675267,0.0,0.20094369245675267,0.0,0,1,1,1,1,0,0,0.96,0.005,0.00656622849137429,25.000113102489156,0,540.0
214,0.021400000000000002,load_step,sensorless_adaptive_foc_baseline,94.2477796076938,0.0,94.2477796076938,0.0,0.18117576809286887,0.0,0.18117576809286887,0.0,0,1,1,1,1,0,0,0.96,0.005,0.005386500543057829,25.000113155600143,0,540.0
215,0.021500000000000002,load_step,sensorless_adaptive_foc_baseline,94.2477796076938,0.0,94.2477796076938,0.0,0.16308481955908932,0.0,0.16308481955908932,0.0,0,1,1,1,1,0,0,0.96,0.005,0.0044075081055400265,25.000113198920854,0,540.0
216,0.0216,load_step,sensorless_adaptive_foc_baseline,94.2477796076938,0.0,94.2477796076938,0.0,0.1465274157738985,0.0,0.1465274157738985,0.0,0,1,1,1,1,0,0,0.96,0.005,0.003596862393608436,25.00011323413482,0,540.0
217,0.0217,load_step,sensorless_adaptive_foc_baseline,94.2477796076938,0.0,94.2477796076938,0.0,0.13137239387509997,0.0,0.13137239387509997,0.0,0,1,1,1,1,0,0,0.96,0.005,0.002926788651194265,25.00011326264781,0,540.0
218,0.0218,load_step,sensorless_adaptive_foc_baseline,94.2477796076938,0.0,94.2477796076938,0.0,0.11749980987088982,0.0,0.11749980987088982,0.0,0,1,1,1,1,0,0,0.96,0.005,0.0023738255519888,25.000113285630984,0,540.0
219,0.0219,load_step,sensorless_adaptive_foc_baseline,94.2477796076938,0.0,94.2477796076938,0.0,0.10479997904585804,0.0,0.10479997904585804,0.0,0,1,1,1,1,0,0,0.96,0.005,0.0019182916162408137,25.00011330405866,0,540.0
220,0.022000000000000002,load_step,sensorless_adaptive_foc_baseline,94.2477796076938,0.0,94.2477796076938,0.0,0.09317259844483552,0.0,0.09317259844483552,0.0,0,1,1,1,1,0,0,0.96,0.005,0.0015437305032693497,25.000113318740606,0,540.0
221,0.0221,load_step,sensorless_adaptive_foc_baseline,94.2477796076938,0.0,94.2477796076938,0.0,0.08252594441413363,0.0,0.08252594441413363,0.0,0,1,1,1,1,0,0,0.96,0.005,0.001236405566009425,25.000113330349205,0,540.0
222,0.0222,load_step,sensorless_adaptive_foc_baseline,94.2477796076938,0.0,94.2477796076938,0.0,0.07277613878023498,0.0,0.07277613878023498,0.0,0,1,1,1,1,0,0,0.96,0.005,0.0009848613480090006,25.000113339442283,0,540.0
223,0.0223,load_step,sensorless_adaptive_foc_baseline,94.2477796076938,0.0,94.2477796076938,0.0,0.06384647779509477,0.0,0.06384647779509477,0.0,0,1,1,1,1,0,0,0.96,0.005,0.000779550949856666,25.000113346482195,0,540.0
224,0.0224,load_step,sensorless_adaptive_foc_baseline,94.2477796076938,0.0,94.2477796076938,0.0,0.055666818479391554,0.0,0.055666818479391554,0.0,0,1,1,1,1,0,0,0.96,0.005,0.0006125222675027172,25.000113351851773,0,540.0
225,0.022500000000000003,load_step,sensorless_adaptive_foc_baseline,94.2477796076938,0.0,94.2477796076938,0.0,0.04817301745423262,0.0,0.04817301745423262,0.0,0,1,1,1,1,0,0,0.96,0.005,0.0004771549067167168,25.000113355867644,0,540.0
226,0.022600000000000002,load_step,sensorless_adaptive_foc_baseline,94.2477796076938,0.0,94.2477796076938,0.0,0.041306417771802086,0.0,0.041306417771802086,0.0,0,1,1,1,1,0,0,0.96,0.005,0.00036794002043670705,25.00011335879134,0,540.0
227,0.0227,load_step,sensorless_adaptive_foc_baseline,94.2477796076938,0.0,94.2477796076938,0.0,0.03501337963938397,0.0,0.03501337963938397,0.0,0,1,1,1,1,0,0,0.96,0.005,0.00028029624084601227,25.000113360838576,0,540.0
228,0.0228,load_step,sensorless_adaptive_foc_baseline,94.2477796076938,0.0,94.2477796076938,0.0,0.02924485128240855,0.0,0.02924485128240855,0.0,0,1,1,1,1,0,0,0.96,0.005,0.000210415864660805,25.000113362186994,0,540.0
229,0.0229,load_step,sensorless_adaptive_foc_baseline,94.2477796076938,0.0,94.2477796076938,0.0,0.0239559765132606,0.0,0.0239559765132606,0.0,0,1,1,1,1,0,0,0.96,0.005,0.00015513635687536417,25.00011336298261,0,540.0
230,0.023,load_step,sensorless_adaptive_foc_baseline,94.2477796076938,0.0,94.2477796076938,0.0,0.019105735866270783,0.0,0.019105735866270783,0.0,0,1,1,1,1,0,0,0.96,0.005,0.0001118330277545982,25.000113363345186,0,540.0
231,0.023100000000000002,load_step,sensorless_adaptive_foc_baseline,94.2477796076938,0.0,94.2477796076938,0.0,0.01465661842783473,0.0,0.01465661842783473,0.0,0,1,1,1,1,0,0,0.96,0.005,7.832941004817208e-05,25.000113363372723,0,540.0
232,0.023200000000000002,load_step,sensorless_adaptive_foc_baseline,94.2477796076938,0.0,94.2477796076938,0.0,0.010574321736197647,0.0,0.010574321736197647,0.0,0,1,1,1,1,0,0,0.96,0.005,5.282243004411274e-05,25.000113363145193,0,540.0
233,0.0233,load_step,sensorless_adaptive_foc_baseline,94.2477796076938,0.0,94.2477796076938,0.0,0.006827477349976498,0.0,0.006827477349976498,0.0,0,1,1,1,1,0,0,0.96,0.005,3.381994163278355e-05,25.00011336272764,0,540.0
234,0.0234,load_step,sensorless_adaptive_foc_baseline,94.2477796076938,0.0,94.2477796076938,0.0,0.0033873998898938072,0.0,0.0033873998898938072,0.0,0,1,1,1,1,0,0,0.96,0.005,2.0088590851841745e-05,25.000113362172772,0,540.0
235,0.0235,load_step,sensorless_adaptive_foc_baseline,94.2477796076938,0.0,94.2477796076938,0.0,0.00022785754594791796,0.0,0.00022785754594791796,0.0,0,1,1,1,1,0,0,0.96,0.005,1.0610311668994273e-05,25.000113361523127,0,540.0
236,0.0236,load_step,sensorless_adaptive_foc_baseline,94.2477796076938,0.0,94.2477796076938,0.0,-0.002675137785987797,0.0,0.002675137785987797,0.0,0,1,1,1,1,0,0,0.96,0.005,4.54603252317696e-06,25.000113360812843,0,540.0
237,0.023700000000000002,load_step,sensorless_adaptive_foc_baseline,94.2477796076938,0.0,94.2477796076938,0.0,0.01131420227871409,0.0,0.01131420227871409,0.0,0,1,1,1,1,0,0,0.96,0.005,1.2054062574469853e-06,25.000113360069157,0,540.0
238,0.0238,load_step,sensorless_adaptive_foc_baseline,94.2477796076938,0.0,94.2477796076938,0.0,0.007457263243633887,0.0,0.007457263243633887,0.0,0,1,1,1,1,0,0,0.96,0.005,1.1050846534039178e-05,25.00011335942393,0,540.0
239,0.0239,load_step,sensorless_adaptive_foc_baseline,94.2477796076938,0.0,94.2477796076938,0.0,0.003916532428213855,0.0,0.003916532428213855,0.0,0,1,1,1,1,0,0,0.96,0.005,1.2452453055548432e-05,25.000113358792728,0,540.0
240,0.024,load_step,sensorless_adaptive_foc_baseline,94.2477796076938,0.0,94.2477796076938,0.0,0.0006649704587902373,0.0,0.0006649704587902373,0.0,0,1,1,1,1,0,0,0.96,0.005,8.624519578668522e-06,25.000113358123247,0,540.0
241,0.0241,load_step,sensorless_adaptive_foc_baseline,94.2477796076938,0.0,94.2477796076938,0.0,-0.0023221492583314933,0.0,0.0023221492583314933,0.0,0,1,1,1,1,0,0,0.96,0.005,4.252536100752185e-06,25.00011335741005,0,540.0
242,0.024200000000000003,load_step,sensorless_adaptive_foc_baseline,94.2477796076938,0.0,94.2477796076938,0.0,0.011590286337824825,0.0,0.011590286337824825,0.0,0,1,1,1,1,0,0,0.96,0.005,1.2502893854464904e-06,25.000113356666837,0,540.0
243,0.024300000000000002,load_step,sensorless_adaptive_foc_baseline,94.2477796076938,0.0,94.2477796076938,0.0,0.0076630451902775934,0.0,0.0076630451902775934,0.0,0,1,1,1,1,0,0,0.96,0.005,1.1344505432706457e-05,25.00011335602457,0,540.0
244,0.0244,load_step,sensorless_adaptive_foc_baseline,94.2477796076938,0.0,94.2477796076938,0.0,0.36676657148336467,0.0,0.36676657148336467,0.0,4,1,1,1,1,0,0,0.96,0.005,0.0001584573869754577,25.000113356853436,1,540.0
245,0.0245,load_step,sensorless_adaptive_foc_baseline,94.2477796076938,0.0,94.2477796076938,0.0,0.3329047844370739,0.0,0.3329047844370739,0.0,0,1,1,1,1,0,0,0.96,0.005,0.021834418525328695,25.000113574441908,1,540.0
246,0.0246,load_step,sensorless_adaptive_foc_baseline,94.2477796076938,0.0,94.2477796076938,0.0,0.3019254297468654,0.0,0.3019254297468654,0.0,0,1,1,1,1,0,0,0.96,0.005,0.014102406093384263,25.000113714708807,0,540.0
247,0.0247,load_step,sensorless_adaptive_foc_baseline,94.2477796076938,0.0,94.2477796076938,0.0,0.2735819689298655,0.0,0.2735819689298655,0.0,0,1,1,1,1,0,0,0.96,0.005,0.011797175193678377,25.00011383192246,0,540.0
248,0.024800000000000003,load_step,sensorless_adaptive_foc_baseline,94.2477796076938,0.0,94.2477796076938,0.0,0.2476489509030489,0.0,0.2476489509030489,0.0,0,1,1,1,1,0,0,0.96,0.005,0.009785176697893425,25.000113929015345,0,540.0
249,0.024900000000000002,load_step,sensorless_adaptive_foc_baseline,94.2477796076938,0.0,94.2477796076938,0.0,0.2239202082952032,0.0,0.2239202082952032,0.0,0,1,1,1,1,0,0,0.96,0.005,0.008077022241825991,25.000114009026042,0,540.0
250,0.025,load_step,sensorless_adaptive_foc_baseline,94.2477796076938,0.0,94.2477796076938,0.0,0.20220720803540396,0.0,0.20220720803540396,0.0,0,1,1,1,1,0,0,0.96,0.005,0.006645198430186595,25.000114074717967,0,540.0
251,0.0251,load_step,sensorless_adaptive_foc_baseline,94.2477796076938,0.0,94.2477796076938,0.0,0.18233754302213606,0.0,0.18233754302213606,0.0,0,1,1,1,1,0,0,0.96,0.005,0.005452554236069326,25.000114128483013,0,540.0
252,0.0252,load_step,sensorless_adaptive_foc_baseline,94.2477796076938,0.0,94.2477796076938,0.0,0.16415355280586294,0.0,0.16415355280586294,0.0,0,1,1,1,1,0,0,0.96,0.005,0.004462584342032657,25.000114172348,0,540.0
253,0.0253,load_step,sensorless_adaptive_foc_baseline,94.2477796076938,0.0,94.2477796076938,0.0,0.14751106225003632,0.0,0.14751106225003632,0.0,0,1,1,1,1,0,0,0.96,0.005,0.0036426984685852537,25.000114208013834,0,540.0
254,0.025400000000000002,load_step,sensorless_adaptive_foc_baseline,94.2477796076938,0.0,94.2477796076938,0.0,0.132278228079368,0.0,0.132278228079368,0.0,0,1,1,1,1,0,0,0.96,0.005,0.0029648815778484717,25.00011423690126,0,540.0
255,0.025500000000000002,load_step,sensorless_adaptive_foc_baseline,94.2477796076938,0.0,94.2477796076938,0.0,0.11833448408736373,0.0,0.11833448408736373,0.0,0,1,1,1,1,0,0,0.96,0.005,0.0024054437609413483,25.00011426019412,0,540.0
256,0.0256,load_step,sensorless_adaptive_foc_baseline,94.2477796076938,-0.020945371915375318,94.26872497960917,0.35,0.10556957656438651,0.0,0.10556957656438651,0.0,0,1,1,1,1,0,0,0.96,0.005,0.001944501763958906,25.000114278877405,0,540.0
257,0.0257,load_step,sensorless_adaptive_foc_baseline,94.2477796076938,-0.04188913456950679,94.2896687422633,0.35,0.0938826822293465,1.2702525135632185e-05,0.09388268308868573,1.1827078702002779e-05,0,1,1,1,1,0,0,0.96,0.005,0.0015654264491839576,25.00011429376981,0,540.0
258,0.0258,load_step,sensorless_adaptive_foc_baseline,94.2477796076938,-0.06283058030728732,94.31061018800109,0.35,0.0831816017145718,3.70199316352313e-05,0.08318160995242273,3.435909943578954e-05,0,1,1,1,1,0,0,0.96,0.005,0.0012543351341826226,25.0001143055512,0,540.0
259,0.025900000000000003,load_step,sensorless_adaptive_foc_baseline,94.2477796076938,-0.08376906868103676,94.33154867637484,0.35,0.07338202197203554,7.194838614128554e-05,0.0733820572434064,6.656659964139548e-05,0,1,1,1,1,0,0,0.96,0.005,0.000999649720403979,25.00011431478566,0,540.0
260,0.026000000000000002,load_step,sensorless_adaptive_foc_baseline,94.2477796076938,-0.10470402089935624,94.35248362859316,0.35,0.06440684171332728,0.0001165617523602963,0.06440694718838728,0.00010750543849783549,0,1,1,1,1,0,0,0.96,0.005,0.0007917206454365242,25.000114321940767,0,540.0
261,0.0261,load_step,sensorless_adaptive_foc_baseline,94.2477796076938,-0.12563491471640376,94.3734145224102,0.35,0.056185554548497864,0.00017000588947187678,0.056185811749272466,0.00015630999833126982,0,1,1,1,1,0,0,0.96,0.005,0.000622509998142475,25.000114327403722,0,540.0
262,0.0262,load_step,sensorless_adaptive_foc_baseline,94.2477796076938,-0.14656127972841682,94.39434088742222,0.35,0.04865368488847835,0.00023149333825088115,0.04865423560588534,0.00021218690201730184,0,1,1,1,1,0,0,0.96,0.005,0.00048532571431857217,25.000114331494796,0,540.0
263,0.0263,load_step,sensorless_adaptive_foc_baseline,94.2477796076938,-0.1674826930465716,94.41526230074037,0.35,0.04175227209790248,0.0003002983718333418,0.041753352014531855,0.0002744092105683566,0,1,1,1,1,0,0,0.96,0.005,0.0003745991031999836,25.000114334478578,0,540.0
264,0.0264,load_step,sensorless_adaptive_foc_baseline,94.2477796076938,-0.18839877531741384,94.43617838301121,0.35,0.03542739877121467,0.0003757523890504042,0.03542939137993397,0.0003423110670783469,0,1,1,1,1,0,0,0.96,0.005,0.0002856988357581943,25.000114336573336,0,540.0
265,0.026500000000000003,load_step,sensorless_adaptive_foc_baseline,94.2477796076938,-0.20930918706412283,94.45708879475792,0.35,0.029629759357952253,0.00045723962925414143,0.02963328715631662,0.0004152827551568826,0,1,1,1,1,0,0,0.96,0.005,0.0002147755019905271,25.00011433795885,0,540.0
266,0.026600000000000002,load_step,sensorless_adaptive_foc_baseline,94.2477796076938,-0.23021362532377898,94.47799323301759,0.35,0.024314265685902205,0.00054419318855652,0.02432035489196473,0.0004927661419042076,0,1,1,1,1,0,0,0.96,0.005,0.00015863175348561852,25.000114338782915,0,540.0
267,0.0267,load_step,sensorless_adaptive_foc_baseline,94.2477796076938,-0.25111182055760034,94.4988914282514,0.35,0.019439686226057146,0.0006360913183907018,0.019450090301407034,0.0005742504773410503,0,1,1,1,1,0,0,0.96,0.005,0.00011461384307724877,25.000114339166796,0,540.0
268,0.0268,load_step,sensorless_adaptive_foc_baseline,94.2477796076938,-0.27200353381279463,94.5197831415066,0.35,0.014968316213240481,0.000732453988276292,0.01498622631300154,0.0006592685240039127,0,1,1,1,1,0,0,0.96,0.005,8.052105198468356e-05,25.000114339209745,0,540.0
269,0.0269,load_step,sensorless_adaptive_foc_baseline,94.2477796076938,-0.29288855411625,94.54066816181005,0.35,0.010865675983145053,0.0008328396956221924,0.010897547271257845,0.0007473929921385744,0,1,1,1,1,0,0,0.96,0.005,5.453006729571724e-05,25.000114338992784,0,540.0
270,0.027,load_step,sensorless_adaptive_foc_baseline,94.2477796076938,-0.31376669608175767,94.56154630377556,0.35,0.007100235112266492,0.0009368425063284315,0.007161774398228815,0.0008382332575679596,0,1,1,1,1,0,0,0.96,0.005,3.513185320857583e-05,25.00011433858184,0,540.0
271,0.027100000000000003,load_step,sensorless_adaptive_foc_baseline,94.2477796076938,-0.3346377977138343,94.58241740540764,0.35,0.0036431601536762314,0.0010440893108485344,0.003789820364392274,0.0009314323408722417,0,1,1,1,1,0,0,0.96,0.005,2.1078961976201077e-05,25.000114338030375,0,540.0
272,0.027200000000000002,load_step,sensorless_adaptive_foc_baseline,94.2477796076938,-0.35550171839249056,94.60328132608629,0.35,0.0004680839503399493,0.0011542372812443275,0.0012455385525868515,0.0010266641279981469,0,1,1,1,1,0,0,0.96,0.005,1.1341567326420295e-05,25.000114337381536,0,540.0
273,0.0273,load_step,sensorless_adaptive_foc_baseline,94.2477796076938,-0.3763583370244844,94.62413794471829,0.35,0.0017153258542903496,-0.005946034862320899,0.006188511401810004,-0.0052775562767393425,0,1,1,1,1,0,0,0.96,0.005,5.0707848578339465e-06,25.000114336669995,0,540.0
274,0.0274,load_step,sensorless_adaptive_foc_baseline,94.2477796076938,-0.3975906224743084,94.64537023016811,0.35,0.0028476290219457178,0.0019895651824185273,0.003473810683056806,0.0017646980475967311,0,1,1,1,1,0,0,0.96,0.005,4.815871262627121e-06,25.00011433595591,0,540.0
275,0.0275,load_step,sensorless_adaptive_foc_baseline,94.2477796076938,-0.41839984051623125,94.66617944821003,0.35,0.0038748648912571198,-0.005158092695300575,0.006451395056792771,-0.00456008643236426,0,1,1,1,1,0,0,0.96,0.005,4.339828056410489e-06,25.00011433523707,0,540.0
276,0.027600000000000003,load_step,sensorless_adaptive_foc_baseline,94.2477796076938,-0.43958595965270325,94.6873655673465,0.35,0.004805990522362093,0.00273405695556991,0.0055292506126359,0.002418030471151753,0,1,1,1,1,0,0,0.96,0.005,6.319963334135064e-06,25.000114334538033,0,540.0
277,0.027700000000000002,load_step,sensorless_adaptive_foc_baseline,94.2477796076938,-0.46035285316295943,94.70813246085676,0.35,0.001484839427508522,0.0027595547825284457,0.0031336704873453835,0.0024337060786766835,0,1,1,1,1,0,0,0.96,0.005,6.761289946553851e-06,25.000114333843417,0,540.0
278,0.027800000000000002,load_step,sensorless_adaptive_foc_baseline,94.2477796076938,-0.48111721303491006,94.7288968207287,0.35,0.002598530318481539,-0.004418425419192854,0.00512589923828369,-0.003885490797915483,0,1,1,1,1,0,0,0.96,0.005,4.687178097613228e-06,25.000114333128064,0,540.0
279,0.0279,load_step,sensorless_adaptive_foc_baseline,94.2477796076938,-0.5022581430638361,94.75003775075764,0.35,0.0036087353350793827,0.003445814427294331,0.004989650066487656,0.0030302564518273965,0,1,1,1,1,0,0,0.96,0.005,4.573024772168114e-06,25.000114332411574,0,540.0
280,0.028,load_step,sensorless_adaptive_foc_baseline,94.2477796076938,-0.5229835833830423,94.77076319107684,0.35,0.004524355645367571,-0.00376739797247254,0.005887536113584325,-0.003298479920635874,0,1,1,1,1,0,0,0.96,0.005,5.256279055572263e-06,25.00011433170192,0,540.0
281,0.0281,load_step,sensorless_adaptive_foc_baseline,94.2477796076938,-0.5440861677302911,94.79186577542409,0.35,0.3680619635997366,0.00406451494967599,0.3680844051717893,0.004001102991459551,4,1,1,1,1,0,0,0.96,0.005,0.00011049098179722594,25.000114332044618,1,540.0
282,0.028200000000000003,load_step,sensorless_adaptive_foc_baseline,94.2477796076938,-0.5647502950833925,94.81252990277719,0.35,0.33409605804892667,0.004034639013216359,0.33412041888486665,0.003960921767630507,0,1,1,1,1,0,0,0.96,0.005,0.021773682283164373,25.000114549019226,1,540.0
283,0.028300000000000002,load_step,sensorless_adaptive_foc_baseline,94.2477796076938,-0.5854152393855846,94.83319484707938,0.35,0.3030215116234665,0.004021178295244471,0.30304819151655205,0.003936119183542713,0,1,1,1,1,0,0,0.96,0.005,0.014137287742121467,25.000114689628443,0,540.0
284,0.0284,load_step,sensorless_adaptive_foc_baseline,94.2477796076938,-0.6060800802560175,94.85385968794982,0.35,0.2745910247007955,0.004022618249326605,0.2746204877714201,0.003925176877360089,0,1,1,1,1,0,0,0.96,0.005,0.011857683916717994,25.000114807440685,0,540.0
285,0.0285,load_step,sensorless_adaptive_foc_baseline,94.2477796076938,-0.6267439882492791,94.87452359594307,0.35,0.2485784502190713,0.0040375692476019446,0.24861123844014874,0.00392670903612102,0,1,1,1,1,0,0,0.96,0.005,0.009848184810911126,25.00011490515715,0,540.0
286,0.0286,load_step,sensorless_adaptive_foc_baseline,94.2477796076938,-0.6474062169161647,94.89518582460997,0.35,0.22477698440826624,0.004064756968366111,0.22481373394186985,0.003939451325738804,0,1,1,1,1,0,0,0.96,0.005,0.008134703757284438,25.000114985738154,0,540.0
287,0.0287,load_step,sensorless_adaptive_foc_baseline,94.2477796076938,-0.6680660955275277,94.91584570322132,0.35,0.20299751227607846,0.004103013459758914,0.20303897337636334,0.003962250695789254,0,1,1,1,1,0,0,0.96,0.005,0.006695548940487658,25.00011505192707,0,540.0
288,0.028800000000000003,load_step,sensorless_adaptive_foc_baseline,94.2477796076938,-0.6887230224088116,94.93650263010261,0.35,0.18306709461178242,0.00415126883846644,0.18311415609550377,0.003994055996992806,0,1,1,1,1,0,0,0.96,0.005,0.005495667161294389,25.00011510611673,0,540.0
289,0.028900000000000002,load_step,sensorless_adaptive_foc_baseline,94.2477796076938,-0.7093764588365804,94.95715606653039,0.35,0.1648275844033287,0.004208543584134753,0.16488130403213097,0.004033909352470026,0,1,1,1,1,0,0,0.96,0.005,0.004499224257336354,25.0001151503416,0,540.0
290,0.029,load_step,sensorless_adaptive_foc_baseline,94.2477796076938,-0.7300259234518963,94.97780553114569,0.35,0.14813436159840743,0.004273941391988567,0.1481960042011588,0.004080938227119749,0,1,1,1,1,0,0,0.96,0.005,0.003673770815956198,25.00011518631164,0,540.0
291,0.0291,load_step,sensorless_adaptive_foc_baseline,94.2477796076938,-0.7506709871487255,94.99845059484252,0.35,0.1328551760869492,0.004346642547939351,0.13292626194448498,0.004134348142763445,0,1,1,1,1,0,0,0.96,0.005,0.002991247003871582,25.0001152154562,0,540.0
292,0.0292,load_step,sensorless_adaptive_foc_baseline,94.2477796076938,-0.7713112683986912,95.01909087609249,0.35,0.11886908964842487,0.004425897792241418,0.11895145667503461,0.004193415989961537,0,1,1,1,1,0,0,0.96,0.005,0.0024278626603309768,25.000115238966725,0,540.0
293,0.029300000000000003,load_step,sensorless_adaptive_foc_baseline,94.2477796076938,-0.7919464289764334,95.03972603667023,0.35,0.10606550839900453,0.004511022639501423,0.1061613931577454,0.004257483890595808,0,1,1,1,1,0,0,0.96,0.005,0.0019636264511741835,25.00011525783473,0,540.0
294,0.029400000000000003,load_step,sensorless_adaptive_foc_baseline,94.2477796076938,-0.8125761700525836,95.06035577774638,0.35,0.09434329799773242,0.004601392124557858,0.09445544286367454,0.004325953568396535,0,1,1,1,1,0,0,0.96,0.005,0.0015818094801392732,25.00011527288444,0,540.0
295,0.029500000000000002,load_step,sensorless_adaptive_foc_baseline,94.2477796076938,-0.83320022862393,95.08097983631772,0.35,0.08360997453294898,0.004696435945415549,0.08374177184649109,0.004398281187553276,0,1,1,1,1,0,0,0.96,0.005,0.001268441989669116,25.000115284800373,0,540.0
296,0.0296,load_step,sensorless_adaptive_foc_baseline,94.2477796076938,-0.853818374252734,95.10159798194654,0.35,0.07378096461569367,0.0047956339760400896,0.07393665427143963,0.004473972622370155,0,1,1,1,1,0,0,0.96,0.005,0.0010118715761380456,25.000115294150522,0,540.0
297,0.0297,load_step,sensorless_adaptive_foc_baseline,94.2477796076938,-0.8744304060893806,95.12221001378317,0.35,0.06477892876050696,0.004898512123384239,0.06496387482579667,0.004552579123602515,0,1,1,1,1,0,0,0.96,0.005,0.0008023858571373531,25.000115301405753,0,540.0
298,0.0298,load_step,sensorless_adaptive_foc_baseline,94.2477796076938,-0.8950361501546001,95.1428157578484,0.35,0.05653314264035833,0.00500463850452901,0.05675423000408089,0.004633693349637748,0,1,1,1,1,0,0,0.96,0.005,0.0006318940280586411,25.000115306956015,0,540.0
299,0.029900000000000003,load_step,sensorless_adaptive_foc_baseline,94.2477796076938,-0.9156354568594087,95.1634150645532,0.35,0.04897893126548204,0.0051136199212740395,0.04924515018362788,0.004716945733058746,0,1,1,1,1,0,0,0.96,0.005,0.0004936595723301744,25.0001153111239,0,540.0
300,0.030000000000000002,load_step,sensorless_adaptive_foc_baseline,94.2477796076938,-0.9362281987426784,95.18400780643648,0.35,0.04205715155930181,0.0052250986109033315,0.04238048669819339,0.004802001155355417,0,1,1,1,1,0,0,0.96,0.005,0.0003820764719307084,25.000115314175922,0,540.0
301,0.030100000000000002,load_step,sensorless_adaptive_foc_baseline,94.2477796076938,-0.9568142684078793,95.20459387610168,0.35,0.035713719191810746,0.005338749253182428,0.03611055222645961,0.0048885559046319745,0,1,1,1,1,0,0,0.96,0.005,0.0002924820638861625,25.000115316331982,0,540.0
302,0.0302,load_step,sensorless_adaptive_foc_baseline,94.2477796076938,-0.9773935766420437,95.22517318433584,0.35,0.029899175884881918,0.005454276214911336,0.03039259527621246,0.004976334893099998,0,1,1,1,1,0,0,0.96,0.005,0.00022100063722208568,25.00011531777321,0,540.0
303,0.0303,load_step,sensorless_adaptive_foc_baseline,94.2477796076938,-0.9979660507013896,95.2457456583952,0.35,0.024568293727761755,0.005571411014564186,0.025192095533853168,0.005065089112955511,0,1,1,1,1,0,0,0.96,0.005,0.00016441276589416605,25.000115318648554,0,540.0
304,0.0304,load_step,sensorless_adaptive_foc_baseline,94.2477796076938,-1.0185316327493268,95.26631124044313,0.35,0.0196797133371002,0.005689909990692392,0.020485755849678104,0.005154593310918958,0,1,1,1,1,0,0,0.96,0.005,0.00012004616796743176,25.000115319080223,0,540.0
305,0.030500000000000003,load_step,sensorless_adaptive_foc_baseline,94.2477796076938,-1.0390902784337481,95.28686988612755,0.35,0.015195612966651974,0.005809552158853733,0.01626829891902419,0.005244643863276539,0,1,1,1,1,0,0,0.96,0.005,8.568456168574021e-05,25.000115319168273,0,540.0
306,0.030600000000000002,load_step,sensorless_adaptive_foc_baseline,94.2477796076938,-1.0596419555915955,95.3074215632854,0.35,0.011081405919380097,0.00593013724285702,0.012568376381585337,0.005335056834706932,0,1,1,1,1,0,0,0.96,0.005,5.9491564032130765e-05,25.000115318994393,0,540.0
307,0.0307,load_step,sensorless_adaptive_foc_baseline,94.2477796076938,-1.080186643069692,95.3279662507635,0.35,0.007305463841131841,0.006051483867081837,0.009486319567020528,0.0054256662055155915,0,1,1,1,1,0,0,0.96,0.005,3.9947160451175684e-05,25.00011531862507,0,540.0
308,0.0308,load_step,sensorless_adaptive_foc_baseline,94.2477796076938,-1.100724329651756,95.34850393734555,0.35,0.00800329485609984,-0.0010395784803770125,0.00807052984447348,-0.000904965878718978,0,1,1,1,1,0,0,0.96,0.005,2.5794679204644358e-05,25.000115318114226,0,540.0
309,0.0309,load_step,sensorless_adaptive_foc_baseline,94.2477796076938,-1.1216392881340589,95.36941889582786,0.35,0.004468811203741291,-0.0003096231322363337,0.004479524534892015,-0.0002623576151043956,0,1,1,1,1,0,0,0.96,0.005,1.825686254204009e-05,25.000115317528007,0,540.0
310,0.031,load_step,sensorless_adaptive_foc_baseline,94.2477796076938,-1.1425141834944597,95.39029379118826,0.35,0.0012231313255438735,0.00036897043554326637,0.0012775716895077555,0.0003318314831646975,0,1,1,1,1,0,0,0.96,0.005,1.1308000175079451e-05,25.000115316872304,0,540.0
311,0.031100000000000003,load_step,sensorless_adaptive_foc_baseline,94.2477796076938,-1.1633519164037074,95.41113152409751,0.35,-0.0017584420772738278,0.0010004777313894389,0.0020231347533303987,0.0008817009347125116,0,1,1,1,1,0,0,0.96,0.005,5.635758883458425e-06,25.00011531615988,0,540.0
312,0.031200000000000002,load_step,sensorless_adaptive_foc_baseline,94.2477796076938,-1.1841551419784258,95.43193474967222,0.35,0.012159231119615593,0.001588812045075428,0.012262594551513356,0.00145017353497757,0,1,1,1,1,0,0,0.96,0.005,1.9940142854832335e-06,25.000115315411048,0,540.0
313,0.0313,load_step,sensorless_adaptive_foc_baseline,94.2477796076938,-1.204922749584521,95.45270235727833,0.35,0.008236943873415658,0.0021375552147691046,0.00850978182270182,0.0019206266557873232,0,1,1,1,1,0,0,0.96,0.005,1.3230780829939838e-05,25.000115314774586,0,540.0
314,0.031400000000000004,load_step,sensorless_adaptive_foc_baseline,94.2477796076938,-1.2256606078284327,95.47344021552223,0.35,0.004636641887789943,0.002650223467815774,0.005340611615252485,0.002357371694675648,0,1,1,1,1,0,0,0.96,0.005,1.4880219553744115e-05,25.000115314154623,0,540.0
315,0.0315,load_step,sensorless_adaptive_foc_baseline,94.2477796076938,-1.2463707362195946,95.49415034391339,0.35,0.001330790813677465,0.003129784660218038,0.0034009640117332127,0.0027632219188403425,0,1,1,1,1,0,0,0.96,0.005,1.090882264457171e-05,25.000115313494952,0,540.0
316,0.0316,load_step,sensorless_adaptive_foc_baseline,94.2477796076938,-1.267054985755342,95.51483459344914,0.35,0.0024586428269079935,-0.0036340501508622426,0.0043876240779364886,-0.0031860328931470182,0,1,1,1,1,0,0,0.96,0.005,6.337456257700231e-06,25.00011531278957,0,540.0
317,0.0317,load_step,sensorless_adaptive_foc_baseline,94.2477796076938,-1.2880936728198207,95.53587328051363,0.35,0.0034819653622834693,0.004607788724601484,0.005775448009869574,0.004061313733632089,0,1,1,1,1,0,0,0.96,0.005,4.578473491345908e-06,25.000115312066605,0,540.0
318,0.0318,load_step,sensorless_adaptive_foc_baseline,94.2477796076938,-1.3086970338235335,95.55647664151734,0.35,0.004409815488725616,-0.002261245360808119,0.004955774735233693,-0.0019614805072808474,0,1,1,1,1,0,0,0.96,0.005,5.830078370779242e-06,25.000115311356158,0,540.0
319,0.031900000000000005,load_step,sensorless_adaptive_foc_baseline,94.2477796076938,-1.3296592394584368,95.57743884715224,0.35,0.36379433401670297,-0.0013287223552790814,0.36379676052124743,0.0006169944963168148,4,1,1,1,1,0,0,0.96,0.005,0.0001072889473789753,25.000115311660306,1,540.0
320,0.032,load_step,sensorless_adaptive_foc_baseline,94.2477796076938,-1.3504655284875249,95.59824513618132,0.35,0.33018980186402835,-0.00046536712803238185,0.33019012980640433,0.0012874138852796487,0,1,1,1,1,0,0,0.96,0.005,0.021528765247007392,25.000115526179215,1,540.0
321,0.032100000000000004,load_step,sensorless_adaptive_foc_baseline,94.2477796076938,-1.371230098417178,95.61900970611097,0.35,0.2994459892217087,0.00034039750184078707,0.2994461826963685,0.0019106241891442698,0,1,1,1,1,0,0,0.96,0.005,0.01387714968523931,25.000115664180537,0,540.0
322,0.0322,load_step,sensorless_adaptive_foc_baseline,94.2477796076938,-1.3919557776294311,95.63973538532323,0.35,0.27131821140883816,0.0010930415957902415,0.2713204131318193,0.0024903542398331995,0,1,1,1,1,0,0,0.96,0.005,0.011607828084866474,25.000115779487725,0,540.0
323,0.0323,load_step,sensorless_adaptive_foc_baseline,94.2477796076938,-1.412645171141093,95.6604247788349,0.35,0.2455827129716027,0.0017966776640339095,0.2455892851105704,0.003030030231447171,0,1,1,1,1,0,0,0.96,0.005,0.009627366315385785,25.000115874989525,0,540.0
324,0.0324,load_step,sensorless_adaptive_foc_baseline,94.2477796076938,-1.4333006787319402,95.68108028642574,0.35,0.22203487750731252,0.0024550898972444616,0.22204845033481055,0.003532800216995165,0,1,1,1,1,0,0,0.96,0.005,0.007946200188879024,25.00011595367903,0,540.0
325,0.0325,load_step,sensorless_adaptive_foc_baseline,94.2477796076938,-1.4539245116055397,95.70170411929934,0.35,0.20048759060947383,0.0030717609420314825,0.20051112114712483,0.004001556649418768,0,1,1,1,1,0,0,0.96,0.005,0.006537210793229342,25.00011601827811,0,540.0
326,0.032600000000000004,load_step,sensorless_adaptive_foc_baseline,94.2477796076938,-1.4745187076998465,95.72229831539364,0.35,0.1807697428369314,0.003649896433708491,0.18080658635488672,0.004438957118394841,0,1,1,1,1,0,0,0.96,0.005,0.005363789821461923,25.000116071142553,0,540.0
327,0.0327,load_step,sensorless_adaptive_foc_baseline,94.2477796076938,-1.495085145755655,95.74286475344945,0.35,0.16272486073034795,0.004192447480500661,0.1627788589331793,0.004847443423317191,0,1,1,1,1,0,0,0.96,0.005,0.004389969497134026,25.00011611426844,0,540.0
328,0.0328,load_step,sensorless_adaptive_foc_baseline,94.2477796076938,-1.5156255582425664,95.76340516593636,0.35,0.1462098549236671,0.004702131275854554,0.14628544601338558,0.005229259112513599,0,1,1,1,1,0,0,0.96,0.005,0.0035836420168947063,25.000116149330765,0,540.0
329,0.0329,load_step,sensorless_adaptive_foc_baseline,94.2477796076938,-1.5361415432343477,95.78392115092815,0.35,0.1310938753350194,0.005181449999670399,0.13119623308027062,0.005586465609104043,0,1,1,1,1,0,0,0.96,0.005,0.0029172088154079353,25.000116177728525,0,540.0
330,0.033,load_step,sensorless_adaptive_foc_baseline,94.2477796076938,-1.556634575318344,95.80441418301214,0.35,0.11725726427815611,0.005632708154924922,0.11739247602447059,0.0059209570349067885,0,1,1,1,1,0,0,0.96,0.005,0.002367333392730885,25.000116200627343,0,540.0
331,0.033100000000000004,load_step,sensorless_adaptive_foc_baseline,94.2477796076938,-1.5771060156169316,95.82488562331073,0.35,0.10459059911891598,0.006058028473140631,0.10476589680346926,0.006234473835413638,0,1,1,1,1,0,0,0.96,0.005,0.0019144300532080438,25.000116218996972,0,540.0
332,0.0332,load_step,sensorless_adaptive_foc_baseline,94.2477796076938,-1.59755712099283,95.84533672868663,0.35,0.09299381681758717,0.0064593665103538905,0.09321788123540484,0.006528615301047444,0,1,1,1,1,0,0,0.96,0.005,0.0015421192733896811,25.00011623364337,0,540.0
333,0.0333,load_step,sensorless_adaptive_foc_baseline,94.2477796076938,-1.617989052504384,95.86576866019819,0.35,0.08237541335314641,0.006838524044520291,0.08265878136174773,0.0068048510726502216,0,1,1,1,1,0,0,0.96,0.005,0.0012367273896881597,25.000116245235755,0,540.0
334,0.0334,load_step,sensorless_adaptive_foc_baseline,94.2477796076938,-1.6384028831716646,95.88618249086547,0.35,0.07265171162444085,0.007197161375566687,0.07300733068553365,0.007064531712397376,0,1,1,1,1,0,0,0.96,0.005,0.0009868511298924342,25.0001162543293,0,540.0
335,0.0335,load_step,sensorless_adaptive_foc_baseline,94.2477796076938,-1.6587996051093663,95.90657921280317,0.35,0.06374619197119921,0.007536808620458691,0.06419018986582298,0.007308898415060642,0,1,1,1,1,0,0,0.96,0.005,0.0007829870383466179,25.00011626138414,0,540.0
336,0.033600000000000005,load_step,sensorless_adaptive_foc_baseline,94.2477796076938,-1.6791801360779979,95.9269597437718,0.35,0.05558887995874222,0.007858876087616023,0.05614165573286876,0.0075390919287213545,0,1,1,1,1,0,0,0.96,0.005,0.0006172192546477878,25.000116266781255,0,540.0
337,0.0337,load_step,sensorless_adaptive_foc_baseline,94.2477796076938,-1.699545325500719,95.94732493319452,0.35,0.048115786528404085,0.008164663807698886,0.04880359257615878,0.007756160748637934,0,1,1,1,1,0,0,0.96,0.005,0.0004829576482306718,25.00011627083572,0,540.0
338,0.033800000000000004,load_step,sensorless_adaptive_foc_baseline,94.2477796076938,-1.7198959599893604,95.96767556768316,0.35,0.04126839603459092,0.008455370291137354,0.04212569047538672,0.00796106864296994,0,1,1,1,1,0,0,0.96,0.005,0.00037471865087116503,25.000116273807766,0,540.0
339,0.0339,load_step,sensorless_adaptive_foc_baseline,94.2477796076938,-1.7402327684196524,95.98801237611346,0.35,0.034993198072538936,0.00873210057672116,0.03606623756126936,0.00815470156443096,0,1,1,1,1,0,0,0.96,0.005,0.00028794201182932096,25.000116275912028,0,540.0
340,0.034,load_step,sensorless_adaptive_foc_baseline,94.2477796076938,-1.7605564265924414,96.00833603428624,0.35,0.029241259351166,0.008995873630052808,0.030593741039794932,0.008337873997658826,0,1,1,1,1,0,0,0.96,0.005,0.00021883766820544534,25.000116277325233,0,540.0
341,0.0341,load_step,sensorless_adaptive_foc_baseline,94.2477796076938,-1.780867561514698,96.0286471692085,0.35,0.023967832185784608,0.009247629145642713,0.025689990745449347,0.008511334788131368,0,1,1,1,1,0,0,0.96,0.005,0.00016425782046389486,25.00011627819263,0,540.0
342,0.0342,load_step,sensorless_adaptive_foc_baseline,94.2477796076938,-1.8011667553313704,96.04894636302517,0.35,0.01913199647841646,0.009488233801845351,0.021355558291194836,0.008675772494797073,0,1,1,1,1,0,0,0.96,0.005,0.00012159008717707451,25.000116278633342,0,540.0
343,0.034300000000000004,load_step,sensorless_adaptive_foc_baseline,94.2477796076938,-1.821454548936613,96.06923415663042,0.35,0.014696332321363918,0.009718487013659518,0.017619057112531148,0.008831820305211856,0,1,1,1,1,0,0,0.96,0.005,8.866828157223859e-05,25.000116278744834,0,540.0
344,0.0344,load_step,sensorless_adaptive_foc_baseline,94.2477796076938,-1.8417314452905975,96.08951105298439,0.35,0.014791051778664242,0.0027261198466816093,0.015040177596610952,0.002572707487132863,0,1,1,1,1,0,0,0.96,0.005,6.369791638499328e-05,25.000116278606622,0,540.0
345,0.0345,load_step,sensorless_adaptive_foc_baseline,94.2477796076938,-1.8623813535884621,96.11016096128226,0.35,0.01070522413421089,0.003545387722918239,0.011277038523899378,0.0032650769046603913,0,1,1,1,1,0,0,0.96,0.005,4.779491905732234e-05,25.00011627830938,0,540.0
346,0.0346,load_step,sensorless_adaptive_foc_baseline,94.2477796076938,-1.8829882412260865,96.13076784891989,0.35,0.0069556047261985264,0.004304709822076826,0.008179912209761176,0.003902534238446041,0,1,1,1,1,0,0,0.96,0.005,3.34715251310277e-05,25.00011627786891,0,540.0
347,0.0347,load_step,sensorless_adaptive_foc_baseline,94.2477796076938,-1.9035553976631394,96.15133500535694,0.35,0.007677866473207282,-0.0022039508380635843,0.007987930450185554,-0.0018833176951060671,0,1,1,1,1,0,0,0.96,0.005,2.1781372357437537e-05,25.000116277311538,0,540.0
348,0.034800000000000005,load_step,sensorless_adaptive_foc_baseline,94.2477796076938,-1.9244672219565995,96.1722468296504,0.35,0.004166073146800829,-0.0009424677662240868,0.004271347674313855,-0.0007936357829702975,0,1,1,1,1,0,0,0.96,0.005,1.6428416703881032e-05,25.00011627670064,0,540.0
349,0.0349,load_step,sensorless_adaptive_foc_baseline,94.2477796076938,-1.945312228729413,96.1930918364232,0.35,0.0009415536038898929,0.0002211198871101484,0.0009671696818416353,0.00020603660993963565,0,1,1,1,1,0,0,0.96,0.005,1.034049586403187e-05,25.00011627602887,0,540.0
350,0.035,load_step,sensorless_adaptive_foc_baseline,94.2477796076938,-1.9660958096377064,96.21387541733151,0.35,-0.0020202734057031217,0.0012950203273370045,0.0023997046239083953,0.0011234254422992358,0,1,1,1,1,0,0,0.96,0.005,5.0694019719880146e-06,25.00011627530439,0,540.0
351,0.0351,load_step,sensorless_adaptive_foc_baseline,94.2477796076938,-1.986822893571707,96.23460250126551,0.35,0.007751408366431152,-0.004926258817480939,0.009184353956593113,-0.004262267373155751,0,1,1,1,1,0,0,0.96,0.005,1.7677767678543756e-06,25.000116274546897,0,540.0
352,0.0352,load_step,sensorless_adaptive_foc_baseline,94.2477796076938,-2.007870685984515,96.25565029367831,0.35,0.008361560881773741,0.0038107425035209955,0.009188985733352204,0.0034574125699823872,0,1,1,1,1,0,0,0.96,0.005,7.8158066198412e-06,25.00011627384989,0,540.0
353,0.035300000000000005,load_step,sensorless_adaptive_foc_baseline,94.2477796076938,-2.028454885359898,96.27623449305369,0.35,0.004747551019252104,0.004606735524441137,0.00661522886017934,0.0041112203538586365,0,1,1,1,1,0,0,0.96,0.005,1.2129864471675457e-05,25.00011627319603,0,540.0
354,0.0354,load_step,sensorless_adaptive_foc_baseline,94.2477796076938,-2.0489983768028557,96.29677798449666,0.35,0.005593929897249879,-0.0018687563275483936,0.00589782179343342,-0.0015732642982605482,0,1,1,1,1,0,0,0.96,0.005,1.082464744797114e-05,25.000116272529123,0,540.0
355,0.035500000000000004,load_step,sensorless_adaptive_foc_baseline,94.2477796076938,-2.0698804717049777,96.31766007939878,0.35,0.0021957423769762736,-0.0005773106327223037,0.002270368285698081,-0.00047861103867370946,0,1,1,1,1,0,0,0.96,0.005,9.374480003108265e-06,25.000116271847716,0,540.0
356,0.0356,load_step,sensorless_adaptive_foc_baseline,94.2477796076938,-2.090695453865685,96.33847506155948,0.35,0.36178374931486,0.0006133058939074732,0.3617842691611079,0.005229691948600349,4,1,1,1,1,0,0,0.96,0.005,0.00010367952385171966,25.000116272109366,1,540.0
357,0.0357,load_step,sensorless_adaptive_foc_baseline,94.2477796076938,-2.111167229557243,96.35894683725104,0.35,0.3283656629642084,0.001711549434343741,0.3283701235121586,0.005874818845889491,0,1,1,1,1,0,0,0.96,0.005,0.02140594545664814,25.000116485393672,1,540.0
358,0.0358,load_step,sensorless_adaptive_foc_baseline,94.2477796076938,-2.1315988254523206,96.37937843314612,0.35,0.29779269678042736,0.002734144316937476,0.29780524810839953,0.006474262796435818,0,1,1,1,1,0,0,0.96,0.005,0.013754995315326592,25.000116622167056,0,540.0
359,0.0359,load_step,sensorless_adaptive_foc_baseline,94.2477796076938,-2.1519929784845844,96.39977258617839,0.35,0.2698214913709571,0.0036867965499186636,0.2698466780867387,0.007031429727937708,0,1,1,1,1,0,0,0.96,0.005,0.011493965164563462,25.000116736329225,0,540.0
360,0.036000000000000004,load_step,sensorless_adaptive_foc_baseline,94.2477796076938,-2.1723522215533557,96.42013182924715,0.35,0.2442295038901428,0.004574775677194343,0.2442723462509048,0.007549471603366985,0,1,1,1,1,0,0,0.96,0.005,0.009529092115103183,25.000116830841904,0,540.0
361,0.0361,load_step,sensorless_adaptive_foc_baseline,94.2477796076938,-2.1926788987375305,96.44045850643133,0.35,0.2208132274541251,0.005402948456048484,0.22087931834086663,0.008031304417123821,0,1,1,1,1,0,0,0.96,0.005,0.007864322648541153,25.000116908706257,0,540.0
362,0.0362,load_step,sensorless_adaptive_foc_baseline,94.2477796076938,-2.212975179431371,96.46075478712517,0.35,0.19938656285968676,0.006175809896513596,0.19948218486089853,0.008479625072254398,0,1,1,1,1,0,0,0.96,0.005,0.006470334625185342,25.000116972630213,0,540.0
363,0.0363,load_step,sensorless_adaptive_foc_baseline,94.2477796076938,-2.2332430714692117,96.48102267916302,0.35,0.17977932957975387,0.006897511874362163,0.17991159777569296,0.008896927181910456,0,1,1,1,1,0,0,0.96,0.005,0.0053099468410815935,25.000117024949866,0,540.0
364,0.0364,load_step,sensorless_adaptive_foc_baseline,94.2477796076938,-2.2534844333035386,96.50126404099734,0.35,0.16183590412251625,0.007571889511960926,0.16201294199518018,0.00928551584160042,0,1,1,1,1,0,0,0.96,0.005,0.004347205990509226,25.00011706764176,0,540.0
365,0.036500000000000005,load_step,sensorless_adaptive_foc_baseline,94.2477796076938,-2.273700985298099,96.5214805929919,0.35,0.14541397486011828,0.008202485505090748,0.1456451332969294,0.009647521420877037,0,1,1,1,1,0,0,0.96,0.005,0.0035502069479756405,25.00011710236338,0,540.0
366,0.0366,load_step,sensorless_adaptive_foc_baseline,94.2477796076938,-2.2938943201947968,96.5416739278886,0.35,0.13038340336466553,0.008792572559110704,0.1306795362907303,0.009984912424174035,0,1,1,1,1,0,0,0.96,0.005,0.0028915938818230265,25.000117130498637,0,540.0
367,0.0367,load_step,sensorless_adaptive_foc_baseline,94.2477796076938,-2.3140659128101433,96.56184552050394,0.35,0.11662518314141479,0.009345174084403728,0.11699899837791924,0.010299507470753005,0,1,1,1,1,0,0,0.96,0.005,0.0023482612854315976,25.00011715320038,0,540.0
368,0.0368,load_step,sensorless_adaptive_foc_baseline,94.2477796076938,-2.334217129014032,96.58199673670784,0.35,0.10403048742825301,0.009863083288761777,0.10449699864838682,0.010592986443323228,0,1,1,1,1,0,0,0.96,0.005,0.001900827252174395,25.000117171427632,0,540.0
369,0.0369,load_step,sensorless_adaptive_foc_baseline,94.2477796076938,-2.354349234040649,96.60212884173446,0.35,0.0924997984431298,0.010348880793145233,0.09307691467646728,0.010866900853997039,0,1,1,1,1,0,0,0.96,0.005,0.0015330866376699831,25.000117185977356,0,540.0
370,0.037000000000000005,load_step,sensorless_adaptive_foc_baseline,94.2477796076938,-2.3744634001784037,96.6222430078722,0.35,0.0819421111127511,0.010804950886984896,0.08265141582141593,0.011122683474959073,0,1,1,1,1,0,0,0.96,0.005,0.001231513024410451,25.000117197511248,0,540.0
371,0.0371,load_step,sensorless_adaptive_foc_baseline,94.2477796076938,-2.394560713882934,96.64234032157674,0.35,0.07227420491173853,0.011233496529800316,0.07314199983531354,0.011361657279658877,0,1,1,1,1,0,0,0.96,0.005,0.0009848267371957088,25.0001172065782,0,540.0
372,0.037200000000000004,load_step,sensorless_adaptive_foc_baseline,94.2477796076938,-2.4146421823544864,96.66242179004828,0.35,0.06341997798636331,0.011636553197305928,0.06447870174022223,0.011585043738562454,0,1,1,1,1,0,0,0.96,0.005,0.0007836277851943882,25.0001172136331,0,540.0
373,0.0373,load_step,sensorless_adaptive_foc_baseline,94.2477796076938,-2.434708739618343,96.68248834731214,0.35,0.055309838235314726,0.012016001662294993,0.056600022098626065,0.011793970511585447,0,1,1,1,1,0,0,0.96,0.005,0.0006200868107817581,25.000117219052544,0,540.0
374,0.0374,load_step,sensorless_adaptive_foc_baseline,94.2477796076938,-2.4547612521444337,96.70254085983824,0.35,0.047880146475599544,0.0123735797933682,0.04945314856940574,0.011989478577331184,0,1,1,1,1,0,0,0.96,0.005,0.0004876859611993297,25.000117223147942,0,540.0
375,0.0375,load_step,sensorless_adaptive_foc_baseline,94.2477796076938,-2.474800524039876,96.72258013173368,0.35,0.041072707238462604,0.012710893447948965,0.04299458212544425,0.01217252883721491,0,1,1,1,1,0,0,0.96,0.005,0.0003810020415168526,25.000117226176474,0,540.0
376,0.0376,load_step,sensorless_adaptive_foc_baseline,94.2477796076938,-2.4948273018458997,96.7426069095397,0.35,0.03483430312120156,0.013029426529950662,0.03719132465561203,0.012344008230502523,0,1,1,1,1,0,0,0.96,0.005,0.0002955252212732987,25.00011722835022,0,540.0
377,0.037700000000000004,load_step,sensorless_adaptive_foc_baseline,94.2477796076938,-2.514842278968455,96.76262188666226,0.35,0.029116268969299846,0.0133305502768828,0.03202281513822783,0.01250473539425781,0,1,1,1,1,0,0,0.96,0.005,0.00022750754013950444,25.000117229843774,0,540.0
378,0.0378,load_step,sensorless_adaptive_foc_baseline,94.2477796076938,-2.5348460997697653,96.78262570746357,0.35,0.023874102481930184,0.01361553183606211,0.02748373112400363,0.012655465900194823,0,1,1,1,1,0,0,0.96,0.005,0.00017383635157812276,25.000117230800605,0,540.0
379,0.0379,load_step,sensorless_adaptive_foc_baseline,94.2477796076938,-2.554839363346175,96.80261897103998,0.35,0.019067108125311583,0.01388554218488974,0.023587346057381605,0.012796897098488094,0,1,1,1,1,0,0,0.96,0.005,0.00013192862137729287,25.00011723133835,0,540.0
380,0.038,load_step,sensorless_adaptive_foc_baseline,94.2477796076938,-2.574822627015829,96.82260223470963,0.35,0.018822502678840884,0.006928657067909235,0.020057240484664406,0.00655061079618897,0,1,1,1,1,0,0,0.96,0.005,9.964266012395029e-05,25.000117231553237,0,540.0
381,0.0381,load_step,sensorless_adaptive_foc_baseline,94.2477796076938,-2.595178157600579,96.84295776529439,0.35,0.014426616492768518,0.007779451590279637,0.01639045851936196,0.007224870876711706,0,1,1,1,1,0,0,0.96,0.005,7.624141067499248e-05,25.00011723153411,0,540.0
382,0.038200000000000005,load_step,sensorless_adaptive_foc_baseline,94.2477796076938,-2.615491773876237,96.86327138157004,0.35,0.010393765919176881,0.008566677211956893,0.01346916212822848,0.007843665854671434,0,1,1,1,1,0,0,0.96,0.005,5.631765427023167e-05,25.00011723131574,0,540.0
383,0.0383,load_step,sensorless_adaptive_foc_baseline,94.2477796076938,-2.635766798312283,96.88354640600609,0.35,0.010857322465797209,0.0020825655626104662,0.011055248999858656,0.0020661734057858916,0,1,1,1,1,0,0,0.96,0.005,4.041654664998959e-05,25.000117230938365,0,540.0
384,0.038400000000000004,load_step,sensorless_adaptive_foc_baseline,94.2477796076938,-2.6563860127853034,96.9041656204791,0.35,0.007109245943852088,0.0033654924861678146,0.00786561615924839,0.0031343995027952477,0,1,1,1,1,0,0,0.96,0.005,2.9742211937508044e-05,25.000117230454247,0,540.0
385,0.0385,load_step,sensorless_adaptive_foc_baseline,94.2477796076938,-2.676939716219364,96.92471932391317,0.35,0.0036690072366965627,0.0045476861183417795,0.005843206579771955,0.004112340197212098,0,1,1,1,1,0,0,0.96,0.005,2.0295312128502516e-05,25.000117229875663,0,540.0
386,0.0386,load_step,sensorless_adaptive_foc_baseline,94.2477796076938,-2.697433316680155,96.94521292437396,0.35,0.004674686612784244,-0.001575443218996137,0.004933023035018703,-0.0013004827735410385,0,1,1,1,1,0,0,0.96,0.005,1.2838634361497191e-05,25.000117229222518,0,540.0
387,0.038700000000000005,load_step,sensorless_adaptive_foc_baseline,94.2477796076938,-2.7182492671334413,96.96602887482724,0.35,0.0014225508332045042,3.738734882022955e-05,0.0014230420538067856,6.297070764608768e-05,0,1,1,1,1,0,0,0.96,0.005,8.990893834112356e-06,25.000117228530897,0,540.0
388,0.0388,load_step,sensorless_adaptive_foc_baseline,94.2477796076938,-2.738982023868387,96.98676163156219,0.35,-0.0015639841735544926,0.0015210651034710185,0.0021816703564301893,0.0013099670769436767,0,1,1,1,1,0,0,0.96,0.005,5.071077537421691e-06,25.000117227800082,0,540.0
389,0.038900000000000004,load_step,sensorless_adaptive_foc_baseline,94.2477796076938,-2.7596385625269377,97.00741817022075,0.35,0.008185626606576618,-0.004326568426110212,0.00925870818678874,-0.0036353842793714368,0,1,1,1,1,0,0,0.96,0.005,2.099659485379087e-06,25.00011722703956,0,540.0
390,0.039,load_step,sensorless_adaptive_foc_baseline,94.2477796076938,-2.7805894633254375,97.02836907101924,0.35,0.004611667745099329,-0.002462006960948154,0.005227710556921328,-0.0020636581586379594,0,1,1,1,1,0,0,0.96,0.005,8.238250816617302e-06,25.00011722634043,0,540.0
391,0.0391,load_step,sensorless_adaptive_foc_baseline,94.2477796076938,-2.801444696186051,97.04922430387985,0.35,0.0013309903938180652,-0.0007480591779351664,0.001526803183822003,-0.0006267919734797005,0,1,1,1,1,0,0,0.96,0.005,7.990824804128869e-06,25.000117225638828,0,540.0
392,0.0392,load_step,sensorless_adaptive_foc_baseline,94.2477796076938,-2.822212339006238,97.06999194670004,0.35,-0.0016815300094883525,0.0008279396041612096,0.001874307114895667,0.0006868548606537181,0,1,1,1,1,0,0,0.96,0.005,4.553838945388766e-06,25.000117224902862,0,540.0
393,0.0393,load_step,sensorless_adaptive_foc_baseline,94.2477796076938,-2.842899772444616,97.09067938013841,0.35,0.3749173810793448,0.002277583527317764,0.37492429905531405,0.01091191926138433,4,1,1,1,1,0,0,0.96,0.005,5.3855962817305015e-05,25.000117224659924,1,540.0
394,0.039400000000000004,load_step,sensorless_adaptive_foc_baseline,94.2477796076938,-2.8629737085059914,97.11075331619979,0.35,0.3404196408467927,0.003611486755483328,0.34043879730554266,0.011418112292077435,0,1,1,1,1,0,0,0.96,0.005,0.022009899421352595,25.00011744397742,1,540.0
395,0.0395,load_step,sensorless_adaptive_foc_baseline,94.2477796076938,-2.8830158096846072,97.13079541737841,0.35,0.30885981300384324,0.004852025534855147,0.30889792203988664,0.011890285203014026,0,1,1,1,1,0,0,0.96,0.005,0.014507713281070327,25.000117588271593,0,540.0
396,0.0396,load_step,sensorless_adaptive_foc_baseline,94.2477796076938,-2.903028114323697,97.1508077220175,0.35,0.27998658871411003,0.006006085546696712,0.2800510005755352,0.012330622534296388,0,1,1,1,1,0,0,0.96,0.005,0.012248279756285584,25.000117709970468,0,540.0
397,0.0397,load_step,sensorless_adaptive_foc_baseline,94.2477796076938,-2.9230125298784437,97.17079213757225,0.35,0.2535701565301551,0.007080043980767029,0.2536689797856587,0.012741183534600837,0,1,1,1,1,0,0,0.96,0.005,0.01020815012933732,25.000117811267234,0,540.0
398,0.0398,load_step,sensorless_adaptive_foc_baseline,94.2477796076938,-2.942970840423965,97.19075044811777,0.35,0.22940036351336693,0.008079806904122869,0.2295426105534064,0.01312390645651189,0,1,1,1,1,0,0,0.96,0.005,0.008450580177871259,25.00011789498763,0,540.0
399,0.039900000000000005,load_step,sensorless_adaptive_foc_baseline,94.2477796076938,-2.9629047139056732,97.21068432159947,0.35,0.20728503364791664,0.009010843888528115,0.20748079545346204,0.013480613230962198,0,1,1,1,1,0,0,0.96,0.005,0.00696752081081992,25.00011796387687,0,540.0
400,0.04,load_step,sensorless_adaptive_foc_baseline,94.2477796076938,-2.982815709109343,97.23059531680315,0.35,0.18704843009439093,0.009878220098634911,0.18730908796183202,0.013813014392764944,0,1,1,1,1,0,0,0.96,0.005,0.005728345024651772,25.000118020373897,0,540.0
401,0.040100000000000004,load_step,sensorless_adaptive_foc_baseline,94.2477796076938,-3.0027052823358753,97.25048489002968,0.35,0.16852984897955356,0.010686626027913175,0.1688683332449622,0.01412271415337,0,1,1,1,1,0,0,0.96,0.005,0.004698181424770473,25.00011806656891,0,540.0
402,0.0402,load_step,sensorless_adaptive_foc_baseline,94.2477796076938,-3.022574793771982,97.27035440146578,0.35,0.15158233347105765,0.011440405055305346,0.1520134424594101,0.014411215537142096,0,1,1,1,1,0,0,0.96,0.005,0.003844322926521779,25.000118104225027,0,540.0
403,0.0403,load_step,sensorless_adaptive_foc_baseline,94.2477796076938,-3.0424255135529994,97.2902051212468,0.35,0.13607149784831882,0.012143578982672047,0.1366122946048174,0.014679925514274593,0,1,1,1,1,0,0,0.96,0.005,0.0031380838511754134,25.000118134818504,0,540.0
404,0.040400000000000005,load_step,sensorless_adaptive_foc_baseline,94.2477796076938,-3.0622586275180668,97.31003823521186,0.35,0.12187445216079432,0.012799871701181591,0.12254476245462492,0.014930160077442942,0,1,1,1,1,0,0,0.96,0.005,0.002554992816970858,25.000118159580865,0,540.0
405,0.0405,load_step,sensorless_adaptive_foc_baseline,94.2477796076938,-3.0820752426610536,97.32985485035485,0.35,0.10887881886973456,0.013412731123799045,0.10970186212944516,0.015163149220915946,0,1,1,1,1,0,0,0.96,0.005,0.0020744284258585543,25.000118179537417,0,540.0
406,0.040600000000000004,load_step,sensorless_adaptive_foc_baseline,94.2477796076938,-3.1018763922830987,97.3496559999769,0.35,0.09698183360537671,0.013985349510875123,0.09798502972598575,0.0153800417904561,0,1,1,1,1,0,0,0.96,0.005,0.0016791120495644617,25.000118195540672,0,540.0
407,0.0407,load_step,sensorless_adaptive_foc_baseline,94.2477796076938,-3.1216630408545183,97.36944264854831,0.35,0.08608952284457096,0.01452068230645253,0.08730553337704793,0.015581910180274433,0,1,1,1,1,0,0,0.96,0.005,0.0013546058176512844,25.00011820829876,0,540.0
408,0.0408,load_step,sensorless_adaptive_foc_baseline,94.2477796076938,-3.1414360885952535,97.38921569628906,0.35,0.07611595192927224,0.015021465594235133,0.07758403551438964,0.01576975485982797,0,1,1,1,1,0,0,0.96,0.005,0.0010888630053251349,25.000118218399333,0,540.0
409,0.0409,load_step,sensorless_adaptive_foc_baseline,94.2477796076938,-3.161196375784066,97.40897598347787,0.35,0.06698253740908341,0.015490232274148145,0.06875032809860852,0.01594450871858771,0,1,1,1,1,0,0,0.96,0.005,0.0008718407276570203,25.00011822632962,0,540.0
410,0.041,load_step,sensorless_adaptive_foc_baseline,94.2477796076938,-3.180944686807395,97.4287242945012,0.35,0.058617418205739825,0.015929327053002013,0.06074327269309829,0.016107041221255378,0,1,1,1,1,0,0,0.96,0.005,0.0006951718380896099,25.00011823249316,0,540.0
411,0.041100000000000005,load_step,sensorless_adaptive_foc_baseline,94.2477796076938,-3.20068175395924,97.44846136165305,0.35,0.050954880568011236,0.01634092033591222,0.05351098514440674,0.016258162369427388,0,1,1,1,1,0,0,0.96,0.005,0.0005518890558374611,25.000118237223834,0,540.0
412,0.0412,load_step,sensorless_adaptive_foc_baseline,94.2477796076938,-3.2204082610036644,97.46818786869747,0.35,0.04393483221591315,0.016727021098779007,0.047011304137190645,0.016398626468535113,0,1,1,1,1,0,0,0.96,0.005,0.0004361938050297741,25.000118240797523,0,540.0
413,0.0413,load_step,sensorless_adaptive_foc_baseline,94.2477796076938,-3.240124846511605,97.4879044542054,0.35,0.037502321466638046,0.01708948881625424,0.04121255565222739,0.016529135701142863,0,1,1,1,1,0,0,0.96,0.005,0.0003432628330208906,25.00011824344188,0,540.0
414,0.0414,load_step,sensorless_adaptive_foc_baseline,94.2477796076938,-3.259832106983579,97.50761171467738,0.35,0.03160709749458988,0.0174300445141815,0.03609452955502895,0.016650343509460493,0,1,1,1,1,0,0,0.96,0.005,0.00026908656296738997,25.000118245344456,0,540.0
415,0.0415,load_step,sensorless_adaptive_foc_baseline,94.2477796076938,-3.2795305997697306,97.52731020746353,0.35,0.026203208206920504,0.017750281010457124,0.03164933800706455,0.016762857791302016,0,1,1,1,1,0,0,0.96,0.005,0.00021033403123045408,25.000118246659493,0,540.0
416,0.041600000000000005,load_step,sensorless_adaptive_foc_baseline,94.2477796076938,-3.299220845798393,97.54700045349219,0.35,0.025413063691005527,0.010838666025668181,0.027627893285212268,0.010513032336234065,0,1,1,1,1,0,0,0.96,0.005,0.0001642400677207778,25.000118247513583,0,540.0
417,0.0417,load_step,sensorless_adaptive_foc_baseline,94.2477796076938,-3.3192835930518667,97.56706320074566,0.35,0.02051859897556289,0.01173013881143247,0.023634911898618213,0.011157835164300595,0,1,1,1,1,0,0,0.96,0.005,0.0001297371298874492,25.000118248022638,0,540.0
418,0.041800000000000004,load_step,sensorless_adaptive_foc_baseline,94.2477796076938,-3.33930621132864,97.58708581902243,0.35,0.016030176697831952,0.012553825087565296,0.020360871525867904,0.011747728470817658,0,1,1,1,1,0,0,0.96,0.005,0.0001002399947577478,25.000118248236717,0,540.0
419,0.0419,load_step,sensorless_adaptive_foc_baseline,94.2477796076938,-3.359291989712878,97.60707159740667,0.35,0.01607748197211383,0.00610226427813,0.017196600125716326,0.005965188767431751,0,1,1,1,1,0,0,0.96,0.005,7.645639245449019e-05,25.00011824821296,0,540.0
420,0.042,load_step,sensorless_adaptive_foc_baseline,94.2477796076938,-3.379622282404749,97.62740189009855,0.35,0.011949104194809856,0.007414118349407414,0.01406236971343885,0.0070040303141548875,0,1,1,1,1,0,0,0.96,0.005,5.871475407268058e-05,25.000118248011788,0,540.0
421,0.042100000000000005,load_step,sensorless_adaptive_foc_baseline,94.2477796076938,-3.3998888447425806,97.64766845243638,0.35,0.012325929284390937,0.0014089110858947458,0.012406190518114866,0.0016547486148956272,0,1,1,1,1,0,0,0.96,0.005,4.360174714356161e-05,25.000118247659486,0,540.0
422,0.0422,load_step,sensorless_adaptive_foc_baseline,94.2477796076938,-3.420473971957801,97.6682535796516,0.35,0.008499139128638072,0.003128875040939209,0.009056777845887523,0.0030650256604870065,0,1,1,1,1,0,0,0.96,0.005,3.38437298865979e-05,25.000118247209606,0,540.0
423,0.042300000000000004,load_step,sensorless_adaptive_foc_baseline,94.2477796076938,-3.4409731210835113,97.68875272877732,0.35,0.004987564379177272,0.004709806647381428,0.006859888999987992,0.0043528444493941675,0,1,1,1,1,0,0,0.96,0.005,2.4076012918889094e-05,25.00011824666205,0,540.0
424,0.0424,load_step,sensorless_adaptive_foc_baseline,94.2477796076938,-3.461393627107612,97.70917323480141,0.35,0.005928626760028222,-0.0010496560297899435,0.006020829929552662,-0.0007310971343501107,0,1,1,1,1,0,0,0.96,0.005,1.59277098943917e-05,25.00011824603302,0,540.0
425,0.0425,load_step,sensorless_adaptive_foc_baseline,94.2477796076938,-3.4821168071888176,97.72989641488262,0.35,0.002617993043081674,0.0008947259278960908,0.0027666626212231884,0.0008825301133242684,0,1,1,1,1,0,0,0.96,0.005,1.1879670095328466e-05,25.00011824536351,0,540.0
426,0.0426,load_step,sensorless_adaptive_foc_baseline,94.2477796076938,-3.502741829300549,97.75052143699435,0.35,-0.00042139831499202147,0.002680583535940589,0.0027135041243812152,0.002355551845292354,0,1,1,1,1,0,0,0.96,0.005,7.3026480435335326e-06,25.000118244648235,0,540.0
427,0.0427,load_step,sensorless_adaptive_foc_baseline,94.2477796076938,-3.523277115369615,97.77105672306341,0.35,0.00928048793282002,-0.0028917687544268676,0.00972058551735941,-0.002223633688018948,0,1,1,1,1,0,0,0.96,0.005,3.799686973976203e-06,25.000118243897933,0,540.0
428,0.042800000000000005,load_step,sensorless_adaptive_foc_baseline,94.2477796076938,-3.5440848600965005,97.7918644677903,0.35,0.00566347242503574,-0.00077655962887877,0.005716464358879931,-0.00048025984247592585,0,1,1,1,1,0,0,0.96,0.005,1.033887025405512e-05,25.00011824321303,0,540.0
429,0.0429,load_step,sensorless_adaptive_foc_baseline,94.2477796076938,-3.564786675811704,97.8125662835055,0.35,0.002344053009384957,0.0011655853079710116,0.002617856684573193,0.0011109961104424787,0,1,1,1,1,0,0,0.96,0.005,9.881155244988098e-06,25.000118242523556,0,540.0
430,0.043000000000000003,load_step,sensorless_adaptive_foc_baseline,94.2477796076938,-3.5853916739848546,97.83317128167866,0.35,-0.0007032907550545386,0.002949212106083818,0.003031908628705115,0.0025632758740518967,0,1,1,1,1,0,0,0.96,0.005,6.254233705948459e-06,25.000118241797814,0,540.0
431,0.0431,load_step,sensorless_adaptive_foc_baseline,94.2477796076938,-3.6059081789344964,97.8536877866283,0.35,0.008991403100226204,-0.0026253674315918946,0.009366850263648972,-0.0019623247467272543,0,1,1,1,1,0,0,0.96,0.005,3.3244132478732492e-06,25.00011824104278,0,540.0
432,0.0432,load_step,sensorless_adaptive_foc_baseline,94.2477796076938,-3.6266939372537306,97.87447354494753,0.35,0.005367888370331058,-0.0005123842019294934,0.005392287374270992,-0.00024296504032743073,0,1,1,1,1,0,0,0.96,0.005,9.538560410523769e-06,25.00011824034989,0,540.0
433,0.043300000000000005,load_step,sensorless_adaptive_foc_baseline,94.2477796076938,-3.647375205350744,97.89515481304454,0.35,0.36475113107164436,0.0014275426466293219,0.3647539245793688,0.01540716653275656,4,1,1,1,1,0,0,0.96,0.005,0.0001324906531351914,25.00011824088653,1,540.0
434,0.0434,load_step,sensorless_adaptive_foc_baseline,94.2477796076938,-3.6671183192599024,97.9148979269537,0.35,0.3311470288874261,0.003208956232457977,0.3311625766010882,0.01585310485958582,0,1,1,1,1,0,0,0.96,0.005,0.02165349671965349,25.000118456633224,1,540.0
435,0.043500000000000004,load_step,sensorless_adaptive_foc_baseline,94.2477796076938,-3.686833229581477,97.93461283727528,0.35,0.30040512068135816,0.00486056981060859,0.30044444023889866,0.016268958519136227,0,1,1,1,1,0,0,0.96,0.005,0.013964894282968163,25.000118595492456,0,540.0
436,0.0436,load_step,sensorless_adaptive_foc_baseline,94.2477796076938,-3.7065217388668024,97.9543013465606,0.35,0.2722805481505834,0.0063920826757435725,0.27235556836994484,0.016656422504686085,0,1,1,1,1,0,0,0.96,0.005,0.011684745451817125,25.000118711549273,0,540.0
437,0.0437,load_step,sensorless_adaptive_foc_baseline,94.2477796076938,-3.7261855480936785,97.97396515578748,0.35,0.2465494005398313,0.0078124714895721065,0.24667314733737342,0.017017126031735788,0,1,1,1,1,0,0,0.96,0.005,0.009697552596514994,25.00011880773339,0,540.0
438,0.0438,load_step,sensorless_adaptive_foc_baseline,94.2477796076938,-3.745826260610576,97.99360586830437,0.35,0.22300692265694042,0.009130043665574612,0.22319373927208153,0.01735262971950363,0,1,1,1,1,0,0,0.96,0.005,0.008011699582303269,25.000118887058335,0,540.0
439,0.0439,load_step,sensorless_adaptive_foc_baseline,94.2477796076938,-3.7654453862492057,98.01322499394301,0.35,0.20146587618053732,0.010352486842494511,0.20173168627911586,0.017664424010129697,0,1,1,1,1,0,0,0.96,0.005,0.006599189081794904,25.000118952257644,0,540.0
440,0.044000000000000004,load_step,sensorless_adaptive_foc_baseline,94.2477796076938,-3.785044345531377,98.03282395322518,0.35,0.181755041147165,0.011486914731295603,0.18211766578904887,0.017953928590616598,0,1,1,1,1,0,0,0.96,0.005,0.0054230082407262445,25.00011900569471,0,540.0
441,0.0441,load_step,sensorless_adaptive_foc_baseline,94.2477796076938,-3.8046244739101227,98.05240408160392,0.35,0.16371784562680367,0.012539909599596864,0.16419738825404007,0.018222492620655204,0,1,1,1,1,0,0,0.96,0.005,0.004446978843651772,25.000119049371126,0,540.0
442,0.0442,load_step,sensorless_adaptive_foc_baseline,94.2477796076938,-3.824187025996868,98.07196663369066,0.35,0.1472111126214059,0.013517561638424434,0.14783043039875401,0.018471395601694862,0,1,1,1,1,0,0,0.96,0.005,0.003638866288943703,25.000119084966126,0,540.0
443,0.0443,load_step,sensorless_adaptive_foc_baseline,94.2477796076938,-3.8437331797362617,98.09151278743006,0.35,0.1321039141590647,0.014425505438349976,0.13288919949829406,0.01870184874983022,0,1,1,1,1,0,0,0.96,0.005,0.0029709848885242553,25.000119113882075,0,540.0
444,0.0444,load_step,sensorless_adaptive_foc_baseline,94.2477796076938,-3.863264040498531,98.11104364819234,0.35,0.1182765234141227,0.01526895378561046,0.11925802673463377,0.018914996758051684,0,1,1,1,1,0,0,0.96,0.005,0.0024199499960040954,25.000119137287484,0,540.0
445,0.044500000000000005,load_step,sensorless_adaptive_foc_baseline,94.2477796076938,-3.88278064506606,98.13056025275986,0.35,0.10561945646792517,0.0160527289735318,0.10683239065039034,0.01911191985279994,0,1,1,1,1,0,0,0.96,0.005,0.001966130502495217,25.00011915615454,0,540.0
446,0.0446,load_step,sensorless_adaptive_foc_baseline,94.2477796076938,-3.9022839654965917,98.1500635731904,0.35,0.09403259604218629,0.016781291810415377,0.09551827507476934,0.019293636066119512,0,1,1,1,1,0,0,0.96,0.005,0.0015931052348961037,25.000119171291217,0,540.0
447,0.044700000000000004,load_step,sensorless_adaptive_foc_baseline,94.2477796076938,-3.9217749128501564,98.16955452054395,0.35,0.08342439019284965,0.017458768491914235,0.08523166944453855,0.019461103658492133,0,1,1,1,1,0,0,0.96,0.005,0.001287164176275092,25.000119183368383,0,540.0
448,0.0448,load_step,sensorless_adaptive_foc_baseline,94.2477796076938,-3.9412543407707226,98.18903394846453,0.35,0.07371111955213974,0.018088975493744528,0.07589822250911497,0.01961522363903899,0,1,1,1,1,0,0,0.96,0.005,0.001036873093069499,25.00011919294256,0,540.0
449,0.0449,load_step,sensorless_adaptive_foc_baseline,94.2477796076938,-3.9607230489167553,98.20850265661056,0.35,0.06481622725502338,0.01867544262928121,0.06745306125725066,0.019756842339548535,0,1,1,1,1,0,0,0.96,0.005,0.0008327025058707405,25.000119200474966,0,540.0
450,0.045000000000000005,load_step,sensorless_adaptive_foc_baseline,94.2477796076938,-3.9801817862374684,98.22796139393127,0.35,0.05666970618785631,0.019221434406107296,0.059840781579506834,0.01988675400699176,0,1,1,1,1,0,0,0.96,0.005,0.0006667148481837476,25.000119206347446,0,540.0
451,0.0451,load_step,sensorless_adaptive_foc_baseline,94.2477796076938,-3.9996312540936816,98.24741086178749,0.35,0.04920753865572004,0.019729969805864327,0.053015597413350914,0.020005703386074825,0,1,1,1,1,0,0,0.96,0.005,0.000532301974752714,25.000119210875756,0,540.0
452,0.045200000000000004,load_step,sensorless_adaptive_foc_baseline,94.2477796076938,-4.0190721092238855,98.26685171691769,0.35,0.042371183984355555,0.02020384060273431,0.04694158505351949,0.020114388269147618,0,1,1,1,1,0,0,0.96,0.005,0.00042396542163668753,25.00011921432067,0,540.0
453,0.0453,load_step,sensorless_adaptive_foc_baseline,94.2477796076938,-4.038504966557483,98.28628457425128,0.35,0.036107109956209436,0.020645628327516045,0.04159285225165174,0.020213461995612515,0,1,1,1,1,0,0,0.96,0.005,0.0003371326604372787,25.000119216897232,0,540.0
454,0.0454,load_step,sensorless_adaptive_foc_baseline,94.2477796076938,-4.057930401878239,98.30571000957204,0.35,0.03036636433084562,0.02105771997649632,0.03695326309383497,0.020303535887002573,0,1,1,1,1,0,0,0.96,0.005,0.00026800353950113257,25.000119218782487,0,540.0
455,0.0455,load_step,sensorless_adaptive_foc_baseline,94.2477796076938,-4.077348954341807,98.3251285620356,0.35,0.02926861419470235,0.014229316179189749,0.03254420402784009,0.014119889884055105,0,1,1,1,1,0,0,0.96,0.005,0.00021342199577964162,25.000119220121913,0,540.0
456,0.0456,load_step,sensorless_adaptive_foc_baseline,94.2477796076938,-4.097136068466948,98.34491567616075,0.35,0.0240932866886389,0.015196032503232787,0.02848518680472803,0.014734699502883895,0,1,1,1,1,0,0,0.96,0.005,0.00017112251387577145,25.00011922103834,0,540.0
457,0.045700000000000005,load_step,sensorless_adaptive_foc_baseline,94.2477796076938,-4.116884869703861,98.36466447739767,0.35,0.023512953790501567,0.008874647139127554,0.025132018577867694,0.009050124351996536,0,1,1,1,1,0,0,0.96,0.005,0.0001353874349296895,25.000119221597405,0,540.0
458,0.0458,load_step,sensorless_adaptive_foc_baseline,94.2477796076938,-4.1369723408728625,98.38475194856666,0.35,0.018811122273720924,0.010304850635683163,0.021448735809380913,0.010099696324743664,0,1,1,1,1,0,0,0.96,0.005,0.0001082409532997863,25.000119221885004,0,540.0
459,0.0459,load_step,sensorless_adaptive_foc_baseline,94.2477796076938,-4.156995458193377,98.40477506588718,0.35,0.014499669328157118,0.011620154514648285,0.01858139934370394,0.011056437102264895,0,1,1,1,1,0,0,0.96,0.005,8.429542951766321e-05,25.000119221933147,0,540.0
460,0.046,load_step,sensorless_adaptive_foc_baseline,94.2477796076938,-4.176959781992395,98.4247393896862,0.35,0.014709586410320495,0.005617075246138183,0.01574558562529396,0.005718103124622674,0,1,1,1,1,0,0,0.96,0.005,6.472032279733577e-05,25.00011922178554,0,540.0
461,0.0461,load_step,sensorless_adaptive_foc_baseline,94.2477796076938,-4.197242038735624,98.44502164642942,0.35,0.010730660206131929,0.00733791652724643,0.012999695666449259,0.007048673047872001,0,1,1,1,1,0,0,0.96,0.005,5.0295498103043416e-05,25.000119221493684,0,540.0
462,0.046200000000000005,load_step,sensorless_adaptive_foc_baseline,94.2477796076938,-4.217443110645924,98.46522271833973,0.35,0.011244948743308319,0.0017055721413224867,0.011373559186502997,0.0020764793571182265,0,1,1,1,1,0,0,0.96,0.005,3.7747585585647866e-05,25.00011922107635,0,540.0
463,0.0463,load_step,sensorless_adaptive_foc_baseline,94.2477796076938,-4.237940186040808,98.4857197937346,0.35,0.007544626943627648,0.0037653219186229462,0.00843202495663851,0.0037158086972365785,0,1,1,1,1,0,0,0.96,0.005,2.9518527429245766e-05,25.000119220576728,0,540.0
464,0.046400000000000004,load_step,sensorless_adaptive_foc_baseline,94.2477796076938,-4.258337582724188,98.506117190418,0.35,0.004149510950862146,0.0056557881700067345,0.007014726007144755,0.005210120094460678,0,1,1,1,1,0,0,0.96,0.005,2.120520127998449e-05,25.000119219993977,0,540.0
465,0.0465,load_step,sensorless_adaptive_foc_baseline,94.2477796076938,-4.278643986796653,98.52642359449045,0.35,0.005197844975565387,0.00017815829755198374,0.005200897304215587,0.0004272989899307405,0,1,1,1,1,0,0,0.96,0.005,1.4540557441128455e-05,25.000119219344583,0,540.0
466,0.0466,load_step,sensorless_adaptive_foc_baseline,94.2477796076938,-4.299235053463035,98.54701466115684,0.35,0.0019860506785939064,0.002379006098962257,0.003099042967892335,0.002198850272270375,0,1,1,1,1,0,0,0.96,0.005,1.058062451990852e-05,25.000119218655595,0,540.0
467,0.046700000000000005,load_step,sensorless_adaptive_foc_baseline,94.2477796076938,-4.319718521517137,98.56749812921093,0.35,0.003202265313076297,-0.002814870142158047,0.004263566236443911,-0.002302929264817069,0,1,1,1,1,0,0,0.96,0.005,6.7273105139353415e-06,25.000119217928077,0,540.0
468,0.0468,load_step,sensorless_adaptive_foc_baseline,94.2477796076938,-4.34046981993208,98.58824942762588,0.35,0.004308646308914684,0.006858384193329083,0.008099497932503617,0.006248158390782774,0,1,1,1,1,0,0,0.96,0.005,5.4349724346256975e-06,25.000119217187642,0,540.0
469,0.046900000000000004,load_step,sensorless_adaptive_foc_baseline,94.2477796076938,-4.3607077933932015,98.608487401087,0.35,0.005314890403323749,0.001294072830441824,0.005470163113640268,0.0014227290857143754,0,1,1,1,1,0,0,0.96,0.005,8.386445280845415e-06,25.000119216476726,0,540.0
470,0.047,load_step,sensorless_adaptive_foc_baseline,94.2477796076938,-4.38123298454759,98.6290125922414,0.35,0.0020646342616613507,0.00341546400376251,0.003991003507317846,0.0030989751124694768,0,1,1,1,1,0,0,0.96,0.005,8.690705242475512e-06,25.000119215768855,0,540.0
471,0.0471,load_step,sensorless_adaptive_foc_baseline,94.2477796076938,-4.401656285591071,98.64943589328487,0.35,0.3659542363645335,-0.0018512622582426293,0.3659589188489572,0.01878817731485248,4,1,1,1,1,0,0,0.96,0.005,0.00011158897254491621,25.000119216089974,1,540.0
472,0.0472,load_step,sensorless_adaptive_foc_baseline,94.2477796076938,-4.421139114127048,98.66891872182084,0.35,0.33231261489908615,0.0005421763979793778,0.3323130571860138,0.019235540521406292,0,1,1,1,1,0,0,0.96,0.005,0.02162724015562025,25.0001194315676,1,540.0
473,0.0473,load_step,sensorless_adaptive_foc_baseline,94.2477796076938,-4.440593673803132,98.68837328149694,0.35,0.30153732125785515,0.002755598875717193,0.30154991201545195,0.01965160751194355,0,1,1,1,1,0,0,0.96,0.005,0.01400897592223112,25.00011957086115,0,540.0
474,0.047400000000000005,load_step,sensorless_adaptive_foc_baseline,94.2477796076938,-4.460021839679496,98.7078014473733,0.35,0.2733831024231062,0.004802686635655152,0.27342528502207486,0.02003803217513514,0,1,1,1,1,0,0,0.96,0.005,0.011748348670452005,25.000119687547496,0,540.0
475,0.0475,load_step,sensorless_adaptive_foc_baseline,94.2477796076938,-4.479425387697071,98.72720499539088,0.35,0.24762568976277502,0.0066960849774337925,0.24771620815868128,0.020396423144558383,0,1,1,1,1,0,0,0.96,0.005,0.009763047786240337,25.000119784380058,0,540.0
476,0.0476,load_step,sensorless_adaptive_foc_baseline,94.2477796076938,-4.498805997393401,98.7465856050872,0.35,0.22406000366911472,0.008447480921589442,0.22421919003092558,0.0207283372241946,0,1,1,1,1,0,0,0.96,0.005,0.0080731712526909,25.00011986431321,0,540.0
477,0.0477,load_step,sensorless_adaptive_foc_baseline,94.2477796076938,-4.518165255011735,98.76594486270554,0.35,0.2024985117945747,0.010067675283329127,0.20274862604868144,0.021035274626361816,0,1,1,1,1,0,0,0.96,0.005,0.00665514357618291,25.000119930065548,0,540.0
478,0.0478,load_step,sensorless_adaptive_foc_baseline,94.2477796076938,-4.537504656894865,98.78528426458867,0.35,0.18276972774500777,0.011566649368134011,0.18313536184360904,0.02131867570334248,0,1,1,1,1,0,0,0.96,0.005,0.005473526378755699,25.000119984001277,0,540.0
479,0.047900000000000005,load_step,sensorless_adaptive_foc_baseline,94.2477796076938,-4.55682561307429,98.8046052207681,0.35,0.16471683821428343,0.012953626687522077,0.16522540130279637,0.02157991890428091,0,1,1,1,1,0,0,0.96,0.005,0.004492635725926449,25.00012002812774,0,540.0
480,0.048,load_step,sensorless_adaptive_foc_baseline,94.2477796076938,-4.576129450981374,98.82390905867517,0.35,0.14819644757233522,0.014237130063968411,0.148878752498529,0.021820319731531708,0,1,1,1,1,0,0,0.96,0.005,0.003680335053070618,25.0001200641309,0,540.0
481,0.048100000000000004,load_step,sensorless_adaptive_foc_baseline,94.2477796076938,-4.595417419220675,98.84319702691448,0.35,0.1330774298585846,0.01542503446680103,0.13396840682066985,0.02204113050670059,0,1,1,1,1,0,0,0.96,0.005,0.003008919590359538,25.000120093419667,0,540.0
482,0.0482,load_step,sensorless_adaptive_foc_baseline,94.2477796076938,-4.614690691356988,98.86247029905078,0.35,0.11923987899229185,0.016524615895710016,0.12037944871362867,0.022243540787150615,0,1,1,1,1,0,0,0.96,0.005,0.0024549183851660045,25.00012011716823,0,540.0
483,0.0483,load_step,sensorless_adaptive_foc_baseline,94.2477796076938,-4.633950369677162,98.88172997737097,0.35,0.10657414879736823,0.01754259660517729,0.10800829545704146,0.022428678299581308,0,1,1,1,1,0,0,0.96,0.005,0.001998612653941795,25.000120136353576,0,540.0
484,0.048400000000000006,load_step,sensorless_adaptive_foc_baseline,94.2477796076938,-4.653197488895772,98.90097709658957,0.35,0.09497997515802725,0.01848518694151517,0.09676206807051117,0.022597610279150058,0,1,1,1,1,0,0,0.96,0.005,0.0016235036117784691,25.000120151787705,0,540.0
485,0.0485,load_step,sensorless_adaptive_foc_baseline,94.2477796076938,-4.672433019780359,98.92021262747416,0.35,0.08436567327891484,0.0193581240441746,0.08655809490922416,0.022751345121096143,0,1,1,1,1,0,0,0.96,0.005,0.0013158148819021993,25.000120164144843,0,540.0
486,0.048600000000000004,load_step,sensorless_adaptive_foc_baseline,94.2477796076938,-4.691657872677555,98.93943748037135,0.35,0.07464740362446046,0.020166707644420377,0.07732354728728265,0.02289083426745899,0,1,1,1,1,0,0,0.96,0.005,0.0010640562802984085,25.00012017398431,0,540.0
487,0.0487,load_step,sensorless_adaptive_foc_baseline,94.2477796076938,-4.710872900926028,98.95865250861983,0.35,0.06574850066184729,0.020915833177278714,0.0689951985052633,0.023016974264698672,0,1,1,1,1,0,0,0.96,0.005,0.0008586514266409317,25.000120181769663,0,540.0
488,0.0488,load_step,sensorless_adaptive_foc_baseline,94.2477796076938,-4.730078904146027,98.97785851183983,0.35,0.05759885903464726,0.021610022406723196,0.061519278527240914,0.023130608939180404,0,1,1,1,1,0,0,0.96,0.005,0.000691623535825603,25.000120187884686,0,540.0
489,0.0489,load_step,sensorless_adaptive_foc_baseline,94.2477796076938,-4.74927663139849,98.99705623909229,0.35,0.050134372253792504,0.022253451749302572,0.05485135728530678,0.02323253164690226,0,1,1,1,1,0,0,0.96,0.005,0.0005563317039174076,25.00012019264675,0,540.0
490,0.049,load_step,sensorless_adaptive_foc_baseline,94.2477796076938,-4.768466784209268,99.01624639190307,0.35,0.043296419412889246,0.022849978467732002,0.048956117594766736,0.023323487561784265,0,1,1,1,1,0,0,0.96,0.005,0.00044725011967382825,25.00012019631797,0,540.0
491,0.049100000000000005,load_step,sensorless_adaptive_foc_baseline,94.2477796076938,-4.787650019456188,99.03542962715,0.35,0.03703139581926648,0.023403164893290876,0.04380676207328898,0.023404175973522894,0,1,1,1,1,0,0,0.96,0.005,0.0003597834335392032,25.000120199114495,0,540.0
492,0.0492,load_step,sensorless_adaptive_foc_baseline,94.2477796076938,-4.806826952118369,99.05460655981217,0.35,0.03545471495755894,0.016703294446201607,0.0391923061081925,0.01728659026728712,0,1,1,1,1,0,0,0.96,0.005,0.0002901124561070117,25.00012020121429,0,540.0
493,0.049300000000000004,load_step,sensorless_adaptive_foc_baseline,94.2477796076938,-4.826368511699004,99.0741481193928,0.35,0.029841915034218035,0.017786980183170247,0.034740704612111414,0.01788384126368798,0,1,1,1,1,0,0,0.96,0.005,0.00023675232555107174,25.000120202780472,0,540.0
494,0.0494,load_step,sensorless_adaptive_foc_baseline,94.2477796076938,-4.84587282803449,99.09365243572829,0.35,0.02886207983604345,0.011571952734478665,0.031095493926791933,0.012257102710930057,0,1,1,1,1,0,0,0.96,0.005,0.0001908269766899645,25.00012020388739,0,540.0
495,0.0495,load_step,sensorless_adaptive_foc_baseline,94.2477796076938,-4.865712371917432,99.11349197961124,0.35,0.023795453937263712,0.013098743153281151,0.027162487004618503,0.013282328359947703,0,1,1,1,1,0,0,0.96,0.005,0.00015563513151857565,25.000120204642382,0,540.0
496,0.049600000000000005,load_step,sensorless_adaptive_foc_baseline,94.2477796076938,-4.88548903797992,99.13326864567372,0.35,0.019150999805604287,0.014501671066940402,0.024022057723850215,0.014214802433978643,0,1,1,1,1,0,0,0.96,0.005,0.00012431807828568102,25.000120205084198,0,540.0
497,0.0497,load_step,sensorless_adaptive_foc_baseline,94.2477796076938,-4.905208381670752,99.15298798936455,0.35,0.019056971492452043,0.008577960650215937,0.020898554289251275,0.008927366557895517,0,1,1,1,1,0,0,0.96,0.005,9.852005433140667e-05,25.00012020526803,0,540.0
498,0.049800000000000004,load_step,sensorless_adaptive_foc_baseline,94.2477796076938,-4.925242631186041,99.17302223887984,0.35,0.014800653884071615,0.010370567958409805,0.018072300218181424,0.010228011547126444,0,1,1,1,1,0,0,0.96,0.005,7.883503060647344e-05,25.000120205255012,0,540.0
499,0.0499,load_step,sensorless_adaptive_foc_baseline,94.2477796076938,-4.9451975057484825,99.19297711344228,0.35,0.015061885780510405,0.004803021746721891,0.01580915624455097,0.005301199301501292,0,1,1,1,1,0,0,0.96,0.005,6.183959978129226e-05,25.00012020507204,0,540.0
500,0.05,load_step,sensorless_adaptive_foc_baseline,94.2477796076938,-4.965445686907622,99.21322529460143,0.35,0.01113074094228919,0.006921150135435795,0.013107086370417942,0.006905909062091707,0,1,1,1,1,0,0,0.96,0.005,4.943663446648219e-05,25.00012020476504,0,540.0
501,0.050100000000000006,load_step,sensorless_adaptive_foc_baseline,94.2477796076938,-4.985596280249479,99.23337588794328,0.35,0.011689614063767161,0.0016511083749620387,0.011805644235944634,0.0022827177405621707,0,1,1,1,1,0,0,0.96,0.005,3.78768341706814e-05,25.000120204342444,0,540.0
502,0.0502,load_step,sensorless_adaptive_foc_baseline,94.2477796076938,-5.006021995284477,99.25380160297827,0.35,0.008030913947880452,0.004041125657284866,0.008990343453741176,0.004137999198136145,0,1,1,1,1,0,0,0.96,0.005,3.062640983647843e-05,25.000120203847345,0,540.0
503,0.050300000000000004,load_step,sensorless_adaptive_foc_baseline,94.2477796076938,-5.026335113669495,99.27411472136329,0.35,0.0046747447783456126,0.006232559385368525,0.007790894379646977,0.005827095623523018,0,1,1,1,1,0,0,0.96,0.005,2.2613828700194934e-05,25.000120203272125,0,540.0
504,0.0504,load_step,sensorless_adaptive_foc_baseline,94.2477796076938,-5.046545589219218,99.29432519691302,0.35,0.00575954015926135,0.001029064589360311,0.005850750103637957,0.0013223373329145998,0,1,1,1,1,0,0,0.96,0.005,1.6164355139545853e-05,25.000120202632413,0,540.0
505,0.0505,load_step,sensorless_adaptive_foc_baseline,94.2477796076938,-5.067024094364452,99.31480370205826,0.35,0.002581898167767761,0.00347947520683386,0.004332775768914663,0.0032436379755606745,0,1,1,1,1,0,0,0.96,0.005,1.220719581275928e-05,25.000120201953134,0,540.0
506,0.0506,load_step,sensorless_adaptive_foc_baseline,94.2477796076938,-5.087386047956958,99.33516565565075,0.35,0.0038301912848440543,-0.001487306407675298,0.004108825334424347,-0.0010203128903260477,0,1,1,1,1,0,0,0.96,0.005,8.395883413843583e-06,25.000120201235745,0,540.0
507,0.0507,load_step,sensorless_adaptive_foc_baseline,94.2477796076938,-5.108001608646509,99.3557812163403,0.35,0.0008022866221291713,0.0011794579855101046,0.001426458889569198,0.0010915459111109462,0,1,1,1,1,0,0,0.96,0.005,6.598416720157529e-06,25.000120200500387,0,540.0
508,0.050800000000000005,load_step,sensorless_adaptive_foc_baseline,94.2477796076938,-5.128489203506005,99.37626881119981,0.35,0.0021877222722927205,-0.0035895875242454777,0.004203720653766661,-0.0029688094702617434,0,1,1,1,1,0,0,0.96,0.005,4.0153246017887445e-06,25.000120199739204,0,540.0
509,0.0509,load_step,sensorless_adaptive_foc_baseline,94.2477796076938,-5.14921821185752,99.39699781955132,0.35,0.3661583811635005,0.006470894255146779,0.3662155547880737,0.03354874701599362,4,1,1,1,1,0,0,0.96,0.005,8.394201930571781e-05,25.000120199777292,1,540.0
510,0.051000000000000004,load_step,sensorless_adaptive_foc_baseline,94.2477796076938,-5.167760273851167,99.41553988154497,0.35,0.33259218371156235,0.008472435337736435,0.3327000793906995,0.03298926031444947,0,1,1,1,1,0,0,0.96,0.005,0.02160197565362914,25.000120414995717,1,540.0
511,0.0511,load_step,sensorless_adaptive_foc_baseline,94.2477796076938,-5.186334393110394,99.4341140008042,0.35,0.30188619021682683,0.010329107866260932,0.30206284497260333,0.03248515970082978,0,1,1,1,1,0,0,0.96,0.005,0.014019571747837096,25.00012055438867,0,540.0
