k,t_s,scenario,controller,omega_ref_rad_s,omega_m_rad_s,speed_error_rad_s,load_torque_nm,i_s_alpha_a,i_s_beta_a,i_abs_a,torque_nm,vector_id,feedback_used,feedback_requested,accepted,pwm_enabled,fallback,fault_latched,confidence,predicted_risk,loss_w,tj_c,switch_events,vdc_v
0,0.0,load_step,dtc_svm_baseline,0.0,0.0,0.0,0.0,0.3627085216030743,0.0,0.3627085216030743,0.0,4,1,1,1,1,0,0,0.8935973471085157,0.0225,0.0,25.0,1,540.0
1,0.0001,load_step,dtc_svm_baseline,0.9239978392911157,0.0,0.9239978392911157,0.0,0.6865366990919267,0.0,0.6865366990919267,0.0,4,1,1,1,1,0,0,0.919086534013519,0.016874999999999998,0.015823606818430164,25.00000015823607,0,540.0
2,0.0002,load_step,dtc_svm_baseline,1.8479956785822313,0.0,1.8479956785822313,0.0,0.9831278885397993,0.0,0.9831278885397993,0.0,4,1,1,1,1,0,0,0.9386052230201811,0.012669317924795868,0.05669980855499973,25.0000007252331,0,540.0
3,0.00030000000000000003,load_step,dtc_svm_baseline,2.771993517873347,0.0,2.771993517873347,0.0,1.254811535275088,0.0,1.254811535275088,0.0,4,1,1,1,1,0,0,0.9534472040977185,0.009526719149498706,0.11628921101913225,25.000001888120376,0,540.0
4,0.0004,load_step,dtc_svm_baseline,3.6959913571644627,0.0,3.6959913571644627,0.0,1.5037178381545335,0.0,1.5037178381545335,0.0,4,1,1,1,1,0,0,0.9646678797902402,0.036168812213420616,0.18947122199850783,25.00000378282001,0,540.0
5,0.0005,load_step,dtc_svm_baseline,4.619989196455578,0.0,4.619989196455578,0.0,1.7317947918955492,0.0,1.7317947918955492,0.0,4,1,1,1,1,0,0,0.9731093313675299,0.16866686351200413,0.27213688676808506,25.000006504163657,0,540.0
6,0.0006000000000000001,load_step,dtc_svm_baseline,5.543987035746694,0.0,5.543987035746694,0.0,1.9408237717110035,0.0,1.9408237717110035,0.0,4,1,1,1,1,0,0,0.9794321777886172,0.2904208724009808,0.3610086648602091,25.000010114206944,0,540.0
7,0.0007,load_step,dtc_svm_baseline,6.467984875037811,0.0,6.467984875037811,0.0,1.7697252633259757,0.0,1.7697252633259757,0.0,0,1,1,1,1,0,0,0.9800119375092563,0.1956150290937263,0.4809830923679206,25.00001492397044,1,540.0
8,0.0008,load_step,dtc_svm_baseline,7.391982714328925,0.0,7.391982714328925,0.0,1.6132489421761507,0.0,1.6132489421761507,0.0,0,1,1,1,1,0,0,0.9799680720303674,0.10368100656477552,0.3772068735345945,25.000018695939684,0,540.0
9,0.0009000000000000001,load_step,dtc_svm_baseline,8.315980553620042,0.0,8.315980553620042,0.0,1.4701441217764564,0.0,1.4701441217764564,0.0,0,1,1,1,1,0,0,0.9799371544386883,0.019602504319879973,0.3135873786876537,25.00002183168883,0,540.0
10,0.001,load_step,dtc_svm_baseline,9.239978392911157,0.0,9.239978392911157,0.0,1.3392670917600802,0.0,1.3392670917600802,0.0,0,1,1,1,1,0,0,0.9799166974472938,0.004,0.2605443317076142,25.000024436986603,0,540.0
11,0.0011,load_step,dtc_svm_baseline,10.163976232202273,0.0,10.163976232202273,0.0,1.2195719677913952,0.0,1.2195719677913952,0.0,0,1,1,1,1,0,0,0.9799046338219101,0.004,0.21633272008580431,25.00002660015089,0,540.0
12,0.0012000000000000001,load_step,dtc_svm_baseline,11.087974071493388,0.0,11.087974071493388,0.0,1.1101023241217312,0.0,1.1101023241217312,0.0,0,1,1,1,1,0,0,0.9798992492353019,0.004,0.17949436314199585,25.000028394917187,0,540.0
13,0.0013000000000000002,load_step,dtc_svm_baseline,12.011971910784503,0.0,12.011971910784503,0.0,1.0099835418454715,0.0,1.0099835418454715,0.0,0,1,1,1,1,0,0,0.9798991255874197,0.004,0.1488108534143502,25.000029882836422,0,540.0
14,0.0014,load_step,dtc_svm_baseline,12.935969750075621,0.0,12.935969750075621,0.0,1.2811243332429074,0.0,1.2811243332429074,0.0,4,1,1,1,1,0,0,0.9799030931751956,0.004,0.13759740192925268,25.000031258611223,1,540.0
15,0.0015,load_step,dtc_svm_baseline,13.859967589366736,0.0,13.859967589366736,0.0,1.1668247748445324,0.0,1.1668247748445324,0.0,0,1,1,1,1,0,0,0.9799101903460647,0.004,0.21635269540843174,25.000033421929786,1,540.0
16,0.0016,load_step,dtc_svm_baseline,14.78396542865785,0.0,14.78396542865785,0.0,1.062288972083135,0.0,1.062288972083135,0.0,0,1,1,1,1,0,0,0.9799061837805647,0.004,0.16450529193261537,25.000035066759892,0,540.0
17,0.0017000000000000001,load_step,dtc_svm_baseline,15.707963267948966,0.0,15.707963267948966,0.0,0.9666817992902464,0.0,0.9666817992902464,0.0,0,1,1,1,1,0,0,0.9799070306457855,0.004,0.1364512117330121,25.000036431038232,0,540.0
18,0.0018000000000000002,load_step,dtc_svm_baseline,16.631961107240084,0.0,16.631961107240084,0.0,0.8792395623686591,0.0,0.8792395623686591,0.0,0,1,1,1,1,0,0,0.9799116395583793,0.004,0.11308756098648529,25.00003756167097,0,540.0
19,0.0019,load_step,dtc_svm_baseline,17.5559589465312,0.0,17.5559589465312,0.0,0.7992638889699006,0.0,0.7992638889699006,0.0,0,1,1,1,1,0,0,0.9799191139591127,0.004,0.09363834324270913,25.00003849780399,0,540.0
20,0.002,load_step,dtc_svm_baseline,18.479956785822313,0.0,18.479956785822313,0.0,0.7261161412688024,0.0,0.7261161412688024,0.0,0,1,1,1,1,0,0,0.9799287202086661,0.004,0.07745528568719252,25.000039272100192,0,540.0
21,0.0021000000000000003,load_step,dtc_svm_baseline,19.40395462511343,0.0,19.40395462511343,0.0,0.6592123066353734,0.0,0.6592123066353734,0.0,0,1,1,1,1,0,0,0.9799398607056826,0.004,0.06399687052581854,25.000039911807082,0,540.0
22,0.0022,load_step,dtc_svm_baseline,20.327952464404547,0.0,20.327952464404547,0.0,0.5980183253275588,0.0,0.5980183253275588,0.0,0,1,1,1,1,0,0,0.9799520512509885,0.004,0.05281080441686333,25.000040439649048,0,540.0
23,0.0023,load_step,dtc_svm_baseline,21.25195030369566,0.0,21.25195030369566,0.0,0.5420458178247626,0.0,0.5420458178247626,0.0,0,1,1,1,1,0,0,0.9799649020010595,0.004,0.04351936260404313,25.000040874573077,0,540.0
24,0.0024000000000000002,load_step,dtc_svm_baseline,22.175948142986776,0.0,22.175948142986776,0.0,0.4908481776192987,0.0,0.4908481776192987,0.0,0,1,1,1,1,0,0,0.979978101454619,0.004,0.03580713668251959,25.00004123237195,0,540.0
25,0.0025,load_step,dtc_svm_baseline,23.09994598227789,0.0,23.09994598227789,0.0,0.4440169982067194,0.0,0.4440169982067194,0.0,0,1,1,1,1,0,0,0.9799914030015606,0.004,0.029410792095041098,25.00004152620499,0,540.0
26,0.0026000000000000003,load_step,dtc_svm_baseline,24.023943821569006,0.0,24.023943821569006,0.0,0.7638873272927451,0.0,0.7638873272927451,0.0,4,1,1,1,1,0,0,0.9800046136356318,0.004,0.030449605022374017,25.0000418304242,1,540.0
27,0.0027,load_step,dtc_svm_baseline,24.947941660860124,0.0,24.947941660860124,0.0,0.6941491106917449,0.0,0.6941491106917449,0.0,0,1,1,1,1,0,0,0.9800175844934902,0.004,0.08174711590507323,25.00004264761649,1,540.0
28,0.0028,load_step,dtc_svm_baseline,25.871939500151242,0.0,25.871939500151242,0.0,0.6303629760709757,0.0,0.6303629760709757,0.0,0,1,1,1,1,0,0,0.9800167557177882,0.004,0.05860194063419079,25.00004323335158,0,540.0
29,0.0029000000000000002,load_step,dtc_svm_baseline,26.795937339442354,0.0,26.795937339442354,0.0,0.5720198252509903,0.0,0.5720198252509903,0.0,0,1,1,1,1,0,0,0.9800186455381666,0.004,0.04839460063547816,25.000043717009362,0,540.0
30,0.003,load_step,dtc_svm_baseline,27.719935178733472,0.0,27.719935178733472,0.0,0.518654105213367,0.0,0.518654105213367,0.0,0,1,1,1,1,0,0,0.9800226246350474,0.004,0.0399126988171916,25.000044115844904,0,540.0
31,0.0031000000000000003,load_step,dtc_svm_baseline,28.643933018024583,0.0,28.643933018024583,0.0,0.46984008351226025,0.0,0.46984008351226025,0.0,0,1,1,1,1,0,0,0.9800281770452869,0.004,0.03286928577414231,25.000044444243656,0,540.0
32,0.0032,load_step,dtc_svm_baseline,29.5679308573157,0.0,29.5679308573157,0.0,0.4251884422646015,0.0,0.4251884422646015,0.0,0,1,1,1,1,0,0,0.9800348815310604,0.004,0.027024761724298046,25.000044714194978,0,540.0
33,0.0033,load_step,dtc_svm_baseline,30.49192869660682,0.0,30.49192869660682,0.0,0.38434316346969305,0.0,0.38434316346969305,0.0,0,1,1,1,1,0,0,0.9800423958850449,0.004,0.022179093390338803,25.000044935687818,0,540.0
34,0.0034000000000000002,load_step,dtc_svm_baseline,31.41592653589793,0.0,31.41592653589793,0.0,0.3469786807396278,0.0,0.3469786807396278,0.0,0,1,1,1,1,0,0,0.9800504437185049,0.004,0.018165307790114774,25.000045117041324,0,540.0
35,0.0035,load_step,dtc_svm_baseline,32.33992437518905,0.0,32.33992437518905,0.0,0.31279727465338275,0.0,0.31279727465338275,0.0,0,1,1,1,1,0,0,0.980058803348275,0.004,0.014844053643847865,25.00004526518108,0,540.0
36,0.0036000000000000003,load_step,dtc_svm_baseline,33.26392221448017,0.0,33.26392221448017,0.0,0.28152669089649734,0.0,0.28152669089649734,0.0,0,1,1,1,1,0,0,0.9800672984574059,0.004,0.012099055393790694,25.000045385869864,0,540.0
37,0.0037,load_step,dtc_svm_baseline,34.18792005377128,0.0,34.18792005377128,0.0,0.25291796213060785,0.0,0.25291796213060785,0.0,0,1,1,1,1,0,0,0.9800757902540467,0.004,0.009833313503937968,25.000045483900426,0,540.0
38,0.0038,load_step,dtc_svm_baseline,35.1119178930624,0.0,35.1119178930624,0.0,0.2267434161670227,0.0,0.2267434161670227,0.0,0,1,1,1,1,0,0,0.9800841708953371,0.004,0.007965928683017027,25.000045563256485,0,540.0
39,0.0039000000000000003,load_step,dtc_svm_baseline,36.03591573235351,0.0,36.03591573235351,0.0,0.20279485450903373,0.0,0.20279485450903373,0.0,0,1,1,1,1,0,0,0.9800923579788547,0.004,0.006429447722471468,25.000045627247207,0,540.0
40,0.004,load_step,dtc_svm_baseline,36.95991357164463,0.0,36.95991357164463,0.0,0.1808818866906398,0.0,0.1808818866906398,0.0,0,1,1,1,1,0,0,0.9801002899344782,0.004,0.005167645405667431,25.00004567861948,0,540.0
41,0.0041,load_step,dtc_svm_baseline,37.883911410935745,0.0,37.883911410935745,0.0,0.16083040708582277,0.0,0.16083040708582277,0.0,0,1,1,1,1,0,0,0.980107922175222,0.004,0.004133670962927382,25.000045719651663,0,540.0
42,0.004200000000000001,load_step,dtc_svm_baseline,38.80790925022686,0.0,38.80790925022686,0.0,0.14248120200229453,0.0,0.14248120200229453,0.0,0,1,1,1,1,0,0,0.9801152238873837,0.004,0.00328849926899283,25.00004575223186,0,540.0
43,0.0043,load_step,dtc_svm_baseline,39.731907089517975,0.0,39.731907089517975,0.0,0.12568867591598676,0.0,0.12568867591598676,0.0,0,1,1,1,1,0,0,0.9801221753587932,0.004,0.0025996367812408045,25.000045777923212,0,540.0
44,0.0044,load_step,dtc_svm_baseline,40.65590492880909,0.0,40.65590492880909,0.0,0.11031968665569668,0.0,0.11031968665569668,0.0,0,1,1,1,1,0,0,0.9801287657596056,0.004,0.0020400404129368535,25.00004579801843,0,540.0
45,0.0045000000000000005,load_step,dtc_svm_baseline,41.579902768100204,0.0,41.579902768100204,0.0,0.09625248021896383,0.0,0.09625248021896383,0.0,0,1,1,1,1,0,0,0.9801349913033232,0.004,0.0015872143890075208,25.000045813585253,0,540.0
46,0.0046,load_step,dtc_svm_baseline,42.50390060739132,0.0,42.50390060739132,0.0,0.08337571669732055,0.0,0.08337571669732055,0.0,0,1,1,1,1,0,0,0.9801408537269669,0.004,0.001222455862188025,25.000045825504387,0,540.0
47,0.0047,load_step,dtc_svm_baseline,43.427898446682434,0.0,43.427898446682434,0.0,0.4342961011210534,0.0,0.4342961011210534,0.0,4,1,1,1,1,0,0,0.980146359038823,0.004,0.002175365318714848,25.000045846952535,1,540.0
48,0.0048000000000000004,load_step,dtc_svm_baseline,44.35189628597355,0.0,44.35189628597355,0.0,0.39295200071234665,0.0,0.39295200071234665,0.0,0,1,1,1,1,0,0,0.9801515164902451,0.004,0.02937989121572883,25.0000461404458,1,540.0
49,0.0049,load_step,dtc_svm_baseline,45.27589412526467,0.0,45.27589412526467,0.0,0.3551312160886409,0.0,0.3551312160886409,0.0,0,1,1,1,1,0,0,0.9801428887873038,0.004,0.01901196244590595,25.00004633025782,0,540.0
50,0.005,load_step,dtc_svm_baseline,46.19989196455578,0.0,46.19989196455578,0.0,0.32053239102698405,0.0,0.32053239102698405,0.0,0,1,1,1,1,0,0,0.9801370928926357,0.004,0.01557086193938467,25.00004648565757,0,540.0
51,0.0051,load_step,dtc_svm_baseline,47.1238898038469,0.0,47.1238898038469,0.0,0.28887994548088075,0.0,0.28887994548088075,0.0,0,1,1,1,1,0,0,0.9801335728403738,0.004,0.01272343416693778,25.000046612582008,0,540.0
52,0.005200000000000001,load_step,dtc_svm_baseline,48.04788764313801,0.0,48.04788764313801,0.0,0.25992187084280216,0.0,0.25992187084280216,0.0,0,1,1,1,1,0,0,0.9801318672966844,0.004,0.010370017239796216,25.00004671597143,0,540.0
53,0.0053,load_step,dtc_svm_baseline,48.97188548242914,0.0,48.97188548242914,0.0,0.23342771378653415,0.0,0.23342771378653415,0.0,0,1,1,1,1,0,0,0.9801315943978983,0.004,0.008427469038997241,25.00004679993468,0,540.0
54,0.0054,load_step,dtc_svm_baseline,49.89588332172025,0.0,49.89588332172025,0.0,0.20918673255940892,0.0,0.20918673255940892,0.0,0,1,1,1,1,0,0,0.9801324389476276,0.004,0.0068264457803440684,25.00004686788714,0,540.0
55,0.0055000000000000005,load_step,dtc_svm_baseline,50.81988116101136,0.0,50.81988116101136,0.0,0.18700621097408582,0.0,0.18700621097408582,0.0,0,1,1,1,1,0,0,0.9801341416111439,0.004,0.0055091275431674415,25.000046922665963,0,540.0
56,0.0056,load_step,dtc_svm_baseline,51.743879000302485,0.0,51.743879000302485,0.0,0.16670991661123782,0.0,0.16670991661123782,0.0,0,1,1,1,1,0,0,0.9801364898004195,0.004,0.00442731746451798,25.000046966626318,0,540.0
57,0.0057,load_step,dtc_svm_baseline,52.667876839593596,0.0,52.667876839593596,0.0,0.14813669089820308,0.0,0.14813669089820308,0.0,0,1,1,1,1,0,0,0.9801393099899577,0.004,0.003540853311813928,25.00004700172174,0,540.0
58,0.0058000000000000005,load_step,dtc_svm_baseline,53.59187467888471,0.0,53.59187467888471,0.0,0.13113915978374807,0.0,0.13113915978374807,0.0,0,1,1,1,1,0,0,0.9801424612431503,0.004,0.0028162801907840053,25.000047029571196,0,540.0
59,0.0059,load_step,dtc_svm_baseline,54.51587251817583,0.0,54.51587251817583,0.0,0.11558255469387217,0.0,0.11558255469387217,0.0,0,1,1,1,1,0,0,0.9801458297624888,0.004,0.0022257415440247656,25.000047051515082,0,540.0
60,0.006,load_step,dtc_svm_baseline,55.439870357466944,0.0,55.439870357466944,0.0,0.10134363433588651,0.0,0.10134363433588651,0.0,0,1,1,1,1,0,0,0.9801493243054382,0.004,0.0017460526181176683,25.00004706866193,0,540.0
61,0.0061,load_step,dtc_svm_baseline,56.363868196758055,0.0,56.363868196758055,0.0,0.08830969872482579,0.0,0.08830969872482579,0.0,0,1,1,1,1,0,0,0.9801528723319383,0.004,0.0013579264493666814,25.000047081927406,0,540.0
62,0.006200000000000001,load_step,dtc_svm_baseline,57.28786603604917,0.0,57.28786603604917,0.0,0.07637768754404148,0.0,0.07637768754404148,0.0,0,1,1,1,1,0,0,0.9801564167699797,0.004,0.0010453273282652075,25.0000470920668,0,540.0
63,0.0063,load_step,dtc_svm_baseline,58.21186387534029,0.0,58.21186387534029,0.0,0.06545335562655868,0.0,0.06545335562655868,0.0,0,1,1,1,1,0,0,0.9801599133030784,0.004,0.0007949308083607149,25.00004709970216,0,540.0
64,0.0064,load_step,dtc_svm_baseline,59.1358617146314,0.0,59.1358617146314,0.0,0.05545051896074125,0.0,0.05545051896074125,0.0,0,1,1,1,1,0,0,0.9801633280982034,0.004,0.0005956727580317977,25.00004710534489,0,540.0
65,0.006500000000000001,load_step,dtc_svm_baseline,60.059859553922514,0.0,60.059859553922514,0.0,0.04629036518805158,0.0,0.04629036518805158,0.0,0,1,1,1,1,0,0,0.9801666359052076,0.004,0.00043837282401468767,25.000047109414584,0,540.0
66,0.0066,load_step,dtc_svm_baseline,60.98385739321364,0.0,60.98385739321364,0.0,0.03790082307664434,0.0,0.03790082307664434,0.0,0,1,1,1,1,0,0,0.9801698184694031,0.004,0.0003154200754622894,25.000047112254723,0,540.0
67,0.0067,load_step,dtc_svm_baseline,61.90785523250475,0.0,61.90785523250475,0.0,0.030215985926356523,0.0,0.030215985926356523,0.0,0,1,1,1,1,0,0,0.9801728632079071,0.004,0.00022051060394107116,25.000047114145747,0,540.0
68,0.0068000000000000005,load_step,dtc_svm_baseline,62.83185307179586,0.0,62.83185307179586,0.0,0.023175584292129306,0.0,0.023175584292129306,0.0,0,1,1,1,1,0,0,0.9801757621079948,0.004,0.00014842853250342426,25.000047115315937,0,540.0
69,0.006900000000000001,load_step,dtc_svm_baseline,63.75585091108699,0.0,63.75585091108699,0.0,0.016724503807463643,0.0,0.016724503807463643,0.0,0,1,1,1,1,0,0,0.9801785108121535,0.004,9.486328969660663e-05,25.00004711595047,0,540.0
70,0.007,load_step,dtc_svm_baseline,64.6798487503781,0.0,64.6798487503781,0.0,0.010812344250331654,0.0,0.010812344250331654,0.0,0,1,1,1,1,0,0,0.9801811078599938,0.004,5.625717713894456e-05,25.000047116198935,0,540.0
71,0.0071,load_step,dtc_svm_baseline,65.60384658966922,0.0,65.60384658966922,0.0,0.0053930163239049094,0.0,0.0053930163239049094,0.0,0,1,1,1,1,0,0,0.9801835540618166,0.004,2.967823978606103e-05,25.00004711618161,0,540.0
72,0.007200000000000001,load_step,dtc_svm_baseline,66.52784442896034,0.0,66.52784442896034,0.0,0.00042437292621399044,0.0,0.00042437292621399044,0.0,0,1,1,1,1,0,0,0.9801857918848325,0.004,1.2714267728557367e-05,25.000047115994644,0,540.0
73,0.0073,load_step,dtc_svm_baseline,67.45184226825144,0.0,67.45184226825144,0.0,-0.004132128041244021,0.0,0.004132128041244021,0.0,0,1,1,1,1,0,0,0.9801874937397898,0.004,3.384443652800146e-06,25.00004711571438,0,540.0
74,0.0074,load_step,dtc_svm_baseline,68.37584010754256,0.0,68.37584010754256,0.0,0.008345992672253782,0.0,0.008345992672253782,0.0,0,1,1,1,1,0,0,0.9801887567971064,0.004,6.572298660545175e-08,25.000047115400932,0,540.0
75,0.007500000000000001,load_step,dtc_svm_baseline,69.29983794683368,0.0,69.29983794683368,0.0,0.0031079498190545425,0.0,0.0031079498190545425,0.0,0,1,1,1,1,0,0,0.9801045854472648,0.004,2.0982372367505557e-05,25.000047115296653,0,540.0
76,0.0076,load_step,dtc_svm_baseline,70.2238357861248,0.0,70.2238357861248,0.0,-0.0016948990203008883,0.0,0.0016948990203008883,0.0,0,1,1,1,1,0,0,0.9801185795408905,0.004,7.625104764757711e-06,25.000047115058802,0,540.0
77,0.0077,load_step,dtc_svm_baseline,71.14783362541591,0.0,71.14783362541591,0.0,0.010557953707934333,0.0,0.010557953707934333,0.0,0,1,1,1,1,0,0,0.9801302811373033,0.004,1.194098982180721e-06,25.000047114756644,0,540.0
78,0.0078000000000000005,load_step,dtc_svm_baseline,72.07183146470702,0.0,72.07183146470702,0.0,0.005113919706110493,0.0,0.005113919706110493,0.0,0,1,1,1,1,0,0,0.9800549777974158,0.004,2.8505389534168734e-05,25.0000471147276,0,540.0
79,0.0079,load_step,dtc_svm_baseline,72.99582930399814,0.0,72.99582930399814,0.0,0.0001227077267160001,0.0,0.0001227077267160001,0.0,0,1,1,1,1,0,0,0.9800764965073211,0.004,1.1891696641138305e-05,25.000047114532418,0,540.0
80,0.008,load_step,dtc_svm_baseline,73.91982714328925,0.0,73.91982714328925,0.0,-0.004454407169666586,0.0,0.004454407169666586,0.0,0,1,1,1,1,0,0,0.9800945865801882,0.004,2.939885002445468e-06,25.00004711424772,0,540.0
81,0.0081,load_step,dtc_svm_baseline,74.84382498258037,0.0,74.84382498258037,0.0,0.00800488706587721,0.0,0.00800488706587721,0.0,0,1,1,1,1,0,0,0.9801097790548782,0.004,1.5416209306972206e-08,25.000047113933782,0,540.0
82,0.0082,load_step,dtc_svm_baseline,75.76782282187149,0.0,75.76782282187149,0.0,0.002749652285319914,0.0,0.002749652285319914,0.0,0,1,1,1,1,0,0,0.9800374529624644,0.004,1.9730843868263166e-05,25.000047113816997,0,540.0
83,0.0083,load_step,dtc_svm_baseline,76.69182066116261,0.0,76.69182066116261,0.0,-0.0020688937529963077,0.0,0.0020688937529963077,0.0,0,1,1,1,1,0,0,0.9800615083542629,0.004,6.847155850848337e-06,25.000047113571377,0,540.0
84,0.008400000000000001,load_step,dtc_svm_baseline,77.61581850045371,0.0,77.61581850045371,0.0,0.010169628642024179,0.0,0.010169628642024179,0.0,0,1,1,1,1,0,0,0.9800817617281639,0.004,8.886306213080054e-07,25.000047113266174,0,540.0
85,0.0085,load_step,dtc_svm_baseline,78.53981633974483,0.0,78.53981633974483,0.0,0.004712514246682216,0.0,0.004712514246682216,0.0,0,1,1,1,1,0,0,0.9800137306192044,0.004,2.6874029094369553e-05,25.000047113220827,0,540.0
86,0.0086,load_step,dtc_svm_baseline,79.46381417903595,0.0,79.46381417903595,0.0,-0.0002906351114350107,0.0,0.0002906351114350107,0.0,0,1,1,1,1,0,0,0.9800414262930728,0.004,1.081678846586935e-05,25.000047113014908,0,540.0
87,0.008700000000000001,load_step,dtc_svm_baseline,80.38781201832707,0.0,80.38781201832707,0.0,0.37448760414798793,0.0,0.37448760414798793,0.0,4,1,1,1,1,0,0,0.9800647665457166,0.004,6.572234582170285e-05,25.000047113358043,1,540.0
88,0.0088,load_step,dtc_svm_baseline,81.31180985761819,0.0,81.31180985761819,0.0,0.338324650509614,0.0,0.338324650509614,0.0,0,1,1,1,1,0,0,0.9799993537696302,0.004,0.02266854310378268,25.000047339729385,1,540.0
89,0.0089,load_step,dtc_svm_baseline,82.23580769690929,0.0,82.23580769690929,0.0,0.3052418146159049,0.0,0.3052418146159049,0.0,0,1,1,1,1,0,0,0.9800157836272683,0.004,0.014160792627265127,25.000047481021713,0,540.0
90,0.009000000000000001,load_step,dtc_svm_baseline,83.15980553620041,0.0,83.15980553620041,0.0,0.2749756487289179,0.0,0.2749756487289179,0.0,0,1,1,1,1,0,0,0.9800310937953115,0.004,0.011564623276761608,25.000047596351408,0,540.0
91,0.0091,load_step,dtc_svm_baseline,84.08380337549153,0.0,84.08380337549153,0.0,0.24728523882571574,0.0,0.24728523882571574,0.0,0,1,1,1,1,0,0,0.9800453375704458,0.004,0.009419474574382093,25.000047690228843,0,540.0
92,0.0092,load_step,dtc_svm_baseline,85.00780121478265,0.0,85.00780121478265,0.0,0.22195027720132174,0.0,0.22195027720132174,0.0,0,1,1,1,1,0,0,0.980058570059806,0.004,0.007649397437017086,25.000047766404883,0,540.0
93,0.009300000000000001,load_step,dtc_svm_baseline,85.93179905407376,0.0,85.93179905407376,0.0,0.19876929992950396,0.0,0.19876929992950396,0.0,0,1,1,1,1,0,0,0.980070847071182,0.004,0.006191050484130719,25.000047827996944,0,540.0
94,0.0094,load_step,dtc_svm_baseline,86.85579689336487,0.0,86.85579689336487,0.0,0.1775580750804556,0.0,0.1775580750804556,0.0,0,1,1,1,1,0,0,0.9800822242412984,0.004,0.004991621595699313,25.000047877594305,0,540.0
95,0.0095,load_step,dtc_svm_baseline,87.77979473265599,0.0,87.77979473265599,0.0,0.15814812880053916,0.0,0.15814812880053916,0.0,0,1,1,1,1,0,0,0.980092756360353,0.004,0.004007090947309806,25.00004791734603,0,540.0
96,0.009600000000000001,load_step,dtc_svm_baseline,88.7037925719471,0.0,88.7037925719471,0.0,0.14038539746221104,0.0,0.14038539746221104,0.0,0,1,1,1,1,0,0,0.9801024968577842,0.004,0.0032007795136441515,25.000047949034375,0,540.0
97,0.0097,load_step,dtc_svm_baseline,89.62779041123822,0.0,89.62779041123822,0.0,0.12412899510085339,0.0,0.12412899510085339,0.0,0,1,1,1,1,0,0,0.9801114974199734,0.004,0.0025421362104697674,25.000047974136077,0,540.0
98,0.0098,load_step,dtc_svm_baseline,90.55178825052934,0.0,90.55178825052934,0.0,0.10925008627756722,0.0,0.10925008627756722,0.0,0,1,1,1,1,0,0,0.9801198077154142,0.004,0.0020057245204969927,25.000047993873494,0,540.0
99,0.0099,load_step,dtc_svm_baseline,91.47578608982046,0.0,91.47578608982046,0.0,0.09563085535043493,0.0,0.09563085535043493,0.0,0,1,1,1,1,0,0,0.9801274752069473,0.004,0.0015703758663295046,25.000048009257295,0,540.0
100,0.01,load_step,dtc_svm_baseline,92.39978392911156,0.0,92.39978392911156,0.0,0.08316356390805281,0.0,0.08316356390805281,0.0,0,1,1,1,1,0,0,0.9801345450340893,0.004,0.0012184823601608297,25.00004802112206,0,540.0
101,0.010100000000000001,load_step,dtc_svm_baseline,93.32378176840268,0.0,93.32378176840268,0.0,0.07174968882447316,0.0,0.07174968882447316,0.0,0,1,1,1,1,0,0,0.9801410599513569,0.004,0.0009354060470763329,25.000048030155977,0,540.0
102,0.0102,load_step,dtc_svm_baseline,94.2477796076938,0.0,94.2477796076938,0.0,0.06129913403968913,0.0,0.06129913403968913,0.0,0,1,1,1,1,0,0,0.9801470603109148,0.004,0.0007089855108145997,25.00004803692563,0,540.0
103,0.0103,load_step,dtc_svm_baseline,94.2477796076938,0.0,94.2477796076938,0.0,0.05172950975962338,0.0,0.05172950975962338,0.0,0,1,1,1,1,0,0,0.9801525840798975,0.004,0.0005291238480519926,25.000048041896623,0,540.0
104,0.010400000000000001,load_step,dtc_svm_baseline,94.2477796076938,0.0,94.2477796076938,0.0,0.0429654733089751,0.0,0.0429654733089751,0.0,0,1,1,1,1,0,0,0.9801576668844679,0.004,0.00038744464040216595,25.00004804545079,0,540.0
105,0.0105,load_step,dtc_svm_baseline,94.2477796076938,0.0,94.2477796076938,0.0,0.034938126363506225,0.0,0.034938126363506225,0.0,0,1,1,1,1,0,0,0.9801623420740915,0.004,0.00027700474657928366,25.000048047900535,0,540.0
106,0.0106,load_step,dtc_svm_baseline,94.2477796076938,0.0,94.2477796076938,0.0,0.02758446373941212,0.0,0.02758446373941212,0.0,0,1,1,1,1,0,0,0.9801666408007016,0.004,0.00019205457097747698,25.000048049500762,0,540.0
107,0.010700000000000001,load_step,dtc_svm_baseline,94.2477796076938,0.0,94.2477796076938,0.0,0.020846869329903612,0.0,0.020846869329903612,0.0,0,1,1,1,1,0,0,0.9801705921084265,0.004,0.000127837998156311,25.000048050458812,0,540.0
108,0.0108,load_step,dtc_svm_baseline,94.2477796076938,0.0,94.2477796076938,0.0,0.014672655156311188,0.0,0.014672655156311188,0.0,0,1,1,1,1,0,0,0.9801742230303737,0.004,8.04254646317455e-05,25.00004805094273,0,540.0
109,0.0109,load_step,dtc_svm_baseline,94.2477796076938,0.0,94.2477796076938,0.0,0.009013639845953174,0.0,0.009013639845953174,0.0,0,1,1,1,1,0,0,0.9801775586896596,0.004,4.6574711131788315e-05,25.00004805108814,0,540.0
110,0.011000000000000001,load_step,dtc_svm_baseline,94.2477796076938,0.0,94.2477796076938,0.0,0.0038257631644483107,0.0,0.0038257631644483107,0.0,0,1,1,1,1,0,0,0.9801806224024436,0.004,2.3614654515817163e-05,25.000048051003944,0,540.0
111,0.0111,load_step,dtc_svm_baseline,94.2477796076938,0.0,94.2477796076938,0.0,-0.0009312664814088252,0.0,0.0009312664814088252,0.0,0,1,1,1,1,0,0,0.98018322425261,0.004,9.348567669118207e-06,25.00004805077709,0,540.0
112,0.0112,load_step,dtc_svm_baseline,94.2477796076938,0.0,94.2477796076938,0.0,0.011363430305531745,0.0,0.011363430305531745,0.0,0,1,1,1,1,0,0,0.9801852441534452,0.004,1.9733819446514354e-06,25.000048050476483,0,540.0
113,0.011300000000000001,load_step,dtc_svm_baseline,94.2477796076938,0.0,94.2477796076938,0.0,0.005957605265786035,0.0,0.005957605265786035,0.0,0,1,1,1,1,0,0,0.9801017089129126,0.004,3.2098225508369014e-05,25.00004805047713,0,540.0
114,0.0114,load_step,dtc_svm_baseline,94.2477796076938,0.0,94.2477796076938,0.0,0.0010012781051922173,0.0,0.0010012781051922173,0.0,0,1,1,1,1,0,0,0.9801162365874213,0.004,1.4349883472846886e-05,25.000048050300293,0,540.0
115,0.0115,load_step,dtc_svm_baseline,94.2477796076938,0.0,94.2477796076938,0.0,-0.003543991759391766,0.0,0.003543991759391766,0.0,0,1,1,1,1,0,0,0.9801283854997436,0.004,4.269813838369536e-06,25.000048050022656,0,540.0
116,0.011600000000000001,load_step,dtc_svm_baseline,94.2477796076938,0.0,94.2477796076938,0.0,0.19029862855663884,0.3141147938773592,0.3672624017826402,0.19748235720496188,6,1,1,1,1,0,0,0.9801385291433574,0.004,3.999282735657594e-05,25.00004805010225,2,540.0
117,0.0117,load_step,dtc_svm_baseline,94.2477796076938,0.011818118338236927,94.23596148935556,0.0,0.1739586073853883,0.2804434281665622,0.3300153231067876,0.17596887493757044,7,1,1,1,1,0,0,0.9800619105064585,0.004,0.021688923115220526,25.000048266671147,1,540.0
118,0.0118,load_step,dtc_svm_baseline,94.2477796076938,0.02234787756793346,94.22543173012586,0.0,0.15900868911846028,0.24963748986786075,0.29597743083332795,0.1563091155532386,7,1,1,1,1,0,0,0.9800300236848224,0.004,0.01331291347773159,25.000048399478505,0,540.0
119,0.0119,load_step,dtc_svm_baseline,94.2477796076938,0.03170031071892964,94.21607929697487,0.0,0.32668430744606125,0.5355672060781208,0.6273395164963204,0.3349459906555164,6,1,1,1,1,0,0,0.9800086144949657,0.004,0.014964703107851477,25.000048548802873,1,540.0
120,0.012,load_step,dtc_svm_baseline,94.2477796076938,0.05174235612932072,94.19603725156448,0.0,0.2988925128808422,0.4833209448489272,0.5682744671247197,0.301618184893743,7,1,1,1,1,0,0,0.9799956201247434,0.004,0.056666870179993466,25.000049115147917,1,540.0
121,0.012100000000000001,load_step,dtc_svm_baseline,94.2477796076938,0.06978839514853974,94.17799121254527,0.0,0.27347071227753916,0.43552500744248607,0.5142647786708343,0.27115631944861474,7,1,1,1,1,0,0,0.9799371399107288,0.004,0.03922883378269367,25.00004950710882,0,540.0
122,0.0122,load_step,dtc_svm_baseline,94.2477796076938,0.08601009023479762,94.161769517459,0.0,0.2502163605107046,0.39179951139106606,0.4648817959368822,0.24331419475856947,7,1,1,1,1,0,0,0.9798962667034373,0.004,0.032172719623972605,25.00004982850597,0,540.0
123,0.0123,load_step,dtc_svm_baseline,94.2477796076938,0.1005643571104399,94.14721525058336,0.0,0.22894417744078946,0.35179702455564005,0.41973394295701333,0.2178667802787196,7,1,1,1,1,0,0,0.9798695984287293,0.004,0.026333326338744707,25.000050091507042,0,540.0
124,0.012400000000000001,load_step,dtc_svm_baseline,94.2477796076938,0.11359463273189357,94.13418497496191,0.0,0.20948468409338158,0.3151997890530908,0.37846365728933185,0.1946083896868291,7,1,1,1,1,0,0,0.9798543092625456,0.004,0.021506514156683334,25.00005030623824,0,540.0
125,0.0125,load_step,dtc_svm_baseline,94.2477796076938,0.12523203395936708,94.12254757373444,0.0,0.1916828616288967,0.2817171833639122,0.3407446123488072,0.17335101438728984,7,1,1,1,1,0,0,0.9798480572953894,0.004,0.017521950476012255,25.00005048112237,0,540.0
126,0.0126,load_step,dtc_svm_baseline,94.2477796076938,0.13559641640787382,94.11218319128592,0.0,0.17539692302387594,0.2510834020703833,0.3062792115072148,0.15392280136697967,7,1,1,1,1,0,0,0.9798489066282783,0.004,0.014237547076252242,25.000050623161297,0,540.0
127,0.012700000000000001,load_step,dtc_svm_baseline,94.2477796076938,0.14479734212583073,94.10298226556797,0.0,0.16049718817500153,0.2230553344670148,0.274796342126808,0.13616666273160297,7,1,1,1,1,0,0,0.979855261661107,0.004,0.011534809704590625,25.000050738171907,0,540.0
128,0.0128,load_step,dtc_svm_baseline,94.2477796076938,0.15293496398851322,94.09484464370529,0.0,0.14686505387142917,0.19741062491761102,0.24604938300881696,0.11993900539940297,7,1,1,1,1,0,0,0.9798658116836065,0.004,0.00931495063837194,25.00005083098316,0,540.0
129,0.0129,load_step,dtc_svm_baseline,94.2477796076938,0.1601008340034534,94.08767877369034,0.0,0.3157463115642796,0.4880606931985681,0.5812907822354608,0.29957118500952773,6,1,1,1,1,0,0,0.979879484172516,0.004,0.011030145191461513,25.000050940945737,1,540.0
130,0.013000000000000001,load_step,dtc_svm_baseline,94.2477796076938,0.17801604719749317,94.06976356049631,0.0,0.28905750000004915,0.44013157795014224,0.5265643780347855,0.26928738995475493,7,1,1,1,1,0,0,0.9798954054454208,0.004,0.04938856066514698,25.000051434491738,1,540.0
131,0.0131,load_step,dtc_svm_baseline,94.2477796076938,0.19411758294024858,94.05366202475355,0.0,0.2646456577471374,0.39628359184904294,0.47652702896393384,0.24160562374014055,7,1,1,1,1,0,0,0.9798612208535187,0.004,0.033787868577082054,25.000051772027525,0,540.0
132,0.0132,load_step,dtc_svm_baseline,94.2477796076938,0.20856129618412944,94.03921831150967,0.0,0.24231600963908673,0.35616844486825594,0.4307818585401222,0.21630261410967905,7,1,1,1,1,0,0,0.9798401994259136,0.004,0.027720812168358425,25.0000520488905,0,540.0
133,0.013300000000000001,load_step,dtc_svm_baseline,94.2477796076938,0.2214896684200262,94.02628993927378,0.0,0.22189040490493786,0.3194675907673497,0.3889664424337556,0.1931742621869184,7,1,1,1,1,0,0,0.9798296756294786,0.004,0.022699607810252178,25.000052275539584,0,540.0
134,0.0134,load_step,dtc_svm_baseline,94.2477796076938,0.23303295611499858,94.0147466515788,0.0,0.2032059047494192,0.2858896834188067,0.3507499833361871,0.17203399217326446,7,1,1,1,1,0,0,0.9798274433234848,0.004,0.018548818420561587,25.000052460679264,0,540.0
135,0.0135,load_step,dtc_svm_baseline,94.2477796076938,0.2433102403012059,94.00446936739259,0.0,0.18611348883942297,0.2551682512718732,0.31583075718670567,0.152711243913897,7,1,1,1,1,0,0,0.9798316815968343,0.004,0.015122057664156502,25.000052611550103,0,540.0
136,0.013600000000000001,load_step,dtc_svm_baseline,94.2477796076938,0.25243038587343186,93.99534922182036,0.0,0.17047687086953298,0.22705957114691364,0.2839338168497859,0.1350500957882014,7,1,1,1,1,0,0,0.9798408922241566,0.004,0.012297210001436593,25.000052734171458,0,540.0
137,0.0137,load_step,dtc_svm_baseline,94.2477796076938,0.26049291840127037,93.98728668929253,0.0,0.15617141416079847,0.20134072419116092,0.25480894375748425,0.1189080065201977,7,1,1,1,1,0,0,0.9798538469395438,0.004,0.009972434716884027,25.000052833544245,0,540.0
138,0.013800000000000002,load_step,dtc_svm_baseline,94.2477796076938,0.26758882557894925,93.98019078211485,0.0,0.14308313897147593,0.17780781831934317,0.22822884329859633,0.10415466553169309,7,1,1,1,1,0,0,0.9798695430059923,0.004,0.008062825550095652,25.000052913820277,0,540.0
139,0.013900000000000001,load_step,dtc_svm_baseline,94.2477796076938,0.2738012898142039,93.9739783178796,0.0,0.1311078138693512,0.15627436282327212,0.20398758622381935,0.09067094238934086,7,1,1,1,1,0,0,0.9798871657935692,0.004,0.006497618556574301,25.000052978443705,0,540.0
140,0.014,load_step,dtc_svm_baseline,94.2477796076938,0.2792063578916587,93.96857324980215,0.0,0.301504384937185,0.4506845759524783,0.5422374766998455,0.2711701747633964,6,1,1,1,1,0,0,0.9799060572770065,0.004,0.008166829513726829,25.00005305975881,1,540.0
141,0.014100000000000001,load_step,dtc_svm_baseline,94.2477796076938,0.29541279226903755,93.95236681542477,0.0,0.2762014306620439,0.40619449092514703,0.4912038220104758,0.243314197503054,7,1,1,1,1,0,0,0.9799256895295022,0.004,0.043607338681686765,25.000053495478465,1,540.0
142,0.0142,load_step,dtc_svm_baseline,94.2477796076938,0.30995097061619636,93.9378286370776,0.0,0.2530578791231375,0.36549142861660744,0.44454726922849175,0.2178504433056065,7,1,1,1,1,0,0,0.9798944179716886,0.004,0.02949530330960148,25.000053790074862,0,540.0
143,0.0143,load_step,dtc_svm_baseline,94.2477796076938,0.3229641811125212,93.92481542658128,0.0,0.23188886719079144,0.32825226898586213,0.40189799554289307,0.1945738184881392,7,1,1,1,1,0,0,0.9798752347000882,0.004,0.02420948593966741,25.00005403181112,0,540.0
144,0.014400000000000001,load_step,dtc_svm_baseline,94.2477796076938,0.33458342731847024,93.91319618037534,0.0,0.21252532648657485,0.2941814789177285,0.36291838881000116,0.1732968245036836,7,1,1,1,1,0,0,0.9798656904781236,0.004,0.01983440576821026,25.000054229794966,0,540.0
145,0.0145,load_step,dtc_svm_baseline,94.2477796076938,0.3449284820813215,93.90285112561249,0.0,0.19481263939557952,0.26300875383992034,0.32730042631304335,0.15384804527693735,7,1,1,1,1,0,0,0.9798637581759952,0.004,0.01621733505805822,25.000054391606785,0,540.0
146,0.0146,load_step,dtc_svm_baseline,94.2477796076938,0.3541088508361874,93.89367075685762,0.0,0.17860940851039045,0.23448686148247913,0.29476331015975327,0.13607076527261253,7,1,1,1,1,0,0,0.9798677646357049,0.004,0.01323083227921011,25.000054523552496,0,540.0
147,0.014700000000000001,load_step,dtc_svm_baseline,94.2477796076938,0.3622246521328113,93.88555495556099,0.0,0.16378633008854837,0.2083896703660037,0.26505134717470613,0.11982170685194227,7,1,1,1,1,0,0,0.9798763332040233,0.004,0.010768581900559373,25.000054630874825,0,540.0
148,0.0148,load_step,dtc_svm_baseline,94.2477796076938,0.3693674225331753,93.87841218516063,0.0,0.15022516286125592,0.18451034711956765,0.23793206541127282,0.10496987650567534,7,1,1,1,1,0,0,0.9798883352803922,0.004,0.008741916495386613,25.000054717929785,0,540.0
149,0.0149,load_step,dtc_svm_baseline,94.2477796076938,0.37562085240132725,93.87215875529247,0.0,0.1378177842307402,0.16265970810963074,0.2131945644067436,0.09139551048492275,7,1,1,1,1,0,0,0.9799028494821787,0.004,0.007076909430582569,25.000054788334094,0,540.0
150,0.015000000000000001,load_step,dtc_svm_baseline,94.2477796076938,0.38106145853909285,93.8667181491547,0.0,0.12646532654057047,0.14266471211984755,0.19064810227550677,0.0789891111954604,7,1,1,1,1,0,0,0.9799191272444285,0.004,0.005711944691050639,25.000054845088286,0,540.0
151,0.0151,load_step,dtc_svm_baseline,94.2477796076938,0.38575919910416584,93.86202040858963,0.0,0.11607738670056496,0.12436708196954392,0.17012092987299285,0.06765056648612205,7,1,1,1,1,0,0,0.9799365638515154,0.004,0.004595685682174693,25.000054890679507,0,540.0
152,0.0152,load_step,dtc_svm_baseline,94.2477796076938,0.38977803577571896,93.85800157191808,0.0,0.10657130299908753,0.10762204400574432,0.1514593905272885,0.05728834465597385,7,1,1,1,1,0,0,0.9799546740485897,0.004,0.003685377643565162,25.000054927167348,0,540.0
153,0.015300000000000001,load_step,dtc_svm_baseline,94.2477796076938,0.3931764477028966,93.8546031599909,0.0,0.09787149344353241,0.0922971753590972,0.13452731249874633,0.047818758635352496,7,1,1,1,1,0,0,0.9799730715046409,0.004,0.002945429005508563,25.000054956255457,0,540.0
154,0.0154,load_step,dtc_svm_baseline,94.2477796076938,0.39600790137952946,93.85177170631427,0.0,0.27126311123931723,0.3923861436033757,0.4770226003148731,0.23028241491531945,6,1,1,1,1,0,0,0.979991451497026,0.004,0.004323693189478549,25.000054999126014,1,540.0
155,0.0155,load_step,dtc_svm_baseline,94.2477796076938,0.4097584779169569,93.83802112977685,0.0,0.248698706954484,0.35309020777982714,0.4318839446782362,0.2059221224079131,7,1,1,1,1,0,0,0.980009576255558,0.004,0.034698567934893475,25.000055345745032,1,540.0
156,0.015600000000000001,load_step,dtc_svm_baseline,94.2477796076938,0.42205018258889737,93.8257294251049,0.0,0.22805997913941975,0.3171376485251024,0.39062468201216366,0.1836534455570312,7,1,1,1,1,0,0,0.9799765170109662,0.004,0.02290857073221348,25.00005557446177,0,540.0
157,0.015700000000000002,load_step,dtc_svm_baseline,94.2477796076938,0.4330082979619629,93.81477130973184,0.0,0.20918194359998432,0.2842432642973667,0.35291828916434703,0.16329719315451188,7,1,1,1,1,0,0,0.9799548906651265,0.004,0.018790311419879947,25.000055761994386,0,540.0
158,0.0158,load_step,dtc_svm_baseline,94.2477796076938,0.4427473734728538,93.80503223422095,0.0,0.19191372791767924,0.2541461954009937,0.31846690189101456,0.14468953273190677,7,1,1,1,1,0,0,0.9799424254595577,0.004,0.01538373670879027,25.000055915460006,0,540.0
159,0.0159,load_step,dtc_svm_baseline,94.2477796076938,0.45137214538018683,93.79640746231361,0.0,0.1761173686398355,0.22660784402208978,0.28699902875961003,0.1276806718750587,7,1,1,1,1,0,0,0.9799372382375977,0.004,0.01256934358576692,25.000056040780674,0,540.0
160,0.016,load_step,dtc_svm_baseline,94.2477796076938,0.45897837773033706,93.78880122996347,0.0,0.16166671027743224,0.20140997240201125,0.2582675012364238,0.11213365325895473,7,1,1,1,1,0,0,0.9799377719306857,0.004,0.010247426469801294,25.000056142881334,0,540.0
161,0.0161,load_step,dtc_svm_baseline,94.2477796076938,0.46565363114883007,93.78212597654498,0.0,0.148446397612607,0.1783529638240815,0.2320476517204911,0.09792325349028455,7,1,1,1,1,0,0,0.979942742808176,0.004,0.008334819080499205,25.00005622585524,0,540.0
162,0.0162,load_step,dtc_svm_baseline,94.2477796076938,0.4714779656750891,93.77630164201871,0.0,0.13635095350729395,0.15725423241829808,0.20813571566604408,0.08493497673143861,7,1,1,1,1,0,0,0.9799510959782626,0.004,0.006762170753248265,25.00005629310211,0,540.0
163,0.016300000000000002,load_step,dtc_svm_baseline,94.2477796076938,0.4765245833176977,93.7712550243761,0.0,0.1252839350412554,0.1379467690012152,0.1863474589504674,0.07306413488202375,7,1,1,1,1,0,0,0.9799619678595575,0.004,0.0054716696766806995,25.00005634744352,0,540.0
164,0.0164,load_step,dtc_svm_baseline,94.2477796076938,0.4808604155147506,93.76691919217905,0.0,0.11515716139547909,0.1202778112740296,0.16651703728308254,0.06221500682130668,7,1,1,1,1,0,0,0.9799746545369936,0.004,0.004415139849815267,25.000056391219267,0,540.0
165,0.0165,load_step,dtc_svm_baseline,94.2477796076938,0.48454666023484133,93.76323294745896,0.0,0.10589000743878882,0.10410762771078491,0.1484961003627844,0.052300069875103314,7,1,1,1,1,0,0,0.9799885850768125,0.004,0.003552450535528471,25.00005642636783,0,540.0
166,0.0166,load_step,dtc_svm_baseline,94.2477796076938,0.48763927304474974,93.76014033464905,0.0,0.09740875747472907,0.08930840538926177,0.13215315851671236,0.04323929727034374,7,1,1,1,1,0,0,0.9800032990059814,0.004,0.002850187006810004,25.000056454493524,0,540.0
167,0.0167,load_step,dtc_svm_baseline,94.2477796076938,0.4901894160963279,93.75759019159747,0.0,0.08964601406539226,0.07576323285741865,0.11737323072498237,0.034959515885850674,7,1,1,1,1,0,0,0.9800184272601666,0.004,0.0022805397630345165,25.00005647692256,0,540.0
168,0.016800000000000002,load_step,dtc_svm_baseline,94.2477796076938,0.49224386864417824,93.75553573904962,0.0,0.08254015727167162,0.06336516989535927,0.10405778355461945,0.027393819104101436,7,1,1,1,1,0,0,0.9800336759617676,0.004,0.0018203764032764165,25.00005649474981,0,540.0
169,0.016900000000000002,load_step,dtc_svm_baseline,94.2477796076938,0.4938454023945396,93.75393420529926,0.0,0.25738911083974225,0.36613119061056354,0.44755022412773066,0.20991706852585773,6,1,1,1,1,0,0,0.9800488123739993,0.004,0.003005279275179808,25.000056524425972,1,540.0
170,0.017,load_step,dtc_svm_baseline,94.2477796076938,0.5063697197893018,93.7414098879045,0.0,0.23615710572695967,0.3292838704693657,0.40521358064188867,0.18728740771108668,7,1,1,1,1,0,0,0.9800636521910412,0.004,0.031025784162172602,25.000056834306985,1,540.0
171,0.0171,load_step,dtc_svm_baseline,94.2477796076938,0.51753882731787,93.73024078037594,0.0,0.21673723140487175,0.2955706595298371,0.36652017987001995,0.16660045164520854,7,1,1,1,1,0,0,0.9800278413515751,0.004,0.020236755015373743,25.00005703629564,0,540.0
172,0.0172,load_step,dtc_svm_baseline,94.2477796076938,0.5274690881699573,93.72031051952385,0.0,0.19897413715586584,0.26472425334303834,0.33116406442268226,0.14768986497552664,7,1,1,1,1,0,0,0.9800034198474593,0.004,0.016606640270374395,25.0000572019818,0,540.0
173,0.0173,load_step,dtc_svm_baseline,94.2477796076938,0.5362669024354357,93.71151270525837,0.0,0.18272577014625066,0.23650015683187323,0.2988662430871728,0.13040355921451025,7,1,1,1,1,0,0,0.9799881614599618,0.004,0.013603577056723378,25.000057337636225,0,540.0
174,0.017400000000000002,load_step,dtc_svm_baseline,94.2477796076938,0.5440295604580706,93.70375004723573,0.0,0.16786224080524803,0.21067473585992322,0.26937256025402345,0.11460247058156815,7,1,1,1,1,0,0,0.9799802183365176,0.004,0.011122302995001491,25.000057448477005,0,540.0
175,0.0175,load_step,dtc_svm_baseline,94.2477796076938,0.5508460229849518,93.69693358470884,0.0,0.1542647843948211,0.18704343559676165,0.24245179006190193,0.10015944310993409,7,1,1,1,1,0,0,0.9799780602963619,0.004,0.009074991068367975,25.000057538843926,0,540.0
176,0.0176,load_step,dtc_svm_baseline,94.2477796076938,0.5567976344167225,93.69098197327708,0.0,0.14182481071888364,0.16541915134141988,0.217893947979201,0.08695820786265296,7,1,1,1,1,0,0,0.9799804235959059,0.004,0.0073883804890519005,25.00005761234414,0,540.0
177,0.0177,load_step,dtc_svm_baseline,94.2477796076938,0.5619587749152923,93.6858208327785,0.0,0.13044303457710052,0.14563073870806315,0.19550881649260424,0.07489244991682434,7,1,1,1,1,0,0,0.9799862676874703,0.004,0.006001378181776417,25.00005767197384,0,540.0
178,0.0178,load_step,dtc_svm_baseline,94.2477796076938,0.5663974566261272,93.68138215106768,0.0,0.12002868017446218,0.12752165121107686,0.17512468584418037,0.0638649555139223,7,1,1,1,1,0,0,0.9799947387280336,0.004,0.0048630538138655964,25.000057720219896,0,540.0
179,0.0179,load_step,dtc_svm_baseline,94.2477796076938,0.5701758688168633,93.67760373887694,0.0,0.11049875325664062,0.11094869432051715,0.15658731507596488,0.05378683244412085,7,1,1,1,1,0,0,0.9800051387798984,0.004,0.003930963913034642,25.000057759144735,0,540.0
180,0.018000000000000002,load_step,dtc_svm_baseline,94.2477796076938,0.5733508763187797,93.67442873137502,0.0,0.10177737525589443,0.09578088600217548,0.13975912219723222,0.04457679734118096,7,1,1,1,1,0,0,0.9800168997959584,0.004,0.003169751162323237,25.000057790457184,0,540.0
181,0.0181,load_step,dtc_svm_baseline,94.2477796076938,0.5759744752789061,93.67180513241489,0.0,0.09379517420625191,0.08189841461745088,0.12451861315174144,0.03616052411771316,7,1,1,1,1,0,0,0.9800295615979429,0.004,0.0025499737846352687,25.00005781557165,0,540.0
182,0.0182,load_step,dtc_svm_baseline,94.2477796076938,0.5780942098849287,93.66968539780888,0.0,0.08648872762274824,0.06919168584414873,0.11076005324916247,0.028470048273970254,7,1,1,1,1,0,0,0.9800427531278216,0.004,0.0020471273090742364,25.000057835657486,0,540.0
183,0.0183,load_step,dtc_svm_baseline,94.2477796076938,0.57975355340958,93.66802605428423,0.0,0.07980005294040335,0.0575604509969001,0.09839336343604539,0.021443222271576474,7,1,1,1,1,0,0,0.9800561762508121,0.004,0.0016408271837486982,25.000057851680186,0,540.0
184,0.0184,load_step,dtc_svm_baseline,94.2477796076938,0.5809922566331827,93.66678735106062,0.0,0.07367614147710005,0.04691300978117084,0.08734417158392364,0.015023217581027676,7,1,1,1,1,0,0,0.9800695912222313,0.004,0.0013141258624034197,25.000057864435767,0,540.0
185,0.018500000000000003,load_step,dtc_svm_baseline,94.2477796076938,0.5818466664399932,93.66593294125381,0.0,0.0680685322229342,0.037165481113305976,0.07755383978481101,0.009158069392262791,7,1,1,1,1,0,0,0.9800828023046918,0.004,0.0010529423102644529,25.00005787457943,0,540.0
186,0.018600000000000002,load_step,dtc_svm_baseline,94.2477796076938,0.5823500171437646,93.66542959055003,0.0,0.05876849089540137,0.03545414256364849,0.06863477068546514,0.010441003800451881,7,1,1,1,1,0,0,0.9800956398673931,0.004,0.0008455854860151962,25.000057882649454,0,540.0
187,0.0187,load_step,dtc_svm_baseline,94.2477796076938,0.5829301049981995,93.6648495026956,0.0,0.2357694152763352,0.34079002638565653,0.41439722400576173,0.19239519352141232,6,1,1,1,1,0,0,0.9801079273253459,0.004,0.0017347744138344287,25.000057899611313,1,540.0
188,0.0188,load_step,dtc_svm_baseline,94.2477796076938,0.5943990002130326,93.65338060748077,0.0,0.21650493393498838,0.30629334075023207,0.3750866526632632,0.17125942752447046,7,1,1,1,1,0,0,0.9801183532059771,0.004,0.027119399355733917,25.000058170419308,1,540.0
189,0.0189,load_step,dtc_svm_baseline,94.2477796076938,0.6046021671727901,93.64317744052101,0.0,0.19888455839749483,0.2747299707013144,0.33916312354162503,0.15193890467736837,7,1,1,1,1,0,0,0.9800790310774787,0.004,0.01740396082734029,25.000058344071114,0,540.0
190,0.019,load_step,dtc_svm_baseline,94.2477796076938,0.613648334390486,93.63413127330331,0.0,0.18276725015118064,0.2458497758697475,0.3063429124739616,0.13427820418165798,7,1,1,1,1,0,0,0.9800512253898798,0.004,0.014278955131579358,25.000058486471705,0,540.0
191,0.019100000000000002,load_step,dtc_svm_baseline,94.2477796076938,0.6216369210355844,93.62614268665821,0.0,0.16802405235349258,0.21942395604988066,0.2763674269118363,0.11813521555425505,7,1,1,1,1,0,0,0.9800327247507624,0.004,0.011694461880201474,25.000058603026414,0,540.0
192,0.019200000000000002,load_step,dtc_svm_baseline,94.2477796076938,0.6286588341906937,93.61912077350311,0.0,0.15453705808107787,0.19524322886289355,0.24900124645704622,0.10337999718327116,7,1,1,1,1,0,0,0.9800216909832354,0.004,0.00955969815316424,25.00005869823271,0,540.0
193,0.0193,load_step,dtc_svm_baseline,94.2477796076938,0.634797197738513,93.6129824099553,0.0,0.14219846614887346,0.1731161633393571,0.22403037692337902,0.0898937331215369,7,1,1,1,1,0,0,0.9800165994427958,0.004,0.007798921199324036,25.0000587758306,0,540.0
194,0.0194,load_step,dtc_svm_baseline,94.2477796076938,0.6401280187632128,93.6076515889306,0.0,0.13090971715684477,0.15286765603004035,0.20126071227689676,0.07756777958848242,7,1,1,1,1,0,0,0.9800161886159091,0.004,0.006348953270399654,25.000058838928293,0,540.0
195,0.0195,load_step,dtc_svm_baseline,94.2477796076938,0.6447207968395501,93.60305881085425,0.0,0.12058070302258317,0.13433753741240018,0.18051670254978738,0.06630279340720804,7,1,1,1,1,0,0,0.9800194175598376,0.004,0.005157112456830997,25.00005889010716,0,540.0
196,0.0196,load_step,dtc_svm_baseline,94.2477796076938,0.6486390811174285,93.59914052657638,0.0,0.11112904381195317,0.11737929741702662,0.1616402296480483,0.05600793528941564,7,1,1,1,1,0,0,0.9800254299599369,0.004,0.0041794830374164175,25.00005893150939,0,540.0
197,0.019700000000000002,load_step,dtc_svm_baseline,94.2477796076938,0.6519409796851047,93.59583862800869,0.0,0.1024794261905404,0.10185891986271368,0.14448969633832423,0.04660014150363237,7,1,1,1,1,0,0,0.9800335237584555,0.004,0.003379469734096924,25.00005896491121,0,540.0
198,0.0198,load_step,dtc_svm_baseline,94.2477796076938,0.6546796253070312,93.59309998238678,0.0,0.09456299828885628,0.08765381646904594,0.1289393352975244,0.03800345802816723,7,1,1,1,1,0,0,0.980043125448805,0.004,0.0027265893632423925,25.000058991784005,0,540.0
199,0.0199,load_step,dtc_svm_baseline,94.2477796076938,0.6569036012790193,93.59087600641479,0.0,0.08731681620698489,0.07465185191892927,0.11487874210422973,0.03014843180508875,7,1,1,1,1,0,0,0.9800537682251924,0.004,0.002195460986288811,25.000059013345336,0,540.0
200,0.02,load_step,dtc_svm_baseline,94.2477796076938,0.6586573308209338,93.58912227687287,0.0,0.08068333778233161,0.06275045217718479,0.10221262272409888,0.022971554180184144,7,1,1,1,1,0,0,0.9800650732059779,0.004,0.0017649620289951133,25.000059030601534,0,540.0
201,0.0201,load_step,dtc_svm_baseline,94.2477796076938,0.6599814331327372,93.58779817456106,0.0,0.0746099596099516,0.05185578894130269,0.09086071163997969,0.016414752040716497,7,1,1,1,1,0,0,0.9800767328375201,0.004,0.0014175231635516782,25.000059044383228,0,540.0
202,0.020200000000000003,load_step,dtc_svm_baseline,94.2477796076938,0.6609130489708649,93.58686655872293,0.0,0.06904859364103608,0.04188203371241057,0.08075774285907465,0.010424922551824957,7,1,1,1,1,0,0,0.9800884951019073,0.004,0.001138539201601457,25.00005905537499,0,540.0
203,0.020300000000000002,load_step,dtc_svm_baseline,94.2477796076938,0.6614861383563895,93.5862934693374,0.0,0.06395527999374906,0.03275067553345917,0.07185321556462702,0.004953507747070645,7,1,1,1,1,0,0,0.9801001454807443,0.004,0.0009158769714011848,25.000059064140057,0,540.0
204,0.0204,load_step,dtc_svm_baseline,94.2477796076938,0.6617317528021421,93.58604785489166,0.0,0.05512540171995581,0.03160290333024569,0.06354174544098833,0.0068653874642779405,7,1,1,1,1,0,0,0.9801114775703244,0.004,0.0007394642680266653,25.00005907114094,0,540.0
205,0.0205,load_step,dtc_svm_baseline,94.2477796076938,0.6620917627533888,93.58568784494041,0.0,0.04703743084721191,0.030552453664498172,0.056088967949388675,0.008614510154147496,7,1,1,1,1,0,0,0.9801222211355869,0.004,0.0005904743048917822,25.000059076651873,0,540.0
206,0.0206,load_step,dtc_svm_baseline,94.2477796076938,0.6625564194024839,93.58522318829132,0.0,0.043792362664906014,0.02237800650530335,0.04917871697112536,0.0033126775077705626,7,1,1,1,1,0,0,0.9801313342436689,0.004,0.00047073562871436064,25.000059080965386,0,540.0
207,0.0207,load_step,dtc_svm_baseline,94.2477796076938,0.6627037579039191,93.58507584978989,0.0,0.036652547276660424,0.022105533658719912,0.04280261487578331,0.005369052484688734,7,1,1,1,1,0,0,0.9801389376427907,0.004,0.00037351609322999876,25.000059084306674,0,540.0
208,0.020800000000000003,load_step,dtc_svm_baseline,94.2477796076938,0.6629741466242496,93.58480546106955,0.0,0.03427442751664542,0.014642725392539767,0.037271246135796285,0.00035827925689314866,7,1,1,1,1,0,0,0.9801465018505713,0.004,0.0002923284371451998,25.000059086836064,0,540.0
209,0.020900000000000002,load_step,dtc_svm_baseline,94.2477796076938,0.6629446502592783,93.58483495743452,0.0,0.027927309641643767,0.015021210375531982,0.03171074557569151,0.0026683544412643718,7,1,1,1,1,0,0,0.9801116558709372,0.004,0.00023102251692668906,25.000059088752376,0,540.0
210,0.021,load_step,dtc_svm_baseline,94.2477796076938,0.6630534001145215,93.58472620757928,0.0,0.022109565776291248,0.015366858956640998,0.026925327351945916,0.004779239804180754,7,1,1,1,1,0,0,0.9801238920465065,0.004,0.00017580481308150078,25.0000590901165,0,540.0
211,0.0211,load_step,dtc_svm_baseline,94.2477796076938,0.6632884652686435,93.58449114242515,0.0,0.2022946482407596,0.3225842456028785,0.3807672782921753,0.18343928881502308,6,1,1,1,1,0,0,0.9801343491060737,0.004,0.0006058548114129133,25.000059095781115,1,540.0
212,0.0212,load_step,dtc_svm_baseline,94.2477796076938,0.6742152299993955,93.57356437769441,0.0,0.18594171407990176,0.2898085426937783,0.3443302374948553,0.16311018284327272,7,1,1,1,1,0,0,0.9801428988777376,0.004,0.023398151048839386,25.000059329368653,1,540.0
213,0.0213,load_step,dtc_svm_baseline,94.2477796076938,0.6839245818255099,93.56385502586829,0.0,0.17098413139064694,0.25981920507845424,0.3110331051753396,0.14452977910763007,7,1,1,1,1,0,0,0.9801024807672754,0.004,0.014713783636154774,25.000059476110962,0,540.0
214,0.021400000000000002,load_step,dtc_svm_baseline,94.2477796076938,0.6925212634787646,93.55525834421503,0.0,0.15730208900410556,0.2323786491522627,0.2806132281038903,0.12754816625334325,7,1,1,1,1,0,0,0.9800735165527753,0.004,0.012051909527811575,25.00005959623355,0,540.0
215,0.021500000000000002,load_step,dtc_svm_baseline,94.2477796076938,0.7001010383603277,93.54767856933347,0.0,0.14478604774101897,0.2072695564257403,0.2528313047100532,0.1120282859956646,7,1,1,1,1,0,0,0.9800538231377237,0.004,0.009852484156380794,25.000059694361084,0,540.0
216,0.0216,load_step,dtc_svm_baseline,94.2477796076938,0.7067514604087406,93.54102814728506,0.0,0.13333586265312336,0.18429314357309373,0.22746959145676046,0.09784482987384968,7,1,1,1,1,0,0,0.9800415848452494,0.004,0.008037683612986436,25.00005977433996,0,540.0
217,0.0217,load_step,dtc_svm_baseline,94.2477796076938,0.7125525778861876,93.53522702980761,0.0,0.12285997977808467,0.16326758040418796,0.2043303145451241,0.08488323099670014,7,1,1,1,1,0,0,0.9800352947400425,0.004,0.006542588565907163,25.00005983936735,0,540.0
218,0.0218,load_step,dtc_svm_baseline,94.2477796076938,0.7175775767727931,93.530202030921,0.0,0.1132747011648705,0.1440265430702538,0.18323428454511015,0.07303874253783361,7,1,1,1,1,0,0,0.9800337050703319,0.004,0.005313059768790425,25.000059892099017,0,540.0
219,0.0219,load_step,dtc_svm_baseline,94.2477796076938,0.7218933689650304,93.52588623872877,0.0,0.1045035124357342,0.12641789090897956,0.16401971605048069,0.06221559546713047,7,1,1,1,1,0,0,0.9800357854151658,0.004,0.004303962090458764,25.000059934739358,0,540.0
220,0.022000000000000002,load_step,dtc_svm_baseline,94.2477796076938,0.7255611300242878,93.52221847766951,0.0,0.09647646762106753,0.11030245633441309,0.14654125930277792,0.05232622866596035,7,1,1,1,1,0,0,0.9800406873347672,0.004,0.0034776799917616,25.00005996911659,0,540.0
221,0.0221,load_step,dtc_svm_baseline,94.2477796076938,0.7286367908111951,93.5191428168826,0.0,0.08912962643684845,0.09555293808970763,0.13066925532177665,0.04329058517458903,7,1,1,1,1,0,0,0.9800477144957334,0.004,0.002802876713408118,25.000059996745566,0,540.0
222,0.0222,load_step,dtc_svm_baseline,94.2477796076938,0.7311714869668643,93.51660812072694,0.0,0.08240453957380676,0.0820528890139722,0.11628922881294865,0.035035468866586414,7,1,1,1,1,0,0,0.980056297378585,0.004,0.00225345724991022,25.00006001888016,0,540.0
223,0.0223,load_step,dtc_svm_baseline,94.2477796076938,0.7332119698604699,93.51456763783334,0.0,0.07624777793513837,0.06969579023533268,0.10330163027064804,0.02749395634235443,7,1,1,1,1,0,0,0.9800659717646177,0.004,0.0018077017184020482,25.000060036557052,0,540.0
224,0.0224,load_step,dtc_svm_baseline,94.2477796076938,0.7348009823106602,93.51297862538314,0.0,0.0706105020979251,0.058384204397205104,0.09162182234389202,0.020604859286792142,7,1,1,1,1,0,0,0.9800763602124941,0.004,0.0014475411960800267,25.00006005063222,0,540.0
225,0.022500000000000003,load_step,dtc_svm_baseline,94.2477796076938,0.7359776021034758,93.51180200559033,0.0,0.06544806858444674,0.048029001159499304,0.08118026012408207,0.014312232948794783,7,1,1,1,1,0,0,0.9800871555776112,0.004,0.0011579526710751632,25.00006006181141,0,540.0
226,0.022600000000000002,load_step,dtc_svm_baseline,94.2477796076938,0.7367775560693623,93.51100205162444,0.0,0.06071966981549655,0.03854864879632032,0.07192271286961421,0.008564926776458842,7,1,1,1,1,0,0,0.9800981049756282,0.004,0.0009264535748998362,25.000060070675534,0,540.0
227,0.0227,load_step,dtc_svm_baseline,94.2477796076938,0.7372335072443009,93.5105461004495,0.0,0.056388004880346204,0.029868566241514138,0.06381017429618623,0.0033161735849588257,7,1,1,1,1,0,0,0.9801089901938997,0.004,0.0007426795624842472,25.00006007770186,0,540.0
228,0.0228,load_step,dtc_svm_baseline,94.2477796076938,0.7373753174230715,93.51040429027073,0.0,0.0482545473251235,0.029133536795405646,0.05636722721370848,0.005604882441898139,7,1,1,1,1,0,0,0.9801195908499026,0.004,0.000598031880512358,25.00006008328166,0,540.0
229,0.0229,load_step,dtc_svm_baseline,94.2477796076938,0.7376540820155588,93.51012552567825,0.0,0.04496777087248421,0.02124757817755851,0.04973489716136648,0.0006206813752621448,7,1,1,1,1,0,0,0.980129577630773,0.004,0.00047794601630296016,25.000060087660565,0,540.0
230,0.023,load_step,dtc_svm_baseline,94.2477796076938,0.737634551061495,93.51014505663231,0.0,0.03778971442090813,0.021238956024242767,0.043349230316275626,0.003142216374922924,7,1,1,1,1,0,0,0.9801380246427507,0.004,0.0003831488000673472,25.00006009109147,0,540.0
231,0.023100000000000002,load_step,dtc_svm_baseline,94.2477796076938,0.7377659201462081,93.5100136875476,0.0,0.031212085577595715,0.021230468431318348,0.0377482062609121,0.005446986849148272,7,1,1,1,1,0,0,0.9801458644747897,0.004,0.0003010453871403427,25.000060093701318,0,540.0
232,0.023200000000000002,load_step,dtc_svm_baseline,94.2477796076938,0.7380352056369774,93.50974440205682,0.0,0.2107022622698929,0.328123875705028,0.38994963922709225,0.1798501507431411,6,1,1,1,1,0,0,0.9801526233130671,0.004,0.0008647730924597479,25.000060101948424,1,540.0
233,0.0233,load_step,dtc_svm_baseline,94.2477796076938,0.7487414393838294,93.49903816830997,0.0,0.193713846466,0.2950517762310028,0.3529597781188712,0.15986853536414802,7,1,1,1,1,0,0,0.9801581179028019,0.004,0.024423340786460454,25.00006034578115,1,540.0
234,0.0234,load_step,dtc_svm_baseline,94.2477796076938,0.758251072368887,93.48952853532491,0.0,0.17817558250476384,0.26479119651286803,0.3191565696513675,0.14160481741487305,7,1,1,1,1,0,0,0.9801162334961535,0.004,0.015474029069606866,25.000060500119137,0,540.0
235,0.0235,load_step,dtc_svm_baseline,94.2477796076938,0.7666670022445417,93.48111260544925,0.0,0.16396291534802165,0.23710241562022358,0.28827312240715014,0.12491184327756641,7,1,1,1,1,0,0,0.9800859413807419,0.004,0.012701096854101781,25.00006062672677,0,540.0
236,0.0236,load_step,dtc_svm_baseline,94.2477796076938,0.774083312508126,93.47369629518568,0.0,0.15096197269892922,0.21176615954854686,0.2600661906728609,0.10965506575170075,7,1,1,1,1,0,0,0.9800650447419539,0.004,0.010407240780994437,25.000060730395003,0,540.0
237,0.023700000000000002,load_step,dtc_svm_baseline,94.2477796076938,0.7805860275965386,93.46719358009726,0.0,0.13906865165986054,0.1885818557663586,0.23431433203877075,0.09571146282153921,7,1,1,1,1,0,0,0.9800517155805487,0.004,0.008512046728214508,25.0000608151106,0,540.0
238,0.0238,load_step,dtc_svm_baseline,94.2477796076938,0.7862538032176659,93.46152580447614,0.0,0.12818778299021574,0.16736603701329647,0.2108162661026961,0.08296854945732478,7,1,1,1,1,0,0,0.9800444358721342,0.004,0.006948418082316938,25.00006088418935,0,540.0
239,0.0239,load_step,dtc_svm_baseline,94.2477796076938,0.7911585574910751,93.45662105020273,0.0,0.11823236645263299,0.14795088154472325,0.1893894290261482,0.07132347438131291,7,1,1,1,1,0,0,0.9800419478629071,0.004,0.005660384549802043,25.0000609403873,0,540.0
240,0.024,load_step,dtc_svm_baseline,94.2477796076938,0.7953660479871546,93.45241355970664,0.0,0.10912287126883817,0.13018287812398413,0.1698687222257221,0.06068219444305216,7,1,1,1,1,0,0,0.980043212082744,0.004,0.004601270341053559,25.000060985993734,0,540.0
241,0.0241,load_step,dtc_svm_baseline,94.2477796076938,0.7989363993133005,93.4488432083805,0.0,0.10078659619784426,0.11392160507231652,0.15210545708619455,0.050958719895642664,7,1,1,1,1,0,0,0.9800473718684167,0.004,0.0037321628800186303,25.00006102290879,0,540.0
242,0.024200000000000003,load_step,dtc_svm_baseline,94.2477796076938,0.8019245854939404,93.44585502219986,0.0,0.09315708420220635,0.09903861360736105,0.13596650073575153,0.042074424452867784,7,1,1,1,1,0,0,0.9800537233616785,0.004,0.0030206328213336106,25.000061052708297,0,540.0
243,0.024300000000000002,load_step,dtc_svm_baseline,94.2477796076938,0.8043808710246102,93.4433987366692,0.0,0.08617358708519829,0.0854164065420033,0.12133362937652133,0.03395741454194799,7,1,1,1,1,0,0,0.9800616900782045,0.004,0.002439664210353611,25.00006107669792,0,540.0
244,0.0244,load_step,dtc_svm_baseline,94.2477796076938,0.8063512141457558,93.44142839354805,0.0,0.07978057586572983,0.07294750418305011,0.10810309270323207,0.02654195265341769,7,1,1,1,1,0,0,0.9800708012227037,0.004,0.001966760357993303,25.000061095958348,0,540.0
245,0.0245,load_step,dtc_svm_baseline,94.2477796076938,0.8078776355765481,93.43990197211726,0.0,0.07392729301093161,0.06153358997041005,0.09618538010826118,0.019767930132866936,7,1,1,1,1,0,0,0.9800806729151137,0.004,0.001583196636855342,25.00006111138301,0,540.0
246,0.0246,load_step,dtc_svm_baseline,94.2477796076938,0.8089985556701579,93.43878105202364,0.0,0.06856734297089788,0.05108472903791909,0.08550514641216839,0.013580385163166757,7,1,1,1,1,0,0,0.9800909912745738,0.004,0.0012733961179972953,25.00006112370956,0,540.0
247,0.0247,load_step,dtc_svm_baseline,94.2477796076938,0.8097491026972942,93.4380305049965,0.0,0.06365831775829008,0.04151865346202382,0.07600118423495157,0.007929062053934692,7,1,1,1,1,0,0,0.9801014954877206,0.004,0.0010244079096035142,25.000061133546147,0,540.0
248,0.024800000000000003,load_step,dtc_svm_baseline,94.2477796076938,0.8101613947322109,93.4376182129616,0.0,0.05916145458931317,0.03276010849909135,0.06762619624077346,0.0027680082907470226,7,1,1,1,1,0,0,0.9801119560947982,0.004,0.0008254713558661684,25.000061141393303,0,540.0
249,0.024900000000000002,load_step,dtc_svm_baseline,94.2477796076938,0.8102647974029012,93.43751481029089,0.0,0.050876891679944296,0.03195326097847341,0.06007885646524255,0.0053367903876123685,7,1,1,1,1,0,0,0.9801221328260619,0.004,0.0006676520120052903,25.000061147662215,0,540.0
250,0.025,load_step,dtc_svm_baseline,94.2477796076938,0.8105219181187057,93.43725768957509,0.0,0.04745188301177908,0.024001564493911297,0.05317665182689628,0.00040865981915948636,7,1,1,1,1,0,0,0.9801316620884803,0.004,0.000538782608938821,25.00006115264239,0,540.0
251,0.0251,load_step,dtc_svm_baseline,94.2477796076938,0.8104841004292813,93.43729550726452,0.0,0.0401473726610144,0.02393276361344833,0.04673958392796798,0.003181678489481853,7,1,1,1,1,0,0,0.9801397535626883,0.004,0.0004337812893069825,25.00006115657252,0,540.0
252,0.0252,load_step,dtc_svm_baseline,94.2477796076938,0.810612233952236,93.43716737374156,0.0,0.037618478363851765,0.01665617849075981,0.0411409552189498,-0.0015492069398121734,7,1,1,1,1,0,0,0.9801472143325949,0.004,0.00034547524899700903,25.000061159619563,0,540.0
253,0.0253,load_step,dtc_svm_baseline,94.2477796076938,0.810457242902503,93.4373223647913,0.0,0.031133334250446138,0.017204920604595858,0.035570968423146,0.001391528859836625,7,1,1,1,1,0,0,0.9801536793098409,0.004,0.000277142679665725,25.000061161983258,0,540.0
254,0.025400000000000002,load_step,dtc_svm_baseline,94.2477796076938,0.8104782489181661,93.43730135877563,0.0,0.0251892013026144,0.01770622495916513,0.03078971036837133,0.004078715102605164,7,1,1,1,1,0,0,0.9801592869569256,0.004,0.00021648409657996952,25.00006116374035,0,540.0
255,0.025500000000000002,load_step,dtc_svm_baseline,94.2477796076938,0.8106600650777962,93.437119542616,0.0,0.20525855521229347,0.3250659062268957,0.38444624836113445,0.17423980056114258,6,1,1,1,1,0,0,0.9801644738979728,0.004,0.0007018632355224958,25.000061170351227,1,540.0
256,0.0256,load_step,dtc_svm_baseline,94.2477796076938,0.8000796016970212,93.44770000599678,0.35,0.18879965828206108,0.2924202717066341,0.3480731622409357,0.15478328877365782,7,1,1,1,1,0,0,0.9801686546770043,0.004,0.02384946915886087,25.000061408438118,1,540.0
257,0.0257,load_step,dtc_svm_baseline,94.2477796076938,0.7883355972973682,93.45944401039644,0.35,0.17374042511679974,0.262560696360842,0.3148394108005803,0.13701166665906572,7,1,1,1,1,0,0,0.9801257755190768,0.004,0.015074108042390415,25.000061558769808,0,540.0
258,0.0258,load_step,dtc_svm_baseline,94.2477796076938,0.775528971677653,93.47225063601614,0.35,0.15996044339129822,0.23524968210994915,0.28448155719268137,0.1207806007010649,7,1,1,1,1,0,0,0.9800848770164807,0.004,0.012382771319888986,25.00006168218713,0,540.0
259,0.025900000000000003,load_step,dtc_svm_baseline,94.2477796076938,0.7617519993995187,93.48602760829428,0.35,0.14734965710326123,0.21026997530730926,0.2567593892425068,0.10595810573535955,7,1,1,1,1,0,0,0.9800459409961738,0.004,0.010155821973658767,25.000061783334136,0,540.0
260,0.026000000000000002,load_step,dtc_svm_baseline,94.2477796076938,0.7470890494254476,93.50069055826836,0.35,0.13580747801761542,0.18742284010297186,0.23145408200714296,0.09242348822507426,7,1,1,1,1,0,0,0.9800089647413864,0.004,0.008315280411609144,25.00006186607505,0,540.0
261,0.0261,load_step,dtc_svm_baseline,94.2477796076938,0.7316172614614048,93.51616234623239,0.35,0.12524197292847075,0.16652647927782682,0.20836655221912245,0.08006638013212238,7,1,1,1,1,0,0,0.9799739436086848,0.004,0.006796088413698331,25.000061933623495,0,540.0
262,0.0262,load_step,dtc_svm_baseline,94.2477796076938,0.715407164430592,93.53237244326321,0.35,-0.06578514045787424,0.4615293837927039,0.4661942264862739,0.39186786686458297,2,1,1,1,1,0,0,0.9799408634007133,0.004,0.011623446030577335,25.000062049445066,2,540.0
263,0.0263,load_step,dtc_svm_baseline,94.2477796076938,0.7178577359959608,93.52992187169784,0.35,-0.05103752684700119,0.41759147691121007,0.42069878860717447,0.35033011791606516,0,1,1,1,1,0,0,0.9799096977691591,0.004,0.03304309967626693,25.0000623794624,1,540.0
264,0.0264,load_step,dtc_svm_baseline,94.2477796076938,0.7178223375655909,93.52995727012821,0.35,-0.21889843299287542,0.6915157002708828,0.7253347418177801,0.6364406595525529,2,1,1,1,1,0,0,0.9799329744132361,0.004,0.027542523923630366,25.000062654471776,1,540.0
265,0.026500000000000003,load_step,dtc_svm_baseline,94.2477796076938,0.7349089181506037,93.51287068954319,0.35,-0.1912773915528686,0.6282947792469173,0.6567658411855797,0.5738451003194205,0,1,1,1,1,0,0,0.9799574394212074,0.004,0.07380845341508194,25.000063392138614,1,540.0
266,0.026600000000000002,load_step,dtc_svm_baseline,94.2477796076938,0.7482482223265597,93.49953138536723,0.35,-0.1660052918371365,0.5704640045529805,0.5941270381059558,0.5166142681091412,0,1,1,1,1,0,0,0.9799156308503142,0.004,0.052126338509699756,25.000063912979385,0,540.0
267,0.0267,load_step,dtc_svm_baseline,94.2477796076938,0.7581615842952525,93.48961802339855,0.35,-0.1428826682410932,0.5175641674013233,0.5369246914247093,0.46429010027910167,0,1,1,1,1,0,0,0.9798959785242053,0.004,0.04270408635732686,25.00006433959416,0,540.0
268,0.0268,load_step,dtc_svm_baseline,94.2477796076938,0.7649429013059054,93.4828367063879,0.35,-0.12172707683807736,0.46917514089253326,0.48470897873576846,0.4164536540890193,0,1,1,1,1,0,0,0.9798935720134532,0.004,0.03492156941311476,25.000064688380924,0,540.0
269,0.0269,load_step,dtc_svm_baseline,94.2477796076938,0.768860976851486,93.47891863084232,0.35,-0.10237162619974953,0.42491256121340326,0.4370705143654916,0.37272176066111684,0,1,1,1,1,0,0,0.9799041807452875,0.004,0.028502561382186528,25.00006497297528,0,540.0
270,0.027,load_step,dtc_svm_baseline,94.2477796076938,0.7701616634448508,93.47761794424895,0.35,-0.08466363788097607,0.384424789405058,0.39363733345347746,0.33274396653795457,0,1,1,1,1,0,0,0.9799238692187568,0.004,0.02321663116163387,25.000065204708438,0,540.0
271,0.027100000000000003,load_step,dtc_svm_baseline,94.2477796076938,0.769069822201089,93.47870978549271,0.35,-0.24981768545717387,0.661504924071586,0.7071051127930941,0.6222792702366406,2,1,1,1,1,0,0,0.979948119814431,0.004,0.024479880982540787,25.00006544907255,1,540.0
272,0.027200000000000002,load_step,dtc_svm_baseline,94.2477796076938,0.7853049923266808,93.46247461536711,0.35,-0.2197216956770817,0.6011707208589153,0.6400655116230213,0.5608263203737182,0,1,1,1,1,0,0,0.9799705683217309,0.004,0.07043079053865621,25.00006615294413,1,540.0
273,0.0273,load_step,dtc_svm_baseline,94.2477796076938,0.7978613296816985,93.4499182780121,0.35,-0.1921857791372821,0.5459807977521042,0.5788181106501664,0.5046459815154067,0,1,1,1,1,0,0,0.979930451603457,0.004,0.049537224388721324,25.000066647875354,0,540.0
274,0.0274,load_step,dtc_svm_baseline,94.2477796076938,0.807054650625714,93.44072495706808,0.35,-0.1669925748017197,0.49549683086049484,0.5228801291230158,0.45328763626891927,0,1,1,1,1,0,0,0.9799119080504657,0.004,0.04055720541023527,25.00006705300309,0,540.0
275,0.0275,load_step,dtc_svm_baseline,94.2477796076938,0.8131737805426059,93.43460582715119,0.35,-0.14394325339018693,0.44931780142210165,0.47181155864533747,0.40633918481298176,0,1,1,1,1,0,0,0.9799101123473937,0.004,0.03314164312446107,25.0000673839725,0,540.0
276,0.027600000000000003,load_step,dtc_svm_baseline,94.2477796076938,0.8164828609567713,93.43129674673703,0.35,-0.12285592189361606,0.40707682867398787,0.42521185541751017,0.36342374776870934,0,1,1,1,1,0,0,0.9799208667103689,0.004,0.02702685877227751,25.00006765379186,0,540.0
277,0.027700000000000002,load_step,dtc_svm_baseline,94.2477796076938,0.817223459158948,93.43055614853485,0.35,-0.10356416813048064,0.3684382702564274,0.38271699192759484,0.324196652628968,0,1,1,1,1,0,0,0.9799401457810619,0.004,0.021992898735416135,25.00006787326982,0,540.0
278,0.027800000000000002,load_step,dtc_svm_baseline,94.2477796076938,0.815616497326073,93.43216311036772,0.35,-0.08591573260966011,0.33309506777906783,0.34399685650976,0.28834267902823896,0,1,1,1,1,0,0,0.9799630290826848,0.004,0.01785634299944251,25.00006805138076,0,540.0
279,0.0279,load_step,dtc_svm_baseline,94.2477796076938,0.8118640166390731,93.43591559105472,0.35,-0.06977129619365036,0.3007663170099051,0.3087529938644236,0.25557354036963575,0,1,1,1,1,0,0,0.9799827945947819,0.004,0.014464291433054579,25.00006819557,0,540.0
280,0.028,load_step,dtc_svm_baseline,94.2477796076938,0.8061507905558069,93.441628817138,0.35,-0.05500337315530916,0.2711950438368222,0.2767166833787188,0.2256255813395875,0,1,1,1,1,0,0,0.9799947964419086,0.004,0.011689335406522791,25.000068312008718,0,540.0
281,0.0281,load_step,dtc_svm_baseline,94.2477796076938,0.7986458001703087,93.4491338075235,0.35,-0.04149530020650458,0.24414616870689487,0.24764735337467977,0.19825767265982155,0,1,1,1,1,0,0,0.9799984570016786,0.004,0.00942535369023856,25.000068405806843,0,540.0
282,0.028200000000000003,load_step,dtc_svm_baseline,94.2477796076938,0.789503583472387,93.45827602422142,0.35,-0.21049457376276895,0.5335194375575666,0.5735424621031228,0.4996990006195108,2,1,1,1,1,0,0,0.9799948124757782,0.004,0.011139275134241199,25.000068516743557,1,540.0
283,0.028300000000000002,load_step,dtc_svm_baseline,94.2477796076938,0.7984014998255646,93.44937810786824,0.35,-0.1839192220088723,0.4844301820961981,0.518168777089188,0.4487626949290883,0,1,1,1,1,0,0,0.9799852171601495,0.004,0.04800379040395315,25.000068996324682,1,540.0
284,0.0284,load_step,dtc_svm_baseline,94.2477796076938,0.8042505043492807,93.44352910334452,0.35,-0.1596058874214244,0.4395268464485345,0.46760869116022,0.40220315463089734,0,1,1,1,1,0,0,0.9799736385079575,0.004,0.03257611821244523,25.00006932162589,0,540.0
285,0.0285,load_step,dtc_svm_baseline,94.2477796076938,0.8073127540924866,93.44046685360131,0.35,-0.13736265910888446,0.3984526447834481,0.4214653132256417,0.35964611380031347,0,1,1,1,1,0,0,0.9799759081005073,0.004,0.026573337776092887,25.000069586897123,0,540.0
286,0.0286,load_step,dtc_svm_baseline,94.2477796076938,0.8078279884222918,93.43995161927151,0.35,-0.11701395396500398,0.36088117222576016,0.3793777614588958,0.3207493083215325,0,1,1,1,1,0,0,0.9799877255238189,0.004,0.021629987373539158,25.000069802733083,0,540.0
287,0.0287,load_step,dtc_svm_baseline,94.2477796076938,0.8060154458600237,93.44176416183377,0.35,-0.098399117338576,0.32651382350315983,0.3410185672828731,0.2851997370105518,0,1,1,1,1,0,0,0.9800037930359784,0.004,0.017566403535924587,25.000069977931766,0,540.0
288,0.028800000000000003,load_step,dtc_svm_baseline,94.2477796076938,0.8020756168648782,93.44570399082892,0.35,-0.08137114541886287,0.29507742994327496,0.3060914127653797,0.25271115789988496,0,1,1,1,1,0,0,0.9800171594016248,0.004,0.014232806931559991,25.000070119793314,0,540.0
289,0.028900000000000002,load_step,dtc_svm_baseline,94.2477796076938,0.796191846650764,93.45158776104304,0.35,-0.06579551844987168,0.26632209651644007,0.2743291988487544,0.22302179930264684,0,1,1,1,1,0,0,0.9800234433186074,0.004,0.011504379689643462,25.000070234369645,0,540.0
290,0.029,load_step,dtc_svm_baseline,94.2477796076938,0.7885318009011048,93.45924780679269,0.35,-0.05154913490884153,0.24001922212645244,0.24549244448666288,0.19589226708644086,0,1,1,1,1,0,0,0.9800221870820026,0.004,0.009277149582774091,25.000070326672912,0,540.0
291,0.0291,load_step,dtc_svm_baseline,94.2477796076938,0.7792488061340928,93.46853080155971,0.35,-0.03851933770304183,0.21595968773899143,0.21936801522875587,0.17110363122819622,0,1,1,1,1,0,0,0.980014378000824,0.004,0.007464549160566161,25.00007040084956,0,540.0
292,0.0292,load_step,dtc_svm_baseline,94.2477796076938,0.7684830754569035,93.4792965322369,0.35,-0.02660302426576336,0.19395219821408394,0.1957681692516945,0.1484556762085196,0,1,1,1,1,0,0,0.9800012797174008,0.004,0.005994539462133135,25.000070460325613,0,540.0
293,0.029300000000000003,load_step,dtc_svm_baseline,94.2477796076938,0.756362829522473,93.49141677817133,0.35,-0.015705833177412507,0.17382176488315082,0.17452988037264586,0.12776530115449014,0,1,1,1,1,0,0,0.9799840965637726,0.004,0.0048072059572808155,25.000070507927937,0,540.0
294,0.029400000000000003,load_step,dtc_svm_baseline,94.2477796076938,0.7430053216584244,93.50477428603537,0.35,-0.0057414006097411445,0.1554083169904919,0.15551433590115976,0.10886505686723774,0,1,1,1,1,0,0,0.9799638842686825,0.004,0.0038527494478943027,25.000070545985377,0,540.0
295,0.029500000000000002,load_step,dtc_svm_baseline,94.2477796076938,0.7285177753672282,93.51926183232658,0.35,0.003369319501690486,0.1385654311107106,0.13860638878782447,0.09160180798741921,0,1,1,1,1,0,0,0.9799415353216987,0.004,0.003089807281769823,25.000070576413144,0,540.0
296,0.0296,load_step,dtc_svm_baseline,94.2477796076938,0.7129982416930718,93.53478136600073,0.35,-0.1779844460465798,0.4372739624417094,0.472109077718255,0.40598890762541495,2,1,1,1,1,0,0,0.9799177886262062,0.004,0.004518770589808031,25.00007062113034,1,540.0
297,0.0297,load_step,dtc_svm_baseline,94.2477796076938,0.7162940567694253,93.53148555092437,0.35,-0.1543929351881507,0.3967234462346241,0.4257072600136027,0.363186027773058,0,1,1,1,1,0,0,0.9798932467067267,0.004,0.0338235129477545,25.000070958894664,1,540.0
298,0.0298,load_step,dtc_svm_baseline,94.2477796076938,0.7170281265165452,93.53075148117726,0.35,-0.13281145160355987,0.3596305205025774,0.3833705687112659,0.3240667016667548,0,1,1,1,1,0,0,0.9799167200607231,0.004,0.022080451867166992,25.000071179226122,0,540.0
299,0.029900000000000003,load_step,dtc_svm_baseline,94.2477796076938,0.7154210860515929,93.53235852164221,0.35,-0.11306949241608373,0.32570041000667216,0.3447687155090281,0.28831574962544265,0,1,1,1,1,0,0,0.9799431347726995,0.004,0.017948776533235896,25.00007135823936,0,540.0
300,0.030000000000000002,load_step,dtc_svm_baseline,94.2477796076938,0.7116746919524923,93.5361049157413,0.35,-0.0950110448225479,0.29466344983264,0.30960240196992167,0.25564495376603824,0,1,1,1,1,0,0,0.9799658897372819,0.004,0.014556216083322285,25.0000715033258,0,540.0
301,0.030100000000000002,load_step,dtc_svm_baseline,94.2477796076938,0.7059734372080685,93.54180617048573,0.35,-0.07849334784548727,0.2662729504954606,0.2776013145169718,0.22579075010105787,0,1,1,1,1,0,0,0.9799804487313267,0.004,0.011776633669477232,25.000071620615447,0,540.0
302,0.0302,load_step,dtc_svm_baseline,94.2477796076938,0.6984860279301827,93.54929357976361,0.35,-0.06338576112591182,0.2403032438319588,0.24852244105849475,0.1985121186564577,0,1,1,1,1,0,0,0.9799863073559023,0.004,0.009504938537177527,25.00007171518736,0,540.0
303,0.0303,load_step,dtc_svm_baseline,94.2477796076938,0.6893667336887906,93.55841287400501,0.35,-0.04956873129549404,0.21654789449446446,0.22214871084980575,0.17358865450109678,0,1,1,1,1,0,0,0.9799845562338085,0.004,0.007653613754220123,25.000071791245396,0,540.0
304,0.0304,load_step,dtc_svm_baseline,94.2477796076938,0.6787566223060949,93.5690229853877,0.35,-0.03693284733725266,0.1948180631137802,0.19828795457072437,0.15081880408574413,0,1,1,1,1,0,0,0.9799765944288295,0.004,0.006149813523754433,25.000071852264924,0,540.0
305,0.030500000000000003,load_step,dtc_svm_baseline,94.2477796076938,0.6667846890114394,93.58099491868236,0.35,-0.025377977128695894,0.17494100835460766,0.1767721644582979,0.1300182526568042,0,1,1,1,1,0,0,0.9799637566399493,0.004,0.004932936926179184,25.000071901115277,0,540.0
306,0.030600000000000002,load_step,dtc_svm_baseline,94.2477796076938,0.6535688890059657,93.59421071868783,0.35,-0.014812478069983941,0.15675871614861817,0.15745699284292455,0.11101844975221575,0,1,1,1,1,0,0,0.979947214987108,0.004,0.003952600146395618,25.000071940161938,0,540.0
307,0.0307,load_step,dtc_svm_baseline,94.2477796076938,0.6392170817078309,93.60856252598597,0.35,-0.005152475340211077,0.14012664536652236,0.1402213419697822,0.09366526091700594,0,1,1,1,1,0,0,0.9799279631636938,0.004,0.003166941972717369,25.000071971351755,0,540.0
308,0.0308,load_step,dtc_svm_baseline,94.2477796076938,0.623827894238252,93.62395171345555,0.35,0.003678798095637129,0.12491258008731447,0.12496674045320305,0.07781773480467569,0,1,1,1,1,0,0,0.9799068270731098,0.004,0.0025412080063708675,25.000071996284024,0,540.0
309,0.0309,load_step,dtc_svm_baseline,94.2477796076938,0.6074915110597212,93.64028809663408,0.35,0.003422742733751378,0.11099557944646771,0.11104834003477303,0.06890933505992909,0,1,1,1,1,0,0,0.9798844836032968,0.004,0.0020465679347529283,25.00007201626973,0,540.0
310,0.031,load_step,dtc_svm_baseline,94.2477796076938,0.5906232694680992,93.6571563382257,0.35,0.0031740841934440613,0.09826501680089729,0.09831626690099507,0.06079004493225084,0,1,1,1,1,0,0,0.9798614808932741,0.004,0.0016338313998341648,25.000072032127935,0,540.0
311,0.031100000000000003,load_step,dtc_svm_baseline,94.2477796076938,0.5732704337393912,93.6745091739544,0.35,-0.1784224260841587,0.4007344101111102,0.43866003872800696,0.375500156856841,2,1,1,1,1,0,0,0.9798396816620913,0.004,0.0027672419093311487,25.00007205932014,1,540.0
312,0.031200000000000002,load_step,dtc_svm_baseline,94.2477796076938,0.5747524179376287,93.67302718975617,0.35,-0.15505452915916673,0.36362317712453995,0.395302064192581,0.33546608996651384,0,1,1,1,1,0,0,0.9798191003873091,0.004,0.029692722225173915,25.000072355766967,1,540.0
313,0.0313,load_step,dtc_svm_baseline,94.2477796076938,0.5738384927864366,93.67394111490736,0.35,-0.13367904214634682,0.3296755996643471,0.3557472239149754,0.2988810913116209,0,1,1,1,1,0,0,0.9798587803196291,0.004,0.01907965386476607,25.000072546081135,0,540.0
314,0.031400000000000004,load_step,dtc_svm_baseline,94.2477796076938,0.5707352481294918,93.6770443595643,0.35,-0.11412689288153241,0.2986219434197139,0.3196873672364292,0.2654498238935484,0,1,1,1,1,0,0,0.9798948294240535,0.004,0.015493096906307551,25.000072700528463,0,540.0
315,0.0315,load_step,dtc_svm_baseline,94.2477796076938,0.5656315838142473,93.68214802387955,0.35,-0.09624337726959825,0.2702154532737411,0.2868434744877275,0.23490223305335292,0,1,1,1,1,0,0,0.9799218623318594,0.004,0.012550376443478575,25.00007282554756,0,540.0
316,0.0316,load_step,dtc_svm_baseline,94.2477796076938,0.5587002240453851,93.68907938364842,0.35,-0.07988693251834209,0.24423039944652755,0.2569638301415212,0.20699138084036278,0,1,1,1,1,0,0,0.9799386429709984,0.004,0.010141437414338525,25.000072926476427,0,540.0
317,0.0317,load_step,dtc_svm_baseline,94.2477796076938,0.550099102022048,93.69768050567176,0.35,-0.06492801615806595,0.22046028910174342,0.2298225105446513,0.18149146629760626,0,1,1,1,1,0,0,0.9799461994955293,0.004,0.008174602138830252,25.000073007736273,0,540.0
318,0.0318,load_step,dtc_svm_baseline,94.2477796076938,0.5399726259948072,93.707806981699,0.35,-0.05124808154689178,0.19871622951798928,0.205218190558447,0.158196015600512,0,1,1,1,1,0,0,0.9799460802785298,0.004,0.006573537144057701,25.000073072984925,0,540.0
319,0.031900000000000005,load_step,dtc_svm_baseline,94.2477796076938,0.528452836916163,93.71932677077764,0.35,-0.03873864140866886,0.1788254300746145,0.1829732679370412,0.13691622739752096,0,1,1,1,1,0,0,0.9799398099451334,0.004,0.0052747176424152165,25.00007312524495,0,540.0
320,0.032,load_step,dtc_svm_baseline,94.2477796076938,0.5156604669807976,93.732119140713,0.35,-0.02730041171543816,0.16062983135832817,0.16293328451251876,0.11747945998367251,0,1,1,1,1,0,0,0.9799287442305874,0.004,0.004225308264221983,25.00007316701053,0,540.0
321,0.032100000000000004,load_step,dtc_svm_baseline,94.2477796076938,0.5017059075510371,93.74607370014276,0.35,-0.016842528918324162,0.1439848506687668,0.14496657546645592,0.0997278481040908,0,1,1,1,1,0,0,0.9799140416281177,0.004,0.0033813919389010737,25.00007320033667,0,540.0
322,0.0322,load_step,dtc_svm_baseline,94.2477796076938,0.48669009423204435,93.76108951346176,0.35,-0.007281834157092412,0.12875823409442402,0.12896397929579365,0.08351703824515756,0,1,1,1,1,0,0,0.979896671752952,0.004,0.0027064899423318066,25.000073226913567,0,540.0
323,0.0323,load_step,dtc_svm_baseline,94.2477796076938,0.4707053161938777,93.77707429149993,0.35,0.0014577813538816024,0.11482900615106607,0.11483825921755038,0.06871503223725484,0,1,1,1,1,0,0,0.979877435122303,0.004,0.0021703254364969084,25.000073248128643,0,540.0
324,0.0324,load_step,dtc_svm_baseline,94.2477796076938,0.45383595622802264,93.79394365146578,0.35,0.0011171127029201546,0.10208650872847484,0.10209262071844367,0.061098068896119295,0,1,1,1,1,0,0,0.9798569854438459,0.004,0.001747790616970232,25.00007326511823,0,540.0
325,0.0325,load_step,dtc_svm_baseline,94.2477796076938,0.4365120634149141,93.81126754427889,0.35,0.0007903285261099259,0.09042952178329548,0.09043297534160144,0.05415796835601544,0,1,1,1,1,0,0,0.9798358510970157,0.004,0.0013979610366284694,25.000073278609406,0,540.0
326,0.032600000000000004,load_step,dtc_svm_baseline,94.2477796076938,0.4187741788000776,93.82900542889372,0.35,0.00047594694893442245,0.07976535882473078,0.07976677876118764,0.047835882153835454,0,1,1,1,1,0,0,0.9798159645492959,0.004,0.0011120842392392037,25.000073289241726,0,540.0
327,0.0327,load_step,dtc_svm_baseline,94.2477796076938,0.4006593185915111,93.84712028910229,0.35,0.000172645350836856,0.07000924346384298,0.07000945633838908,0.042078062354386686,0,1,1,1,1,0,0,0.9797973065318709,0.004,0.0008791413586635244,25.000073297544546,0,540.0
328,0.0328,load_step,dtc_svm_baseline,94.2477796076938,0.3822012796660865,93.86557832802771,0.35,-0.181475016728755,0.37519842829436717,0.4167817681848203,0.35442098584668635,2,1,1,1,1,0,0,0.9797798468721938,0.004,0.0017623135069946123,25.00007331467903,1,540.0
329,0.0329,load_step,dtc_svm_baseline,94.2477796076938,0.38243648374726863,93.86534312394653,0.35,-0.15815496587108246,0.3405740426489956,0.3755045562386203,0.31641914505525603,0,1,1,1,1,0,0,0.9797635471292312,0.004,0.027139833111429642,25.0000735855886,1,540.0
330,0.033,load_step,dtc_svm_baseline,94.2477796076938,0.38039749064641637,93.86738211704738,0.35,-0.1368245399594246,0.3089004056987477,0.3378467335582203,0.28169429220423625,0,1,1,1,1,0,0,0.9798135692560486,0.004,0.017247587434384985,25.0000737575739,0,540.0
331,0.033100000000000004,load_step,dtc_svm_baseline,94.2477796076938,0.3762805828965286,93.87149902479727,0.35,-0.11731481925183067,0.27992593308766806,0.3035149005091699,0.24996562409722428,0,1,1,1,1,0,0,0.979855120592088,0.004,0.014001647499340637,25.00007389709866,0,540.0
332,0.0332,load_step,dtc_svm_baseline,94.2477796076938,0.37026522358599856,93.8775143841078,0.35,-0.09947124225293646,0.25342047392550876,0.27224339227972427,0.22097639277294656,0,1,1,1,1,0,0,0.9798851808651524,0.004,0.011338737149327368,25.000074009993384,0,540.0
333,0.0333,load_step,dtc_svm_baseline,94.2477796076938,0.36251549721043513,93.88526411048336,0.35,-0.08315238024292411,0.22917348834889617,0.24379254726522195,0.1944918434512587,0,1,1,1,1,0,0,0.9799041991161324,0.004,0.009159166358580011,25.00007410109165,0,540.0
334,0.0334,load_step,dtc_svm_baseline,94.2477796076938,0.3531814270123877,93.89459818068141,0.35,-0.06822881731792554,0.20699237940888998,0.21794727951033643,0.17029732963777217,0,1,1,1,1,0,0,0.9799137538946125,0.004,0.007379894255812804,25.000074174396584,0,540.0
335,0.0335,load_step,dtc_svm_baseline,94.2477796076938,0.3424001794203306,93.90537942827348,0.35,-0.054582126700119644,0.1867009663241912,0.19451596176533867,0.14819659007110408,0,1,1,1,1,0,0,0.9799155589736336,0.004,0.0059317809552008015,25.000074233219898,0,540.0
336,0.033600000000000005,load_step,dtc_svm_baseline,94.2477796076938,0.33029716528087805,93.91748244241292,0.35,-0.042103934911247996,0.168138087209559,0.17332962154663545,0.12801017354297445,0,1,1,1,1,0,0,0.9799111857771784,0.004,0.004757290302317895,25.000074280297913,0,540.0
337,0.0337,load_step,dtc_svm_baseline,94.2477796076938,0.3169870467414507,93.93079256095236,0.35,-0.03069506615904228,0.1511563203740235,0.15424143501511653,0.10957399884424465,0,1,1,1,1,0,0,0.9799019970393456,0.004,0.0038085697790433415,25.00007431788841,0,540.0
338,0.033800000000000004,load_step,dtc_svm_baseline,94.2477796076938,0.30257465787710763,93.9452049498167,0.35,-0.020264759970417674,0.1356208141893987,0.13712645892771405,0.09273803820192296,0,1,1,1,1,0,0,0.979889144623621,0.004,0.0030458458560669722,25.000074347851413,0,540.0
339,0.0339,load_step,dtc_svm_baseline,94.2477796076938,0.287155846458356,93.96062376123544,0.35,-0.010729955725460434,0.12140821636242627,0.12188144629178,0.07736511358410264,0,1,1,1,1,0,0,0.9798735875973985,0.004,0.002436083161008617,25.000074371716593,0,540.0
340,0.034,load_step,dtc_svm_baseline,94.2477796076938,0.2708182436204551,93.97696136407335,0.35,-0.0020146383087580834,0.10840569420907209,0.108424412861984,0.06332979617141271,0,1,1,1,1,0,0,0.9798561158330245,0.004,0.0019518642648230276,25.000074390739425,0,540.0
341,0.0341,load_step,dtc_svm_baseline,94.2477796076938,0.25364196761364366,93.99413764008015,0.35,0.005950760394790545,0.09651003823231169,0.0966933246345293,0.05051740013345446,0,1,1,1,1,0,0,0.9798373737760208,0.004,0.0015704539473348157,25.000074405948027,0,540.0
342,0.0342,load_step,dtc_svm_baseline,94.2477796076938,0.23570026728293528,94.01207934041086,0.35,0.0049010466208699735,0.08562684194996793,0.08576698852300184,0.04501709972976571,0,1,1,1,1,0,0,0.9798062569131084,0.004,0.0012730177089492123,25.000074418182166,0,540.0
343,0.034300000000000004,load_step,dtc_svm_baseline,94.2477796076938,0.21743078590131729,94.03034882179249,0.35,0.003924905134789386,0.07566975151133681,0.07577147335313308,0.04000910578690907,0,1,1,1,1,0,0,0.9797881772869973,0.004,0.0010168618568813217,25.000074427854663,0,540.0
344,0.0344,load_step,dtc_svm_baseline,94.2477796076938,0.1988630102009895,94.0489165974928,0.35,0.0030158496124667155,0.06655965953514943,0.06662794928796792,0.035450556759104995,0,1,1,1,1,0,0,0.9797714211672107,0.004,0.0008076256254613848,25.000074435434733,0,540.0
345,0.0345,load_step,dtc_svm_baseline,94.2477796076938,0.18002385964573991,94.06775574804806,0.35,0.0021679727108928977,0.05822421237146049,0.0582645605145367,0.031302307780504676,0,1,1,1,1,0,0,0.9797559127314619,0.004,0.0006372262536179224,25.00007444131076,0,540.0
346,0.0346,load_step,dtc_svm_baseline,94.2477796076938,0.16093790904888683,94.08684169864492,0.35,0.0013758944703877835,0.05059723355711726,0.050615937502204944,0.027528608654135738,0,1,1,1,1,0,0,0.9797415773071244,0.004,0.0004989369092605439,25.00007444580385,0,540.0
347,0.0347,load_step,dtc_svm_baseline,94.2477796076938,0.14162759190371357,94.10615201579009,0.35,-0.1807195455172704,0.35773299036478573,0.4007897784715831,0.3357710045407929,2,1,1,1,1,0,0,0.9797283419840472,0.004,0.0011904492655208706,25.000074457212037,1,540.0
348,0.034800000000000005,load_step,dtc_svm_baseline,94.2477796076938,0.14076519160183656,94.10701441609197,0.35,-0.1578096845325895,0.32488817664702957,0.3611872421020805,0.2996563496555164,0,1,1,1,1,0,0,0.9797161360916249,0.004,0.025357943838924295,25.000074710295095,1,540.0
349,0.0349,load_step,dtc_svm_baseline,94.2477796076938,0.13774161505029064,94.11003799264351,0.35,-0.13685564388566146,0.2948414478165698,0.32505529777859343,0.2666578243641391,0,1,1,1,1,0,0,0.9797734613683424,0.004,0.015990144684910078,25.000074869698473,0,540.0
350,0.035,load_step,dtc_svm_baseline,94.2477796076938,0.13274350970454266,94.11503609798926,0.35,-0.11769129042390597,0.2673542404865703,0.2921121869210442,0.23650828030595575,0,1,1,1,1,0,0,0.97981881637413,0.004,0.012990936452916428,25.000074999108705,0,540.0
351,0.0351,load_step,dtc_svm_baseline,94.2477796076938,0.12594152147462145,94.12183808621919,0.35,-0.1001646167557005,0.2422083158740452,0.26210268737339876,0.20896346609969385,0,1,1,1,1,0,0,0.9798513702404639,0.004,0.01052926430962762,25.000075103901352,0,540.0
352,0.0352,load_step,dtc_svm_baseline,94.2477796076938,0.11749166619953823,94.13028794149426,0.35,-0.0841365357200815,0.21920403152982698,0.23479643115240473,0.1838000634252597,0,1,1,1,1,0,0,0.9798724851210048,0.004,0.008513305643091244,25.000075188533717,0,540.0
353,0.035300000000000005,load_step,dtc_svm_baseline,94.2477796076938,0.10753658348776808,94.14024302420603,0.35,-0.06947977856224546,0.19815875944094521,0.209986508071907,0.1608138919524842,0,1,1,1,1,0,0,0.9798840128913612,0.004,0.006866566336492194,25.000075256698125,0,540.0
354,0.0354,load_step,dtc_svm_baseline,94.2477796076938,0.09620668303729729,94.1515729246565,0.35,-0.05607788775203433,0.17890543820937282,0.18748836048037085,0.13981826850771098,0,1,1,1,1,0,0,0.9798877467075806,0.004,0.005525351067611013,25.000075311449923,0,540.0
355,0.035500000000000004,load_step,dtc_svm_baseline,94.2477796076938,0.08362119267369421,94.16415841502011,0.35,-0.043824296198036884,0.1612912480270773,0.167138971001336,0.12064250715395487,0,1,1,1,1,0,0,0.9798852758141916,0.004,0.00443664865148959,25.000075355314333,0,540.0
356,0.0356,load_step,dtc_svm_baseline,94.2477796076938,0.06988911654657534,94.17789049114722,0.35,-0.03262148534821593,0.14517639810215646,0.14879633017060495,0.10313054802752519,0,1,1,1,1,0,0,0.9798779600858695,0.004,0.003556364537695872,25.00007539037561,0,540.0
357,0.0357,load_step,dtc_svm_baseline,94.2477796076938,0.05511011119666083,94.19266949649715,0.35,-0.022380215337039013,0.13043301705064234,0.13233913244186465,0.08713970383539799,0,1,1,1,1,0,0,0.9798669421006863,0.004,0.0028478436604202967,25.000075418351443,0,540.0
358,0.0358,load_step,dtc_svm_baseline,94.2477796076938,0.0393752865410098,94.20840432115278,0.35,-0.013018820945870924,0.11694413755882739,0.11766656707917755,0.07253951388350502,0,1,1,1,1,0,0,0.9798531706104112,0.004,0.0022806361174286236,25.000075440655014,0,540.0
359,0.0359,load_step,dtc_svm_baseline,94.2477796076938,0.022767938217275855,94.22501166947653,0.35,-0.004462567694103038,0.10460276734710464,0.10469791519938185,0.05921069638577294,0,1,1,1,1,0,0,0.9798374262152407,0.004,0.0018294659176825135,25.000075458446734,0,540.0
360,0.036000000000000004,load_step,dtc_svm_baseline,94.2477796076938,0.005364217173761725,94.24241539052004,0.35,0.0033569371212887433,0.0933110391331379,0.09337140381799065,0.04704419060533847,0,1,1,1,1,0,0,0.9798203458488494,0.004,0.0014733695341659042,25.000075472677374,0,540.0
361,0.0361,load_step,dtc_svm_baseline,94.2477796076938,-0.012766258113995784,94.2605458658078,0.35,0.00217342081755864,0.08297943290437315,0.08300789145124433,0.0423873341376307,0,1,1,1,1,0,0,0.9798024448772352,0.004,0.0011949764347920658,25.000075484123986,0,540.0
362,0.0362,load_step,dtc_svm_baseline,94.2477796076938,-0.031174024957602315,94.27895363265141,0.35,0.0010745777475563633,0.07352606437172099,0.07353391638781387,0.03814895271013094,0,1,1,1,1,0,0,0.9797841365061527,0.004,0.0009588515587343677,25.000075493209273,0,540.0
363,0.0363,load_step,dtc_svm_baseline,94.2477796076938,-0.04983401886564569,94.29761362655945,0.35,5.302777230722701e-05,0.06487589346135203,0.06487591513307026,0.034292541749128214,0,1,1,1,1,0,0,0.9797674005307646,0.004,0.0007655392503838249,25.000075500361376,0,540.0
364,0.0364,load_step,dtc_svm_baseline,94.2477796076938,-0.06872336184923246,94.31650296954304,0.35,-0.0008979585557404963,0.056960288539441656,0.05696736609730413,0.030784766697285915,0,1,1,1,1,0,0,0.9797521052918081,0.004,0.0006077038801634681,25.00007550593508,0,540.0
365,0.036500000000000005,load_step,dtc_svm_baseline,94.2477796076938,-0.08782117254779043,94.33560078024159,0.35,0.006544344993644249,0.049716479174179824,0.05014535624434722,0.02115410467015302,0,1,1,1,1,0,0,0.9797381301759791,0.004,0.0004792371061448973,25.00007551022408,0,540.0
366,0.0366,load_step,dtc_svm_baseline,94.2477796076938,-0.1074938525013011,94.35527346019511,0.35,0.005015066067243825,0.043087055627045706,0.04337793506227505,0.018807942992412972,0,1,1,1,1,0,0,0.9797147934460607,0.004,0.0003881218285034525,25.000075513601896,0,540.0
367,0.0367,load_step,dtc_svm_baseline,94.2477796076938,-0.1273054244873946,94.37508503218119,0.35,-0.17775494229285999,0.35113445192228787,0.39356349276362446,0.32181219494182034,2,1,1,1,1,0,0,0.9797030714384174,0.004,0.0010086754268958087,25.000075523185227,1,540.0
368,0.0368,load_step,dtc_svm_baseline,94.2477796076938,-0.12898251218356743,94.37676211987737,0.35,-0.15546230470295502,0.319122676409674,0.35497578900881105,0.2872142622664072,0,1,1,1,1,0,0,0.9796925162984284,0.004,0.02459579165141733,25.000075768639658,1,540.0
369,0.0369,load_step,dtc_svm_baseline,94.2477796076938,-0.1327299469336526,94.38050955462745,0.35,-0.1350738360176962,0.28983709971716237,0.31976629833206593,0.25560219639236403,0,1,1,1,1,0,0,0.9797524411713214,0.004,0.015477925552537164,25.00007592291379,0,540.0
370,0.037000000000000005,load_step,dtc_svm_baseline,94.2477796076938,-0.13836888369681677,94.38614849139061,0.35,-0.11642771305764744,0.26304529190147363,0.28765993457443,0.2267199708468948,0,1,1,1,1,0,0,0.979798816210296,0.004,0.012600801385473006,25.00007604841565,0,540.0
371,0.0371,load_step,dtc_svm_baseline,94.2477796076938,-0.14573581280082692,94.39351542049462,0.35,-0.0993758771067646,0.23853462590677874,0.2584073000269645,0.20033350787657622,0,1,1,1,1,0,0,0.9798320297506413,0.004,0.010236380698099486,25.000076150272466,0,540.0
372,0.037200000000000004,load_step,dtc_svm_baseline,94.2477796076938,-0.1546812452664123,94.40246085296022,0.35,-0.08378285899681336,0.216110593425427,0.2317829934494119,0.17622879516618117,0,1,1,1,1,0,0,0.979853821045011,0.004,0.00829731014034132,25.0000762327379,0,540.0
373,0.0373,load_step,dtc_svm_baseline,94.2477796076938,-0.1650685109355622,94.41284811862937,0.35,-0.06952470524538591,0.19559526343948627,0.20758417983897479,0.15421016457314982,0,1,1,1,1,0,0,0.9798661302452588,0.004,0.006710801006446181,25.000076299337692,0,540.0
374,0.0374,load_step,dtc_svm_baseline,94.2477796076938,-0.17677265969944161,94.42455226739324,0.35,-0.056487996424199244,0.17682587144898168,0.18562942265091528,0.1340987188451871,0,1,1,1,1,0,0,0.9798707554229024,0.004,0.005416226933241127,25.0000763529913,0,540.0
375,0.0375,load_step,dtc_svm_baseline,94.2477796076938,-0.18967945696211258,94.43745906465591,0.35,-0.04456894972658164,0.15965352838513694,0.16575777630492722,0.11573089352447755,0,1,1,1,1,0,0,0.9798692665967852,0.004,0.004363115651751716,25.000076396113435,0,540.0
376,0.0376,load_step,dtc_svm_baseline,94.2477796076938,-0.20368446524272443,94.45146407293653,0.35,-0.03367259842068233,0.1439420391198976,0.14782812489643057,0.09895714236469282,0,1,1,1,1,0,0,0.9798629988932072,0.004,0.00350947034007342,25.000076430698833,0,540.0
377,0.037700000000000004,load_step,dtc_svm_baseline,94.2477796076938,-0.21869220451806476,94.46647181221186,0.35,-0.023712041525462885,0.12956682132244055,0.1317187234257397,0.0836407356076187,0,1,1,1,1,0,0,0.9798530709372708,0.004,0.0028203666514516742,25.00007645839296,0,540.0
378,0.0378,load_step,dtc_svm_baseline,94.2477796076938,-0.2346153845454596,94.48239499223926,0.35,-0.014607757636707195,0.11641391618482622,0.11732683608050001,0.06965666139492224,0,1,1,1,1,0,0,0.979840410426352,0.004,0.0022667802998901708,25.00007648055104,0,540.0
379,0.0379,load_step,dtc_svm_baseline,94.2477796076938,-0.25137420298848123,94.49915381068229,0.35,-0.006286977366141588,0.1043790832475694,0.10456825093691394,0.056890621436193355,0,1,1,1,1,0,0,0.9798257803276531,0.004,0.0018246074564484513,25.000076498287246,0,540.0
380,0.038,load_step,dtc_svm_baseline,94.2477796076938,-0.26889570369974314,94.51667531139354,0.35,0.001316890656474598,0.09336697220659898,0.09337625876007742,0.04523811282477971,0,1,1,1,1,0,0,0.979809803269309,0.004,0.0014738463772054772,25.000076512515722,0,540.0
381,0.0381,load_step,dtc_svm_baseline,94.2477796076938,-0.2871131900007385,94.53489279769454,0.35,-6.407752207198278e-05,0.08329036518033053,0.083290389828609,0.04127861825529798,0,1,1,1,1,0,0,0.9797929833131279,0.004,0.0011979138449029927,25.000076523984777,0,540.0
382,0.038200000000000005,load_step,dtc_svm_baseline,94.2477796076938,-0.3055662283029292,94.55334583599672,0.35,0.006985161049645097,0.074069483463614,0.07439812400495101,0.031001425631004498,0,1,1,1,1,0,0,0.9797757249662956,0.004,0.0009670688608978412,25.000076533145307,0,540.0
383,0.0383,load_step,dtc_svm_baseline,94.2477796076938,-0.3246328763239853,94.57241248401779,0.35,0.005096575698591684,0.06563119027384964,0.06582877957712517,0.028298495754899455,0,1,1,1,1,0,0,0.9797491911836195,0.004,0.0007910228323311823,25.000076540545315,0,540.0
384,0.038400000000000004,load_step,dtc_svm_baseline,94.2477796076938,-0.34385981334731225,94.59163942104111,0.35,0.00335237741320168,0.057908761282146025,0.05800571581795297,0.025843033813213886,0,1,1,1,1,0,0,0.9797348890293218,0.004,0.0006319110210190153,25.000076546354155,0,540.0
385,0.0385,load_step,dtc_svm_baseline,94.2477796076938,-0.3632322176064791,94.61101182530028,0.35,0.0017401784284768991,0.05084099652874883,0.05087076910170699,0.02361336338979622,0,1,1,1,1,0,0,0.9797220535761864,0.004,0.0005020207228879005,25.00007655086405,0,540.0
386,0.0386,load_step,dtc_svm_baseline,94.2477796076938,-0.3827365656755402,94.63051617336934,0.35,0.0002486613494848992,0.044371925080108156,0.04437262182676902,0.021589693556483408,0,1,1,1,1,0,0,0.9797105264399154,0.004,0.0003963288159304773,25.000076554317,0,540.0
387,0.038700000000000005,load_step,dtc_svm_baseline,94.2477796076938,-0.4023605195342898,94.65014012722808,0.35,-0.0011325134277001287,0.03845035829395012,0.03846703315303976,0.019753955083486846,0,1,1,1,1,0,0,0.9797001678110699,0.004,0.0003106535678793352,25.000076556913175,0,540.0
388,0.0388,load_step,dtc_svm_baseline,94.2477796076938,-0.4220928234440066,94.6698724311378,0.35,-0.1754381907434397,0.34714427512687435,0.3889572039758289,0.30993925534310046,2,1,1,1,1,0,0,0.9796908540782896,0.004,0.0008759645175217597,25.00007656516244,1,540.0
389,0.038900000000000004,load_step,dtc_svm_baseline,94.2477796076938,-0.4244577854703847,94.67223739316418,0.35,-0.1537231534324099,0.3157229136267274,0.3511577510039529,0.27669970871629457,0,1,1,1,1,0,0,0.9796722140426422,0.004,0.02412717954707279,25.0000768059238,1,540.0
390,0.039,load_step,dtc_svm_baseline,94.2477796076938,-0.42881175055466675,94.67659135824847,0.35,-0.1338639960203246,0.28697653582654636,0.3166624410086149,0.24632916225595458,0,1,1,1,1,0,0,0.979733826166752,0.004,0.015176424235947273,25.000076957176002,0,540.0
391,0.0391,load_step,dtc_svm_baseline,94.2477796076938,-0.43498287366331023,94.68276248135712,0.35,-0.11570290911325166,0.26067709070990536,0.28520117250504,0.21858156869239165,0,1,1,1,1,0,0,0.9797810037028156,0.004,0.01238334311740243,25.000077080496386,0,540.0
392,0.0392,load_step,dtc_svm_baseline,94.2477796076938,-0.4428140473989229,94.69059365509273,0.35,-0.09909551294581874,0.2366159571594742,0.25652881294016283,0.19323197883545198,0,1,1,1,1,0,0,0.9798148730404285,0.004,0.010084724505001797,25.00007718082976,0,540.0
393,0.0393,load_step,dtc_svm_baseline,94.2477796076938,-0.4521616382761715,94.69994124596997,0.35,-0.08390971065375252,0.21460229137187434,0.23042348622494044,0.17007473057289307,0,1,1,1,1,0,0,0.9798373784657319,0.004,0.008196576503789658,25.000077262280985,0,540.0
394,0.039400000000000004,load_step,dtc_svm_baseline,94.2477796076938,-0.4628943314722201,94.71067393916601,0.35,-0.07002464018069873,0.19446151432017605,0.2066851005373449,0.14892179377300013,0,1,1,1,1,0,0,0.979850500518869,0.004,0.006648891460321544,25.000077328254818,0,540.0
395,0.0395,load_step,dtc_svm_baseline,94.2477796076938,-0.47489207471344247,94.72267168240724,0.35,-0.0573297162114835,0.17603392748360988,0.18513411351286413,0.12960125757237256,0,1,1,1,1,0,0,0.9798560297431045,0.004,0.00538334090718487,25.000077381572705,0,540.0
396,0.0396,load_step,dtc_svm_baseline,94.2477796076938,-0.4880451127699059,94.73582472046371,0.35,-0.045723754295773536,0.15917344604014155,0.16561052995263956,0.1119559477228512,0,1,1,1,1,0,0,0.9798555153939527,0.004,0.004351348508132537,25.000077424570314,0,540.0
397,0.0397,load_step,dtc_svm_baseline,94.2477796076938,-0.5022531047674152,94.75003271246122,0.35,-0.03511417002536948,0.14374643961531763,0.14797311863528023,0.09584216275490558,0,1,1,1,1,0,0,0.9798502698541414,0.004,0.0035124791814358895,25.000077459178943,0,540.0
398,0.0398,load_step,dtc_svm_baseline,94.2477796076938,-0.5174243172003121,94.76520392489411,0.35,-0.025416246762464838,0.12963067150597413,0.1320988137516014,0.0811285186994526,0,1,1,1,1,0,0,0.9798413908363243,0.004,0.002833092676055821,25.000077486993476,0,540.0
399,0.039900000000000005,load_step,dtc_svm_baseline,94.2477796076938,-0.5334748861426507,94.78125449383646,0.35,-0.01655246599160374,0.11671432805563012,0.11788222301891174,0.06769489300578153,0,1,1,1,1,0,0,0.9798297881306138,0.004,0.0022852183243778374,25.000077509329078,0,540.0
400,0.04,load_step,dtc_svm_baseline,94.2477796076938,-0.5503281427161499,94.79810775040995,0.35,-0.008451894890635688,0.10489513055471622,0.10523508417506641,0.05543145910864479,0,1,1,1,1,0,0,0.9798162099743288,0.004,0.0018456147653870003,25.000077527268495,0,540.0
401,0.040100000000000004,load_step,dtc_svm_baseline,94.2477796076938,-0.5679139963852603,94.81569360407906,0.35,-0.0010496261907525744,0.09407952267810457,0.09408537772938103,0.04423780384023891,0,1,1,1,1,0,0,0.9798012672302374,0.004,0.0014949843482428323,25.00007754170149,0,540.0
402,0.0402,load_step,dtc_svm_baseline,94.2477796076938,-0.5861683711171396,94.83394797881094,0.35,0.005713734172529023,0.08418192705908108,0.08437561022934752,0.034022120559662916,0,1,1,1,1,0,0,0.9797854548119916,0.004,0.0012173168765389057,25.000077553357713,0,540.0
403,0.0403,load_step,dtc_svm_baseline,94.2477796076938,-0.6050326898712451,94.85281229756505,0.35,0.0035636733749293986,0.07512406513720583,0.07520854293670584,0.03158200933875868,0,1,1,1,1,0,0,0.9797581930229476,0.004,0.00099934149566838,25.000077562834104,0,540.0
404,0.040400000000000005,load_step,dtc_svm_baseline,94.2477796076938,-0.6240415850743399,94.87182119276814,0.35,0.001580340017246123,0.06683433491118611,0.06685301636867778,0.02936601825581924,0,1,1,1,1,0,0,0.9797433995172914,0.004,0.0008073520353813034,25.000077570390538,0,540.0
405,0.0405,load_step,dtc_svm_baseline,94.2477796076938,-0.6431816333908673,94.89096124108467,0.35,-0.0002505281871654705,0.05924705260182519,0.059247582282959066,0.027354442760155303,0,1,1,1,1,0,0,0.9797302158565067,0.004,0.0006498782050493266,25.000077576372185,0,540.0
406,0.040600000000000004,load_step,dtc_svm_baseline,94.2477796076938,-0.6624405917141539,94.91022019940796,0.35,0.006386896444454198,0.052302148292400166,0.05269067433799267,0.01865704925341948,0,1,1,1,1,0,0,0.9797184558024488,0.004,0.0005210435281143591,25.000077581065444,0,540.0
407,0.0407,load_step,dtc_svm_baseline,94.2477796076938,-0.6822185564647558,94.92999816415856,0.35,0.004121423850291991,0.04594468616537083,0.04612916996205517,0.017592438331143215,0,1,1,1,1,0,0,0.9796974963973293,0.004,0.0004276039231821596,25.000077584824275,0,540.0
408,0.0408,load_step,dtc_svm_baseline,94.2477796076938,-0.7020587121381912,94.949838319832,0.35,0.0020323544004204816,0.04012461978625415,0.04017605726549541,0.01663137255215137,0,1,1,1,1,0,0,0.9796879229764506,0.004,0.0003376717878668919,25.000077587683762,0,540.0
409,0.0409,load_step,dtc_svm_baseline,94.2477796076938,-0.7219548574090012,94.9697344651028,0.35,0.00010464480213088798,0.034795972745592034,0.03479613009871352,0.01576466532046618,0,1,1,1,1,0,0,0.9796795227391191,0.004,0.00026493067529548183,25.000077589815817,0,540.0
410,0.041,load_step,dtc_svm_baseline,94.2477796076938,-0.741901341190096,94.9896809488839,0.35,-0.0016754582220410885,0.029916699312497366,0.02996357885847726,0.01498393298011563,0,1,1,1,1,0,0,0.9796721453178489,0.004,0.00020638956226571415,25.000077591362448,0,540.0
411,0.041100000000000005,load_step,dtc_svm_baseline,94.2477796076938,-0.7618930145394015,95.0096726222332,0.35,-0.1763459271287466,0.33956314231205725,0.3826238539763767,0.2989512477733075,2,1,1,1,1,0,0,0.9796656607374161,0.004,0.0006752496335193487,25.00007759759767,1,540.0
412,0.0412,load_step,dtc_svm_baseline,94.2477796076938,-0.7648894347009738,95.01266904239478,0.35,-0.15496441028069627,0.3090121910023866,0.34569134013124975,0.2670329990449922,0,1,1,1,1,0,0,0.9796498152697355,0.004,0.023466746167598196,25.000077831747813,1,540.0
413,0.0413,load_step,dtc_svm_baseline,94.2477796076938,-0.7697957377592538,95.01757534545305,0.35,-0.1354113796478834,0.28106094639745305,0.3119799630232288,0.23787055517410394,0,1,1,1,1,0,0,0.9797132705457737,0.004,0.014730299535367712,25.00007797853193,0,540.0
414,0.0414,load_step,dtc_svm_baseline,94.2477796076938,-0.776446858810599,95.0242264665044,0.35,-0.11753123532790408,0.25548781048892344,0.2812251990596277,0.21122746975838935,0,1,1,1,1,0,0,0.9797616539336412,0.004,0.012039625864270447,25.00007809840833,0,540.0
415,0.0415,load_step,dtc_svm_baseline,94.2477796076938,-0.7846918955130504,95.03247150320685,0.35,-0.10118162791791377,0.23209006316738615,0.25318672802728115,0.18688758171991188,0,1,1,1,1,0,0,0.9797965990710079,0.004,0.009822650042076277,25.000078196114174,0,540.0
416,0.041600000000000005,load_step,dtc_svm_baseline,94.2477796076938,-0.7943928930448827,95.04217250073869,0.35,-0.08623232656342265,0.21068225668406673,0.22764671626454827,0.16465327290236748,0,1,1,1,1,0,0,0.9798201935159382,0.004,0.007999114281430453,25.00007827558401,0,540.0
417,0.0417,load_step,dtc_svm_baseline,94.2477796076938,-0.8054237334287146,95.05320334112251,0.35,-0.07256418437289897,0.19109474617879546,0.20440832387856014,0.1443438758070958,0,1,1,1,1,0,0,0.9798344484099406,0.004,0.006502106984474548,25.000078340083242,0,540.0
418,0.041800000000000004,load_step,dtc_svm_baseline,94.2477796076938,-0.8176691202282727,95.06544872792207,0.35,-0.06006819270782153,0.17317234482604082,0.1832944319605295,0.12579421843110689,0,1,1,1,1,0,0,0.979841150117835,0.004,0.005275864106423523,25.000078392319615,0,540.0
419,0.0419,load_step,dtc_svm_baseline,94.2477796076938,-0.8310236504057573,95.07880325809955,0.35,-0.048644616617382584,0.1567730930999905,0.16414658524011524,0.10885329432309718,0,1,1,1,1,0,0,0.9798418335036105,0.004,0.004273930983759745,25.00007843453631,0,540.0
420,0.042,load_step,dtc_svm_baseline,94.2477796076938,-0.845390965839582,95.09317057353338,0.35,-0.038202204375553266,0.14176713253245632,0.14682414067729657,0.09338304701983402,0,1,1,1,1,0,0,0.9798377947962035,0.004,0.003457625676375665,25.00007846858967,0,540.0
421,0.042100000000000005,load_step,dtc_svm_baseline,94.2477796076938,-0.8606829776513925,95.1084625853452,0.35,-0.028657464702806255,0.12803567513964606,0.1312035990042101,0.07925725897617752,0,1,1,1,1,0,0,0.9798301168054002,0.004,0.002794754501228242,25.00007849601409,0,540.0
422,0.0422,load_step,dtc_svm_baseline,94.2477796076938,-0.8768191570834657,95.12459876477726,0.35,-0.019934005821808605,0.1154700604308541,0.11717806724813734,0.0663605359667916,0,1,1,1,1,0,0,0.9798196966559144,0.004,0.0022585384918469764,25.00007851807617,0,540.0
423,0.042300000000000004,load_step,dtc_svm_baseline,94.2477796076938,-0.8937258872079736,95.14150549490178,0.35,-0.011961931011475382,0.10397089258897262,0.10465674512075644,0.05458737872463472,0,1,1,1,1,0,0,0.9798072723395527,0.004,0.001826716259744098,25.000078535819878,0,540.0
424,0.0424,load_step,dtc_svm_baseline,94.2477796076938,-0.9113358702428475,95.15911547793665,0.35,-0.004677285791981389,0.09344725103402703,0.09356423316736122,0.04384133429803156,0,1,1,1,1,0,0,0.9797934467532109,0.004,0.0014807943749765534,25.00007855010425,0,540.0
425,0.0425,load_step,dtc_svm_baseline,94.2477796076938,-0.9295875856992987,95.1773671933931,0.35,0.0019784477008417943,0.08381596815114749,0.08383931519531357,0.03403422026116487,0,1,1,1,1,0,0,0.9797787088644161,0.004,0.0012054211033692595,25.000078561634794,0,540.0
426,0.0426,load_step,dtc_svm_baseline,94.2477796076938,-0.9484247949972557,95.19620440269105,0.35,-0.0002700491421253398,0.07500096848743604,0.07500145465651006,0.03213923981911459,0,1,1,1,1,0,0,0.979763452057093,0.004,0.0009878632875008606,25.000078570989682,0,540.0
427,0.0427,load_step,dtc_svm_baseline,94.2477796076938,-0.9673739600644706,95.21515356775826,0.35,0.005985493588910642,0.06693266420195106,0.06719975945398934,0.02336873630317838,0,1,1,1,1,0,0,0.9797479898781356,0.004,0.0008030707014137048,25.000078578496584,0,540.0
428,0.042800000000000005,load_step,dtc_svm_baseline,94.2477796076938,-0.9868465305503596,95.23462613824417,0.35,0.0033708664327663875,0.05954718523082133,0.05964251846980723,0.022416025208911745,0,1,1,1,1,0,0,0.9797237767533227,0.004,0.0006616976289242184,25.000078584589705,0,540.0
429,0.0429,load_step,dtc_svm_baseline,94.2477796076938,-1.006374618898608,95.2541542265924,0.35,0.0009625933705937798,0.05278634059221699,0.052795116621849096,0.021556601366642544,0,1,1,1,1,0,0,0.9797115622573214,0.004,0.0005324257565832703,25.000078589390064,0,540.0
430,0.043000000000000003,load_step,dtc_svm_baseline,94.2477796076938,-1.0259526381688804,95.27373224586267,0.35,-0.001256897638846895,0.04659668050745562,0.0466136291870568,0.020782110508795124,0,1,1,1,1,0,0,0.9797009480320821,0.004,0.00042701268252050956,25.000078593136262,0,540.0
431,0.0431,load_step,dtc_svm_baseline,94.2477796076938,-1.045575501802212,95.29335510949602,0.35,0.005025187281388094,0.04092932623044638,0.04123666151486236,0.01305433072465853,0,1,1,1,1,0,0,0.9796917165598298,0.004,0.0003413626595119125,25.000078596025933,0,540.0
432,0.0432,load_step,dtc_svm_baseline,94.2477796076938,-1.06565931841771,95.31343892611152,0.35,0.0024348772004813527,0.03573957918385103,0.03582242520014777,0.013031887564451426,0,1,1,1,1,0,0,0.9796733867620036,0.004,0.0002804404012850521,25.000078598306363,0,540.0
433,0.043300000000000005,load_step,dtc_svm_baseline,94.2477796076938,-1.0857429350531016,95.3335225427469,0.35,4.891292337774777e-05,0.030986788794956643,0.030986827399676203,0.013020812234756284,0,1,1,1,1,0,0,0.979666129285125,0.004,0.00021983411323985981,25.000078599980714,0,540.0
434,0.0434,load_step,dtc_svm_baseline,94.2477796076938,-1.105825671428214,95.35360527912202,0.35,-0.0021500833502017683,0.026633539788928663,0.026720185255743663,0.01301991667647837,0,1,1,1,1,0,0,0.9796599632293009,0.004,0.00017142658523730683,25.00007860117098,0,540.0
435,0.043500000000000004,load_step,dtc_svm_baseline,94.2477796076938,-1.125906918413255,95.37368652610705,0.35,-0.17720340332561102,0.3367604119111689,0.3805372796202224,0.29040074911465885,2,1,1,1,1,0,0,0.9796547271712587,0.004,0.0006039906582627439,25.000078606686877,1,540.0
436,0.0436,load_step,dtc_svm_baseline,94.2477796076938,-1.1293870662500418,95.37716667394385,0.35,-0.15617173504734402,0.30664817125983734,0.3441260114619358,0.25961461634603045,0,1,1,1,1,0,0,0.9796401851593458,0.004,0.023267200335296966,25.000078838834835,1,540.0
437,0.0437,load_step,dtc_svm_baseline,94.2477796076938,-1.1347093095614365,95.38248891725523,0.35,-0.13693973064041307,0.27909722084483235,0.31088221002684924,0.23148690450110626,0,1,1,1,1,0,0,0.979703687910729,0.004,0.014616667000352981,25.000078984475913,0,540.0
438,0.0438,load_step,dtc_svm_baseline,94.2477796076938,-1.1417144164883113,95.38949402418211,0.35,-0.11935411405795704,0.25388927586269244,0.2805444152725949,0.20578943604381172,0,1,1,1,1,0,0,0.9797519996786261,0.004,0.011971684981798408,25.0000791036662,0,540.0
439,0.0439,load_step,dtc_svm_baseline,94.2477796076938,-1.150256822443697,95.3980364301375,0.35,-0.10327467201622803,0.23082464471295633,0.25287481979612364,0.18231361852642558,0,1,1,1,1,0,0,0.979787000260241,0.004,0.009789193333260018,25.000079201030776,0,540.0
440,0.044000000000000004,load_step,dtc_svm_baseline,94.2477796076938,-1.1602034570142523,95.40798306470805,0.35,-0.08857313736668569,0.20972064777121235,0.22765752955822632,0.16086876123007018,0,1,1,1,1,0,0,0.979810821959929,0.004,0.00799108316098542,25.0000792804136,0,540.0
441,0.0441,load_step,dtc_svm_baseline,94.2477796076938,-1.1714326716906944,95.4192122793845,0.35,-0.07513216855013705,0.19041017017742687,0.2046970338281502,0.14128053700051413,0,1,1,1,1,0,0,0.9798254625581307,0.004,0.006512214594898332,25.00007934500721,0,540.0
442,0.0442,load_step,dtc_svm_baseline,94.2477796076938,-1.1838332597303898,95.43161286742419,0.35,-0.06284441675608465,0.17274033736025723,0.1838168786285632,0.12338957665202611,0,1,1,1,1,0,0,0.9798326799914086,0.004,0.0052982818039805256,25.000079397461064,0,540.0
443,0.0443,load_step,dtc_svm_baseline,94.2477796076938,-1.197303560211632,95.44508316790544,0.35,-0.05161167315898523,0.15657130295399616,0.16485853849583273,0.10705018443121919,0,1,1,1,1,0,0,0.9798339790317443,0.004,0.00430402793727706,25.000079439972026,0,540.0
444,0.0444,load_step,dtc_svm_baseline,94.2477796076938,-1.2117506390284354,95.45953024672224,0.35,-0.04134408928182485,0.14177513962529106,0.14768047919178173,0.09212916404849807,0,1,1,1,1,0,0,0.9798306284509517,0.004,0.0034917527679677813,25.000079474359953,0,540.0
445,0.044500000000000005,load_step,dtc_svm_baseline,94.2477796076938,-1.227089540203134,95.47486914789694,0.35,-0.03195946415326525,0.12823482411762613,0.1321573965597172,0.07850474570737484,0,1,1,1,1,0,0,0.9798236874499883,0.004,0.0028300651642442992,25.000079502130777,0,540.0
446,0.0446,load_step,dtc_svm_baseline,94.2477796076938,-1.2432426014672748,95.49102220916107,0.35,-0.023382592483813004,0.11584330854797076,0.11817959962110391,0.06606560540072909,0,1,1,1,1,0,0,0.9798140334876647,0.004,0.0022928403314485513,25.000079524529166,0,540.0
447,0.044700000000000004,load_step,dtc_svm_baseline,94.2477796076938,-1.2601388285842507,95.50791843627805,0.35,-0.015544668594560303,0.1045026706570148,0.10565247226716093,0.05470996850625494,0,1,1,1,1,0,0,0.9798023885202537,0.004,0.0018583483139950657,25.000079542582487,0,540.0
448,0.0448,load_step,dtc_svm_baseline,94.2477796076938,-1.2777133233643687,95.52549293105817,0.35,-0.00838274129397359,0.09412333632666307,0.09449588770345418,0.044344790408102554,0,1,1,1,1,0,0,0.9797893425975047,0.004,0.0015085257213370582,25.00007955713746,0,540.0
449,0.0449,load_step,dtc_svm_baseline,94.2477796076938,-1.2959067607586763,95.54368636845248,0.35,-0.0018392153183987695,0.08462336824026942,0.08464335275327692,0.03488500750456993,0,1,1,1,1,0,0,0.9797753745697664,0.004,0.0012283672239799333,25.00007956889075,0,540.0
450,0.045000000000000005,load_step,dtc_svm_baseline,94.2477796076938,-1.3146649108155992,95.5624445185094,0.35,0.004138604665627587,0.0759278150764061,0.0760405230837826,0.026252852538397355,0,1,1,1,1,0,0,0.9797608700045006,0.004,0.0010054171991884058,25.000079578414464,0,540.0
451,0.0451,load_step,dtc_svm_baseline,94.2477796076938,-1.3339382016476269,95.58171780934143,0.35,0.0012700688030305356,0.06796811609959318,0.06797998147169657,0.025578799734904213,0,1,1,1,1,0,0,0.9797354247546918,0.004,0.0008293451136644723,25.000079586177392,0,540.0
452,0.045200000000000004,load_step,dtc_svm_baseline,94.2477796076938,-1.3532503496485462,95.60102995734235,0.35,-0.001370296843814695,0.06068155644471272,0.060697026335670055,0.024973130093634697,0,1,1,1,1,0,0,0.9797223121280352,0.004,0.0006745253889854121,25.000079592392073,0,540.0
453,0.0453,load_step,dtc_svm_baseline,94.2477796076938,-1.3725972595164353,95.62037686721024,0.35,0.004526978200973164,0.054010520605664136,0.054199906528765864,0.017236995794408322,0,1,1,1,1,0,0,0.9797110074371607,0.004,0.000547880826652853,25.000079597340264,0,540.0
454,0.0454,load_step,dtc_svm_baseline,94.2477796076938,-1.3924056435353227,95.64018525122913,0.35,0.0015848800861780346,0.04790232202335456,0.0479285332564718,0.01736834419654825,0,1,1,1,1,0,0,0.9796908387632652,0.004,0.0004514911013630799,25.000079601324526,0,540.0
455,0.0455,load_step,dtc_svm_baseline,94.2477796076938,-1.4122046452460455,95.65998425293985,0.35,-0.0011226476779726694,0.04230903306692959,0.04232392487550509,0.017497079706609103,0,1,1,1,1,0,0,0.9796821403216266,0.004,0.00036223193393042244,25.000079604416168,0,540.0
456,0.0456,load_step,dtc_svm_baseline,94.2477796076938,-1.4319944217351632,95.67977402942897,0.35,0.004713330302375896,0.037186556518106796,0.03748406952578183,0.01045127999433413,0,1,1,1,1,0,0,0.9796747903442174,0.004,0.0002901919046653903,25.00007960678739,0,540.0
457,0.045700000000000005,load_step,dtc_svm_baseline,94.2477796076938,-1.45220432602161,95.69998393371542,0.35,0.0017153094078564887,0.03249456917601576,0.03253981119028742,0.011191419406418816,0,1,1,1,1,0,0,0.9796583798786882,0.004,0.00023961295457078564,25.000079608652808,0,540.0
458,0.0458,load_step,dtc_svm_baseline,94.2477796076938,-1.4723683847101985,95.720147992404,0.35,-0.0010432154337597457,0.028196455761075864,0.028215747658489273,0.011875180091107473,0,1,1,1,1,0,0,0.979652838730722,0.004,0.00018804636221374772,25.000079610002548,0,540.0
459,0.0459,load_step,dtc_svm_baseline,94.2477796076938,-1.4924899752473464,95.74026958294115,0.35,0.004746278278491924,0.024258459330737128,0.024718414322078015,0.005362903454877865,0,1,1,1,1,0,0,0.9796483266172024,0.004,0.00014735608045388,25.000079610945374,0,540.0
460,0.046,load_step,dtc_svm_baseline,94.2477796076938,-1.5129997399759494,95.76077934766975,0.35,0.0017059072588798876,0.020649713574663716,0.02072005768070036,0.006561933450666717,0,1,1,1,1,0,0,0.9796346211614774,0.004,0.00012288082388997378,25.000079611643443,0,540.0
461,0.0461,load_step,dtc_svm_baseline,94.2477796076938,-1.5334361742567422,95.78121578195054,0.35,-0.18244543964996618,0.3314570513213891,0.3783518406453699,0.2846735056280935,2,1,1,1,1,0,0,0.9796313627233602,0.004,0.00048631726718184094,25.00007961597587,1,540.0
462,0.046200000000000005,load_step,dtc_svm_baseline,94.2477796076938,-1.5372277517694406,95.78500735946324,0.35,-0.16141529609972144,0.3019666777910005,0.3424014782548327,0.2548084040694183,0,1,1,1,1,0,0,0.9796289076344049,0.004,0.023046418964500257,25.000079845909287,1,540.0
463,0.0463,load_step,dtc_svm_baseline,94.2477796076938,-1.5428062827113604,95.79058589040515,0.35,-0.14218570906257044,0.27498333988030677,0.30956843035644677,0.22752294453892857,0,1,1,1,1,0,0,0.979693163544043,0.004,0.014481080319590221,25.000079990187785,0,540.0
464,0.046400000000000004,load_step,dtc_svm_baseline,94.2477796076938,-1.5500172538979142,95.79779686159172,0.35,-0.12460317635724785,0.250293443848935,0.2795939190899462,0.20259555797296414,0,1,1,1,1,0,0,0.9797421208509864,0.004,0.01187934765317818,25.000080108447992,0,540.0
465,0.0465,load_step,dtc_svm_baseline,94.2477796076938,-1.5587194235772377,95.80649903127104,0.35,-0.1085272897470826,0.2277015842526027,0.2522423122535003,0.1798237082705905,0,1,1,1,1,0,0,0.9797777978331359,0.004,0.0097298652493661,25.000080205212587,0,540.0
466,0.0466,load_step,dtc_svm_baseline,94.2477796076938,-1.5687836814034337,95.81656328909723,0.35,-0.09382961483288348,0.20702899757806004,0.227299367482322,0.1590222547857978,0,1,1,1,1,0,0,0.9798023540170124,0.004,0.007956468231539119,25.000080284242568,0,540.0
467,0.046700000000000005,load_step,dtc_svm_baseline,94.2477796076938,-1.5800920064922914,95.8278716141861,0.35,-0.08039266736034284,0.18811214690542163,0.204570674288075,0.1400219562448647,0,1,1,1,1,0,0,0.9798177815370972,0.004,0.006495620767206706,25.00008034866355,0,540.0
468,0.0468,load_step,dtc_svm_baseline,94.2477796076938,-1.5925365150885087,95.84031612278231,0.35,-0.06810897753950546,0.17080142657252018,0.18388028752610994,0.12266810376670631,0,1,1,1,1,0,0,0.9798258238415883,0.004,0.005294338393994811,25.000080401071276,0,540.0
469,0.046900000000000004,load_step,dtc_svm_baseline,94.2477796076938,-1.6060185901115036,95.8537981978053,0.35,-0.05688023472336768,0.15495997673060433,0.1650695474354214,0.10681927175908891,0,1,1,1,1,0,0,0.9798279701086308,0.004,0.004308450781983774,25.000080443619776,0,540.0
470,0.047,load_step,dtc_svm_baseline,94.2477796076938,-1.620448085519371,95.86822769321317,0.35,-0.04661650547254488,0.14046259852169668,0.14799608158981492,0.09234617645702,0,1,1,1,1,0,0,0.9798254749642069,0.004,0.003501149266818251,25.00008047809498,0,540.0
471,0.0471,load_step,dtc_svm_baseline,94.2477796076938,-1.6357425990435066,95.88352220673731,0.35,-0.0372355186500843,0.12719476138085575,0.1325329814494249,0.07913063277175275,0,1,1,1,1,0,0,0.9798193856538443,0.004,0.00284177258004068,25.000080505976186,0,540.0
472,0.0472,load_step,dtc_svm_baseline,94.2477796076938,-1.6518268074053513,95.89960641509916,0.35,-0.02866201175102575,0.11505169467653013,0.11856813807072054,0.06706460093868302,0,1,1,1,1,0,0,0.9798105699408615,0.004,0.0023047918109704367,25.0000805284874,0,540.0
473,0.0473,load_step,dtc_svm_baseline,94.2477796076938,-1.6686318586365387,95.91641146633035,0.35,-0.020827133180788483,0.10393755655410354,0.1060037034210021,0.05604931519810004,0,1,1,1,1,0,0,0.9797997421655117,0.004,0.0018689620003527392,25.000080546640163,0,540.0
474,0.047400000000000005,load_step,dtc_svm_baseline,94.2477796076938,-1.6860948165888918,95.93387442428269,0.35,-0.013667895659744382,0.09376467344617276,0.09475560858457442,0.04599448742138494,0,1,1,1,1,0,0,0.9797874865790741,0.004,0.0015166130926174055,25.000080561269318,0,540.0
475,0.0475,load_step,dtc_svm_baseline,94.2477796076938,-1.7041581531452268,95.95193776083903,0.35,-0.007126676352872372,0.08445284426212311,0.08475300832301477,0.03681757921318174,0,1,1,1,1,0,0,0.9797742777773473,0.004,0.0012330574305209588,25.000080573062817,0,540.0
476,0.0476,load_step,dtc_svm_baseline,94.2477796076938,-1.7227692840294313,95.97054889172323,0.35,-0.0011507597071019945,0.07592870377332385,0.07593742361050086,0.02844313658305806,0,1,1,1,1,0,0,0.9797604983604346,0.004,0.0010060947051343107,25.00008058258661,0,540.0
477,0.0477,load_step,dtc_svm_baseline,94.2477796076938,-1.7418801444680634,95.98965975216187,0.35,0.0043080806715877235,0.06812514017215385,0.06826122092776042,0.020802181793267496,0,1,1,1,1,0,0,0.9797464540665909,0.004,0.0008255983943586646,25.000080590305377,0,540.0
478,0.0478,load_step,dtc_svm_baseline,94.2477796076938,-1.7614468012787652,96.00922640897257,0.35,0.0009651021029506794,0.06098076220661394,0.06098839874409489,0.02114417254028104,0,1,1,1,1,0,0,0.979721870266878,0.004,0.0006831703337978281,25.000080596599812,0,540.0
479,0.047900000000000005,load_step,dtc_svm_baseline,94.2477796076938,-1.7809914886899465,96.02877109638375,0.35,-0.002108917777608235,0.05443941168050956,0.05448024484446369,0.021464651455956545,0,1,1,1,1,0,0,0.979709546073059,0.004,0.000555899197259087,25.000080601621494,0,540.0
480,0.048,load_step,dtc_svm_baseline,94.2477796076938,-1.8005154957418543,96.04829510343565,0.35,0.0033920661680489905,0.04844943429633131,0.04856803266061893,0.014464349722431765,0,1,1,1,1,0,0,0.9796991703576674,0.004,0.0004524888737181934,25.00008060560904,0,540.0
481,0.048100000000000004,load_step,dtc_svm_baseline,94.2477796076938,-1.8204569282331269,96.06823653592693,0.35,8.790198749660545e-05,0.04296359796714215,0.04296368788921206,0.015374238788712578,0,1,1,1,1,0,0,0.9796801081313101,0.004,0.0003729406139438411,25.000080608801074,0,540.0
482,0.0482,load_step,dtc_svm_baseline,94.2477796076938,-1.8403423772689076,96.08812198496271,0.35,-0.002950349281584551,0.03793900094066342,0.03805354586972161,0.01621221843261284,0,1,1,1,1,0,0,0.9796724569420727,0.004,0.0002998235513588545,25.000080611261918,0,540.0
483,0.0483,load_step,dtc_svm_baseline,94.2477796076938,-1.8601761504921839,96.10795575818598,0.35,0.002583615312936068,0.03333610666225755,0.03343607446281112,0.009707500779077883,0,1,1,1,1,0,0,0.9796661958626659,0.004,0.00024151523517168625,25.000080613139662,0,540.0
484,0.048400000000000006,load_step,dtc_svm_baseline,94.2477796076938,-1.8803976676611547,96.12817727535496,0.35,-0.0006901206105013253,0.02911876517725653,0.02912694202804761,0.01104498687213009,0,1,1,1,1,0,0,0.9796610971381509,0.004,0.00019787605343581313,25.000080614581,0,540.0
485,0.0485,load_step,dtc_svm_baseline,94.2477796076938,-1.90053759077319,96.14831719846698,0.35,0.004628583376752654,0.02525421508727295,0.02567487417203433,0.0050152839592648695,0,1,1,1,1,0,0,0.9796551041474006,0.004,0.00015618879918333206,25.00008061560546,0,540.0
486,0.048600000000000004,load_step,dtc_svm_baseline,94.2477796076938,-1.9210368075649857,96.16881641525879,0.35,0.001158087228507876,0.021712187845236618,0.021743051006141566,0.006766438096401872,0,1,1,1,1,0,0,0.9796403304973514,0.004,0.00013058892287478641,25.00008061637391,0,540.0
487,0.0487,load_step,dtc_svm_baseline,94.2477796076938,-1.9414296534465718,96.18920926114038,0.35,-0.18338616736316526,0.33258009891127777,0.37978942661952314,0.2782919683939739,2,1,1,1,1,0,0,0.9796362649070941,0.004,0.0005079808900039999,25.000080620916275,1,540.0
488,0.0488,load_step,dtc_svm_baseline,94.2477796076938,-1.9455717804708015,96.1933513881646,0.35,-0.16271486133223967,0.30314465233271104,0.344053493422593,0.24940131192683934,0,1,1,1,1,0,0,0.9796332653330645,0.004,0.023220847531810578,25.000080852587278,1,540.0
489,0.0489,load_step,dtc_svm_baseline,94.2477796076938,-1.951442519377193,96.199222127071,0.35,-0.1438145525611055,0.27621060742563974,0.311407972253107,0.22300608854220272,0,1,1,1,1,0,0,0.9796956797256213,0.004,0.014635477563065059,25.000080998403035,0,540.0
490,0.049,load_step,dtc_svm_baseline,94.2477796076938,-1.9588924008570068,96.20667200855081,0.35,-0.12653410603756873,0.25156489876569543,0.28159506082621777,0.19889187590770635,0,1,1,1,1,0,0,0.979743125432333,0.004,0.012032795084474203,25.000081118190998,0,540.0
491,0.049100000000000005,load_step,dtc_svm_baseline,94.2477796076938,-1.967784798958285,96.21556440665209,0.35,-0.11073529137122111,0.22901260092200962,0.25437978720042376,0.17686268042204784,0,1,1,1,1,0,0,0.979777673485856,0.004,0.009879221686735527,25.000081216442428,0,540.0
492,0.0492,load_step,dtc_svm_baseline,94.2477796076938,-1.977994827251576,96.22577443494538,0.35,-0.09629167789082466,0.2083753863601918,0.22954822776878397,0.156739350488262,0,1,1,1,1,0,0,0.979801449522554,0.004,0.008099386349703567,25.000081296894848,0,540.0
493,0.049300000000000004,load_step,dtc_svm_baseline,94.2477796076938,-1.989408330036414,96.23718793773021,0.35,-0.08308762491713947,0.18949011401773824,0.20690591273529788,0.1383581269888841,0,1,1,1,1,0,0,0.9798163920798244,0.004,0.006630394350754745,25.00008136265681,0,540.0
494,0.0494,load_step,dtc_svm_baseline,94.2477796076938,-2.0019209603705557,96.24970056806436,0.35,-0.07101735891332532,0.172207537552414,0.18627641089759633,0.12156931898562784,0,1,1,1,1,0,0,0.9798241909386813,0.004,0.005419776337279074,25.000081416312156,0,540.0
495,0.0495,load_step,dtc_svm_baseline,94.2477796076938,-2.015437337421374,96.26321694511518,0.35,-0.05998412995512006,0.15639112317756695,0.1675000873289732,0.10623609373400972,0,1,1,1,1,0,0,0.9798262871571977,0.004,0.004423773343741041,25.000081460007113,0,540.0
496,0.049600000000000005,load_step,dtc_svm_baseline,94.2477796076938,-2.029870276292261,96.27764988398606,0.35,-0.0498994406343583,0.14191596783807667,0.15043302863081584,0.09223337107157323,0,1,1,1,1,0,0,0.9798238940209929,0.004,0.0036059028267828525,25.000081495523073,0,540.0
497,0.0497,load_step,dtc_svm_baseline,94.2477796076938,-2.0451400840723473,96.29291969176614,0.35,-0.040682341118862195,0.12866780925211677,0.13494613005436862,0.07944681311713415,0,1,1,1,1,0,0,0.9798180240028029,0.004,0.0029357597635493783,25.000081524337368,0,540.0
498,0.049800000000000004,load_step,dtc_svm_baseline,94.2477796076938,-2.0611739164006653,96.30895352409446,0.35,-0.03225878464536943,0.11654212005256463,0.12092433557040001,0.06777190101680011,0,1,1,1,1,0,0,0.9798095159884275,0.004,0.0023880143654423877,25.000081547674014,0,540.0
499,0.0499,load_step,dtc_svm_baseline,94.2477796076938,-2.0779051893308833,96.32568479702468,0.35,-0.02456103822537968,0.10544327891245207,0.1082660134415123,0.05711309119828376,0,1,1,1,1,0,0,0.9797990605579584,0.004,0.0019415742409096138,25.000081566546104,0,540.0
500,0.05,load_step,dtc_svm_baseline,94.2477796076938,-2.0952730417342775,96.34305264942807,0.35,-0.01752714380143677,0.09528381213592399,0.0968824319729346,0.04738304425527332,0,1,1,1,1,0,0,0.9797872225677705,0.004,0.0015788840966802864,25.000081581791168,0,540.0
501,0.050100000000000006,load_step,dtc_svm_baseline,94.2477796076938,-2.1132218438905905,96.36100145158439,0.35,-0.011100425507770708,0.08598369974400746,0.08669726678575972,0.0385019201846295,0,1,1,1,1,0,0,0.979774460904012,0.004,0.0012853404644699437,25.000081594100696,0,540.0
502,0.0502,load_step,dtc_svm_baseline,94.2477796076938,-2.131700748292412,96.37948035598622,0.35,-0.005229039068292516,0.07746974058697438,0.07764601442566665,0.03039673424652091,0,1,1,1,1,0,0,0.9797611455466602,0.004,0.0010488026196726567,25.000081604044762,0,540.0
503,0.050300000000000004,load_step,dtc_svm_baseline,94.2477796076938,-2.1506632790319293,96.39844288672573,0.35,0.00013444028984851205,0.06967497147582716,0.06967510117932275,0.02300076821629152,0,1,1,1,1,0,0,0.9797475721902383,0.004,0.0008591839371588261,25.000081612092576,0,540.0
504,0.0504,load_step,dtc_svm_baseline,94.2477796076938,-2.1700669564522186,96.41784656414602,0.35,-0.0032954676335269616,0.06253813574791967,0.0626249034310541,0.023675480643376323,0,1,1,1,1,0,0,0.9797339746991798,0.004,0.0007081105050904216,25.0000816186296,0,540.0
505,0.0505,load_step,dtc_svm_baseline,94.2477796076938,-2.18942876562539,96.4372083733192,0.35,0.001880198614734055,0.05600319706886729,0.056034750189192725,0.016881701778002682,0,1,1,1,1,0,0,0.9797205356725804,0.004,0.0005816759218782788,25.000081623902236,0,540.0
506,0.0506,load_step,dtc_svm_baseline,94.2477796076938,-2.209195653561859,96.45697526125566,0.35,-0.0017212718488119826,0.05001857786417547,0.05004818586454555,0.0180955203134699,0,1,1,1,1,0,0,0.9797092975971042,0.004,0.00047977745751687874,25.00008162815585,0,540.0
507,0.0507,load_step,dtc_svm_baseline,94.2477796076938,-2.2288883831225643,96.47666799081637,0.35,0.0032976912219161627,0.04453743658502644,0.04465935540242777,0.011806958164959018,0,1,1,1,1,0,0,0.9796980152510167,0.004,0.0003909826452526299,25.00008163152149,0,540.0
508,0.050800000000000005,load_step,dtc_svm_baseline,94.2477796076938,-2.248955931872841,96.49673553956664,0.35,-0.00044689609898086323,0.039516601233590035,0.039519128142936726,0.01346756777345894,0,1,1,1,1,0,0,0.9796785043232096,0.004,0.00032343376523790617,25.000081634211618,0,540.0
509,0.0509,load_step,dtc_svm_baseline,94.2477796076938,-2.268922561418054,96.51670216911185,0.35,0.004441373210655878,0.03491692156216069,0.035198255743352024,0.007603266803281714,0,1,1,1,1,0,0,0.9796705597533985,0.004,0.00026052858693350955,25.000081636272675,0,540.0
510,0.051000000000000004,load_step,dtc_svm_baseline,94.2477796076938,-2.2892385996568203,96.53701820735063,0.35,0.000577450381541295,0.030702256055109168,0.030707685940438913,0.009633596681240052,0,1,1,1,1,0,0,0.979654145542936,0.004,0.00021694816560028293,25.000081637897914,0,540.0
511,0.0511,load_step,dtc_svm_baseline,94.2477796076938,-2.3094315740886007,96.5572111817824,0.35,-0.0029720924930228708,0.0268398881715011,0.027003942875916613,0.011492402239209996,0,1,1,1,1,0,0,0.9796487942372161,0.004,0.00017179252108069718,25.000081639071585,0,540.0
