k,t_s,scenario,controller,omega_ref_rad_s,omega_m_rad_s,speed_error_rad_s,load_torque_nm,i_s_alpha_a,i_s_beta_a,i_abs_a,torque_nm,vector_id,feedback_used,feedback_requested,accepted,pwm_enabled,fallback,fault_latched,confidence,predicted_risk,loss_w,tj_c,switch_events,vdc_v
0,0.0,load_step,safe_neural_horizon_pwm_h2,0.0,0.0,0.0,0.0,0.3627085216030743,0.0,0.3627085216030743,0.0,4,1,0,1,1,0,0,0.8935973471085157,0.11249999999999999,0.0,25.0,1,540.0
1,0.0001,load_step,safe_neural_horizon_pwm_h2,0.9239978392911157,0.0,0.9239978392911157,0.0,0.6865366990919267,0.0,0.6865366990919267,0.0,4,0,0,1,1,0,0,0.8847059049434836,0.12249999999999998,0.015823606818430164,25.00000015823607,0,540.0
2,0.0002,load_step,safe_neural_horizon_pwm_h2,1.8479956785822313,0.0,1.8479956785822313,0.0,0.9831278885397993,0.0,0.9831278885397993,0.0,4,0,0,1,1,0,0,0.8759029341062032,0.13249999999999998,0.058253764878095866,25.000000740772663,0,540.0
3,0.00030000000000000003,load_step,safe_neural_horizon_pwm_h2,2.771993517873347,0.0,2.771993517873347,0.0,1.0734572744735509,0.3141147938773592,1.1184715570155552,0.011340820858989985,6,0,0,1,1,0,0,0.8671875542922549,0.1425,0.1369304128063632,25.00000211007185,1,540.0
4,0.0004,load_step,safe_neural_horizon_pwm_h2,3.6959913571644627,0.0006786791734776897,3.695312677990985,0.0,0.7935765358315349,0.6017712284218459,0.9959379145201356,0.02874287697830017,2,0,0,1,1,0,0,0.8585588939563946,0.1525,0.1803308268596962,25.00000391336605,1,540.0
5,0.0005,load_step,safe_neural_horizon_pwm_h2,4.619989196455578,0.002398713453148817,4.61759048300243,0.0,0.5415516338309204,0.8580191455647204,1.0146304875473395,0.05051220952613601,2,0,0,1,1,0,0,0.8500160902253981,0.1625,0.13553454312330615,25.000005268685392,0,540.0
6,0.0006000000000000001,load_step,safe_neural_horizon_pwm_h2,5.543987035746694,0.005421377770443222,5.5385656579762506,0.0,0.3108410928754047,1.0927483761395935,1.136099114767587,0.07615243123019015,2,0,0,1,1,0,0,0.8415582888117733,0.17250000000000001,0.14157609133994373,25.00000668441118,0,540.0
7,0.0007,load_step,safe_neural_horizon_pwm_h2,6.467984875037811,0.009978221222591543,6.458006653815219,0.0,0.09962200353523931,1.3077992004477463,1.3115880802600106,0.10483523394194041,2,0,0,1,1,0,0,0.8331846439283305,0.18250000000000002,0.17572192259881736,25.00000844158584,0,540.0
8,0.0008,load_step,safe_neural_horizon_pwm_h2,7.391982714328925,0.016251205910218967,7.375731508418706,0.0,-0.27512681094637714,1.19073968557534,1.2221111900746116,0.12237111760078985,3,0,0,1,1,0,0,0.8248943182036034,0.19250000000000003,0.2528259524908791,25.000010969789088,1,540.0
9,0.0009000000000000001,load_step,safe_neural_horizon_pwm_h2,8.315980553620042,0.02357312465052092,8.29240742896952,0.0,-0.6099707215841241,1.0836819110580573,1.243555694588827,0.14536365507062787,3,1,1,1,1,0,0,0.8644830531509642,0.15224585653869485,0.19496384992767168,25.000012919354454,0,540.0
10,0.001,load_step,safe_neural_horizon_pwm_h2,9.239978392911157,0.03227044440528906,9.207707948505867,0.0,-0.9166404861853029,0.9857704249220774,1.346095506108345,0.17330674512636118,3,1,1,1,1,0,0,0.8956165897615717,0.2063212782843235,0.1970949792041905,25.000014890218118,0,540.0
11,0.0011,load_step,safe_neural_horizon_pwm_h2,10.163976232202273,0.04263931997231295,10.12133691222996,0.0,-1.1975454340377327,0.896223023650397,1.4957709633181417,0.20517683267052866,3,1,1,1,1,0,0,0.9197899992886511,0.2861748553604038,0.22894407901079977,25.00001717955964,0,540.0
12,0.0012000000000000001,load_step,safe_neural_horizon_pwm_h2,11.087974071493388,0.05491462984628804,11.0330594416471,0.0,-1.4548887655230651,0.814324518164799,1.6672809424117943,0.24008942465140679,3,1,1,1,1,0,0,0.938335751328306,0.3782550465832954,0.28278843370194756,25.000020007329447,0,540.0
13,0.0013000000000000002,load_step,safe_neural_horizon_pwm_h2,12.011971910784503,0.06927830294466343,11.94269360783984,0.0,-1.142457969314981,0.43251925139705094,1.2215904037280152,0.1869779736359039,5,1,1,1,1,0,0,0.9524018992940381,0.04813462169384426,0.4011215008809068,25.00002401841107,2,540.0
14,0.0014,load_step,safe_neural_horizon_pwm_h2,12.935969750075621,0.08046247504979986,12.855507275025822,0.0,-1.2192091103887275,0.08296205060353694,1.2220284598548496,0.20466152464786005,1,1,1,1,1,0,0,0.9629701471437577,0.037933055952449134,0.21359177121058986,25.000026154168662,1,540.0
15,0.0015,load_step,safe_neural_horizon_pwm_h2,13.859967589366736,0.0927040408676715,13.767263548499065,0.0,-1.289618410248688,-0.2371050192143063,1.3112339357219862,0.2278305339308665,1,1,1,1,1,0,0,0.970978025220882,0.11157743897520986,0.19390803626619324,25.000028093074665,0,540.0
16,0.0016,load_step,safe_neural_horizon_pwm_h2,14.78396542865785,0.10633119048189948,14.677634238175951,0.0,-1.3542283465817977,-0.5302037379830806,1.4543212913441448,0.25540884342920395,1,1,1,1,1,0,0,0.9770138299170096,0.20655788993714158,0.22097377500955348,25.000030302625127,0,540.0
17,0.0017000000000000001,load_step,safe_neural_horizon_pwm_h2,15.707963267948966,0.1216076872444835,15.586355580704483,0.0,-1.0508265518048572,-0.7986401044935081,1.3198721371721913,0.22997062810982236,5,1,1,1,1,0,0,0.9792797865325146,0.02,0.29157874849893384,25.000033218210596,1,540.0
18,0.0018000000000000002,load_step,safe_neural_horizon_pwm_h2,16.631961107240084,0.1353606877768011,16.496600419463284,0.0,-0.777291277937633,-1.037309767107538,1.2962226983410734,0.2151501038268042,5,1,1,1,1,0,0,0.9792132373174472,0.04696946216441687,0.2242717890367193,25.000035460707032,0,540.0
19,0.0019,load_step,safe_neural_horizon_pwm_h2,17.5559589465312,0.14822571338152518,17.407733233149674,0.0,-0.5269098288924762,-1.2559623000948108,1.3620114783080743,0.20926372051291142,5,1,1,1,1,0,0,0.9791570775680343,0.12006601664694493,0.21579006874207987,25.000037618371316,0,540.0
20,0.002,load_step,safe_neural_horizon_pwm_h2,18.479956785822313,0.16073748629823495,18.31921929952408,0.0,-0.8417654399119157,-1.1421950623914345,1.4188652565981994,0.22621651911584953,3,1,1,1,1,0,0,0.9791136926031938,0.1615482430478565,0.2768772856301456,25.00004038689338,2,540.0
21,0.0021000000000000003,load_step,safe_neural_horizon_pwm_h2,19.40395462511343,0.17426281983778616,19.229691805275642,0.0,-1.1301578775948955,-1.0381469743655358,1.534602870020161,0.234251326974101,3,1,1,1,1,0,0,0.9790794943724273,0.24996860402066165,0.26005763675211857,25.0000429872005,0,540.0
22,0.0022,load_step,safe_neural_horizon_pwm_h2,20.327952464404547,0.18826794860441623,20.13968451580013,0.0,-0.8502876991206005,-1.2571006205940325,1.5176597581716749,0.25159282415324835,5,1,1,1,1,0,0,0.9790445980779056,0.1888148763013748,0.34908104486889097,25.000046477724368,2,540.0
23,0.0023,load_step,safe_neural_horizon_pwm_h2,21.25195030369566,0.20330978450374346,21.048640519191917,0.0,-0.5941146867696739,-1.4577217568515153,1.574142617882413,0.27616567818990023,5,1,1,1,1,0,0,0.9790072376876898,0.2502037903568828,0.2990095793229352,25.00004946751031,0,540.0
24,0.0024000000000000002,load_step,safe_neural_horizon_pwm_h2,22.175948142986776,0.21982100062368068,21.956127142363094,0.0,-0.17825864240034509,-1.3274636208848545,1.339378889023992,0.24653487996247242,4,1,1,1,1,0,0,0.9789675162761724,0.03733799897110056,0.34399405128726274,25.000052907121038,1,540.0
25,0.0025,load_step,safe_neural_horizon_pwm_h2,23.09994598227789,0.23455772505306505,22.865388257224826,0.0,0.20250297247716706,-1.2083332817331716,1.225184383513822,0.22810643843864686,4,1,1,1,1,0,0,0.978923035410046,0.02,0.23485094763690703,25.0000552552778,0,540.0
26,0.0026000000000000003,load_step,safe_neural_horizon_pwm_h2,24.023943821569006,0.24819048706416566,23.77575333450484,0.0,0.5428426230409817,-1.099380115105289,1.2260973659864587,0.21890089593367185,4,1,1,1,1,0,0,0.9788903590825329,0.02,0.1958013051990546,25.000057212922485,0,540.0
27,0.0027,load_step,safe_neural_horizon_pwm_h2,24.947941660860124,0.26127130590472997,24.686670354955393,0.0,0.8545354430261345,-0.9997348486751417,1.3151808206643605,0.21755398319258012,4,1,1,1,1,0,0,0.9788729362508917,0.10180678241702755,0.1939253453588247,25.00005915179452,0,540.0
28,0.0028,load_step,safe_neural_horizon_pwm_h2,25.871939500151242,0.2742705151902974,25.597668984960944,0.0,0.5959686570638779,-1.22271734087466,1.3602265751991915,0.2341840320426013,1,1,1,1,1,0,0,0.9788671806141435,0.12358687848530713,0.2594959449725915,25.000061746359624,2,540.0
29,0.0029000000000000002,load_step,safe_neural_horizon_pwm_h2,26.795937339442354,0.2882639330379954,26.507673406404358,0.0,0.3592727393297737,-1.4270274991831637,1.471558488355279,0.24202417808057736,1,1,1,1,1,0,0,0.978866463455242,0.21155659072283137,0.23929772210392983,25.000064138925204,0,540.0
30,0.003,load_step,safe_neural_horizon_pwm_h2,27.719935178733472,0.30272546082286944,27.417209717910602,0.0,0.6866387701591085,-1.3001467189540528,1.4703245531149243,0.26206327439444455,4,1,1,1,1,0,0,0.9788610198784249,0.16755065811413813,0.3229723108825892,25.00006736822072,2,540.0
31,0.0031000000000000003,load_step,safe_neural_horizon_pwm_h2,28.643933018024583,0.31838509558084505,28.32554792244374,0.0,0.9864650930660303,-1.1841078366135789,1.5411764170812703,0.28868708896805356,4,1,1,1,1,0,0,0.9788495003156052,0.23589145711709378,0.2805438627006571,25.000070173210226,0,540.0
32,0.0032,load_step,safe_neural_horizon_pwm_h2,29.5679308573157,0.33563680061090995,29.23229405670479,0.0,1.079752673613443,-0.7638699790843749,1.322634938719578,0.25706641593536783,6,1,1,1,1,0,0,0.9788312057821957,0.026110634375622537,0.3298821860879773,25.000073471564264,1,540.0
33,0.0033,load_step,safe_neural_horizon_pwm_h2,30.49192869660682,0.3509948751494831,30.140933821457338,0.0,1.1652852188487295,-0.3791595027401439,1.2254189364398955,0.2367627200975067,6,1,1,1,1,0,0,0.9788037339075932,0.02,0.22862723554289507,25.00007575734681,0,540.0
34,0.0034000000000000002,load_step,safe_neural_horizon_pwm_h2,31.41592653589793,0.3651367169619081,31.050789818936025,0.0,1.2395630186285196,-0.034151748755901316,1.2400333943465127,0.2258138601748812,6,1,1,1,1,0,0,0.9787847363081952,0.032033179898125916,0.1954411421196338,25.000077711253184,0,540.0
35,0.0035,load_step,safe_neural_horizon_pwm_h2,32.33992437518905,0.37862224954285234,31.961302125646196,0.0,1.307709187771122,-0.34647780398978417,1.3528304359521894,0.25242545188327026,5,1,1,1,1,0,0,0.978778460530556,0.14562192179004915,0.23435918763103591,25.000080054326986,2,540.0
36,0.0036000000000000003,load_step,safe_neural_horizon_pwm_h2,33.26392221448017,0.39369928797093023,32.870222926509236,0.0,1.3702495968879447,-0.6325029207946904,1.5091865035791268,0.2704149022535835,5,1,1,1,1,0,0,0.9787819624381288,0.24986949170156755,0.2368755896377918,25.000082422549188,0,540.0
37,0.0037,load_step,safe_neural_horizon_pwm_h2,34.18792005377128,0.4098517272342159,33.77806832653706,0.0,1.427661945072257,-0.26624760298716205,1.452276287592657,0.28149031568455857,6,1,1,1,1,0,0,0.9787797982660721,0.13280939449233817,0.3381767556241515,25.00008580376726,2,540.0
38,0.0038,load_step,safe_neural_horizon_pwm_h2,35.1119178930624,0.42666572163640615,34.685252171425994,0.0,1.480383085628921,0.06908412849277522,1.4819941622779125,0.3003523808189289,6,1,1,1,1,0,0,0.9787676514700228,0.18487950192001854,0.2740735594927931,25.00008854393083,0,540.0
39,0.0039000000000000003,load_step,safe_neural_horizon_pwm_h2,36.03591573235351,0.44460720410904825,35.59130852824446,0.0,1.528815705168306,0.37613625673587386,1.5744065370800961,0.32557808817543454,6,1,1,1,1,0,0,0.9787498344775133,0.2613787116856483,0.28459831048661016,25.00009138932364,0,540.0
40,0.004,load_step,safe_neural_horizon_pwm_h2,36.95991357164463,0.4640569133202208,36.495856658324406,0.0,1.210619510024313,0.6573265572824478,1.3775622675437589,0.28592355361998634,2,1,1,1,1,0,0,0.9787259048820136,0.05666015431497061,0.34272282746848,25.000094815942653,1,540.0
41,0.0041,load_step,safe_neural_horizon_pwm_h2,37.883911410935745,0.4811320453999517,37.40277936553579,0.0,0.9193912450871011,0.9148659164710122,1.2970196246253005,0.25869212033817557,2,1,1,1,1,0,0,0.9786929276573978,0.02616877162710572,0.2468317506374239,25.000097283628055,0,540.0
42,0.004200000000000001,load_step,safe_neural_horizon_pwm_h2,38.80790925022686,0.49657622986598027,38.31133302036088,0.0,0.6569908927243441,1.1435653830534218,1.318855116546488,0.241882045902528,2,1,1,1,1,0,0,0.978669754594935,0.07986979899766154,0.21805453462192417,25.000099463524844,0,540.0
43,0.0043,load_step,safe_neural_horizon_pwm_h2,39.731907089517975,0.5110132469887783,39.22089384252919,0.0,0.960858575190595,1.0389817383935138,1.415179230427195,0.27166805390744986,4,1,1,1,1,0,0,0.9786612438594045,0.17597047436674282,0.26226110356968174,25.00010208547279,2,540.0
44,0.0044,load_step,safe_neural_horizon_pwm_h2,40.65590492880909,0.5272316663689949,40.128673262440095,0.0,1.0578526802481156,0.6292140445304295,1.2308381725240989,0.22369020296441966,5,1,1,1,1,0,0,0.9786647181158322,0.02,0.27995873994655945,25.00010488437962,1,540.0
45,0.0045000000000000005,load_step,safe_neural_horizon_pwm_h2,41.579902768100204,0.5405776570041159,41.03932511109609,0.0,1.1467853120389335,0.2540692842723186,1.1745925902707213,0.17183719627661614,5,1,1,1,1,0,0,0.9786635246176318,0.04820593157290408,0.19905697774321363,25.000106874250168,0,540.0
46,0.0046,load_step,safe_neural_horizon_pwm_h2,42.50390060739132,0.5508195350772845,41.953081072314035,0.0,1.2241794015176817,0.5460281700429753,1.3404335006186132,0.23368221753803856,6,1,1,1,1,0,0,0.9786742724784552,0.032815273480841775,0.21522871786488298,25.00010902582485,2,540.0
47,0.0047,load_step,safe_neural_horizon_pwm_h2,43.427898446682434,0.5647616747429268,42.86313677193951,0.0,0.9324701918357509,0.8134154311715398,1.2373945701877733,0.25937773277185294,2,1,1,1,1,0,0,0.9787043927521286,0.02,0.25311581027172536,25.000111556256115,1,540.0
48,0.0048000000000000004,load_step,safe_neural_horizon_pwm_h2,44.35189628597355,0.5802404635669262,43.77165582240663,0.0,0.6696307447033534,1.0511182667761052,1.246296491611194,0.2894950093335223,2,1,1,1,1,0,0,0.9787252132721345,0.03928069565152924,0.20031777305500442,25.00011355869014,0,540.0
49,0.0049,load_step,safe_neural_horizon_pwm_h2,45.27589412526467,0.5975203990165443,44.678373726248125,0.0,0.42903477910855864,1.2688805072159837,1.33945085138553,0.32406107555268987,2,1,1,1,1,0,0,0.9787370123004339,0.12187388250130325,0.20177367027289156,25.000115575669785,0,540.0
50,0.005,load_step,safe_neural_horizon_pwm_h2,46.19989196455578,0.6168675757185352,45.583024388837245,0.0,0.2087817554912515,1.4684088089341214,1.4831770803182383,0.36208532523627984,2,1,1,1,1,0,0,0.9787372732566196,0.2223615960870737,0.2308955726003533,25.000117883855005,0,540.0
51,0.0051,load_step,safe_neural_horizon_pwm_h2,47.1238898038469,0.6384887860977125,46.48540101774919,0.0,0.007133750878226687,1.6512637626978846,1.6512791721573818,0.40271337249684497,2,1,1,1,1,0,0,0.9787219839030415,0.33017459115039993,0.2815913653315943,25.000120698982766,0,540.0
52,0.005200000000000001,load_step,safe_neural_horizon_pwm_h2,48.04788764313801,0.6625396768902573,47.38534796624776,0.0,-0.17749840752420407,1.818872420893116,1.8275126725030426,0.44521091432524695,2,1,1,1,1,0,0,0.9786876250139682,0.43818047091543466,0.34854335223046035,25.00012418361163,0,540.0
53,0.0053,load_step,safe_neural_horizon_pwm_h2,48.97188548242914,0.6891319393034442,48.28275354312569,0.0,-0.33823896362860884,1.9725397547661891,2.001329228450335,0.4885707494330777,2,1,1,1,1,0,0,0.9786321697642599,0.5429746071550958,0.4272729979254716,25.000128455513718,0,540.0
54,0.0054,load_step,safe_neural_horizon_pwm_h2,49.89588332172025,0.7183169810900778,49.17756634063017,0.0,-0.6668012362078671,1.7993443369209157,1.9189225965154795,0.47369437817512966,3,1,1,1,1,0,0,0.9785551778332441,0.39192716321770726,0.5426769804049408,25.00013388142715,1,540.0
55,0.0055000000000000005,load_step,safe_neural_horizon_pwm_h2,50.81988116101136,0.7466095201826367,50.07327164082872,0.0,-0.9677100199797857,1.64095059222372,1.9050410832548086,0.47162165090018393,3,1,1,1,1,0,0,0.9784575486155836,0.4159277859330781,0.47586996500603224,25.000138639234258,0,540.0
56,0.0056,load_step,safe_neural_horizon_pwm_h2,51.743879000302485,0.7747758453964412,50.969103154906044,0.0,-1.2433306636249628,1.4960957988313883,1.9452952933657708,0.4802590961078222,3,1,1,1,1,0,0,0.9783591177556773,0.4627362613071857,0.4698745199000996,25.000143337055196,0,540.0
57,0.0057,load_step,safe_neural_horizon_pwm_h2,52.667876839593596,0.8034569051313185,51.864419934462276,0.0,-1.4958262227329808,1.36362518336606,2.0240972628126688,0.49777686473686106,3,1,1,1,1,0,0,0.9782664869385413,0.5252116487736296,0.4895117929898713,25.000148231217544,0,540.0
58,0.0058000000000000005,load_step,safe_neural_horizon_pwm_h2,53.59187467888471,0.8331840932017769,52.75869058568293,0.0,-1.7271747044490502,1.2424827155866203,2.127650290395526,0.5225788411064728,3,1,1,1,1,0,0,0.9781794070650575,0.5971696321204769,0.5292881541146754,25.00015352311088,0,540.0
59,0.0059,load_step,safe_neural_horizon_pwm_h2,54.51587251817583,0.8643932447758907,53.65147927339994,0.0,-1.9391848600926038,1.1317027050407198,2.245259213144187,0.553275930437545,3,1,1,1,1,0,0,0.9780946298878381,0.673884160363152,0.5843918851752933,25.000159366006244,0,540.0
60,0.006,load_step,safe_neural_horizon_pwm_h2,55.439870357466944,0.8974370326594318,54.54243332480751,0.0,-2.133510643611951,1.0304021235425038,2.3693028938078777,0.5886621874011981,3,1,1,1,1,0,0,0.97800811591747,0.7514371602013552,0.6507511294450545,25.0001658724551,0,540.0
61,0.0061,load_step,safe_neural_horizon_pwm_h2,56.363868196758055,0.9325959340663486,55.43127226269171,0.0,-2.3075000139746784,0.9449865924354965,2.493502752028959,0.6270086176379321,3,1,1,1,1,0,0,0.9779161785989734,0.8276880169568477,0.7249990876029497,25.000173121340158,0,540.0
62,0.006200000000000001,load_step,safe_neural_horizon_pwm_h2,57.28786603604917,0.9700469348614341,56.31781910118773,0.0,-2.4670511147328242,0.8668973804641098,2.6149287315259677,0.6678375833676666,3,1,1,1,1,0,0,0.9778159679782376,0.9013595640452781,0.8037341442842106,25.000181157527457,0,540.0
63,0.0063,load_step,safe_neural_horizon_pwm_h2,58.21186387534029,1.0099384235944335,57.20192545174586,0.0,-2.613398430631623,0.7955115860335041,2.731792459309706,0.710423517350633,3,1,1,1,1,0,0,0.9777057455515078,0.9716958316634188,0.8848577351002256,25.000190004897092,0,540.0
64,0.0064,load_step,safe_neural_horizon_pwm_h2,59.1358617146314,1.0523753566265228,58.08348635800488,0.0,-2.5663165198801976,0.41614503540985726,2.599837912391132,0.7260466924272961,1,1,1,1,1,0,0,0.9775846406124868,0.8014919683650312,1.0069186123450984,25.000200072816515,1,540.0
65,0.006500000000000001,load_step,safe_neural_horizon_pwm_h2,60.059859553922514,1.095743981207326,58.96411557271519,0.0,-2.5234675862232163,0.06885047602303679,2.5244066722237575,0.7558039803095575,1,1,1,1,1,0,0,0.9774524715728072,0.770233786778979,0.8814566287832837,25.000208886048984,0,540.0
66,0.0066,load_step,safe_neural_horizon_pwm_h2,60.98385739321364,1.1408900664663133,59.84296732674733,0.0,-2.4844934802635934,-0.24911308365429982,2.4969511773200646,0.7971427083051789,1,1,1,1,1,0,0,0.9773201956612068,0.7747929189734695,0.8327187162938757,25.000217211843573,0,540.0
67,0.0067,load_step,safe_neural_horizon_pwm_h2,61.90785523250475,1.1885065546116063,60.719348677893144,0.0,-2.449066646048692,-0.5402520275517992,2.5079473060776256,0.8478420608920827,1,1,1,1,1,0,0,0.9771893134316597,0.7971195772919284,0.8143183109291888,25.000225353578603,0,540.0
68,0.0068000000000000005,load_step,safe_neural_horizon_pwm_h2,62.83185307179586,1.2391534323057383,61.59269963949012,0.0,-2.4168875407926214,-0.8068581206837897,2.548012050943241,0.9059747587975631,1,1,1,1,1,0,0,0.9770568340114187,0.8327114680227641,0.8203340993061627,25.00023355541724,0,540.0
69,0.006900000000000001,load_step,safe_neural_horizon_pwm_h2,63.75585091108699,1.2932753072405632,62.462575603846425,0.0,-2.3876822962079665,-1.051026811005926,2.608770611816653,0.9698728452029841,1,1,1,1,1,0,0,0.9769182314512356,0.8774950901981964,0.8455009748067874,25.00024200886995,0,540.0
70,0.007,load_step,safe_neural_horizon_pwm_h2,64.6798487503781,1.3512169358741097,63.32863181450399,0.0,-2.3612005900086555,-1.2746739841128953,2.6832931245079177,1.038097146500502,1,1,1,1,1,0,0,0.9767690714401734,0.9281008911945847,0.8853092873962387,25.000250860349432,0,540.0
71,0.0071,load_step,safe_neural_horizon_pwm_h2,65.60384658966922,1.4132369223863963,64.19060966728281,0.0,-2.337213702023482,-1.479551299351645,2.766159781418899,1.1094100250872072,1,1,1,1,1,0,0,0.9766057924385338,0.9815083284429549,0.9359887937459934,25.000260218564968,0,540.0
72,0.007200000000000001,load_step,safe_neural_horizon_pwm_h2,66.52784442896034,1.479519786003134,65.0483246429572,0.0,-2.3196771651391193,-1.6600472192490952,2.852482939581675,1.1805287380110983,1,1,1,1,1,0,0,0.9764259791392933,1.0357046351047996,0.9944410259417436,25.000270161240437,0,540.0
73,0.0073,load_step,safe_neural_horizon_pwm_h2,67.45184226825144,1.5500535795673658,65.90178868868408,0.0,-2.3038850615840314,-1.8254464352033701,2.939411686849385,1.2525890275759104,1,1,1,1,1,0,0,0.9762283568702795,1.0894248676155667,1.0576115884726673,25.000280735555247,0,540.0
74,0.0074,load_step,safe_neural_horizon_pwm_h2,68.37584010754256,1.624894324111342,66.75094578343122,0.0,-1.9269847276590482,-1.9770354785262025,2.76078601560906,1.2736762067100458,5,1,1,1,1,0,0,0.9760131999348015,0.9035646987373782,1.1667033762941037,25.000292400717438,1,540.0
75,0.007500000000000001,load_step,safe_neural_horizon_pwm_h2,69.29983794683368,1.7009912579957553,67.59884668883792,0.0,-1.5821047567909956,-2.1159904972806163,2.64205814584815,1.3097653427459277,5,1,1,1,1,0,0,0.9757813797185874,0.8335987795166058,0.9974680527600043,25.000302373448626,0,540.0
76,0.0076,load_step,safe_neural_horizon_pwm_h2,70.2238357861248,1.7792420606109247,68.44459372551387,0.0,-1.2665126897640804,-2.243395206867282,2.5762135873270564,1.3581152065766902,5,1,1,1,1,0,0,0.9755496183469815,0.8084936566088332,0.9153318152940814,25.000311524750956,0,540.0
77,0.0077,load_step,safe_neural_horizon_pwm_h2,71.14783362541591,1.8603802964825376,69.28745332893338,0.0,-0.9777099632827337,-2.360240547663407,2.554731339130748,1.4163415171235219,5,1,1,1,1,0,0,0.9753225125087537,0.8136847014743118,0.8697059497731556,25.00032021973362,0,540.0
78,0.0078000000000000005,load_step,safe_neural_horizon_pwm_h2,72.07183146470702,1.9449967890499653,70.12683467565705,0.0,-0.7134119932319534,-2.4674326073334405,2.5684976822686623,1.4823756275743654,5,1,1,1,1,0,0,0.9750986160377269,0.8357315457070296,0.8536883259987846,25.000328754482084,0,540.0
79,0.0079,load_step,safe_neural_horizon_pwm_h2,72.99582930399814,2.0335585204249873,70.96227078357315,0.0,-0.4715299517234414,-2.5657999000701803,2.608767836081329,1.5544276562874149,5,1,1,1,1,0,0,0.9748740178513761,0.8701795496412048,0.8611490094010107,25.00033736378048,0,540.0
80,0.008,load_step,safe_neural_horizon_pwm_h2,73.91982714328925,2.1264253233071666,71.7934018199821,0.0,-0.2501540914596558,-2.656100044320708,2.667853915587297,1.6309535884326856,5,1,1,1,1,0,0,0.9746318673991269,0.9131565026091601,0.8868326003541114,25.000346229857392,0,540.0
81,0.0081,load_step,safe_neural_horizon_pwm_h2,74.84382498258037,2.223864602850042,72.61996037973033,0.0,-0.047538484421882625,-2.739025880672914,2.7394383881549813,1.7106259310267,5,1,1,1,1,0,0,0.9741771575617035,0.9617040649271114,0.9263348863909501,25.000355490898055,0,540.0
82,0.0082,load_step,safe_neural_horizon_pwm_h2,75.76782282187149,2.326064301278471,73.44175852059303,0.0,0.13791294606684087,-2.8152110708327562,2.818587120177794,1.7923075516790379,5,1,1,1,1,0,0,0.9735380814244871,1.012929346951673,0.9760235767298047,25.000365248763885,0,540.0
83,0.0083,load_step,safe_neural_horizon_pwm_h2,76.69182066116261,2.4331442959179284,74.25867636524468,0.0,0.2993303477025837,-2.885235217266241,2.9007207580201726,1.8729390564556525,5,1,1,1,1,0,0,0.9727393152758271,1.0649863644343187,1.0329396970851272,25.000375575725865,0,540.0
84,0.008400000000000001,load_step,safe_neural_horizon_pwm_h2,77.61581850045371,2.545041368758454,75.07077713169527,0.0,0.44707778069745213,-2.949628541311351,2.9833181314958495,1.9535825516380074,5,1,1,1,1,0,0,0.9718035199389058,1.1166825487880765,1.09411284050739,25.00038651435043,0,540.0
85,0.0085,load_step,safe_neural_horizon_pwm_h2,78.53981633974483,2.661755867250295,75.87806047249454,0.0,0.5823142609104371,-3.008875954051693,3.0647062510671645,2.0335921605558203,5,1,1,1,1,0,0,0.970755002605217,1.167194378862196,1.1576441062462326,25.00039808821473,0,540.0
86,0.0086,load_step,safe_neural_horizon_pwm_h2,79.46381417903595,2.783249487025375,76.68056469201058,0.0,0.7060990994823763,-3.063421165838428,3.143743815516254,2.112426478301085,5,1,1,1,1,0,0,0.9696153561153875,1.2159721042184053,1.2221706865683764,25.000410307267675,0,540.0
87,0.008700000000000001,load_step,safe_neural_horizon_pwm_h2,80.38781201832707,2.9094515268667207,77.47836049146035,0.0,0.8194004365763639,-3.113670241412925,3.2196831284649674,2.1896348822607314,5,1,1,1,1,0,0,0.9684039608885932,1.2626658329392122,1.286637004671737,25.00042317090234,0,540.0
88,0.0088,load_step,safe_neural_horizon_pwm_h2,81.31180985761819,3.040264323965933,78.27154553365226,0.0,1.1044573121906311,-2.845880050337791,3.0526806605608097,2.1807470202336265,4,1,1,1,1,0,0,0.9671382665592683,1.0882081444342475,1.3976745218609499,25.00043714482642,1,540.0
89,0.0089,load_step,safe_neural_horizon_pwm_h2,82.23580769690929,3.170535186039104,79.06527251087019,0.0,1.3654482901077518,-2.6009639683498604,2.937594695939594,2.1906332331526626,4,1,1,1,1,0,0,0.9658339608177031,1.0215042922035522,1.220638572754743,25.00044934829785,0,540.0
90,0.009000000000000001,load_step,safe_neural_horizon_pwm_h2,83.15980553620041,3.301387668958446,79.85841786724197,0.0,1.6044325649489457,-2.376979327225401,2.8677926315418225,2.2161276371058483,4,1,1,1,1,0,0,0.9646335304852478,0.9936433905905728,1.1323927892104038,25.000460669230087,0,540.0
91,0.0091,load_step,safe_neural_horizon_pwm_h2,84.08380337549153,3.4337557833690617,80.65004759212246,0.0,1.8232931554738026,-2.172149565960669,2.8359533966024086,2.25446411046278,4,1,1,1,1,0,0,0.9635697340900453,0.990706584442596,1.0788197506892188,25.000471454356465,0,540.0
92,0.0092,load_step,safe_neural_horizon_pwm_h2,85.00780121478265,3.568407932593862,81.43939328218879,0.0,2.0237518593407753,-1.9848500987676994,2.8346430997152696,2.303230659236289,4,1,1,1,1,0,0,0.9626234930554831,1.0025097674781696,1.0535373093214893,25.00048198658653,0,540.0
93,0.009300000000000001,load_step,safe_neural_horizon_pwm_h2,85.93179905407376,3.705968117743665,82.2258309363301,0.0,2.207382979424761,-1.8135954024735514,2.856863297696853,2.360328676183709,4,1,1,1,1,0,0,0.9617561570845626,1.0255634049085678,1.0508349808459274,25.000492491723094,0,540.0
94,0.0094,load_step,safe_neural_horizon_pwm_h2,86.85579689336487,3.846934703103007,83.00886219026187,0.0,2.3756259123981973,-1.6570272103549442,2.896435335289648,2.4239365665718378,4,1,1,1,1,0,0,0.9609264390356111,1.0567604848173855,1.0657926546949212,25.000503146366363,0,540.0
95,0.0095,load_step,safe_neural_horizon_pwm_h2,87.77979473265599,3.9916970032973755,83.78809772935861,0.0,2.529796685949288,-1.5139037118591843,2.9481817652616025,2.492477278000299,4,1,1,1,1,0,0,0.9600984491443189,1.0935013616246338,1.0942715920391206,25.000514085727975,0,540.0
96,0.009600000000000001,load_step,safe_neural_horizon_pwm_h2,88.7037925719471,4.140549926043388,84.56324264590371,0.0,2.67109852630595,-1.3830896683385965,3.0079402201338357,2.564589325786735,4,1,1,1,1,0,0,0.9592447419811531,1.1333069953193222,1.1328474589958504,25.000525410775328,0,540.0
97,0.0097,load_step,safe_neural_horizon_pwm_h2,89.62779041123822,4.293706879819418,85.3340835314188,0.0,2.796467101666794,-1.2707603705341246,3.071654305097614,2.6373516935412598,4,1,1,1,1,0,0,0.9583467126174643,1.174552719892709,1.1787221206016711,25.000537194493795,0,540.0
98,0.0098,load_step,safe_neural_horizon_pwm_h2,90.55178825052934,4.45120645163693,86.1005817988924,0.0,2.9114234455126384,-1.1681467709777165,3.1370293842465595,2.7112428807341846,4,1,1,1,1,0,0,0.9573937069452375,1.2161487412659773,1.229052704310827,25.000549481439542,0,540.0
99,0.0099,load_step,safe_neural_horizon_pwm_h2,91.47578608982046,4.613115860826602,86.86267022899386,0.0,3.0168568860459963,-1.0744337928521503,3.202473020355644,2.7854615128776956,4,1,1,1,1,0,0,0.9563841780961462,1.2573072956398497,1.2820318145774463,25.00056229809448,0,540.0
100,0.01,load_step,safe_neural_horizon_pwm_h2,92.39978392911156,4.779454364164014,87.62032956494755,0.0,3.1135805843169537,-0.9888766155202976,3.266842667738742,2.8593263717253787,4,1,1,1,1,0,0,0.9553205134100929,1.2974728071131154,1.3363618151913759,25.000575657963978,0,540.0
101,0.010100000000000001,load_step,safe_neural_horizon_pwm_h2,93.32378176840268,4.950200450175146,88.37358131822754,0.0,3.2023380823626244,-0.9107946833509067,3.329341699040549,2.9322611040999753,4,1,1,1,1,0,0,0.9542080063950148,1.3362654221939232,1.391032245282449,25.00058956444871,0,540.0
102,0.0102,load_step,safe_neural_horizon_pwm_h2,94.2477796076938,5.125298117805442,89.12248148988836,0.0,3.2838092894927704,-0.8395662176660194,3.3894357765865752,3.003780651673528,4,1,1,1,1,0,0,0.9530539307380604,1.3734371482077752,1.4452654088998844,25.00060401317237,0,540.0
103,0.0103,load_step,safe_neural_horizon_pwm_h2,94.2477796076938,5.304662342511325,88.94311726518248,0.0,3.3586159542210647,-0.7746231897106095,3.4467872307390417,3.073479223279053,4,1,1,0,1,1,0,0.9518667644674774,1.408838181110422,1.4984720586092377,25.0006189938662,0,540.0
104,0.010400000000000001,load_step,safe_neural_horizon_pwm_h2,94.2477796076938,5.488183822147734,88.75959578554607,0.0,3.4273266655406487,-0.7154467161855991,3.501204375072489,3.1410196490348143,4,1,1,0,1,1,0,0.9506555732217838,1.4423912470407565,1.5502151503239363,25.000634491891077,0,540.0
105,0.0105,load_step,safe_neural_horizon_pwm_h2,94.2477796076938,5.6757330854000925,88.5720465222937,0.0,3.490461423692729,-0.6615628421670272,3.5526027563496583,3.2061239714799,4,1,1,0,1,1,0,0.9494295414895663,1.4740721413281341,1.6001801371028617,25.0006504894625,0,540.0
106,0.0106,load_step,safe_neural_horizon_pwm_h2,94.2477796076938,5.867164036837292,88.3806155708565,0.0,3.548495817274102,-0.6125386792026479,3.6009757287061963,3.268565143265527,4,1,1,0,1,1,0,0.9481976318345763,1.5038950125013102,1.648150606309341,25.000666966631968,0,540.0
107,0.010700000000000001,load_step,safe_neural_horizon_pwm_h2,94.2477796076938,6.062317004849613,88.18546260284418,0.0,3.4205105796645996,-0.2538640751933043,3.429918307229956,3.2581399948267817,6,1,1,1,1,0,0,0.9469683496222591,1.3369847866812208,1.7471231713545592,25.000684433417238,1,540.0
108,0.0108,load_step,safe_neural_horizon_pwm_h2,94.2477796076938,6.256831097248906,87.9909485104449,0.0,3.303533600614365,0.074248882286034,3.3043678891595647,3.2680685295359515,6,1,1,1,1,0,0,0.9457495916200032,1.2637224156898368,1.5441554264305837,25.000699870408614,0,540.0
109,0.0109,load_step,safe_neural_horizon_pwm_h2,94.2477796076938,6.451924407301935,87.79585520039187,0.0,3.1966486343757317,0.37440750370967923,3.218500189605454,3.2949172333005805,6,1,1,1,1,0,0,0.9446515223288372,1.219283012187049,1.4354822549628186,25.00071422056536,0,540.0
110,0.011000000000000001,load_step,safe_neural_horizon_pwm_h2,94.2477796076938,6.6486094597458765,87.59917014794793,0.0,3.099017139458766,0.6489958750421786,3.1662442856610027,3.3356815300448215,6,1,1,1,1,0,0,0.9436890686977405,1.201978189643922,1.3615913246514189,25.000727831717136,0,540.0
111,0.0111,load_step,safe_neural_horizon_pwm_h2,94.2477796076938,6.847718895914669,87.40006071177913,0.0,3.009871703530646,0.9001938028546276,3.1416041371268197,3.387737096834381,6,1,1,1,1,0,0,0.942833867055817,1.1983405771248183,1.3163281634089286,25.000740990146557,0,540.0
112,0.0112,load_step,safe_neural_horizon_pwm_h2,94.2477796076938,7.0499282433981945,87.1978513642956,0.0,2.9285100597920684,1.129994187365254,3.1389581127792394,3.4487963703723894,6,1,1,1,1,0,0,0.9420429429123004,1.2055918218173856,1.294151115332694,25.000753926717778,0,540.0
113,0.011300000000000001,load_step,safe_neural_horizon_pwm_h2,94.2477796076938,7.2557760811302545,86.99200352656355,0.0,2.8542896298020892,1.3402189470684063,3.1532770441045765,3.516869688667046,6,1,1,1,1,0,0,0.941273509631913,1.221183341167297,1.2902620443428874,25.00076682431204,0,540.0
114,0.0114,load_step,safe_neural_horizon_pwm_h2,94.2477796076938,7.465681877492322,86.78209773020149,0.0,2.7866225374145666,1.532533610241191,3.180239681619248,3.590230579496779,6,1,1,1,1,0,0,0.9404897486147651,1.2429059997479084,1.3006069379761593,25.00077982526926,0,540.0
115,0.0115,load_step,safe_neural_horizon_pwm_h2,94.2477796076938,7.679961749772454,86.56781785792134,0.0,2.724971046378942,1.7084606805274078,3.216256379785623,3.667384764239873,6,1,1,1,1,0,0,0.939665133347403,1.2685778472385485,1.32181668086344,25.000793038237234,0,540.0
116,0.011600000000000001,load_step,safe_neural_horizon_pwm_h2,94.2477796076938,7.898842367481054,86.34893724021275,0.0,2.673007811780433,1.8621788696748267,3.257710991555671,3.744482705990528,6,1,1,1,1,0,0,0.938782416718356,1.2831442612093704,1.3511251082153488,25.000806544201396,0,540.0
117,0.0117,load_step,safe_neural_horizon_pwm_h2,94.2477796076938,8.122320011335503,86.1254595963583,0.0,2.2630594558715997,2.0027808837304835,3.0220141245609886,3.5373651419091106,2,1,1,1,1,0,0,0.9378325136249929,1.177950397854824,1.4338086681840636,25.000820876911117,1,540.0
118,0.0118,load_step,safe_neural_horizon_pwm_h2,94.2477796076938,8.333385758215012,85.91439384947878,0.0,2.250712846610942,2.1313772586000512,3.099754399364085,3.638945517392335,6,1,1,1,1,0,0,0.9368166333678305,1.2207391310328006,1.244415477320757,25.00083331559338,1,540.0
119,0.0119,load_step,safe_neural_horizon_pwm_h2,94.2477796076938,8.550514256467242,85.69726535122656,0.0,2.239754832846833,2.249029790908409,3.174056822373265,3.7363324583703936,6,1,1,1,1,0,0,0.9361448474590994,1.2157651161301881,1.257716071602797,25.000845887198658,0,540.0
120,0.012,load_step,safe_neural_horizon_pwm_h2,94.2477796076938,8.773454088724765,85.47432551896904,0.0,1.8673792967219107,2.356661159729746,3.006818461364831,3.5883123701196005,2,1,1,1,1,0,0,0.9355525780004729,1.176936591422285,1.3631667718304707,25.000859513227127,1,540.0
121,0.012100000000000001,load_step,safe_neural_horizon_pwm_h2,94.2477796076938,8.987518689929663,85.26026091776414,0.0,1.526757459497574,2.455114845047259,2.8911204130065062,3.471443513878526,2,1,1,1,1,0,0,0.9349089082485089,1.1138879765890257,1.1861710897424265,25.000871369207935,0,540.0
122,0.0122,load_step,safe_neural_horizon_pwm_h2,94.2477796076938,9.194572953806695,85.0532066538871,0.0,1.577910195978046,2.545210918229755,2.994645088294676,3.589382857943315,6,1,1,1,1,0,0,0.9345011781831064,1.1687321734847054,1.1403237842214728,25.00088276663665,1,540.0
123,0.0123,load_step,safe_neural_horizon_pwm_h2,94.2477796076938,9.408669262067232,84.83911034562657,0.0,1.6251179514843321,2.627697944801752,3.0896285934319003,3.6964928485204,6,1,1,1,1,0,0,0.9344077567866168,1.1316517888943962,1.1730293290821727,25.00089449104483,0,540.0
124,0.012400000000000001,load_step,safe_neural_horizon_pwm_h2,94.2477796076938,9.62915900270033,84.61862060499347,0.0,1.6687385817960043,2.703209183746518,3.1767952948633718,3.7935791564123615,6,1,1,1,1,0,0,0.9343100038657485,1.1834760779133124,1.246266051458168,25.00090694774207,0,540.0
125,0.0125,load_step,safe_neural_horizon_pwm_h2,94.2477796076938,9.855441828027645,84.39233777966615,0.0,1.3463915266204014,2.7723239931463985,3.081971847037284,3.7276027863389762,2,1,1,1,1,0,0,0.9340662273117598,1.1346361912170215,1.3633875664857473,25.000920575571417,1,540.0
126,0.0126,load_step,safe_neural_horizon_pwm_h2,94.2477796076938,10.077758983142932,84.17002062455087,0.0,1.0516373497798501,2.8355724365534645,3.024303582379543,3.684014622827135,2,1,1,1,1,0,0,0.9336324809018961,1.1175124509431245,1.243241252267221,25.000933001846768,0,540.0
127,0.012700000000000001,load_step,safe_neural_horizon_pwm_h2,94.2477796076938,10.297450570770991,83.95032903692281,0.0,0.7821408472842938,2.8934903879433507,2.9973373066959206,3.659478906593904,2,1,1,1,1,0,0,0.9332325115851149,1.1145164842419575,1.1979964112939323,25.00094497559087,0,540.0
128,0.0128,load_step,safe_neural_horizon_pwm_h2,94.2477796076938,10.515656965763863,83.73212264192993,0.0,0.5357655858354561,2.94656619899807,2.9948784830178905,3.6510520503946866,2,1,1,1,1,0,0,0.9329426305878602,1.1229904507182438,1.1760452274267243,25.000956729743304,0,540.0
129,0.0129,load_step,safe_neural_horizon_pwm_h2,94.2477796076938,10.733342299558178,83.51443730813563,0.0,0.310557118388735,2.995244799121655,3.0113015675032018,3.6561398840656922,2,1,1,1,1,0,0,0.9327646853300465,1.14032403808721,1.1728805298842861,25.000968452170405,0,540.0
130,0.013000000000000001,load_step,safe_neural_horizon_pwm_h2,94.2477796076938,10.951315384203923,83.29646422348988,0.0,0.10472760714998804,3.0399314890957188,3.041734921076305,3.6724593123920544,2,1,1,1,1,0,0,0.9326677535037854,1.1641751959293276,1.1845001269999447,25.000980290715326,0,540.0
131,0.0131,load_step,safe_neural_horizon_pwm_h2,94.2477796076938,11.170248340242122,83.07753126745168,0.0,-0.0833582647372257,3.0809954386973155,3.0821228874873996,3.698003926285984,2,1,1,1,1,0,0,0.9326109227201469,1.192250346631137,1.207478747550972,25.00099235896753,0,540.0
132,0.0132,load_step,safe_neural_horizon_pwm_h2,94.2477796076938,11.390693165189418,82.85708644250438,0.0,-0.24686733878186432,3.118772901702133,3.1285280716894297,3.731324775843256,2,1,1,1,1,0,0,0.9325549117374237,1.222827241160806,1.238953718408977,25.001004741888988,0,540.0
133,0.013300000000000001,load_step,safe_neural_horizon_pwm_h2,94.2477796076938,11.613115103309939,82.63466450438386,0.0,-0.3961979472064335,3.1535701636625673,3.1783608339068965,3.770078985699841,2,1,1,1,1,0,0,0.9324672848003706,1.254760582430492,1.2761021069630556,25.001017496211777,0,540.0
134,0.0134,load_step,safe_neural_horizon_pwm_h2,94.2477796076938,11.837839156277175,82.40994045141663,0.0,-0.7138953158957881,2.871550274553361,2.958960544067026,3.455659810281788,3,1,1,1,1,0,0,0.9323237493576847,1.1439858613207938,1.3637409024376816,25.001031126837493,1,540.0
135,0.0135,load_step,safe_neural_horizon_pwm_h2,94.2477796076938,12.043729867487418,82.20404974020639,0.0,-0.8230642520959603,2.9276543760372453,3.0411502607744185,3.530937588290273,2,1,1,1,1,0,0,0.932109250936364,1.1886191178882046,1.1918418080872755,25.001043038381393,1,540.0
136,0.013600000000000001,load_step,safe_neural_horizon_pwm_h2,94.2477796076938,12.254109677142656,81.99366993055115,0.0,-0.922684256828477,2.9793201384054555,3.118925251574238,3.604095225532781,2,1,1,1,1,0,0,0.9323204564761569,1.2319946870248657,1.2087030870677924,25.001055118458673,0,540.0
137,0.0137,load_step,safe_neural_horizon_pwm_h2,94.2477796076938,12.46885136280551,81.77892824488829,0.0,-1.0135492624803533,3.0269445343900143,3.1921270842101586,3.674810970307118,2,1,1,1,1,0,0,0.9326188793128813,1.2150344589705122,1.2692072452090677,25.001067803497,0,540.0
138,0.013800000000000002,load_step,safe_neural_horizon_pwm_h2,94.2477796076938,12.68780845693023,81.55997115076357,0.0,-1.0963851637967865,3.070890295620478,3.2607403507684776,3.7428169845125048,2,1,1,1,1,0,0,0.932833073649063,1.2506525787314375,1.3285433939753202,25.001081081812252,0,540.0
139,0.013900000000000001,load_step,safe_neural_horizon_pwm_h2,94.2477796076938,12.910818474742543,81.33696113295126,0.0,-0.809147110826315,3.1114889109067487,3.2149778054683735,3.678530915477135,6,1,1,1,1,0,0,0.9328885371227724,1.2404778262022735,1.434091165624211,25.001095415516698,1,540.0
140,0.014,load_step,safe_neural_horizon_pwm_h2,94.2477796076938,13.12996422803674,81.11781537965706,0.0,-0.9084104004677666,3.149043358006859,3.2774507664166554,3.7526044463591877,2,1,1,1,1,0,0,0.9327651871121473,1.2717222931188075,1.3992300741529222,25.001109400514668,1,540.0
141,0.014100000000000001,load_step,safe_neural_horizon_pwm_h2,94.2477796076938,13.353525994504725,80.89425361318908,0.0,-1.1802132480556857,2.869664443529251,3.102882100457927,3.5790591609588,3,1,1,1,1,0,0,0.9326579339560201,1.2336519283338447,1.4518943904883854,25.00112391206257,1,540.0
142,0.0142,load_step,safe_neural_horizon_pwm_h2,94.2477796076938,13.566684954286004,80.6810946534078,0.0,-1.4286563782584591,2.614185210318429,2.97909774277149,3.4398746348385787,3,1,1,1,1,0,0,0.9324618466887542,1.165709936781886,1.2641560956341982,25.00113654613078,0,540.0
143,0.0143,load_step,safe_neural_horizon_pwm_h2,94.2477796076938,13.771498189163474,80.47628141853033,0.0,-1.474416180990466,2.6947345251012393,3.0717254492449535,3.5406622539921857,2,1,1,1,1,0,0,0.9324820427751828,1.2137211600863567,1.2107793331627779,25.001148646347136,1,540.0
144,0.014400000000000001,load_step,safe_neural_horizon_pwm_h2,94.2477796076938,13.982327214156436,80.26545239353736,0.0,-1.5159782450529753,2.7689193722542584,3.156755380057,3.631899934339615,2,1,1,1,1,0,0,0.9328039255855136,1.2594710278570371,1.235439479682522,25.00116099308429,0,540.0
145,0.0145,load_step,safe_neural_horizon_pwm_h2,94.2477796076938,14.198600061291991,80.0491795464018,0.0,-1.5536736766958452,2.8372964347666487,3.2348343006090934,3.714241348695882,2,1,1,1,1,0,0,0.9331073734680192,1.2206173988228708,1.302142705870139,25.001174006771397,0,540.0
146,0.0146,load_step,safe_neural_horizon_pwm_h2,94.2477796076938,14.419783924885799,79.827995682808,0.0,-1.5878055158328306,2.9003752351572305,3.306554530145015,3.7882776122409574,2,1,1,1,1,0,0,0.9332488861920153,1.263591146533985,1.3661046348945323,25.001187659991032,0,540.0
147,0.014700000000000001,load_step,safe_neural_horizon_pwm_h2,94.2477796076938,14.6453814148391,79.60239819285471,0.0,-1.8000054010602102,2.6445073423025383,3.198974605610048,3.7203895347983567,3,1,1,1,1,0,0,0.9331830671148678,1.2036089085855788,1.4757146834824224,25.001202409220134,1,540.0
148,0.0148,load_step,safe_neural_horizon_pwm_h2,94.2477796076938,14.86689888317321,79.3808807245206,0.0,-1.9938972491932818,2.4106927713305537,3.1284286595807043,3.675938372129835,3,1,1,1,1,0,0,0.932915966528756,1.1768387563560914,1.340451260780819,25.00121580571668,0,540.0
149,0.0149,load_step,safe_neural_horizon_pwm_h2,94.2477796076938,15.085739200208828,79.16204040748497,0.0,-2.1710802899373407,2.1970961199285854,3.0888219413814797,3.651418756724021,3,1,1,1,1,0,0,0.9326669480567003,1.1662508503077729,1.2831821940317676,25.00122862943325,0,540.0
150,0.015000000000000001,load_step,safe_neural_horizon_pwm_h2,94.2477796076938,15.303095353550152,78.94468425414365,0.0,-2.3330147134073753,2.002036168841016,3.0742651925822715,3.643731467819915,3,1,1,1,1,0,0,0.9325101289201453,1.1675183580349542,1.250352191850501,25.001241124764306,0,540.0
151,0.0151,load_step,safe_neural_horizon_pwm_h2,94.2477796076938,15.519974769623998,78.7278048380698,0.0,-2.481033577699206,1.8239730083121939,3.079351416893232,3.6501399247300688,3,1,1,1,1,0,0,0.9324465171979762,1.1781557679530215,1.2373697775553543,25.001253490187917,0,540.0
152,0.0152,load_step,safe_neural_horizon_pwm_h2,94.2477796076938,15.737221029740176,78.51055857795362,0.0,-2.6163537475429,1.6614962534886903,3.0993348855260434,3.668231064304117,3,1,1,1,1,0,0,0.9324452411790691,1.1958801207107548,1.2401267494996673,25.00126588309881,0,540.0
153,0.015300000000000001,load_step,safe_neural_horizon_pwm_h2,94.2477796076938,15.955533243237463,78.29224636445633,0.0,-2.740085931583879,1.5133142497326628,3.1302062122019736,3.6958801605696046,3,1,1,1,1,0,0,0.9324660455428622,1.2184461946110674,1.2550899782319005,25.00127842555937,0,540.0
154,0.0154,load_step,safe_neural_horizon_pwm_h2,94.2477796076938,16.175483313810513,78.07229629388328,0.0,-2.84907945244187,1.385457185886688,3.16808228116814,3.7309456604500517,3,1,1,1,1,0,0,0.9324707248001356,1.2440693991962408,1.2792962136050827,25.00129120999867,0,540.0
155,0.0155,load_step,safe_neural_horizon_pwm_h2,94.2477796076938,16.39751494228338,77.85026466541042,0.0,-2.948774744245351,1.269021442170757,3.210247328943423,3.7715999818351156,3,1,1,1,1,0,0,0.9324282043178205,1.251774226392516,1.3098788962066166,25.001304300179566,0,540.0
156,0.015600000000000001,load_step,safe_neural_horizon_pwm_h2,94.2477796076938,16.62196242571282,77.62581718198098,0.0,-2.858630557612172,0.8489517728180789,2.9820274608871458,3.478969528202322,1,1,1,1,1,0,0,0.932316556149433,1.1558157429027895,1.3920135101697848,25.00131821161933,1,540.0
157,0.015700000000000002,load_step,safe_neural_horizon_pwm_h2,94.2477796076938,16.82888051115263,77.41889909654117,0.0,-2.957373178748832,0.7790751621302746,3.058269809325411,3.554780277315279,3,1,1,1,1,0,0,0.9321226811904394,1.1969876644384636,1.2112567611109575,25.001330315398864,1,540.0
158,0.0158,load_step,safe_neural_horizon_pwm_h2,94.2477796076938,17.040319511182894,77.20746009651091,0.0,-3.0478215097109334,0.7157363002590326,3.1307338447343493,3.6285495016152893,3,1,1,1,1,0,0,0.932317327039702,1.237307881203351,1.2233755821037362,25.001342540285915,0,540.0
159,0.0159,load_step,safe_neural_horizon_pwm_h2,94.2477796076938,17.25615690560854,76.99162270208527,0.0,-3.130693920191639,0.6584100545640209,3.1991793044272914,3.6998758109551764,3,1,1,1,1,0,0,0.9325817622936793,1.2188930543036383,1.2798008867250787,25.001355329344513,0,540.0
160,0.016,load_step,safe_neural_horizon_pwm_h2,94.2477796076938,17.476246162888135,76.77153344480567,0.0,-3.2066466552297084,0.6066157008603265,3.263520396753503,3.7684197248851383,3,1,1,1,1,0,0,0.9327555679365817,1.2519932466631285,1.3353281061355344,25.001368673590044,0,540.0
161,0.0161,load_step,safe_neural_horizon_pwm_h2,94.2477796076938,17.700420446897652,76.54735916079615,0.0,-3.094924982378521,0.24579841176004152,3.104670273277735,3.577385168082192,1,1,1,1,1,0,0,0.9327701828208097,1.2310263542170283,1.4373697787099626,25.00138303816334,1,540.0
162,0.0162,load_step,safe_neural_horizon_pwm_h2,94.2477796076938,17.91314525060547,76.33463435708833,0.0,-3.174060912619065,0.23024337685634955,3.182400774510085,3.660779106949363,3,1,1,1,1,0,0,0.9326085686794185,1.2727706399307168,1.3089631704842088,25.00139611857479,1,540.0
163,0.016300000000000002,load_step,safe_neural_horizon_pwm_h2,94.2477796076938,18.13084433056489,76.1169352771289,0.0,-3.2466975502081064,0.21670810749956237,3.2539218469999187,3.737198720039908,3,1,1,1,1,0,0,0.9326425692342789,1.2333845917165607,1.324068271114125,25.00140934995004,0,540.0
164,0.0164,load_step,safe_neural_horizon_pwm_h2,94.2477796076938,18.353099933603396,75.89467967409041,0.0,-3.3133919559305833,0.20505286714173804,3.319730852335554,3.80693679081475,3,1,1,1,1,0,0,0.932653628342003,1.2727066296721814,1.3827441617837917,25.00142316799599,0,540.0
165,0.0165,load_step,safe_neural_horizon_pwm_h2,94.2477796076938,18.57951185995496,75.66826774773884,0.0,-3.1932994635764764,-0.11896520274556575,3.1955146977509123,3.689231366899759,1,1,1,1,1,0,0,0.9325452474964071,1.2027710757211652,1.4876278311848514,25.001438034786517,1,540.0
166,0.0166,load_step,safe_neural_horizon_pwm_h2,94.2477796076938,18.79886243682822,75.44891717086558,0.0,-3.0835162751509317,-0.4148903292391985,3.111303039630966,3.600283365617659,1,1,1,1,1,0,0,0.9322887241970637,1.2354492842650033,1.3379898723384949,25.001451405098344,0,540.0
167,0.0167,load_step,safe_neural_horizon_pwm_h2,94.2477796076938,19.012873163648703,75.2349064440451,0.0,-2.9832413867719483,-0.6851348350295191,3.060904917490895,3.5360826646492787,1,1,1,1,1,0,0,0.9321456912255474,1.203108227368965,1.2696031370415144,25.00146409145368,0,540.0
168,0.016800000000000002,load_step,safe_neural_horizon_pwm_h2,94.2477796076938,19.223025426138513,75.0247541815553,0.0,-3.073091243248715,-0.6177894184173479,3.134573903234757,3.6131829174057466,3,1,1,1,1,0,0,0.9321959149747885,1.2434094790904675,1.2734258853621432,25.001476815951925,1,540.0
169,0.016900000000000002,load_step,safe_neural_horizon_pwm_h2,94.2477796076938,19.43777552368515,74.81000408400865,0.0,-3.1557561774492497,-0.555443379687315,3.204265032663117,3.6775281578912207,3,1,1,1,1,0,0,0.9324283264154243,1.216586894733088,1.285489736040158,25.001489661003845,0,540.0
170,0.017,load_step,safe_neural_horizon_pwm_h2,94.2477796076938,19.656359793099874,74.59141981459393,0.0,-3.050484030110441,-0.8117478282670836,3.1566417843422085,3.652350483410145,1,1,1,1,1,0,0,0.9326247955759321,1.2029557557556716,1.3891148823271742,25.001503542221595,1,540.0
171,0.0171,load_step,safe_neural_horizon_pwm_h2,94.2477796076938,19.873420537658294,74.37435907003551,0.0,-2.9544570127220013,-1.0457062941256976,3.1340577361619095,3.6444983953111922,1,1,1,1,1,0,0,0.9326979542943233,1.20027546270782,1.3043480831708285,25.001516575678814,0,540.0
172,0.0172,load_step,safe_neural_horizon_pwm_h2,94.2477796076938,20.0899947054161,74.1577849022777,0.0,-2.8669530634979346,-1.2592397153944532,3.131310353370757,3.6511331384437287,1,1,1,1,1,0,0,0.9327394418792714,1.206649560962184,1.2858710356486258,25.001529424278665,0,540.0
173,0.0173,load_step,safe_neural_horizon_pwm_h2,94.2477796076938,20.306949282523412,73.9408303251704,0.0,-2.787307629607029,-1.4541034277187952,3.143803524485763,3.6697470968556924,1,1,1,1,1,0,0,0.9327730758540018,1.2201216228099911,1.2829122978156706,25.00154224320548,0,540.0
174,0.017400000000000002,load_step,safe_neural_horizon_pwm_h2,94.2477796076938,20.52500112295082,73.72277848474297,0.0,-2.714909158017432,-1.6319013059126761,3.1676227061514792,3.6981283413302988,1,1,1,1,1,0,0,0.932790959024986,1.238621170338521,1.292247666485676,25.001555155400524,0,540.0
175,0.0175,load_step,safe_neural_horizon_pwm_h2,94.2477796076938,20.74473465507748,73.50304495261632,0.0,-2.6533593860606706,-1.7868857199412327,3.198949297460989,3.733615256411377,1,1,1,1,1,0,0,0.9327736114501027,1.2604432125254106,1.3110557487905259,25.00156825559031,0,540.0
176,0.0176,load_step,safe_neural_horizon_pwm_h2,94.2477796076938,20.966574980878352,73.28120462681545,0.0,-2.778979723180432,-1.6141011992618604,3.2137285173621257,3.7214117227503403,3,1,1,1,1,0,0,0.9327005048672531,1.2661679789846532,1.3837290687683537,25.001582082425962,1,540.0
177,0.0177,load_step,safe_neural_horizon_pwm_h2,94.2477796076938,21.187667955097872,73.06011165259594,0.0,-2.89469228425714,-1.4552909230595081,3.239925167542796,3.6958961876262646,3,1,1,1,1,0,0,0.9325560662049767,1.2864445167367449,1.3506780469515758,25.001595578659217,0,540.0
178,0.0178,load_step,safe_neural_horizon_pwm_h2,94.2477796076938,21.407216992808696,72.8405626148851,0.0,-2.9971496265195827,-1.3164295794124707,3.2735138187120225,3.661212348794349,3,1,1,1,1,0,0,0.9324080582330817,1.3098331906272762,1.3731464223477035,25.001609299486248,0,540.0
179,0.0179,load_step,safe_neural_horizon_pwm_h2,94.2477796076938,21.624673545402143,72.62310606229165,0.0,-2.9102627772787466,-1.502681081579682,3.275313704937542,3.7379136730431077,1,1,1,1,1,0,0,0.9323078743458265,1.3074507403620812,1.4500099972003724,25.001623788857557,1,540.0
180,0.018000000000000002,load_step,safe_neural_horizon_pwm_h2,94.2477796076938,21.846703498408328,72.40107610928547,0.0,-2.4686136041000477,-1.672493648312431,2.981826307817619,3.526825719768958,5,1,1,1,1,0,0,0.9322888124496898,1.1493416036618735,1.4528291823533006,25.00163830632412,1,540.0
181,0.0181,load_step,safe_neural_horizon_pwm_h2,94.2477796076938,22.056084062015362,72.19169554567844,0.0,-2.4317128530916476,-1.820066987917795,3.037411931299289,3.6306780539768555,1,1,1,1,1,0,0,0.9322021147323707,1.1790354325037613,1.217405937090649,25.00165046946145,1,540.0
182,0.0182,load_step,safe_neural_horizon_pwm_h2,94.2477796076938,22.271663469385636,71.97611613830816,0.0,-2.0359011464080408,-1.9546187773774444,2.8223089913795887,3.46665227290939,5,1,1,1,1,0,0,0.9323884003095517,1.06705029665274,1.2567537490392673,25.00166302599581,1,540.0
183,0.0183,load_step,safe_neural_horizon_pwm_h2,94.2477796076938,22.477410367818084,71.77036923987572,0.0,-2.036870610902282,-2.0772588152741287,2.9092689925806985,3.5869164726774008,1,1,1,1,1,0,0,0.9325483250320558,1.1119465563080402,1.092273433825522,25.001673937643307,1,540.0
184,0.0184,load_step,safe_neural_horizon_pwm_h2,94.2477796076938,22.690338539558844,71.55744106813495,0.0,-1.6757925677736925,-2.18910974094318,2.756897203034212,3.464981694043506,5,1,1,1,1,0,0,0.9329155714112524,1.0309541048447457,1.15324840720929,25.001685458967795,1,540.0
185,0.018500000000000003,load_step,safe_neural_horizon_pwm_h2,94.2477796076938,22.895953296631973,71.35182631106183,0.0,-1.708622032348729,-2.29108201019019,2.8580493394699507,3.5905955841858868,1,1,1,1,1,0,0,0.9331864061126958,1.083817915440434,1.04022517844688,25.001695849983186,1,540.0
186,0.018600000000000002,load_step,safe_neural_horizon_pwm_h2,94.2477796076938,23.10906948360751,71.13871012408629,0.0,-1.739478204309797,-2.3841179314877623,2.9512374920548705,3.705655595162544,1,1,1,1,1,0,0,0.9335612743565264,1.0480379596544225,1.0693239143431548,25.001706531916664,0,540.0
187,0.0187,load_step,safe_neural_horizon_pwm_h2,94.2477796076938,23.329054938642518,70.91872466905129,0.0,-1.405860302363631,-2.4689622898224077,2.841164898123139,3.626847378634942,5,1,1,1,1,0,0,0.9337806125074735,0.9851356848237786,1.1812286912682204,25.001718332826698,1,540.0
188,0.0188,load_step,safe_neural_horizon_pwm_h2,94.2477796076938,23.544307299311416,70.70347230838239,0.0,-1.1012175757045983,-2.546296801262089,2.774221971861347,3.572502755875056,5,1,1,1,1,0,0,0.9337435056489911,1.036777461383256,1.0577281602578896,25.001728898652747,0,540.0
189,0.0189,load_step,safe_neural_horizon_pwm_h2,94.2477796076938,23.756290926606674,70.49148868108713,0.0,-0.8231128678405198,-2.6168564734773314,2.743255838594873,3.53911342403657,5,1,1,1,1,0,0,0.933694869896132,1.014833134678922,1.008779393486075,25.00173897492069,0,540.0
190,0.019,load_step,safe_neural_horizon_pwm_h2,94.2477796076938,23.966260118417907,70.2815194892759,0.0,-0.5693146655632672,-2.681306913009324,2.741081164463578,3.5235561668995063,5,1,1,1,1,0,0,0.9337220344342058,1.0073858473831223,0.9853098552375203,25.001748816426076,0,540.0
191,0.019100000000000002,load_step,safe_neural_horizon_pwm_h2,94.2477796076938,24.175282170764472,70.07249743692932,0.0,-0.3377798942132048,-2.7402506801989666,2.7609905916655317,3.5230540135627315,5,1,1,1,1,0,0,0.9338321934024826,1.0116042400676875,0.9822236270501759,25.00175862700357,0,540.0
192,0.019200000000000002,load_step,safe_neural_horizon_pwm_h2,94.2477796076938,24.38425811284015,69.86352149485364,0.0,-0.48934666759895784,-2.794233121617953,2.8367585196905662,3.6228989723970546,1,1,1,1,1,0,0,0.9339967894487582,1.0571064091725648,1.0357868362432279,25.001768973147755,1,540.0
193,0.0193,load_step,safe_neural_horizon_pwm_h2,94.2477796076938,24.599193112716396,69.64858649497741,0.0,-0.26633425949269923,-2.843747709112333,2.8561923903793955,3.6376558648776403,5,1,1,1,1,0,0,0.9341758773526976,1.0436519497292147,1.0919717151552484,25.00177988107175,1,540.0
194,0.0194,load_step,safe_neural_horizon_pwm_h2,94.2477796076938,24.81499470913548,69.43278489855832,0.0,-0.06304770515232662,-2.8891298907634804,2.8898177345341307,3.663240593226977,5,1,1,1,1,0,0,0.934208696040117,1.0698288616802063,1.0646437256875492,25.001790515643133,0,540.0
195,0.0195,load_step,safe_neural_horizon_pwm_h2,94.2477796076938,25.03231081565651,69.21546879203729,0.0,0.12216990685432437,-2.930800929638322,2.9333461397028557,3.6976111641436535,5,1,1,1,1,0,0,0.9341454423133401,1.0998467787955672,1.0893899113751082,25.001801397605476,0,540.0
196,0.0196,load_step,safe_neural_horizon_pwm_h2,94.2477796076938,25.251667095175225,68.99611251251858,0.0,0.28250607451002135,-2.9691414356638144,2.9825510133291666,3.739064030202256,5,1,1,1,1,0,0,0.9340035664042549,1.1321333184246454,1.1219123556140698,25.001812604719714,0,540.0
197,0.019700000000000002,load_step,safe_neural_horizon_pwm_h2,94.2477796076938,25.47348722324456,68.77429238444924,0.0,0.4283788397047142,-3.0044952713272153,3.03488060156151,3.785399183737216,5,1,1,1,1,0,0,0.9337857210666544,1.1655622559344878,1.1595230126853893,25.001824187865807,0,540.0
198,0.0198,load_step,safe_neural_horizon_pwm_h2,94.2477796076938,25.698063185783674,68.54971642191012,0.0,0.7423521928505236,-2.723055765757745,2.8224314839613878,3.4642158595342933,4,1,1,1,1,0,0,0.933489486796602,1.0587299276692748,1.2451413470443258,25.001836627118024,1,540.0
199,0.0199,load_step,safe_neural_horizon_pwm_h2,94.2477796076938,25.903401024766666,68.34437858292713,0.0,0.8475487626915555,-2.7797894044797644,2.9061259501951993,3.547742806999664,5,1,1,1,1,0,0,0.9331131690412493,1.1043280831919386,1.086197427455765,25.001847476848116,1,540.0
200,0.02,load_step,safe_neural_horizon_pwm_h2,94.2477796076938,26.113721667307622,68.13405794038619,0.0,0.9430174567307089,-2.8321864525832297,2.985056452714895,3.6283881231985258,5,1,1,1,1,0,0,0.9331811551841525,1.1484279788972283,1.1035367680963497,25.001858499899285,0,540.0
201,0.0201,load_step,safe_neural_horizon_pwm_h2,94.2477796076938,26.328852282460726,67.91892732523307,0.0,1.0295595367403867,-2.8806552806271792,3.0591122381335296,3.7057793868908036,5,1,1,1,1,0,0,0.9333455630229792,1.1285047866636084,1.1623330104184109,25.00187011083939,0,540.0
202,0.020200000000000003,load_step,safe_neural_horizon_pwm_h2,94.2477796076938,26.548597765412186,67.69918184228162,0.0,0.7451999174966856,-2.9255675682098636,3.0189846825047724,3.6597974560983895,1,1,1,1,1,0,0,0.9334306434327674,1.121836344663785,1.2649522596877723,25.001882747894584,1,540.0
203,0.020300000000000002,load_step,safe_neural_horizon_pwm_h2,94.2477796076938,26.76557462604441,67.48220498164939,0.0,0.8465784612858096,-2.967261649961266,3.0856663446399875,3.739867139614441,5,1,1,1,1,0,0,0.9333605166343016,1.1549650237480071,1.2364879222162413,25.001895100222153,1,540.0
204,0.0204,load_step,safe_neural_horizon_pwm_h2,94.2477796076938,26.98732649976646,67.26045310792733,0.0,1.119792841551952,-2.691820279004491,2.915447207968412,3.542607904552918,4,1,1,1,1,0,0,0.9332879905685869,1.1184422677476622,1.2892588112759553,25.001907980176266,1,540.0
205,0.0205,load_step,safe_neural_horizon_pwm_h2,94.2477796076938,27.197256570157645,67.05052303753615,0.0,1.1876443683921725,-2.7542288208906047,2.9993791930328,3.6394008814738315,5,1,1,1,1,0,0,0.9331062432814178,1.1628969329449863,1.1589849610768737,25.00191955730601,1,540.0
206,0.0206,load_step,safe_neural_horizon_pwm_h2,94.2477796076938,27.412962982481694,66.83481662521211,0.0,1.2488959928407557,-2.8119926161471978,3.076856134790845,3.7287183766603205,5,1,1,1,1,0,0,0.9331629658463424,1.1297522494831185,1.177122324836829,25.00193131573221,0,540.0
207,0.0207,load_step,safe_neural_horizon_pwm_h2,94.2477796076938,27.63399793080538,66.61378167688842,0.0,1.3040784254255093,-2.865538339293939,3.148321856739514,3.810730892868797,5,1,1,1,1,0,0,0.9331965779132501,1.1678034028679163,1.236668982485512,25.0019436695466,0,540.0
208,0.020800000000000003,load_step,safe_neural_horizon_pwm_h2,94.2477796076938,27.859923847154278,66.38785576053952,0.0,1.535032140804828,-2.6011405775949914,3.020307265447517,3.6842088051041837,4,1,1,1,1,0,0,0.9330901536473931,1.0956156222411353,1.3403003428384943,25.00195705959223,1,540.0
209,0.020900000000000002,load_step,safe_neural_horizon_pwm_h2,94.2477796076938,28.07826082764173,66.16951878005207,0.0,1.7455726081251617,-2.3597278636230494,2.935189827012195,3.587719171542869,4,1,1,1,1,0,0,0.9328075798808133,1.1295249798579305,1.1955080459611749,25.001969001625625,0,540.0
210,0.021,load_step,safe_neural_horizon_pwm_h2,94.2477796076938,28.290806715115423,65.95697289257838,0.0,1.9375256731581487,-2.1394305877740374,2.886376443579406,3.517166663491985,4,1,1,1,1,0,0,0.932639190724346,1.098017924590884,1.1300782326669139,25.001980289281274,0,540.0
211,0.0211,load_step,safe_neural_horizon_pwm_h2,94.2477796076938,28.499114133770664,65.74866547392314,0.0,1.9312013349474635,-2.252646575173577,2.9671459668752584,3.6104320433744905,5,1,1,1,1,0,0,0.9326770252367984,1.1421401058215026,1.1346798392790005,25.00199162287774,1,540.0
212,0.0212,load_step,safe_neural_horizon_pwm_h2,94.2477796076938,28.712986913795195,65.53479269389861,0.0,1.9247462682318062,-2.3572259548791146,3.043215799023792,3.689495406115629,5,1,1,1,1,0,0,0.9329133133171245,1.116699529620911,1.1514381715520565,25.002003123981968,0,540.0
213,0.0213,load_step,safe_neural_horizon_pwm_h2,94.2477796076938,28.93157472322056,65.31620488447324,0.0,2.099477664593355,-2.1398018191527672,2.997758877791184,3.655759338207628,4,1,1,1,1,0,0,0.933098356925417,1.1051492616375103,1.2546791528074006,25.002015657419335,1,540.0
214,0.021400000000000002,load_step,safe_neural_horizon_pwm_h2,94.2477796076938,29.148126839708137,65.09965276798566,0.0,2.258734018378912,-1.9416324336254251,2.978559362021905,3.640488063638254,4,1,1,1,1,0,0,0.9331325335435213,1.1050487297106375,1.1759022079603145,25.002027403003698,0,540.0
215,0.021500000000000002,load_step,safe_neural_horizon_pwm_h2,94.2477796076938,29.363748425273876,64.88403118241993,0.0,2.403908398530916,-1.7611488152380488,2.9800034795184143,3.6407293415176616,4,1,1,1,1,0,0,0.9331365417141941,1.1142887112532154,1.1609408953860492,25.00203899889663,0,540.0
216,0.0216,load_step,safe_neural_horizon_pwm_h2,94.2477796076938,29.579367883355715,64.66841172433809,0.0,2.5362694971730564,-1.5969109099632772,2.997129863160789,3.653860346579438,4,1,1,1,1,0,0,0.9331467897430061,1.130732598042647,1.1613290645581746,25.00205059859395,0,540.0
217,0.0217,load_step,safe_neural_horizon_pwm_h2,94.2477796076938,29.79575658591632,64.45202302177748,0.0,2.6569726041271595,-1.4475971319726997,3.025729808753228,3.6775540806083624,4,1,1,1,1,0,0,0.9331589881111463,1.1521303131050558,1.173788102845451,25.00206232280432,0,540.0
218,0.0218,load_step,safe_neural_horizon_pwm_h2,94.2477796076938,30.01354658895833,64.23423301873547,0.0,2.762905219972909,-1.3192077586019504,3.061691422222222,3.7095418408038534,4,1,1,1,1,0,0,0.9331527089973831,1.1767097577376116,1.1954633497284872,25.002074263689,0,540.0
219,0.0219,load_step,safe_neural_horizon_pwm_h2,94.2477796076938,30.233234131854328,64.01454547583947,0.0,2.8595403106984443,-1.202809513389311,3.102212357980863,3.7476983332927047,4,1,1,1,1,0,0,0.9331044724885742,1.181929346221497,1.2234951538636656,25.002086484812114,0,540.0
220,0.022000000000000002,load_step,safe_neural_horizon_pwm_h2,94.2477796076938,30.45518822993413,63.79259137775967,0.0,2.7663629967035526,-1.4115468407298544,3.105676852653072,3.736712389431734,5,1,1,1,1,0,0,0.9329944587196122,1.193800202243199,1.3015183064567863,25.00209948608528,1,540.0
221,0.0221,load_step,safe_neural_horizon_pwm_h2,94.2477796076938,30.676467833037595,63.57131177465621,0.0,2.680767515922119,-1.6039564647363334,3.1239703608057368,3.7104840588547683,5,1,1,1,1,0,0,0.9328092035525722,1.211201384792586,1.2609733075465512,25.00211208182178,0,540.0
222,0.0222,load_step,safe_neural_horizon_pwm_h2,94.2477796076938,30.89616082881953,63.35161877887427,0.0,2.606194967146261,-1.7742062419135152,3.152786068800638,3.673319635802132,5,1,1,1,1,0,0,0.9326202799246869,1.2329121733666772,1.276491459755945,25.002124832655834,0,540.0
223,0.0223,load_step,safe_neural_horizon_pwm_h2,94.2477796076938,31.113612880540533,63.13416672715327,0.0,2.718828301921879,-1.6172674681346781,3.163476157460043,3.7468093270232625,4,1,1,1,1,0,0,0.9324835830369319,1.2351803293573775,1.34666777614614,25.002138285168044,1,540.0
224,0.0224,load_step,safe_neural_horizon_pwm_h2,94.2477796076938,31.335446136310885,62.912333471382915,0.0,2.6401208597475203,-1.1607077373421861,2.8840042658775666,3.5236487881185825,6,1,1,1,1,0,0,0.9324366785335256,1.090574563484438,1.356578251045148,25.00215183669532,1,540.0
225,0.022500000000000003,load_step,safe_neural_horizon_pwm_h2,94.2477796076938,31.54390754694885,62.70387206074495,0.0,2.7448007238784524,-1.0652481269672052,2.9442629953539843,3.624459888248108,4,1,1,1,1,0,0,0.9323328504890952,1.1225790127073083,1.1399176366618236,25.002163221526107,1,540.0
226,0.022600000000000002,load_step,safe_neural_horizon_pwm_h2,94.2477796076938,31.758385872601675,62.48939373509212,0.0,2.840406427277648,-0.9790842325265421,3.004415851126848,3.7219742539349294,4,1,1,1,1,0,0,0.9325250724947519,1.1224963056519843,1.1382445471865832,25.0021745895501,0,540.0
227,0.0227,load_step,safe_neural_horizon_pwm_h2,94.2477796076938,31.978683361470182,62.26909624622362,0.0,2.7463934069652263,-0.5873617938217144,2.808499710283682,3.559520113113911,6,1,1,1,1,0,0,0.9327059866433365,1.054333918114363,1.2265038450811057,25.002186840091287,1,540.0
228,0.0228,load_step,safe_neural_horizon_pwm_h2,94.2477796076938,32.18924203201708,62.05853757567672,0.0,2.66012966359433,-0.22997550047651044,2.6700521639012798,3.431548928191763,6,1,1,1,1,0,0,0.9327292801514145,0.9786266862086065,1.037749477145544,25.002197203007125,0,540.0
229,0.0229,load_step,safe_neural_horizon_pwm_h2,94.2477796076938,32.392126227734785,61.855653379959016,0.0,2.762469812238688,-0.21808525926356445,2.771064893472924,3.5561794838178136,4,1,1,1,1,0,0,0.9329033450582793,1.030806256465489,0.9782007353827454,25.00220697036646,1,540.0
230,0.023,load_step,safe_neural_horizon_pwm_h2,94.2477796076938,32.60245321655573,61.64532639113807,0.0,2.8563146690005743,-0.208416029818097,2.8639082963378906,3.669320895593834,4,1,1,1,1,0,0,0.9333197196006997,0.9956451786194501,1.0059340062011664,25.002217014993384,0,540.0
231,0.023100000000000002,load_step,safe_neural_horizon_pwm_h2,94.2477796076938,32.8195348712374,61.4282447364564,0.0,2.942396350481973,-0.20083188465940244,2.9492422296626435,3.7715172369189283,4,1,1,1,1,0,0,0.9336470458494905,1.0456811055566828,1.071744743454905,25.00222771766072,0,540.0
232,0.023200000000000002,load_step,safe_neural_horizon_pwm_h2,94.2477796076938,33.04271567689187,61.20506393080193,0.0,2.840030375164463,0.11890819277816922,2.8425185470224412,3.6959205622703477,6,1,1,1,1,0,0,0.9337447751025881,0.985556723493664,1.1787629902552492,25.00223949043917,1,540.0
233,0.0233,load_step,safe_neural_horizon_pwm_h2,94.2477796076938,33.26135533393163,60.98642427376217,0.0,2.746459535263552,0.41034825097458244,2.7769453840358445,3.645103484238017,6,1,1,1,1,0,0,0.9335774158909257,0.9612983119048392,1.0584058432953394,25.002250059567665,0,540.0
234,0.0234,load_step,safe_neural_horizon_pwm_h2,94.2477796076938,33.476937099450815,60.770842508242986,0.0,2.6610715654853276,0.6759339111630305,2.7455761743019775,3.615496175192873,6,1,1,1,1,0,0,0.9333999390118384,1.0104248592566123,1.0107736759251167,25.002260152304025,0,540.0
235,0.0235,load_step,safe_neural_horizon_pwm_h2,94.2477796076938,33.69073048410472,60.55704912358908,0.0,2.583296125173144,0.9178999750305478,2.7415249833798088,3.603906989857659,6,1,1,1,1,0,0,0.9333041878172303,1.0018371270560416,0.9872208828045677,25.002270009445173,0,540.0
236,0.0236,load_step,safe_neural_horizon_pwm_h2,94.2477796076938,33.90381390044655,60.34396570724725,0.0,2.5126020758236427,1.138288373330839,2.7584179546061263,3.6074861346110936,6,1,1,1,1,0,0,0.9332988103319698,1.0043249914273564,0.9829457036048125,25.002279823768813,0,540.0
237,0.023700000000000002,load_step,safe_neural_horizon_pwm_h2,94.2477796076938,34.11709513535283,60.130684472340974,0.0,2.448494963595441,1.3389646242185411,2.7906905689561747,3.6236924513980737,6,1,1,1,1,0,0,0.9333551601545139,1.0153856229046088,0.9937240743491284,25.00228974581073,0,540.0
238,0.0238,load_step,safe_neural_horizon_pwm_h2,94.2477796076938,34.331329833094834,59.916449774598966,0.0,2.3905146783085844,1.521632919845722,2.833712612451554,3.6502630706029517,6,1,1,1,1,0,0,0.9334325466327908,1.0382483348651759,1.0159677768505129,25.00229989022353,0,540.0
239,0.0239,load_step,safe_neural_horizon_pwm_h2,94.2477796076938,34.547138160898974,59.700641446794826,0.0,2.34239769784455,1.6806369447226033,2.8829442441424313,3.6857108968164103,6,1,1,1,1,0,0,0.9334912535675717,1.07050204147407,1.046698167226693,25.0023103418726,0,540.0
240,0.024,load_step,safe_neural_horizon_pwm_h2,94.2477796076938,34.76505124472502,59.48272836296878,0.0,2.299230968365771,1.8252191217927067,2.9356239351200863,3.727151348237512,6,1,1,1,1,0,0,0.9334984983477358,1.1040555693381335,1.0829348017160918,25.00232115581834,0,540.0
241,0.0241,load_step,safe_neural_horizon_pwm_h2,94.2477796076938,34.9854275450438,59.26235206265,0.0,2.2606718044897454,1.9566243617801147,2.989818706999868,3.7730839776517353,6,1,1,1,1,0,0,0.9334297818991436,1.1044792141785242,1.1226892143796912,25.00233236723611,0,540.0
242,0.024200000000000003,load_step,safe_neural_horizon_pwm_h2,94.2477796076938,35.208535702142406,59.039243905551395,0.0,2.4077560824932265,1.761874866100652,2.9835368937856828,3.7791546359606567,4,1,1,1,1,0,0,0.933270712778425,1.1131816519164883,1.2086041765159734,25.002344437728762,1,540.0
243,0.024300000000000002,load_step,safe_neural_horizon_pwm_h2,94.2477796076938,35.43199000952836,58.81578959816544,0.0,2.543558156748879,1.582582180674221,2.9957060028232627,3.7674755253349015,4,1,1,1,1,0,0,0.9330151957452492,1.129158096190843,1.1627675552837613,25.00235604977473,0,540.0
244,0.0244,load_step,safe_neural_horizon_pwm_h2,94.2477796076938,35.65472822485862,58.59305138283518,0.0,2.6689788605297657,1.4173563220298895,3.0219773496095006,3.7403123540099807,4,1,1,1,1,0,0,0.9327275834146699,1.150781652416307,1.1732225650987915,25.002367766293382,0,540.0
245,0.0245,load_step,safe_neural_horizon_pwm_h2,94.2477796076938,35.87582377626549,58.37195583142831,0.0,2.780684068173737,1.2721432232322987,3.05786727432881,3.70215698636379,4,1,1,1,1,0,0,0.9324659296508916,1.1765545196092013,1.1939484787578463,25.00237968999306,0,540.0
246,0.0246,load_step,safe_neural_horizon_pwm_h2,94.2477796076938,36.09461897384245,58.15316063385135,0.0,2.3398913725265933,1.4520822621885514,2.753839961106492,3.4606492443884203,2,1,1,1,1,0,0,0.9322773365802096,1.0082446463147017,1.3125939700402725,25.00239280006816,2,540.0
247,0.0247,load_step,safe_neural_horizon_pwm_h2,94.2477796076938,36.29894459115679,57.94883501653701,0.0,2.304041787658335,1.6083885656698609,2.809897211190005,3.57117832858822,6,1,1,1,1,0,0,0.9321936068197806,1.0388493886426144,1.0423473345602776,25.002403207589506,1,540.0
248,0.024800000000000003,load_step,safe_neural_horizon_pwm_h2,94.2477796076938,36.50986900350349,57.73791060419031,0.0,2.272208246407011,1.7504793311685483,2.868293604896178,3.6786320905464525,6,1,1,1,1,0,0,0.9325085957873415,1.071726301281844,1.0376482049423001,25.002413568050173,0,540.0
249,0.024900000000000002,load_step,safe_neural_horizon_pwm_h2,94.2477796076938,36.72720766455075,57.520571943143054,0.0,2.2441283240273058,1.879576518664735,2.9272717373379344,3.7823056715859655,6,1,1,1,1,0,0,0.9328389593909683,1.075676121912804,1.0780282618331334,25.002424332242338,0,540.0
250,0.025,load_step,safe_neural_horizon_pwm_h2,94.2477796076938,36.9507338606396,57.2970457470542,0.0,1.8568489681118605,1.9967962873572676,2.726734952939476,3.612848077227845,2,1,1,1,1,0,0,0.9329984458597551,1.0026894519727139,1.1641087506960943,25.00243595716763,1,540.0
251,0.0251,load_step,safe_neural_horizon_pwm_h2,94.2477796076938,37.164101876229395,57.083677731464405,0.0,1.5034025030647542,2.1031581794610683,2.585245329568427,3.4789262374852985,2,1,1,1,1,0,0,0.932914338922524,0.9260359149116597,0.9778494361383622,25.002445719422276,0,540.0
252,0.0252,load_step,safe_neural_horizon_pwm_h2,94.2477796076938,37.36943909063464,56.87834051705916,0.0,1.5436801900846462,2.199767126160302,2.687363752564085,3.611281533264924,6,1,1,1,1,0,0,0.9329570167032444,0.9790741240288415,0.9182596695890622,25.002454885714176,1,540.0
253,0.0253,load_step,safe_neural_horizon_pwm_h2,94.2477796076938,37.58268118840429,56.665098419289514,0.0,1.5818385983397198,2.287620763963208,2.781262682831843,3.7314250212175666,6,1,1,1,1,0,0,0.9332490488695967,0.9451506892696765,0.9459812101920317,25.00246432916037,0,540.0
254,0.025400000000000002,load_step,safe_neural_horizon_pwm_h2,94.2477796076938,37.80309675974775,56.44468284794605,0.0,1.2554076541174553,2.3674450332547745,2.679709753592615,3.640988621530818,2,1,1,1,1,0,0,0.9334546193032704,0.8869004890801637,1.0516790795057573,25.002474829522306,1,540.0
255,0.025500000000000002,load_step,safe_neural_horizon_pwm_h2,94.2477796076938,38.018083327618776,56.229696280075025,0.0,0.9578633864585117,2.4399051919235006,2.6211904953080047,3.576901161735785,2,1,1,1,1,0,0,0.9334318416085277,0.9397427245837736,0.9408868061630691,25.002484221891503,0,540.0
256,0.0256,load_step,safe_neural_horizon_pwm_h2,94.2477796076938,38.20827276106426,56.03950684662954,0.35,0.6867925203399446,2.5057858972934035,2.5982007099278146,3.5355022261634668,2,1,1,1,1,0,0,0.9334262226893052,0.9214696751938153,0.9002585323422468,25.002493207915347,0,540.0
257,0.0257,load_step,safe_neural_horizon_pwm_h2,94.2477796076938,38.39597010741995,55.85180950027385,0.35,0.43998941922391605,2.5658113091288417,2.6032630222631097,3.513529147637959,2,1,1,1,1,0,0,0.9340108815936659,0.9169584108233955,0.8833662536212876,25.002502024956495,0,540.0
258,0.0258,load_step,safe_neural_horizon_pwm_h2,94.2477796076938,38.58233807758662,55.66544153010718,0.35,0.21542481035865538,2.6206152025502747,2.6294546751666363,3.5080300987360964,2,1,1,1,1,0,0,0.9349013166997318,0.92353594353143,0.8853023619260608,25.00251086129995,0,540.0
259,0.025900000000000003,load_step,safe_neural_horizon_pwm_h2,94.2477796076938,38.768362644208935,55.479416963484866,0.35,0.37394764868630326,2.67076702993029,2.6968191211352455,3.6153727705886585,6,1,1,1,1,0,0,0.9359039680637496,0.9646691180628614,0.9405696875775116,25.00252025025775,1,540.0
260,0.026000000000000002,load_step,safe_neural_horizon_pwm_h2,94.2477796076938,38.960796724553255,55.286982883140546,0.35,0.15788554053622758,2.716778239538413,2.721362130760964,3.6250277624813863,2,1,1,1,1,0,0,0.9368901791969687,0.9597083507107512,0.9885535889329572,25.00253011899197,1,540.0
261,0.0261,load_step,safe_neural_horizon_pwm_h2,94.2477796076938,39.15379381248709,55.09398579520671,0.35,-0.03845046140977184,2.758933954438931,2.759201877887637,3.646561256287664,2,1,1,1,1,0,0,0.9376396521559691,0.9870425896911599,0.9660680734173559,25.002539762805245,0,540.0
262,0.0262,load_step,safe_neural_horizon_pwm_h2,94.2477796076938,39.34806472086917,54.89971488682463,0.35,-0.2083830445387551,2.7976747861622195,2.8054246919814227,3.6785665837587325,2,1,1,1,1,0,0,0.9381980823882211,1.0177471847335493,0.9926228429047698,25.00254967210192,0,540.0
263,0.0263,load_step,safe_neural_horizon_pwm_h2,94.2477796076938,39.544236027403706,54.703543580290095,0.35,-0.362455315734271,2.833395444611544,2.856484482970191,3.7176678235380867,2,1,1,1,1,0,0,0.9385868262016425,1.0504334537113174,1.0257084235012344,25.002559912188342,0,540.0
264,0.0264,load_step,safe_neural_horizon_pwm_h2,94.2477796076938,39.74273223328733,54.50504737440647,0.35,-0.5019926411718555,2.8664454250965785,2.91006975635427,3.7622032763300086,2,1,1,1,1,0,0,0.9388154341705075,1.0840105599731413,1.0630882343457424,25.002570526004604,0,540.0
265,0.026500000000000003,load_step,safe_neural_horizon_pwm_h2,94.2477796076938,39.943878364502346,54.303901243191454,0.35,-0.2655002258615796,2.8971378593764063,2.9092779424050663,3.779315728587306,6,1,1,1,1,0,0,0.9388915404682944,1.064815310707531,1.1461162585044158,25.00258197003035,1,540.0
266,0.026600000000000002,load_step,safe_neural_horizon_pwm_h2,94.2477796076938,40.14603311760789,54.10174649008591,0.35,-0.04734946137055347,2.9257532384041793,2.9261363576437485,3.777703368745359,6,1,1,1,1,0,0,0.9388235691649581,1.0830453872638433,1.105414105706378,25.00259300695827,0,540.0
267,0.0267,load_step,safe_neural_horizon_pwm_h2,94.2477796076938,40.34807584895743,53.89970375873637,0.35,-0.39000796798741055,2.6382556257327496,2.6669268759761997,3.4706376815063726,3,1,1,1,1,0,0,0.938669579860072,0.9564856983331038,1.205448399681725,25.002605044155555,2,540.0
268,0.0268,load_step,safe_neural_horizon_pwm_h2,94.2477796076938,40.53172704274311,53.716052564950694,0.35,-0.5207728699078888,2.6894138401220453,2.739370581989977,3.563963866603955,2,1,1,1,1,0,0,0.9384904185367456,0.995290584669372,0.9769292601151863,25.002614796081193,1,540.0
269,0.0269,load_step,safe_neural_horizon_pwm_h2,94.2477796076938,40.72094913109158,53.52683047660222,0.35,-0.6390153184997253,2.7367521876873764,2.8103652990472514,3.6550618517225217,2,1,1,1,1,0,0,0.9387487477383245,1.0345768402779545,0.9840968948038827,25.002624619618167,0,540.0
270,0.027,load_step,safe_neural_horizon_pwm_h2,94.2477796076938,40.915608341762734,53.332171265931066,0.35,-0.7457709507975827,2.7806709891062438,2.8789417258275005,3.7432297952668265,2,1,1,1,1,0,0,0.9390700994536584,1.0266927524644884,1.0328474626463813,25.00263493059533,0,540.0
271,0.027100000000000003,load_step,safe_neural_horizon_pwm_h2,94.2477796076938,41.11552891184225,53.13225069585155,0.35,-1.0233427068977734,2.5074168512226613,2.7082041211024377,3.523362833033606,3,1,1,1,1,0,0,0.9392674167821681,0.9854860769028019,1.124724276595389,25.002646160271894,1,540.0
272,0.027200000000000002,load_step,safe_neural_horizon_pwm_h2,94.2477796076938,41.30227642090869,52.94550318678511,0.35,-1.0946153091113724,2.572004013071564,2.795243695672564,3.631022216938278,2,1,1,1,1,0,0,0.9392624784173995,1.0318157054076813,1.002400565266736,25.002656166636477,1,540.0
273,0.0273,load_step,safe_neural_horizon_pwm_h2,94.2477796076938,41.495452341443126,52.752327266250674,0.35,-1.1584823297644014,2.631995292258652,2.8756704482343003,3.7303738660544266,2,1,1,1,1,0,0,0.9394707572614378,1.0018097199360276,1.0216853372946313,25.002666365782073,0,540.0
274,0.0274,load_step,safe_neural_horizon_pwm_h2,94.2477796076938,41.694559012127954,52.55322059556585,0.35,-1.2155369825970974,2.6878312372985484,2.949909645439857,3.821501140121326,2,1,1,1,1,0,0,0.9396153998604015,1.0410582592802984,1.0795207795371928,25.002677143214097,0,540.0
275,0.0275,load_step,safe_neural_horizon_pwm_h2,94.2477796076938,41.89910379845511,52.34867580923869,0.35,-1.4476779022714956,2.425797835340347,2.82493653852031,3.673248984551979,3,1,1,1,1,0,0,0.9395763719398053,0.9705915511971279,1.1787060948171206,25.002688912427423,1,540.0
276,0.027600000000000003,load_step,safe_neural_horizon_pwm_h2,94.2477796076938,42.0947608792279,52.1530187284659,0.35,-1.658774658541798,2.186832876742646,2.7447716478102464,3.5579915890013307,3,1,1,1,1,0,0,0.9393208694181276,1.0060421781983322,1.0453433114539392,25.002699347934456,0,540.0
277,0.027700000000000002,load_step,safe_neural_horizon_pwm_h2,94.2477796076938,42.283505473071756,51.964274134622045,0.35,-1.8507568665464484,1.9691065937469052,2.7023474529760914,3.471397039307132,3,1,1,1,1,0,0,0.939189807923387,0.9777304605804319,0.9876428492000467,25.002709206367296,0,540.0
278,0.027800000000000002,load_step,safe_neural_horizon_pwm_h2,94.2477796076938,42.46705340812988,51.78072619956392,0.35,-1.844025934935997,2.085048301861713,2.783497452812377,3.580102001686706,2,1,1,1,1,0,0,0.9392947397139005,1.02244818020382,0.9964007587571034,25.002719152313507,1,540.0
279,0.0279,load_step,safe_neural_horizon_pwm_h2,94.2477796076938,42.65709257199794,51.59068703569586,0.35,-1.8368088736090353,2.1925324287352375,2.860256157973361,3.6727374980722463,2,1,1,1,1,0,0,0.9396309240505086,1.0003123092756971,1.0126758901484758,25.002729260944726,0,540.0
280,0.028,load_step,safe_neural_horizon_pwm_h2,94.2477796076938,42.85266080611256,51.39511880158124,0.35,-1.829085726222207,2.2922931414114083,2.932603355387769,3.750543766164677,2,1,1,1,1,0,0,0.9399013503528327,1.0374389147194947,1.068075538778678,25.00273992350504,0,540.0
281,0.0281,load_step,safe_neural_horizon_pwm_h2,94.2477796076938,43.05287024651974,51.19490936117406,0.35,-2.0021964119555062,2.0708884977162643,2.8805155167124217,3.7081754593918497,3,1,1,1,1,0,0,0.9399869530351983,1.0235933832222939,1.165469925360695,25.002751559938137,1,540.0
282,0.028200000000000003,load_step,safe_neural_horizon_pwm_h2,94.2477796076938,43.25052881901411,50.99725078867969,0.35,-2.1595014633580503,1.8695082448529368,2.856310145593204,3.686028131135866,3,1,1,1,1,0,0,0.9398645206666375,1.0216311529091238,1.08542121421855,25.002762395806545,0,540.0
283,0.028300000000000002,load_step,safe_neural_horizon_pwm_h2,94.2477796076938,43.44684682219809,50.80093278549571,0.35,-2.3024686556069707,1.6865517915661035,2.8540880952919805,3.6809250155296667,3,1,1,1,1,0,0,0.9397088805334067,1.0294408695136714,1.0676528979870843,25.002773053919555,0,540.0
284,0.0284,load_step,safe_neural_horizon_pwm_h2,94.2477796076938,43.6428443515636,50.6049352561302,0.35,-2.432431633757742,1.520546501379183,2.868585943589948,3.6900238473466853,3,1,1,1,1,0,0,0.939580813606965,1.04481583264953,1.0653988483145653,25.002783689421012,0,540.0
285,0.0285,load_step,safe_neural_horizon_pwm_h2,94.2477796076938,43.839371331935084,50.40840827575872,0.35,-2.5506019699971225,1.370137668604696,2.8953147739551075,3.7107853224169394,3,1,1,1,1,0,0,0.9394839880815954,1.065376847115445,1.075365485698647,25.00279442451794,0,540.0
286,0.0286,load_step,safe_neural_horizon_pwm_h2,94.2477796076938,44.037125660921106,50.210653946772695,0.35,-2.653915753666952,1.2412922821851395,2.9298592726228367,3.7408147733823656,3,1,1,1,1,0,0,0.9393975135889242,1.0892887829487021,1.0946624774840097,25.002805352513217,0,540.0
287,0.0287,load_step,safe_neural_horizon_pwm_h2,94.2477796076938,44.23666187622862,50.011117731465184,0.35,-2.747887726167002,1.1250439170942832,2.969277819775392,3.777662463571457,3,1,1,1,1,0,0,0.9392936615599213,1.0922340336512442,1.120364829168253,25.002816537459157,0,540.0
288,0.028800000000000003,load_step,safe_neural_horizon_pwm_h2,94.2477796076938,44.43838787111387,49.80939173657993,0.35,-2.652037552007675,1.3345035655902069,2.9688723353879394,3.7680587076224743,2,1,1,1,1,0,0,0.9391470495692453,1.102513191143314,1.1941496125389215,25.002828460178367,1,540.0
289,0.028900000000000002,load_step,safe_neural_horizon_pwm_h2,94.2477796076938,44.6395236407178,49.608255966976,0.35,-2.5637889091650132,1.5281752451298032,2.9846830904779593,3.7413878921477917,2,1,1,1,1,0,0,0.938938945461074,1.118992915038873,1.1524282708994256,25.002839965604675,0,540.0
290,0.029,load_step,safe_neural_horizon_pwm_h2,94.2477796076938,44.83904787064745,49.40873173704635,0.35,-2.4865554556211777,1.700164782100655,3.012228132159782,3.7019563145806713,2,1,1,1,1,0,0,0.9387338137434271,1.1403873456473117,1.1653095600029102,25.002851599767173,0,540.0
291,0.0291,load_step,safe_neural_horizon_pwm_h2,94.2477796076938,45.036197030696876,49.211582576996925,0.35,-2.4151434209386164,1.8595034186336221,3.048060154854758,3.6496810557722066,2,1,1,1,1,0,0,0.9385862209033808,1.1655226857938497,1.1868288873889323,25.002863449045382,0,540.0
292,0.0292,load_step,safe_neural_horizon_pwm_h2,94.2477796076938,45.230202687116304,49.0175769205775,0.35,-2.3489734966813325,2.007252593808207,3.0897798406134216,3.5860232115654957,2,1,1,1,1,0,0,0.9385352901317929,1.1590163625649312,1.215002874441082,25.002875579984465,0,540.0
293,0.029300000000000003,load_step,safe_neural_horizon_pwm_h2,94.2477796076938,45.42038390289815,48.82739570479565,0.35,-2.28752258245819,2.144386332377966,3.1354668404793586,3.512237408256846,2,1,1,1,1,0,0,0.9386098300873686,1.1796797140021567,1.248327155885602,25.00288804408549,0,540.0
294,0.029400000000000003,load_step,safe_neural_horizon_pwm_h2,94.2477796076938,45.60613487510756,48.64164473258624,0.35,-2.411672813830708,1.957683497972365,3.1062341249821204,3.620870296368743,3,1,1,1,1,0,0,0.9388294308585707,1.1733626372399766,1.3317768895473945,25.002901342600758,1,540.0
295,0.029500000000000002,load_step,safe_neural_horizon_pwm_h2,94.2477796076938,45.79837259365789,48.44940701403591,0.35,-2.3430140326126976,1.4744222311167237,2.7683272336613736,3.440416287921728,1,1,1,1,1,0,0,0.9392060009386616,1.0025463699354173,1.3105301441563213,25.002914428559915,1,540.0
296,0.0296,load_step,safe_neural_horizon_pwm_h2,94.2477796076938,45.97979646712283,48.26798314057097,0.35,-2.460614108001655,1.347877771699572,2.805600876093851,3.576422165504056,3,1,1,1,1,0,0,0.9394750184734714,1.0227373322351025,1.055674659875076,25.00292496587699,1,540.0
297,0.0297,load_step,safe_neural_horizon_pwm_h2,94.2477796076938,46.16934552637096,48.07843408132284,0.35,-2.382189851988837,0.9269157894640151,2.556169276803924,3.437506780708707,1,1,1,1,1,0,0,0.9399292127426151,0.8929195940332664,1.078349681680414,25.002935729874032,1,540.0
298,0.0298,load_step,safe_neural_horizon_pwm_h2,94.2477796076938,46.350566781167714,47.897212826526086,0.35,-2.491212299586543,0.8574186392280854,2.6346357327924887,3.5808999031839077,3,1,1,1,1,0,0,0.9402458337498041,0.9329414232325538,0.9030267662513031,25.00294474057016,1,540.0
299,0.029900000000000003,load_step,safe_neural_horizon_pwm_h2,94.2477796076938,46.54035531900572,47.70742428868808,0.35,-2.4094296283160985,0.4814785280159879,2.4570658735060187,3.481440989683076,1,1,1,1,1,0,0,0.9406698390745087,0.8388798271611873,0.9519440868310344,25.002954240379424,1,540.0
300,0.030000000000000002,load_step,safe_neural_horizon_pwm_h2,94.2477796076938,46.72417726389497,47.52360234379883,0.35,-2.334324000751222,0.1390887664799866,2.338464074011853,3.411050260195486,1,1,1,1,1,0,0,0.9409094039215167,0.7721790377553467,0.7963753752820185,25.00296218443824,0,540.0
301,0.030100000000000002,load_step,safe_neural_horizon_pwm_h2,94.2477796076938,46.90377262832848,47.34400697936532,0.35,-2.4469090230830983,0.14146410864437026,2.450994871736787,3.564277382474862,3,1,1,1,1,0,0,0.9411825705179423,0.8306554992632722,0.755454967594416,25.002969719240017,1,540.0
302,0.0302,load_step,safe_neural_horizon_pwm_h2,94.2477796076938,47.09252390581779,47.15525570187601,0.35,-2.5502245882379255,0.14538015110305008,2.5543650558970703,3.7013386585060557,3,1,1,1,1,0,0,0.9415525246553522,0.7998588858383143,0.7871729248395739,25.002977571171137,0,540.0
303,0.0303,load_step,safe_neural_horizon_pwm_h2,94.2477796076938,47.28946296529601,46.95831664239779,0.35,-2.463715549966993,-0.1633343305997285,2.4691238151825483,3.661905179927455,1,1,1,1,1,0,0,0.9417229698555093,0.7548809881400425,0.8901543853892548,25.002986452864516,1,540.0
304,0.0304,load_step,safe_neural_horizon_pwm_h2,94.2477796076938,47.48402703975217,46.76375256794163,0.35,-2.3847436668829385,-0.4441616657040821,2.4257538914777212,3.644128081520485,1,1,1,1,1,0,0,0.9415866424291954,0.7474373351984172,0.798650141864359,25.002994419456247,0,540.0
305,0.030500000000000003,load_step,safe_neural_horizon_pwm_h2,94.2477796076938,47.67751231433683,46.57026729335697,0.35,-2.312860245552158,-0.6995244798585094,2.416331312832929,3.644794737135794,1,1,1,1,1,0,0,0.9413671233213865,0.7556869730647693,0.770656760474729,25.003002106061054,0,540.0
306,0.030600000000000002,load_step,safe_neural_horizon_pwm_h2,94.2477796076938,47.871022618471386,46.376756989222415,0.35,-2.247639357983053,-0.931636162849668,2.433069794207253,3.66101015639095,1,1,1,1,1,0,0,0.9411505188915914,0.7759905627081064,0.7635201495184505,25.003009721248507,0,540.0
307,0.0307,load_step,safe_neural_horizon_pwm_h2,94.2477796076938,48.06548844919639,46.182291158497414,0.35,-2.188677266441788,-1.1425186997640508,2.4689384674287926,3.6901698539702514,1,1,1,1,1,0,0,0.9409525090926104,0.8049682452523053,0.7727489094335803,25.00301742867279,0,540.0
308,0.0308,load_step,safe_neural_horizon_pwm_h2,94.2477796076938,48.26168436945079,45.98609523824301,0.35,-2.1355918179577844,-1.334019019376253,2.5180069811233277,3.7299344951515674,1,1,1,1,1,0,0,0.9407569037286675,0.8393553933972208,0.794468023545524,25.003025353236836,0,540.0
309,0.0309,load_step,safe_neural_horizon_pwm_h2,94.2477796076938,48.46024488770344,45.78753471999036,0.35,-2.092186237100633,-1.5006109726511772,2.5746993109787435,3.7790668686215776,1,1,1,1,1,0,0,0.9405368870849218,0.8767395093777687,0.8254337166898594,25.003033587404982,0,540.0
310,0.031,load_step,safe_neural_horizon_pwm_h2,94.2477796076938,48.66173042409847,45.58604918359533,0.35,-1.872250124680606,-1.337540851792976,2.300942428567396,3.37745405848441,0,1,1,1,1,0,0,0.9402659892412066,0.7324067244045023,0.9004192753813285,25.00304257137382,1,540.0
311,0.031100000000000003,load_step,safe_neural_horizon_pwm_h2,94.2477796076938,48.8391663953036,45.4086132123902,0.35,-1.8534721496180055,-1.5008489533037532,2.384933246454198,3.473569077786263,1,1,1,1,1,0,0,0.9399219559750274,0.7792806139447538,0.7311687906827384,25.003049862777917,1,540.0
312,0.031200000000000002,load_step,safe_neural_horizon_pwm_h2,94.2477796076938,49.022340633365815,45.225438974327986,0.35,-1.8374771827305114,-1.6490537559602167,2.4689472831759196,3.5697933803450423,1,1,1,1,1,0,0,0.9401430321508318,0.8269541669604762,0.7444576648872905,25.00305728702215,0,540.0
313,0.0313,load_step,safe_neural_horizon_pwm_h2,94.2477796076938,49.21125923734478,45.036520370349024,0.35,-1.8241385271723318,-1.7834567692025325,2.5511172873720995,3.665152551207715,1,1,1,1,1,0,0,0.9404885811777679,0.8300369545560813,0.7951745469323268,25.003065218385704,0,540.0
314,0.031400000000000004,load_step,safe_neural_horizon_pwm_h2,94.2477796076938,49.40586999302128,44.841909614672524,0.35,-1.9946869922313741,-1.5911325473869684,2.551564026304492,3.6922239970301387,3,1,1,1,1,0,0,0.9407305217899671,0.844489484600752,0.885116447492062,25.00307404911539,1,540.0
315,0.0315,load_step,safe_neural_horizon_pwm_h2,94.2477796076938,49.60208585792183,44.64569374977197,0.35,-2.152372866877895,-1.4137410667036776,2.5751451923642326,3.6981832872350684,3,1,1,1,1,0,0,0.9407657488884903,0.868538194041611,0.8501107356719264,25.003082529729088,0,540.0
316,0.0316,load_step,safe_neural_horizon_pwm_h2,94.2477796076938,49.798643274577024,44.449136333116776,0.35,-2.2982038466862567,-1.2499075586730453,2.6161058514806923,3.685432246659177,3,1,1,1,1,0,0,0.9406604147544038,0.8998612794603797,0.8663178068216573,25.003091172356957,0,540.0
317,0.0317,load_step,safe_neural_horizon_pwm_h2,94.2477796076938,49.99442251721108,44.25335709048272,0.35,-2.428946938105052,-1.1055944541266172,2.6687304706780415,3.659064490494252,3,1,1,1,1,0,0,0.9404874148333264,0.9362354867842163,0.8938338126002918,25.003100090087266,0,540.0
318,0.0318,load_step,safe_neural_horizon_pwm_h2,94.2477796076938,50.18860876797707,44.05917083971673,0.35,-2.005915283785348,-1.2859586181660507,2.3827265250882634,3.4048425377968017,5,1,1,1,1,0,0,0.9403136286617265,0.778633207501088,1.0085626455185874,25.003110155046453,2,540.0
319,0.031900000000000005,load_step,safe_neural_horizon_pwm_h2,94.2477796076938,50.36756646101287,43.88021314668093,0.35,-1.9866412180050312,-1.4422340724394833,2.4549506000695596,3.545578062434986,1,1,1,1,1,0,0,0.9401905012327589,0.8185308465589718,0.7851739786946363,25.003117986051873,1,540.0
320,0.032,load_step,safe_neural_horizon_pwm_h2,94.2477796076938,50.55493256993073,43.69284703776307,0.35,-1.9703380659550698,-1.5839507445201202,2.5280688390978217,3.6798358408350467,1,1,1,1,1,0,0,0.9404633130370504,0.8345083640129481,0.791492651275401,25.003125880191813,0,540.0
321,0.032100000000000004,load_step,safe_neural_horizon_pwm_h2,94.2477796076938,50.75031879497459,43.49746081271921,0.35,-1.594154219904141,-1.7123627003131847,2.339554165703808,3.482578818242917,5,1,1,1,1,0,0,0.940709423647779,0.7636866862813618,0.8738755486568545,25.003134598108097,1,540.0
322,0.0322,load_step,safe_neural_horizon_pwm_h2,94.2477796076938,50.93388537479886,43.31389423289494,0.35,-1.6139202850861352,-1.8286158856585883,2.4389700170144475,3.632841317107638,1,1,1,1,1,0,0,0.9407313453879701,0.8164737131609623,0.7549076876058612,25.003142126287653,1,540.0
323,0.0323,load_step,safe_neural_horizon_pwm_h2,94.2477796076938,51.12643014787934,43.12134945981446,0.35,-1.2709334215354993,-1.933994395732984,2.3142182448296706,3.4799330563684836,5,1,1,1,1,0,0,0.9409221379575661,0.7503821255787918,0.8146815630781046,25.003150252155773,1,540.0
324,0.0324,load_step,safe_neural_horizon_pwm_h2,94.2477796076938,51.309809497798526,42.937970109895275,0.35,-0.9585447052172025,-2.029417010010645,2.244402226077242,3.361088572609919,5,1,1,1,1,0,0,0.9409675388613995,0.7092440272579533,0.7028520634606624,25.003157259674726,0,540.0
325,0.0325,load_step,safe_neural_horizon_pwm_h2,94.2477796076938,51.48606263868456,42.76171696900924,0.35,-1.0369372300939392,-2.11596252621527,2.356382021553848,3.527516345285209,1,1,1,1,1,0,0,0.9411555070384998,0.7692852951712189,0.6935423019901933,25.00316417404935,1,540.0
326,0.032600000000000004,load_step,safe_neural_horizon_pwm_h2,94.2477796076938,51.67226192807699,42.57551767961681,0.35,-1.1105318741852381,-2.1946002212601203,2.4595835368485344,3.6760596069126166,1,1,1,1,1,0,0,0.9415682470862473,0.7408704760782655,0.7249793669082268,25.003171402748524,0,540.0
327,0.0327,load_step,safe_neural_horizon_pwm_h2,94.2477796076938,51.86733632255572,42.38044328513808,0.35,-1.179805501660287,-2.2659627160570563,2.5547070384505055,3.8078067648941065,1,1,1,1,1,0,0,0.9418227178501772,0.7966888306000767,0.7883575317984876,25.003179265181156,0,540.0
328,0.0328,load_step,safe_neural_horizon_pwm_h2,94.2477796076938,52.07027999555559,42.17749961213821,0.35,-0.8824832085305911,-2.330632468440299,2.4921124204751615,3.72714216303286,5,1,1,1,1,0,0,0.9417676665463857,0.7778197918980566,0.8875411065890833,25.00318811939712,1,540.0
329,0.0329,load_step,safe_neural_horizon_pwm_h2,94.2477796076938,52.26838079015755,41.97939881753625,0.35,-0.612219243587665,-2.3891457678671486,2.466339372904013,3.6722584673146397,5,1,1,1,1,0,0,0.9413772931624431,0.7791684309747788,0.8114191158873546,25.00319621233415,0,540.0
330,0.033,load_step,safe_neural_horizon_pwm_h2,94.2477796076938,52.46318190892502,41.78459769876878,0.35,-0.36676288943172664,-2.4422341361830733,2.469619928855894,3.639555539638743,5,1,1,1,1,0,0,0.9409673992658462,0.7933453744680414,0.7949314764710319,25.00320414034083,0,540.0
331,0.033100000000000004,load_step,safe_neural_horizon_pwm_h2,94.2477796076938,52.65601098947946,41.59176861821434,0.35,-0.14404936009505856,-2.490550812938315,2.4947131237822715,3.625781425595904,5,1,1,1,1,0,0,0.940658932974136,0.8171497492674074,0.7962265103642314,25.003212081245,0,540.0
332,0.0332,load_step,safe_neural_horizon_pwm_h2,94.2477796076938,52.8480009577394,41.3997786499544,0.35,0.057815278814238064,-2.534678655319795,2.535337944377067,3.6280030752970918,5,1,1,1,1,0,0,0.9404717044358379,0.8473351740096869,0.8114083430728724,25.003220173914556,0,540.0
333,0.0333,load_step,safe_neural_horizon_pwm_h2,94.2477796076938,53.040109127376944,41.20767048031686,0.35,0.23223912324758428,-2.575137320040293,2.585588371615078,3.645634445397883,5,1,1,1,1,0,0,0.940378629559443,0.8813044397420179,0.8370842287188375,25.003228523289017,0,540.0
334,0.0334,load_step,safe_neural_horizon_pwm_h2,94.2477796076938,53.23325766738161,41.01452194031219,0.35,0.3898453398267259,-2.61238977831556,2.641317804209148,3.673476998834418,5,1,1,1,1,0,0,0.9403358937150963,0.9173267379067805,0.8699664120158618,25.00323720142965,0,540.0
335,0.0335,load_step,safe_neural_horizon_pwm_h2,94.2477796076938,53.42805757505651,40.81972203263729,0.35,0.5320342411047663,-2.646842798639835,2.699784664453719,3.7094962464750676,5,1,1,1,1,0,0,0.9402959320071184,0.9541156241119115,0.9075298451439384,25.003246255146756,0,540.0
336,0.033600000000000005,load_step,safe_neural_horizon_pwm_h2,94.2477796076938,53.62499804895669,40.62278155873711,0.35,0.6600895575764534,-2.678858603812841,2.7589856185278605,3.751868844871562,5,1,1,1,1,0,0,0.9402205441647581,0.9907408469822871,0.9480554123517354,25.00325571405918,0,540.0
337,0.0337,load_step,safe_neural_horizon_pwm_h2,94.2477796076938,53.82445913403237,40.423320473661434,0.35,0.7751879777205241,-2.70875956337548,2.8174979632611197,3.7989629059581,5,1,1,1,1,0,0,0.9400821766406967,1.0265509736144385,0.9901913035873355,25.003265594267454,0,540.0
338,0.033800000000000004,load_step,safe_neural_horizon_pwm_h2,94.2477796076938,54.02672318745594,40.22105642023786,0.35,1.0597621898315823,-2.4227176269891184,2.644363174588622,3.426015527515388,4,1,1,1,1,0,0,0.9398633823672877,0.939145726966114,1.0743814488983936,25.003276316311315,1,540.0
339,0.0339,load_step,safe_neural_horizon_pwm_h2,94.2477796076938,54.20665306766926,40.04112654002454,0.35,1.1368161796040208,-2.475675662288407,2.7242101627915245,3.5156280068879795,5,1,1,1,1,0,0,0.9395554516841985,0.9825030536112445,0.9538326976707585,25.003285832796184,1,540.0
340,0.034,load_step,safe_neural_horizon_pwm_h2,94.2477796076938,54.3919318856515,39.8558477220423,0.35,1.2053975484105082,-2.5251648585299553,2.7981137954823554,3.6014689549386567,5,1,1,1,1,0,0,0.9397567532601948,1.0234352202276171,0.9682456445905788,25.00329549334708,0,540.0
341,0.0341,load_step,safe_neural_horizon_pwm_h2,94.2477796076938,54.582333527218765,39.665446080475036,0.35,1.2661936952404003,-2.5715535202505895,2.8663799436536217,3.6830514921035764,5,1,1,1,1,0,0,0.940066506103438,0.9890284006870688,1.0202367656637668,25.00330567374478,0,540.0
342,0.0342,load_step,safe_neural_horizon_pwm_h2,94.2477796076938,54.777602758778244,39.47017684891556,0.35,0.9571269777812218,-2.61517436437101,2.7848211805535974,3.6508168320068277,1,1,1,1,1,0,0,0.9402830875124517,0.9528125908258792,1.112415814020603,25.003316775865095,1,540.0
343,0.034300000000000004,load_step,safe_neural_horizon_pwm_h2,94.2477796076938,54.970927939126376,39.276851668567424,0.35,0.6720363737059222,-2.6563279764677423,2.740020293017739,3.5981086429196507,1,1,1,1,1,0,0,0.940320363661078,0.9892684053566969,1.0146461102577857,25.003326900214358,0,540.0
344,0.0344,load_step,safe_neural_horizon_pwm_h2,94.2477796076938,55.161084001401186,39.086695606292615,0.35,0.40884184624506126,-2.6950532343226006,2.7258876702963715,3.5276378710760676,1,1,1,1,1,0,0,0.9403165411032304,0.9757297619885762,0.9835054955456287,25.00333671308998,0,540.0
345,0.0345,load_step,safe_neural_horizon_pwm_h2,94.2477796076938,55.34700820651312,38.900771401180684,0.35,0.5283499911588965,-2.731401281575061,2.7820328312490297,3.6166624720013347,5,1,1,1,1,0,0,0.9403704507558753,1.0084900593352082,1.0134125430261918,25.003346824970656,1,540.0
346,0.0346,load_step,safe_neural_horizon_pwm_h2,94.2477796076938,55.538245707891264,38.70953389980254,0.35,0.6355620497293216,-2.765433146303383,2.8375270229073704,3.7022702108048207,5,1,1,1,1,0,0,0.9405498097257837,1.0001771226515541,1.0124688565855007,25.003356927347056,0,540.0
347,0.0347,load_step,safe_neural_horizon_pwm_h2,94.2477796076938,55.734591618885254,38.513187988808546,0.35,0.9128521117569465,-2.4833349996701086,2.645798877187315,3.5183284712306353,4,1,1,1,1,0,0,0.9406477536611528,0.9424652979805846,1.0943237521422235,25.003367848205063,1,540.0
348,0.034800000000000005,load_step,safe_neural_horizon_pwm_h2,94.2477796076938,55.91991464965417,38.32786495803963,0.35,0.9831705159622816,-2.540063367927113,2.723700823611648,3.620153837163625,5,1,1,1,1,0,0,0.9405746126682845,0.9833868037258373,0.9598614681173674,25.00337742436742,1,540.0
349,0.0349,load_step,safe_neural_horizon_pwm_h2,94.2477796076938,56.1113170708323,38.1364625368615,0.35,1.2268814368909688,-2.2790407046715364,2.58829376109772,3.4846586905305394,4,1,1,1,1,0,0,0.9406845121016933,0.9106766905109739,1.012196581361501,25.00338752381707,1,540.0
350,0.035,load_step,safe_neural_horizon_pwm_h2,94.2477796076938,56.294596225620886,37.953183382072915,0.35,1.2666404483526148,-2.3553369553920613,2.67432051161383,3.5909837721891624,5,1,1,1,1,0,0,0.9407313407056946,0.9558749344413655,0.9186747267337858,25.003396687980846,1,540.0
351,0.0351,load_step,safe_neural_horizon_pwm_h2,94.2477796076938,56.48422420847927,37.76355539921453,0.35,1.3011901635667353,-2.4265940124747925,2.7534440875277166,3.6850171426505676,5,1,1,1,1,0,0,0.9409364692240981,0.922388619439246,0.9363830834488219,25.003406029167095,0,540.0
352,0.0352,load_step,safe_neural_horizon_pwm_h2,94.2477796076938,56.679464947439826,37.568314660253975,0.35,1.33092496283709,-2.4932932418012914,2.8262824427708746,3.7671655273762914,5,1,1,1,1,0,0,0.9410525586903659,0.9654802493884016,0.9907684466529514,25.0034159141447,0,540.0
353,0.035300000000000005,load_step,safe_neural_horizon_pwm_h2,94.2477796076938,56.87960676713422,37.36817284055958,0.35,1.53756323394613,-2.2417584142128293,2.7183784663061363,3.690552548771364,4,1,1,1,1,0,0,0.9409819202891765,0.9048730271251115,1.0847386383455866,25.00342673875832,1,540.0
354,0.0354,load_step,safe_neural_horizon_pwm_h2,94.2477796076938,57.07514838871793,37.17263121897587,0.35,1.7248112083624005,-2.012962244885646,2.650847167195352,3.640214499145262,4,1,1,1,1,0,0,0.9407082367134492,0.8766478528927801,0.9686603499108455,25.003436402516897,0,540.0
355,0.035500000000000004,load_step,safe_neural_horizon_pwm_h2,94.2477796076938,57.26766256037185,36.98011704732195,0.35,1.8945059191954434,-1.805135281822888,2.6168045520344787,3.612374179833417,4,1,1,1,1,0,0,0.940465774559357,0.9167797083999893,0.9217837196823334,25.003445597444745,0,540.0
356,0.0356,load_step,safe_neural_horizon_pwm_h2,94.2477796076938,57.45849586706674,36.78928374062706,0.35,2.048314611243639,-1.6166440661886057,2.6094311225585183,3.6036184099858977,4,1,1,1,1,0,0,0.9403304459986527,0.9056716466052104,0.8974752344385675,25.00345454922644,0,540.0
357,0.0357,load_step,safe_neural_horizon_pwm_h2,94.2477796076938,57.64879053219248,36.59898907550132,0.35,2.1877500523438633,-1.4459809923895128,2.622424702805085,3.610868171029473,4,1,1,1,1,0,0,0.9402989348746941,0.8915770244822454,0.8911341934551473,25.003463437538045,0,540.0
358,0.0358,load_step,safe_neural_horizon_pwm_h2,94.2477796076938,57.83950443083996,36.40827517685384,0.35,2.314184537570543,-1.2917549244005055,2.6502982584312176,3.631350523958101,4,1,1,1,1,0,0,0.9403339054317045,0.9135553879196036,0.8987269836450932,25.003472401718298,0,540.0
359,0.0359,load_step,safe_neural_horizon_pwm_h2,94.2477796076938,58.03142942096587,36.21635018672793,0.35,2.4246982541875792,-1.1598955094467065,2.6878465761078942,3.662882805675932,4,1,1,1,1,0,0,0.9403886570227472,0.9396414149229788,0.9168430569434598,25.003481546999524,0,540.0
360,0.036000000000000004,load_step,safe_neural_horizon_pwm_h2,94.2477796076938,58.22522668057221,36.02255292712159,0.35,2.5249350332318117,-1.041398537582459,2.731264878425418,3.7022760786911815,4,1,1,1,1,0,0,0.9404196340984396,0.968222091946984,0.9422794298739489,25.003490946583508,0,540.0
361,0.0361,load_step,safe_neural_horizon_pwm_h2,94.2477796076938,58.42136649834241,35.82641310935139,0.35,2.4345288654386557,-1.2493364606816568,2.736379430678903,3.7148473501420813,5,1,1,1,1,0,0,0.9403915669026319,0.9597629620096712,1.0127890088584117,25.00350105120062,1,540.0
362,0.0362,load_step,safe_neural_horizon_pwm_h2,94.2477796076938,58.61824356058518,35.62953604710862,0.35,2.3510057555418538,-1.4421751907051692,2.7580966885293225,3.707534051968321,5,1,1,1,1,0,0,0.9402806551104673,0.979794072821092,0.9784567260521158,25.00351081242754,0,540.0
363,0.0363,load_step,safe_neural_horizon_pwm_h2,94.2477796076938,58.81466784006798,35.43311176762582,0.35,2.2778175966499057,-1.6139526264662711,2.7916475572832127,3.684269605503343,5,1,1,1,1,0,0,0.9401227273950952,1.0048475350911514,0.9945819867724817,25.00352073484199,0,540.0
364,0.0364,load_step,safe_neural_horizon_pwm_h2,94.2477796076938,59.009684792340344,35.238094815353456,0.35,2.2098078152354463,-1.7736395884377065,2.8335574760271114,3.6455186227779586,5,1,1,1,1,0,0,0.9399664472868084,1.033720190705134,1.0188290044759145,25.003530899660472,0,540.0
365,0.036500000000000005,load_step,safe_neural_horizon_pwm_h2,94.2477796076938,59.20236775049582,35.04541185719798,0.35,2.1464344106163153,-1.9222444551614735,2.881354616231199,3.5927833093967525,5,1,1,1,1,0,0,0.9398571741039257,1.0265502389328724,1.0494281827778216,25.003541370402967,0,540.0
366,0.0366,load_step,safe_neural_horizon_pwm_h2,94.2477796076938,59.39188001669669,34.85589959099711,0.35,2.268564490769331,-1.7465791648640137,2.863027004398769,3.6777779331170857,4,1,1,1,1,0,0,0.9398346023506798,1.0263335877851545,1.1275096172614423,25.003552621890005,1,540.0
367,0.0367,load_step,safe_neural_horizon_pwm_h2,94.2477796076938,59.58646413385571,34.66131547383809,0.35,2.379130506338817,-1.5880683578688466,2.860458542866205,3.765815187077181,4,1,1,1,1,0,0,0.9399305193464121,1.0464862106504675,1.0736444531972056,25.00356333465039,0,540.0
368,0.0368,load_step,safe_neural_horizon_pwm_h2,94.2477796076938,59.78630179521565,34.46147781247815,0.35,2.2979070396142944,-1.1312440416803216,2.5612672341140352,3.5315867447665386,6,1,1,1,1,0,0,0.939955428717434,0.8802595014300182,1.1146029565394628,25.00357445692439,1,540.0
369,0.0369,load_step,safe_neural_horizon_pwm_h2,94.2477796076938,59.97210695467113,34.27567265302267,0.35,2.3997359761995667,-1.0367611071409004,2.614116743519025,3.6463480122017065,4,1,1,1,1,0,0,0.9398181127895381,0.9084315979060026,0.9054025754186034,25.00358348712043,1,540.0
370,0.037000000000000005,load_step,safe_neural_horizon_pwm_h2,94.2477796076938,60.16476560254474,34.08301400514906,0.35,2.3110112042460127,-0.6385728352899519,2.3976129904805017,3.462528307470616,6,1,1,1,1,0,0,0.9399470494276305,0.7954773767231116,0.9374482051041741,25.003592837712567,1,540.0
371,0.0371,load_step,safe_neural_horizon_pwm_h2,94.2477796076938,60.346408956534034,33.901370651159766,0.35,2.4105897463274113,-0.5905704830886458,2.48187759984138,3.5940055723344524,4,1,1,1,1,0,0,0.940034497208665,0.8388764759944252,0.7950109698869794,25.003600763870015,1,540.0
372,0.037200000000000004,load_step,safe_neural_horizon_pwm_h2,94.2477796076938,60.53590646950739,33.71187313818641,0.35,2.320217454252499,-0.23493789860200584,2.332081656207062,3.4564281757753372,6,1,1,1,1,0,0,0.9403576872107703,0.7585918237298358,0.8454923670615622,25.00360919478859,1,540.0
373,0.0373,load_step,safe_neural_horizon_pwm_h2,94.2477796076938,60.71715625245038,33.53062335524342,0.35,2.418667964918366,-0.22589628097965153,2.429194075055097,3.5928097105293757,4,1,1,1,1,0,0,0.9405848119718094,0.8093379400387157,0.7504314711808245,25.003616675042004,1,540.0
374,0.0374,load_step,safe_neural_horizon_pwm_h2,94.2477796076938,60.90655371534981,33.34122589234399,0.35,2.5089674550666894,-0.2200447107530611,2.5185982937567113,3.715168187916297,4,1,1,1,1,0,0,0.940943167242895,0.7788392046144711,0.7729037297350361,25.003624379968134,0,540.0
375,0.0375,load_step,safe_neural_horizon_pwm_h2,94.2477796076938,61.10325903748856,33.14452057020524,0.35,2.4104864493833653,0.0969205149044803,2.4124341460172904,3.6227382888363593,6,1,1,1,1,0,0,0.9411440247353857,0.7180042626304567,0.8659677798747241,25.0036330154834,1,540.0
376,0.0376,load_step,safe_neural_horizon_pwm_h2,94.2477796076938,61.29441787902766,32.95336172866614,0.35,2.320517551731074,0.38460392656723214,2.352173864369492,3.5589187871808043,6,1,1,1,1,0,0,0.9410772748853716,0.7635624084421768,0.7629404593439767,25.003640620667888,0,540.0
377,0.037700000000000004,load_step,safe_neural_horizon_pwm_h2,94.2477796076938,61.48174282443842,32.76603678325538,0.35,2.238602186939143,0.6455705566051985,2.329828554834939,3.519834276139027,6,1,1,1,1,0,0,0.9410159809402009,0.7447992461852607,0.7252443212360214,25.003647848840295,0,540.0
378,0.0378,load_step,safe_neural_horizon_pwm_h2,94.2477796076938,61.66671440707777,32.58106520061603,0.35,2.1642988351645767,0.8821639189570445,2.337178347453269,3.5019632861972374,6,1,1,1,1,0,0,0.9410537954071343,0.7410464275518163,0.7103313276358063,25.003654927834578,0,540.0
379,0.0379,load_step,safe_neural_horizon_pwm_h2,94.2477796076938,61.850602308012256,32.397177299681545,0.35,2.0971834436038765,1.096524751221108,2.3665470471061263,3.5021117337640444,6,1,1,1,1,0,0,0.9411935191246652,0.7490865174726916,0.7133177228116094,25.003662036645622,0,540.0
380,0.038,load_step,safe_neural_horizon_pwm_h2,94.2477796076938,62.03448496427496,32.21329464341884,0.35,2.2182039641014333,0.9764934292739046,2.4236270843036936,3.612226595763007,4,1,1,1,1,0,0,0.9413978826606293,0.786463374986895,0.7648676262608549,25.003669660908308,1,540.0
381,0.0381,load_step,safe_neural_horizon_pwm_h2,94.2477796076938,62.22494319755022,32.02283641014358,0.35,2.1489877142841243,1.1785432974350767,2.4509411457791574,3.6273821597096325,6,1,1,1,1,0,0,0.9416174367013673,0.7896670729691672,0.8019825982508455,25.003677656269886,1,540.0
382,0.038200000000000005,load_step,safe_neural_horizon_pwm_h2,94.2477796076938,62.41629376601461,31.83148584167919,0.35,2.0868619058227034,1.3613314845306466,2.491629190860546,3.655328197368903,6,1,1,1,1,0,0,0.9416721503383514,0.8188816648529834,0.7833657138010068,25.003685465409315,0,540.0
383,0.0383,load_step,safe_neural_horizon_pwm_h2,94.2477796076938,62.609302033191355,31.638477574502446,0.35,2.035568455404769,1.5193462053730697,2.5400692566189025,3.694255673465625,6,1,1,1,1,0,0,0.9416190038473761,0.8511577158571131,0.8090208238064305,25.003693531047784,0,540.0
384,0.038400000000000004,load_step,safe_neural_horizon_pwm_h2,94.2477796076938,62.80462504403789,31.44315456365591,0.35,1.9901913130278897,1.6619607700772716,2.5928700437406254,3.740667828072064,6,1,1,1,1,0,0,0.9414768583421472,0.8850329194371345,0.8403274141117618,25.003701909698385,0,540.0
385,0.0385,load_step,safe_neural_horizon_pwm_h2,94.2477796076938,63.00271053320949,31.245069074484313,0.35,1.9503753879269419,1.7905371114383153,2.647638060851414,3.7926900726416233,6,1,1,1,1,0,0,0.9412467644196828,0.8806552955561092,0.875349006119912,25.003710638509048,0,540.0
386,0.0386,load_step,safe_neural_horizon_pwm_h2,94.2477796076938,63.203894018234784,31.043885589459016,0.35,1.553076109891578,1.9063180728241318,2.458880639212052,3.4168021003587157,2,1,1,1,1,0,0,0.94092578500868,0.8248114649630097,0.9516353890921192,25.003720130125348,1,540.0
387,0.038700000000000005,load_step,safe_neural_horizon_pwm_h2,94.2477796076938,63.38256743640954,30.865212171284263,0.35,1.553944475259984,2.010437709039405,2.540984693798575,3.514017624500301,6,1,1,1,1,0,0,0.9405119252571391,0.8694871352477394,0.8280923740970759,25.003728386248223,1,540.0
388,0.0388,load_step,safe_neural_horizon_pwm_h2,94.2477796076938,63.567044884889974,30.680734722803827,0.35,1.556827813261032,2.10422048278985,2.617528735340928,3.6077008088517344,6,1,1,1,1,0,0,0.9406194029547321,0.912016321956885,0.8426713515532518,25.00373678810583,0,540.0
389,0.038900000000000004,load_step,safe_neural_horizon_pwm_h2,94.2477796076938,63.75711452868564,30.49066507900816,0.35,1.5616585515731178,2.188563772357487,2.6886035069115497,3.697196083425472,6,1,1,1,1,0,0,0.9408379019142711,0.8799947158164803,0.8927933019558796,25.003745691126927,0,540.0
390,0.039,load_step,safe_neural_horizon_pwm_h2,94.2477796076938,63.95252531720392,30.29525429048988,0.35,1.749722470609949,1.9501730519450469,2.6200579491091496,3.6528183042477025,4,1,1,1,1,0,0,0.940960586129269,0.8566259011801317,0.9809963586121561,25.003755476119238,1,540.0
391,0.0391,load_step,safe_neural_horizon_pwm_h2,94.2477796076938,64.14526535179094,30.10251425590286,0.35,1.9243209157374959,1.7303712552157118,2.5878940603551746,3.5880253675984783,4,1,1,1,1,0,0,0.9408989028902364,0.8926721704094545,0.8980145314657424,25.003764431228046,0,540.0
392,0.0392,load_step,safe_neural_horizon_pwm_h2,94.2477796076938,64.33411311459878,29.913666493095022,0.35,2.08645627193003,1.5274471898097417,2.5858063911155136,3.5053736677238136,4,1,1,1,1,0,0,0.9408182233179926,0.8854341460599082,0.8771173112098416,25.00377317730495,0,540.0
393,0.0393,load_step,safe_neural_horizon_pwm_h2,94.2477796076938,64.51800016628248,29.729779441411324,0.35,2.0557061599134574,1.6539596187137586,2.638467402914407,3.6028761001709713,6,1,1,1,1,0,0,0.9408291046800518,0.9171414103541164,0.9135740836305636,25.003782287891273,1,540.0
394,0.039400000000000004,load_step,safe_neural_horizon_pwm_h2,94.2477796076938,64.70770801741897,29.540071590274835,0.35,2.0295665221364025,1.7679208178349468,2.691595119238969,3.696210881666919,6,1,1,1,1,0,0,0.9410025728561747,0.9487174758074146,0.9106521413620342,25.003791369197433,0,540.0
395,0.0395,load_step,safe_neural_horizon_pwm_h2,94.2477796076938,64.90298681221925,29.344792795474547,0.35,1.6450631199814232,1.8704390820765082,2.490938583843894,3.5085849045622597,2,1,1,1,1,0,0,0.9411015911277885,0.846100457382292,0.9868126226210138,25.003801212047865,1,540.0
396,0.0396,load_step,safe_neural_horizon_pwm_h2,94.2477796076938,65.0870223295673,29.160757278126496,0.35,1.6579127623999914,1.9625260154520774,2.5690821491449,3.618533956642056,6,1,1,1,1,0,0,0.9410219912585559,0.8872192215388345,0.8535656663282366,25.003809722363115,1,540.0
397,0.0397,load_step,safe_neural_horizon_pwm_h2,94.2477796076938,65.27762348946787,28.97015611822593,0.35,1.3093037896327608,2.045400884660817,2.4285677245071757,3.4798830119608364,2,1,1,1,1,0,0,0.9411278567776713,0.8119556095813153,0.9030402693964987,25.003818727367662,1,540.0
398,0.0398,load_step,safe_neural_horizon_pwm_h2,94.2477796076938,65.45991258921572,28.78786701847808,0.35,1.3551969374719606,2.119857980874028,2.5160199916552117,3.594446901322873,6,1,1,1,1,0,0,0.941160560884226,0.8579035603143694,0.8114901544497615,25.003826816811024,1,540.0
399,0.039900000000000005,load_step,safe_neural_horizon_pwm_h2,94.2477796076938,65.64904363564773,28.59873597204607,0.35,1.399712163552783,2.186920461132148,2.5965005765676348,3.695611054701768,6,1,1,1,1,0,0,0.9413524134711935,0.8264151129511026,0.8290166798061922,25.00383508146571,0,540.0
400,0.04,load_step,safe_neural_horizon_pwm_h2,94.2477796076938,65.84421421036295,28.40356539733085,0.35,1.443049908431232,2.247204631412744,2.670640689734632,3.783760723814966,6,1,1,1,1,0,0,0.9414448839944518,0.8702803706090977,0.8811053196362838,25.003843866951694,0,540.0
401,0.040100000000000004,load_step,safe_neural_horizon_pwm_h2,94.2477796076938,66.04464501158415,28.20313459610965,0.35,1.1226808405490392,2.301276586783587,2.5605245944169748,3.702719814690817,2,1,1,1,1,0,0,0.9413371968428238,0.8083977583400591,0.9707188232355413,25.003853548514147,1,540.0
402,0.0402,load_step,safe_neural_horizon_pwm_h2,94.2477796076938,66.24021060777314,28.007568999920665,0.35,0.8320250279048744,2.349656356099146,2.4926192326180154,3.6491811443992104,2,1,1,1,1,0,0,0.941014241246845,0.778499055901273,0.8596254907377044,25.003862119078732,0,540.0
403,0.0403,load_step,safe_neural_horizon_pwm_h2,94.2477796076938,66.43255721450406,27.815222393189742,0.35,0.5686147091243914,2.3931177394933623,2.4597429139059304,3.6192688819108843,2,1,1,1,1,0,0,0.9407268178261406,0.7733352318087634,0.8151684046789938,25.003870245015317,0,540.0
404,0.040400000000000005,load_step,safe_neural_horizon_pwm_h2,94.2477796076938,66.62309897594898,27.624680631744823,0.35,0.3301843128408144,2.4323462855246865,2.454654788998221,3.6094626068793065,2,1,1,1,1,0,0,0.9405568319845855,0.8087360431347739,0.7929528958487506,25.003878148742643,0,540.0
405,0.0405,load_step,safe_neural_horizon_pwm_h2,94.2477796076938,66.81303925187663,27.43474035581717,0.35,0.11465428563885469,2.4679485280848827,2.470610358290375,3.616570775640149,2,1,1,1,1,0,0,0.9405014439208137,0.8096592474324136,0.7883502959449454,25.003886006391276,0,540.0
406,0.040600000000000004,load_step,safe_neural_horizon_pwm_h2,94.2477796076938,67.00339031511702,27.244389292576784,0.35,-0.0798838161358541,2.500460365478607,2.5017360898803527,3.637705314559218,2,1,1,1,1,0,0,0.9405212069077795,0.8223762916673495,0.7973194615837114,25.00389395367918,0,540.0
407,0.0407,load_step,safe_neural_horizon_pwm_h2,94.2477796076938,67.19499152707905,27.052788080614746,0.35,-0.2468522093359476,2.530354643852352,2.5423671325989097,3.6707306206924444,2,1,1,1,1,0,0,0.9405663753741299,0.8502746640947578,0.8164564671547251,25.00390209228416,0,540.0
408,0.0408,load_step,safe_neural_horizon_pwm_h2,94.2477796076938,67.38855438183114,26.85922522586266,0.35,-0.39688769772864096,2.5580480058294714,2.588653983199855,3.7121281029514144,2,1,1,1,1,0,0,0.9405903054063558,0.8804869362349022,0.8424932847538018,25.003910491203058,0,540.0
409,0.0409,load_step,safe_neural_horizon_pwm_h2,94.2477796076938,67.58457975249388,26.66319985519992,0.35,-0.16869514375693045,2.583900329960564,2.589401275719444,3.733434161503372,6,1,1,1,1,0,0,0.9405548071526674,0.8666142108702249,0.9111885477822939,25.003919577018596,1,540.0
410,0.041,load_step,safe_neural_horizon_pwm_h2,94.2477796076938,67.7818651003207,26.4659145073731,0.35,0.04316925424701203,2.608228157177031,2.6085853837670974,3.732955166593473,6,1,1,1,1,0,0,0.9404339521005133,0.886013339637229,0.8759598585811788,25.003928310486668,0,540.0
411,0.041100000000000005,load_step,safe_neural_horizon_pwm_h2,94.2477796076938,67.97910662551455,26.268672982179254,0.35,0.231800900400171,2.63101732282568,2.641208778274663,3.7145649253239816,6,1,1,1,1,0,0,0.9402532461388677,0.9111421825587395,0.8895744662818669,25.003937180042595,0,540.0
412,0.0412,load_step,safe_neural_horizon_pwm_h2,94.2477796076938,68.17523245225247,26.072547155441328,0.35,0.40753343163698874,2.6522688736632025,2.6833959223537054,3.6789670056754407,6,1,1,1,1,0,0,0.940060019633914,0.9406997294516779,0.9118733927059353,25.003946272528655,0,540.0
413,0.0413,load_step,safe_neural_horizon_pwm_h2,94.2477796076938,68.36921289133095,25.878566716362855,0.35,0.2087904742674748,2.67200328956776,2.680148324553283,3.7495097739730476,2,1,1,1,1,0,0,0.9399029138430535,0.9355578508340693,0.9806030293158308,25.003956052250466,1,540.0
414,0.0414,load_step,safe_neural_horizon_pwm_h2,94.2477796076938,68.56739998239553,25.680379625298272,0.35,-0.15148696343750453,2.376135735006754,2.3809597500309834,3.4493283156599697,3,1,1,1,1,0,0,0.939826566191005,0.7697182009311476,0.9799186602561116,25.003965825063386,1,540.0
415,0.0415,load_step,safe_neural_horizon_pwm_h2,94.2477796076938,68.74760781137375,25.500171796320046,0.35,-0.2886503525319422,2.419682000034171,2.4368381167624125,3.558067208331833,2,1,1,1,1,0,0,0.9396946695254845,0.7999421911808089,0.7849806462146047,25.003973648431014,1,540.0
416,0.041600000000000005,load_step,safe_neural_horizon_pwm_h2,94.2477796076938,68.93430915630847,25.313470451385328,0.35,-0.41145712214525176,2.460261435901147,2.4944304553036605,3.6631032641400383,2,1,1,1,1,0,0,0.9399734137951852,0.8321807142811037,0.7807148749427165,25.003981429088775,0,540.0
417,0.0417,load_step,safe_neural_horizon_pwm_h2,94.2477796076938,69.12728192602194,25.120497681671864,0.35,-0.5210933496699695,2.4982755142416453,2.552042089020012,3.7635380668123575,2,1,1,1,1,0,0,0.9402782217406201,0.8306915420291053,0.8152965261767037,25.003989555511176,0,540.0
418,0.041800000000000004,load_step,safe_neural_horizon_pwm_h2,94.2477796076938,69.32625028164864,24.92152932604516,0.35,-0.8000015591778535,2.219966582722927,2.3597148393595164,3.547905469474313,3,1,1,1,1,0,0,0.9404220723360885,0.7659880472486181,0.889471951677611,25.003998423633657,1,540.0
419,0.0419,load_step,safe_neural_horizon_pwm_h2,94.2477796076938,69.51229905041521,24.735480557278592,0.35,-1.0525501828210584,1.9662253461131467,2.230225100534564,3.3754759890382218,3,1,1,1,1,0,0,0.940332141998466,0.6947721336782816,0.7323993278004848,25.004005720970778,0,540.0
420,0.042,load_step,safe_neural_horizon_pwm_h2,94.2477796076938,69.68801466881216,24.559764938881642,0.35,-1.09987715589338,2.049353297132321,2.325850101473271,3.5141835005849917,2,1,1,1,1,0,0,0.940441518852289,0.7445860259410836,0.6876661406969139,25.00401257092738,1,540.0
421,0.042100000000000005,load_step,safe_neural_horizon_pwm_h2,94.2477796076938,69.87201758793144,24.375762019762362,0.35,-1.1408766520019051,2.1270924335162924,2.413736057609725,3.6385413076974795,2,1,1,1,1,0,0,0.9408866353943188,0.7919936989209058,0.7083217086680003,25.004019627393994,0,540.0
422,0.0422,load_step,safe_neural_horizon_pwm_h2,94.2477796076938,70.0634484284878,24.184331179205998,0.35,-1.1760273667081176,2.1999752148591494,2.4945803882098065,3.7489750092812804,2,1,1,1,1,0,0,0.941265250523023,0.7624439375643361,0.7609068121428615,25.0040272096646,0,540.0
423,0.042300000000000004,load_step,safe_neural_horizon_pwm_h2,94.2477796076938,70.26147334673004,23.986306260963758,0.35,-1.3871261961225028,1.9543710202059268,2.3965986665668573,3.6343101001427014,3,1,1,1,1,0,0,0.9414040837729776,0.7071684361027191,0.8486015199733258,25.004035668831733,1,540.0
424,0.0424,load_step,safe_neural_horizon_pwm_h2,94.2477796076938,70.4526210528285,23.795158554865296,0.35,-1.5779524421152673,1.7312932597846649,2.3425008561264917,3.551215190444447,3,1,1,1,1,0,0,0.9412566133469786,0.7498990880835297,0.7521302007850421,25.004043163229284,0,540.0
425,0.0425,load_step,safe_neural_horizon_pwm_h2,94.2477796076938,70.63878134768196,23.608998260011845,0.35,-1.7504637913512011,1.5290419584371029,2.3242402619980562,3.495499463871142,3,1,1,1,1,0,0,0.9411429292084847,0.7331176699196352,0.7187106813133056,25.004050323381676,0,540.0
426,0.0426,load_step,safe_neural_horizon_pwm_h2,94.2477796076938,70.82159309211794,23.426186515575864,0.35,-1.7250811791818623,1.6601563364667329,2.3941646009157616,3.6088892170648794,2,1,1,1,1,0,0,0.941173602992835,0.7739135787444656,0.7408369135090244,25.004057704748657,1,540.0
427,0.0427,load_step,safe_neural_horizon_pwm_h2,94.2477796076938,71.01117647817195,23.236603129521853,0.35,-1.7000437720649877,1.7826034350396518,2.4632953200036973,3.701814226374694,2,1,1,1,1,0,0,0.9413525027413552,0.7615531225147567,0.748841328141871,25.004065166110575,0,540.0
428,0.042800000000000005,load_step,safe_neural_horizon_pwm_h2,94.2477796076938,71.20630629507875,23.041473312615054,0.35,-1.8565846609708818,1.583019410455774,2.4398477528796976,3.6758788195205776,3,1,1,1,1,0,0,0.941430450003505,0.7623767124211572,0.82841224809586,25.00407342313195,1,540.0
429,0.0429,load_step,safe_neural_horizon_pwm_h2,94.2477796076938,71.39986904349121,22.847910564202593,0.35,-1.9979704951982564,1.4026672215891614,2.441180336272481,3.6694853625026074,3,1,1,1,1,0,0,0.941321197112696,0.7736451746640775,0.7781998397889031,25.004081177974193,0,540.0
430,0.043000000000000003,load_step,safe_neural_horizon_pwm_h2,94.2477796076938,71.59303431068723,22.65474529700657,0.35,-2.125692931230975,1.2400759182406413,2.4609670296218322,3.6794611593151627,3,1,1,1,1,0,0,0.9411646664220384,0.7928705464844097,0.7787893162415891,25.004088938659503,0,540.0
431,0.0431,load_step,safe_neural_horizon_pwm_h2,94.2477796076938,71.78678172751857,22.460997880175228,0.35,-2.2411024524786054,1.0938846996883844,2.493817142197472,3.7029328999198716,3,1,1,1,1,0,0,0.9410063304432897,0.8171592256841788,0.7907265328310679,25.00409681866524,0,540.0
432,0.0432,load_step,safe_neural_horizon_pwm_h2,94.2477796076938,71.98191889943526,22.265860708258543,0.35,-2.341256963406104,0.9700481009215114,2.5342607377298414,3.7374250926033032,3,1,1,1,1,0,0,0.9408455765647344,0.8446097000172694,0.8112126327492247,25.004104903479444,0,540.0
433,0.043300000000000005,load_step,safe_neural_horizon_pwm_h2,94.2477796076938,72.17910522671042,22.06867438098338,0.35,-2.4317777434632566,0.859582116991736,2.5792294216403553,3.779781461538544,3,1,1,1,1,0,0,0.9406631176952788,0.8418695401470384,0.8372167847989636,25.004113248281268,0,540.0
434,0.0434,load_step,safe_neural_horizon_pwm_h2,94.2477796076938,72.37881117503726,21.868968432656544,0.35,-2.332274946752748,1.0755747014307573,2.5683394179135273,3.7852203578769057,2,1,1,1,1,0,0,0.9404355991162213,0.8487448083300115,0.9048973623737379,25.004122269833235,1,540.0
435,0.043500000000000004,load_step,safe_neural_horizon_pwm_h2,94.2477796076938,72.57882726456211,21.668952343131693,0.35,-2.240250998838638,1.2765039883179021,2.578407836241006,3.7686910671223037,2,1,1,1,1,0,0,0.9401439975224737,0.8643341200119317,0.8621465532437622,25.004130863816968,0,540.0
436,0.0436,load_step,safe_neural_horizon_pwm_h2,94.2477796076938,72.7778388090308,21.469940798663004,0.35,-2.1549184503165293,1.4636003296525657,2.604956708368431,3.732393297389722,2,1,1,1,1,0,0,0.9398394702893554,0.8867347009003475,0.8695431968801391,25.004139531709846,0,540.0
437,0.0437,load_step,safe_neural_horizon_pwm_h2,94.2477796076938,72.97466286235417,21.273116745339635,0.35,-2.079734286458489,1.6307845439748128,2.642868315133794,3.680877823438351,2,1,1,1,1,0,0,0.9395783192251673,0.914449296123241,0.8873831772797823,25.00414837794474,0,540.0
438,0.0438,load_step,safe_neural_horizon_pwm_h2,94.2477796076938,73.16838890552995,21.07939070216385,0.35,-2.1909024180929126,1.4728069148725003,2.639926819838312,3.7533300275217796,3,1,1,1,1,0,0,0.9394116690469281,0.9093764025313621,0.9521071961570994,25.00415787136085,1,540.0
439,0.0439,load_step,safe_neural_horizon_pwm_h2,94.2477796076938,73.36643588835938,20.881343719334424,0.35,-2.109904934170534,1.017039337012197,2.3422356508830138,3.457088970393035,1,1,1,1,1,0,0,0.9393777127042177,0.7455906714458193,0.9515958964187066,25.00416735960067,1,540.0
440,0.044000000000000004,load_step,safe_neural_horizon_pwm_h2,94.2477796076938,73.54673942891944,20.701040178774363,0.35,-2.211656951984393,0.9241179006297512,2.396960652060278,3.566288855958935,3,1,1,1,1,0,0,0.939307588204198,0.7748797049996815,0.7605535037975227,25.004174937353312,1,540.0
441,0.0441,load_step,safe_neural_horizon_pwm_h2,94.2477796076938,73.7335640657041,20.5142155419897,0.35,-2.3040255239833085,0.8420631602918066,2.4530805084805483,3.671149327255167,3,1,1,1,1,0,0,0.9396467489990175,0.8060487768337133,0.755665869311231,25.00418246617909,0,540.0
442,0.0442,load_step,safe_neural_horizon_pwm_h2,94.2477796076938,73.92664961012939,20.321129997564412,0.35,-2.387928731172552,0.7700593049023261,2.509022709786822,3.770787513786285,3,1,1,1,1,0,0,0.9400058113502329,0.8026113288762644,0.7887723095948032,25.004190326019078,0,540.0
443,0.0443,load_step,safe_neural_horizon_pwm_h2,94.2477796076938,74.12568305917085,20.122096548522947,0.35,-2.2828446781020295,0.39323688495424375,2.316466074007404,3.5589671103481866,1,1,1,1,1,0,0,0.9401967576859543,0.7382280387163714,0.8606481506101392,25.004198904565076,1,540.0
444,0.0444,load_step,safe_neural_horizon_pwm_h2,94.2477796076938,74.31202505297682,19.93575455471698,0.35,-2.186158005178106,0.051471165513895065,2.186763842870024,3.390571848948784,1,1,1,1,1,0,0,0.9401477230294493,0.6665117723550232,0.7061035615348693,25.004205937607995,0,540.0
445,0.044500000000000005,load_step,safe_neural_horizon_pwm_h2,94.2477796076938,74.48827529736461,19.75950431032919,0.35,-2.278898654970044,0.05580798967676717,2.2795818939744272,3.5271854862517404,3,1,1,1,1,0,0,0.9402861473658799,0.714763978373139,0.6620253336717702,25.00421252982175,1,540.0
446,0.0446,load_step,safe_neural_horizon_pwm_h2,94.2477796076938,74.67268749575645,19.57509211193735,0.35,-2.364107235964292,0.06286735679601081,2.3649429861392517,3.6489171559179834,3,1,1,1,1,0,0,0.9407463856802546,0.7607504332084892,0.6806873148940842,25.00421930861137,0,540.0
447,0.044700000000000004,load_step,safe_neural_horizon_pwm_h2,94.2477796076938,74.86437042578129,19.383409181912512,0.35,-2.4424619452199625,0.07250859947551293,2.44353797818769,3.756191595239038,3,1,1,1,1,0,0,0.9411350744858376,0.731742418983839,0.7307155276244265,25.00422658763792,0,540.0
448,0.0448,load_step,safe_neural_horizon_pwm_h2,94.2477796076938,75.06245835148628,19.185321256207516,0.35,-2.3332288626688658,-0.2295176292346402,2.344490406830563,3.6456942406191537,1,1,1,1,1,0,0,0.9412844692030566,0.6757744348961459,0.8152261085885235,25.004234711721754,1,540.0
449,0.0449,load_step,safe_neural_horizon_pwm_h2,94.2477796076938,75.25391846300475,18.99386114468905,0.35,-2.2336054426634027,-0.5027666978021559,2.2894906913797355,3.5667849606580844,1,1,1,1,1,0,0,0.9411514848481278,0.7157137157273423,0.7200504715010818,25.004241883995057,0,540.0
450,0.045000000000000005,load_step,safe_neural_horizon_pwm_h2,94.2477796076938,75.44064162376581,18.807137983927987,0.35,-2.1430992944741876,-0.7497896688338126,2.2704755302503656,3.5152572983268655,1,1,1,1,1,0,0,0.9410471812465352,0.6982074921670441,0.6867820664495551,25.004248723536495,0,540.0
451,0.0451,load_step,safe_neural_horizon_pwm_h2,94.2477796076938,75.62426682104409,18.623512786649712,0.35,-2.2425867729984366,-0.6588018725009294,2.337352207442916,3.623568817049572,3,1,1,1,1,0,0,0.9410780726338634,0.737542257213772,0.7079092810996537,25.004255774304482,1,540.0
452,0.045200000000000004,load_step,safe_neural_horizon_pwm_h2,94.2477796076938,75.81435969598552,18.433419911708285,0.35,-2.334975556047467,-0.5725042575529794,2.4041364296261283,3.7109735347920676,3,1,1,1,1,0,0,0.9412467631765039,0.7244835699811699,0.7139442493140175,25.004262885375148,0,540.0
453,0.0453,load_step,safe_neural_horizon_pwm_h2,94.2477796076938,76.00966860674941,18.238111000944386,0.35,-2.2394794557241764,-0.8045243983945054,2.3796066356065437,3.6891541487426,1,1,1,1,1,0,0,0.9413174133589647,0.7246859149938573,0.7901791677787993,25.00427075874759,1,540.0
454,0.0454,load_step,safe_neural_horizon_pwm_h2,94.2477796076938,76.20365675407771,18.044122853616088,0.35,-2.15325484778532,-1.0138487618137042,2.379999107424657,3.686716637671501,1,1,1,1,1,0,0,0.9412107534662902,0.7353845989424465,0.7404615049840025,25.004278134890917,0,540.0
455,0.0455,load_step,safe_neural_horizon_pwm_h2,94.2477796076938,76.39748412681742,17.850295480876383,0.35,-2.0757739950844125,-1.202509784800278,2.398930482779589,3.7004748893418413,1,1,1,1,1,0,0,0.9410557184373836,0.7540710583803072,0.7404195282814163,25.0042855105653,0,540.0
456,0.0456,load_step,safe_neural_horizon_pwm_h2,94.2477796076938,76.59211995524699,17.655659652446815,0.35,-2.010696859185954,-1.3651488606968762,2.4303360408392582,3.7279507804252106,1,1,1,1,1,0,0,0.9408926643911828,0.777796390034212,0.7514964903350216,25.00429299696013,0,540.0
457,0.045700000000000005,load_step,safe_neural_horizon_pwm_h2,94.2477796076938,76.78838509456396,17.459394513129837,0.35,-1.9530270441379713,-1.5112781680937482,2.4694688369143467,3.76537628040725,1,1,1,1,1,0,0,0.9407193999905946,0.8044134792723995,0.7708101559944485,25.004300676441712,0,540.0
458,0.0458,load_step,safe_neural_horizon_pwm_h2,94.2477796076938,76.98687484318276,17.26090476451104,0.35,-2.0836841270219124,-1.3282699325013445,2.4710403790286786,3.7798703099983424,3,1,1,1,1,0,0,0.9405151689146651,0.7939573766967816,0.8317505066185882,25.0043089652756,1,540.0
459,0.0459,load_step,safe_neural_horizon_pwm_h2,94.2477796076938,77.18621672110963,17.06156288658417,0.35,-2.2056249169635165,-1.1580533661096306,2.491158138916148,3.7718907581544663,3,1,1,1,1,0,0,0.9402591476434823,0.8137441715258131,0.7981815627970104,25.004316918364793,0,540.0
460,0.046,load_step,safe_neural_horizon_pwm_h2,94.2477796076938,77.38506575567024,16.86271385202356,0.35,-2.3153112796921733,-1.0066488959378233,2.5246798453591395,3.7453586335818723,3,1,1,1,1,0,0,0.9399807108684884,0.8394892172796601,0.8115497178541009,25.004325005082517,0,540.0
461,0.0461,load_step,safe_neural_horizon_pwm_h2,94.2477796076938,77.58231172605673,16.66546788163707,0.35,-2.4178449821683246,-0.8651519228007883,2.567968498117227,3.700816906624318,3,1,1,1,1,0,0,0.9397266409934155,0.8698389580543905,0.8333410924108096,25.004333309660073,0,540.0
462,0.046200000000000005,load_step,safe_neural_horizon_pwm_h2,94.2477796076938,77.77687699023468,16.470902617459117,0.35,-2.332397254649236,-1.04674802683247,2.556512934677422,3.768457016358855,1,1,1,1,1,0,0,0.9395431431884622,0.8602425132731409,0.8997898734340883,25.004342278670077,1,540.0
463,0.0463,load_step,safe_neural_horizon_pwm_h2,94.2477796076938,77.97547515499971,16.272304452694087,0.35,-1.8933808225297044,-1.2100202429642795,2.2470068819446447,3.4419731469532504,5,1,1,1,1,0,0,0.9394720078372775,0.6845773622954908,0.8937707952542859,25.004351187429506,1,540.0
464,0.046400000000000004,load_step,safe_neural_horizon_pwm_h2,94.2477796076938,78.15451998671617,16.093259620977634,0.35,-1.8603679857669144,-1.3494156767801768,2.298236652567909,3.551727064083654,1,1,1,1,1,0,0,0.9393646608217334,0.7123500510334454,0.7019633173044778,25.004358178054762,1,540.0
465,0.0465,load_step,safe_neural_horizon_pwm_h2,94.2477796076938,78.34011916678602,15.907660440907776,0.35,-1.8324575679517792,-1.4746254194170916,2.352109875395872,3.657900138112347,1,1,1,1,1,0,0,0.9397126087023063,0.7425366782536038,0.6950810491152438,25.004365099810734,0,540.0
466,0.0466,load_step,safe_neural_horizon_pwm_h2,94.2477796076938,78.53205789994259,15.715721707751214,0.35,-1.809386103812528,-1.5869141777042812,2.4066937237772352,3.7594875820504425,1,1,1,1,1,0,0,0.9401018122467725,0.7417345455417115,0.7253693044825471,25.004372324403114,0,540.0
467,0.046700000000000005,load_step,safe_neural_horizon_pwm_h2,94.2477796076938,78.73006127703025,15.517718330663556,0.35,-1.4281915685292261,-1.687436314706565,2.2106950202613755,3.5228016693253577,5,1,1,1,1,0,0,0.9403292144455566,0.672596697806965,0.7933862829020997,25.004380229117114,1,540.0
468,0.0468,load_step,safe_neural_horizon_pwm_h2,94.2477796076938,78.9138852284817,15.333894379212097,0.35,-1.4445992972501749,-1.7772454349416325,2.290298772133577,3.6465755710246595,1,1,1,1,1,0,0,0.9403140579853986,0.714556475929793,0.6759802571010822,25.004386959718158,1,540.0
469,0.046900000000000004,load_step,safe_neural_horizon_pwm_h2,94.2477796076938,79.10510217193189,15.142677435761911,0.35,-1.0998067192598742,-1.8576632477997703,2.158816240895727,3.4653306646113693,5,1,1,1,1,0,0,0.9405176457725339,0.64345420720443,0.7210411785492383,25.004394140883544,1,540.0
470,0.047,load_step,safe_neural_horizon_pwm_h2,94.2477796076938,79.28545801828979,14.962321589404013,0.35,-1.1497744965489927,-1.9295080098468023,2.2461038606835295,3.598097872411464,1,1,1,1,1,0,0,0.9406375479492713,0.6896318090356306,0.6441735389204962,25.00440055332466,1,540.0
471,0.0471,load_step,safe_neural_horizon_pwm_h2,94.2477796076938,79.47374531779427,14.774034289899532,0.35,-1.198623985941837,-1.9938891169423287,2.326433594654306,3.7158500526210063,1,1,1,1,1,0,0,0.9409647308911997,0.6614525641188351,0.6600708648515081,25.004407124696286,0,540.0
472,0.0472,load_step,safe_neural_horizon_pwm_h2,94.2477796076938,79.66906490295476,14.578714704739042,0.35,-1.2465498071781818,-2.051432400191473,2.400471060923524,3.818968579312698,1,1,1,1,1,0,0,0.9411799638593225,0.7053031970182981,0.7067356211402279,25.004414162671665,0,540.0
473,0.0473,load_step,safe_neural_horizon_pwm_h2,94.2477796076938,79.87054049828436,14.377239109409444,0.35,-0.9310162591573191,-2.1027132580509735,2.299607427453353,3.6991423611723437,5,1,1,1,1,0,0,0.9411556608126751,0.6485828287159183,0.7872300983878624,25.0044220055449,1,540.0
474,0.047400000000000005,load_step,safe_neural_horizon_pwm_h2,94.2477796076938,80.06482974338824,14.182949864305556,0.35,-0.6454366199006741,-2.148260773073384,2.2431256717880657,3.612471818503514,5,1,1,1,1,0,0,0.9408689037251622,0.6845807099076755,0.6927909313756755,25.004428903974176,0,540.0
475,0.0475,load_step,safe_neural_horizon_pwm_h2,94.2477796076938,80.25391735598586,13.993862251707938,0.35,-0.38733799005720504,-2.188921317874118,2.222927631387338,3.5545956673458345,5,1,1,1,1,0,0,0.9406461934067922,0.6662510913385703,0.6593311097658596,25.004435467759247,0,540.0
476,0.0476,load_step,safe_neural_horizon_pwm_h2,94.2477796076938,80.43952690498075,13.808252702713048,0.35,-0.15444662825881159,-2.225441636178173,2.2307945304343693,3.521524214015179,5,1,1,1,1,0,0,0.9405965489496186,0.6620774816416726,0.6464897932458054,25.004441903087393,0,540.0
477,0.0477,load_step,safe_neural_horizon_pwm_h2,94.2477796076938,80.62314306794363,13.62463653975017,0.35,-0.3073809850038665,-2.258479378759898,2.2793008081922057,3.6254359622925802,1,1,1,1,1,0,0,0.9407187584660406,0.693783378412224,0.682634018202864,25.004448699814887,1,540.0
478,0.0478,load_step,safe_neural_horizon_pwm_h2,94.2477796076938,80.81296360975429,13.43481599793951,0.35,-0.45096033376187683,-2.288612666167586,2.3326193770886263,3.7063837322036317,1,1,1,1,1,0,0,0.9409629513633974,0.6913976205750044,0.6785624419170909,25.004455455781308,0,540.0
479,0.047900000000000005,load_step,safe_neural_horizon_pwm_h2,94.2477796076938,81.00761379924323,13.24016580845057,0.35,-0.22332329158749503,-2.3159912780668463,2.3267335242023695,3.698244616435141,5,1,1,1,1,0,0,0.9411018465303516,0.699706503169147,0.7449061686258779,25.004462875139957,1,540.0
480,0.048,load_step,safe_neural_horizon_pwm_h2,94.2477796076938,81.20176195690398,13.046017650789821,0.35,-0.018504478369375372,-2.3407629688622658,2.3408361096233565,3.707482271391576,5,1,1,1,1,0,0,0.9410637864781529,0.7162572774236244,0.7075227856732099,25.004469920615314,0,540.0
481,0.048100000000000004,load_step,safe_neural_horizon_pwm_h2,94.2477796076938,81.39644801538124,12.851331592312562,0.35,0.16540070304513463,-2.3634289927435996,2.3692095720532724,3.7310621661901138,5,1,1,1,1,0,0,0.9409522155709644,0.7382314004468415,0.7157329531671548,25.004477048145375,0,540.0
482,0.0482,load_step,safe_neural_horizon_pwm_h2,94.2477796076938,81.59253022919764,12.655249378496165,0.35,0.3218121036301017,-2.3844265855855014,2.4060451309336996,3.766099900872124,5,1,1,1,1,0,0,0.9407999103560319,0.7637022170133136,0.7325156165615749,25.004484343454553,0,540.0
483,0.0483,load_step,safe_neural_horizon_pwm_h2,94.2477796076938,81.79069417313525,12.45708543455855,0.35,0.09865681254974802,-2.4041362222081197,2.4061596251278936,3.7791013319992617,1,1,1,1,1,0,0,0.9406061156834669,0.7531496856058112,0.7903972358242944,25.00449221753129,1,540.0
484,0.048400000000000006,load_step,safe_neural_horizon_pwm_h2,94.2477796076938,81.98962094847023,12.258158659223568,0.35,-0.10939205803060241,-2.422880008962718,2.4253482554452566,3.7690779277242195,1,1,1,1,1,0,0,0.9403576629462665,0.7725791159977804,0.756901565308902,25.004499756598825,0,540.0
485,0.0485,load_step,safe_neural_horizon_pwm_h2,94.2477796076938,82.18793260019096,12.059847007502839,0.35,-0.29532181018781845,-2.440583663169607,2.4583863790102214,3.7399469359169,1,1,1,1,1,0,0,0.9400863273951734,0.7982089547466006,0.7693633949253297,25.004507420234397,0,540.0
486,0.048600000000000004,load_step,safe_neural_horizon_pwm_h2,94.2477796076938,82.38448570262317,11.863293905070634,0.35,-0.4693680023680008,-2.457195191766008,2.5016223799936146,3.692251204880601,1,1,1,1,1,0,0,0.9398413115902394,0.8286779972595562,0.7902642020970967,25.004515292826948,0,540.0
487,0.0487,load_step,safe_neural_horizon_pwm_h2,94.2477796076938,82.57816940411381,11.669610203579992,0.35,-0.26986520031352923,-2.472689769636256,2.4873724938585418,3.7573351004055233,5,1,1,1,1,0,0,0.9396707909275728,0.8174438314923036,0.8549362745601568,25.00452381208774,1,540.0
488,0.0488,load_step,safe_neural_horizon_pwm_h2,94.2477796076938,82.77573310004513,11.47204650764867,0.35,0.09032658020474027,-2.1729426771141545,2.1748192497574395,3.4167470844763583,4,1,1,1,1,0,0,0.9396180406443948,0.6388400724035828,0.8472514680917763,25.004532254443674,1,540.0
489,0.0489,load_step,safe_neural_horizon_pwm_h2,94.2477796076938,82.95289949499471,11.29488011269909,0.35,0.22663228127191495,-2.2129951008999105,2.2245695106068313,3.5261649485411546,5,1,1,1,1,0,0,0.9395340354257747,0.6658216990612482,0.6590159636629596,25.00453881438828,1,540.0
490,0.049,load_step,safe_neural_horizon_pwm_h2,94.2477796076938,83.13660027188783,11.111179335805971,0.35,0.34793238311085,-2.250520312213914,2.2772568188293145,3.6321541880391934,5,1,1,1,1,0,0,0.9399260205237774,0.695332020613227,0.6514710011480708,25.004545298839528,0,540.0
491,0.049100000000000005,load_step,safe_neural_horizon_pwm_h2,94.2477796076938,83.32662974634565,10.921149861348155,0.35,0.455468843421744,-2.285924008692247,2.3308583056126713,3.733650903795323,5,1,1,1,1,0,0,0.9403664697214045,0.6942480923424672,0.6800735786380214,25.004552069273323,0,540.0
492,0.0492,load_step,safe_neural_horizon_pwm_h2,94.2477796076938,83.52271858189543,10.725061025798368,0.35,0.5503822130663852,-2.319564207830718,2.3839670078902517,3.829702679785316,5,1,1,1,1,0,0,0.9406448169620184,0.7183130427071465,0.710914003042545,25.004559148066225,0,540.0
493,0.049300000000000004,load_step,safe_neural_horizon_pwm_h2,94.2477796076938,83.72454046644984,10.523239141243963,0.35,0.8150740445818603,-2.037641729727734,2.1946137511823953,3.59512690552833,4,1,1,1,1,0,0,0.9406764544128876,0.6590111410075592,0.7780219626895073,25.004566897891532,1,540.0
494,0.0494,load_step,safe_neural_horizon_pwm_h2,94.2477796076938,83.91230891094412,10.335470696749681,0.35,1.053875896363241,-1.781007655385916,2.0694546802185987,3.4077032223559445,4,1,1,1,1,0,0,0.9404474198466788,0.5894678359786335,0.633450472206002,25.00457320195027,0,540.0
495,0.0495,load_step,safe_neural_horizon_pwm_h2,94.2477796076938,84.08884676107837,10.158932846615429,0.35,1.0879482738527688,-1.8619589229656117,2.1565070084260056,3.5454445423382177,5,1,1,1,1,0,0,0.9404424537930214,0.6350222851541876,0.5942441282143385,25.00457911390354,1,540.0
496,0.049600000000000005,load_step,safe_neural_horizon_pwm_h2,94.2477796076938,84.27361402807132,9.974165579622479,0.35,1.1162026542955872,-1.938226895465265,2.2366564027050364,3.667524185263364,5,1,1,1,1,0,0,0.9408158253131271,0.678370879922167,0.6090471417435568,25.00458517384753,0,540.0
497,0.0497,load_step,safe_neural_horizon_pwm_h2,94.2477796076938,84.46567282350065,9.782106784193147,0.35,1.139074735206927,-2.0102957125362684,2.310580036317382,3.774337038777759,5,1,1,1,1,0,0,0.9411510953618873,0.6509116639289111,0.6535592474880226,25.00459167887218,0,540.0
498,0.049800000000000004,load_step,safe_neural_horizon_pwm_h2,94.2477796076938,84.66410896262792,9.58367064506588,0.35,1.3383228813326735,-1.7644903046490765,2.2146182898863587,3.648765130199566,4,1,1,1,1,0,0,0.9412675078577342,0.596622204134449,0.7307996876278694,25.004598956257865,1,540.0
499,0.0499,load_step,safe_neural_horizon_pwm_h2,94.2477796076938,84.85501514041748,9.392764467276322,0.35,1.5176919079056008,-1.5417831718520776,2.1634426445663855,3.557521009053646,4,1,1,1,1,0,0,0.9411150107496498,0.6332306047825299,0.6424804829688027,25.004605350402986,0,540.0
500,0.05,load_step,safe_neural_horizon_pwm_h2,94.2477796076938,85.04044624476302,9.207333362930783,0.35,1.6791639175236737,-1.3404688234060937,2.148592127053706,3.496135049527733,4,1,1,1,1,0,0,0.9410206069324137,0.6172554692789598,0.6130863326103517,25.004611450563978,0,540.0
501,0.050100000000000006,load_step,safe_neural_horizon_pwm_h2,94.2477796076938,85.22218952574994,9.02559008194386,0.35,1.6431788622845005,-1.4730762756864133,2.2068054937961206,3.6078618347978866,5,1,1,1,1,0,0,0.9410924690872655,0.6525081604645425,0.635314393434888,25.00461777296491,1,540.0
502,0.0502,load_step,safe_neural_horizon_pwm_h2,94.2477796076938,85.4106050119274,8.837174595766399,0.35,1.6079901389634086,-1.5975586027525057,2.266677254536274,3.6973480076196283,5,1,1,1,1,0,0,0.9413280527700516,0.6409586209472347,0.6363705183341304,25.00462410588494,0,540.0
503,0.050300000000000004,load_step,safe_neural_horizon_pwm_h2,94.2477796076938,85.60436122523413,8.643418382459672,0.35,1.7547860657321235,-1.4005033650037984,2.245146723907947,3.666905982541444,4,1,1,1,1,0,0,0.9414682598519784,0.6427288926289976,0.7043681271251984,25.00463111873884,1,540.0
504,0.0504,load_step,safe_neural_horizon_pwm_h2,94.2477796076938,85.79628078188296,8.451498825810845,0.35,1.8867935487065757,-1.2231301285792282,2.248563365102036,3.657669268884969,4,1,1,1,1,0,0,0.9414239530173747,0.6549577894615437,0.6590708725154261,25.004637678573438,0,540.0
505,0.0505,load_step,safe_neural_horizon_pwm_h2,94.2477796076938,85.98763283194187,8.260146775751934,0.35,2.00552349739615,-1.0639605745456087,2.2702723631308004,3.666239401198001,4,1,1,1,1,0,0,0.9413348110708792,0.6745365965520267,0.6606787002830791,25.004644254442585,0,540.0
506,0.0506,load_step,safe_neural_horizon_pwm_h2,94.2477796076938,86.17948305047452,8.068296557219284,0.35,2.108176617901995,-0.9288362698468684,2.303724260507698,3.6900970430697133,4,1,1,1,1,0,0,0.9412436672660369,0.6988935518231816,0.6727128088338951,25.004650950608976,0,540.0
507,0.0507,load_step,safe_neural_horizon_pwm_h2,94.2477796076938,86.37274626370127,7.875033343992527,0.35,2.2005010711621007,-0.8086649556029447,2.344385628390915,3.7250512637105566,4,1,1,1,1,0,0,0.9411466005158167,0.7261605876677636,0.6919946224889414,25.004657839548862,0,540.0
508,0.050800000000000005,load_step,safe_neural_horizon_pwm_h2,94.2477796076938,86.56808642582929,7.679693181864508,0.35,2.10221828794983,-1.0164304288526627,2.3350487247353793,3.743758836742069,5,1,1,1,1,0,0,0.9410204938812456,0.7045152151372384,0.7506871390967801,25.00466531536799,1,540.0
509,0.0509,load_step,safe_neural_horizon_pwm_h2,94.2477796076938,86.76453111420791,7.483248493485888,0.35,2.0109292462541046,-1.2105117108699102,2.3471631889566815,3.7381623390012617,5,1,1,1,1,0,0,0.940840532770861,0.7209343700599887,0.7126911727795977,25.004672411177616,0,540.0
510,0.051000000000000004,load_step,safe_neural_horizon_pwm_h2,94.2477796076938,86.96062579311379,7.287153814580009,0.35,1.9300439306863517,-1.3848010215256195,2.375445946258854,3.7121551263036316,5,1,0,1,1,0,0,0.9406246582434166,0.7445240375489715,0.7205920685996589,25.004679585948892,0,540.0
511,0.0511,load_step,safe_neural_horizon_pwm_h2,94.2477796076938,87.15514903225053,7.092630575443266,0.35,1.8543710632916293,-0.9199104124426182,2.0700065717996345,3.3177891660587457,6,0,0,1,1,0,0,0.9312652865142625,0.6130752611259569,0.8415204243478667,25.004687969955896,2,540.0
